caseid,participant_id,tier,provider,model,raw_response,error,pred_group_ca,pred_interpersonal_ca,pred_group_band,pred_interpersonal_band
ebab12e9878344fdc93a8c1cad27ff2f709e12b90f0496de3332f508f3b2b9c9__demos,ebab12e9878344fdc93a8c1cad27ff2f709e12b90f0496de3332f508f3b2b9c9,demos,vllm,casperhansen/llama-3.3-70b-instruct-awq,"{   ""self_reported_group_ca"": 18,   ""self_reported_interpersonal_ca"": 12,   ""self_reported_band_group"": ""moderate"",   ""self_reported_band_interpersonal"": ""low"" }",,18,12,moderate,low
ebab12e9878344fdc93a8c1cad27ff2f709e12b90f0496de3332f508f3b2b9c9__employment,ebab12e9878344fdc93a8c1cad27ff2f709e12b90f0496de3332f508f3b2b9c9,employment,vllm,casperhansen/llama-3.3-70b-instruct-awq,"{   ""self_reported_group_ca"": 18,   ""self_reported_interpersonal_ca"": 12,   ""self_reported_band_group"": ""moderate"",   ""self_reported_band_interpersonal"": ""low"" }",,18,12,moderate,low
ebab12e9878344fdc93a8c1cad27ff2f709e12b90f0496de3332f508f3b2b9c9__geo,ebab12e9878344fdc93a8c1cad27ff2f709e12b90f0496de3332f508f3b2b9c9,geo,vllm,casperhansen/llama-3.3-70b-instruct-awq,"{   ""self_reported_group_ca"": 18,   ""self_reported_interpersonal_ca"": 12,   ""self_reported_band_group"": ""moderate"",   ""self_reported_band_interpersonal"": ""low"" }",,18,12,moderate,low
ebab12e9878344fdc93a8c1cad27ff2f709e12b90f0496de3332f508f3b2b9c9__transit,ebab12e9878344fdc93a8c1cad27ff2f709e12b90f0496de3332f508f3b2b9c9,transit,vllm,casperhansen/llama-3.3-70b-instruct-awq,"{   ""self_reported_group_ca"": 18,   ""self_reported_interpersonal_ca"": 12,   ""self_reported_band_group"": ""moderate"",   ""self_reported_band_interpersonal"": ""low"" }",,18,12,moderate,low
ebab12e9878344fdc93a8c1cad27ff2f709e12b90f0496de3332f508f3b2b9c9__full,ebab12e9878344fdc93a8c1cad27ff2f709e12b90f0496de3332f508f3b2b9c9,full,vllm,casperhansen/llama-3.3-70b-instruct-awq,"{   ""self_reported_group_ca"": 18,   ""self_reported_interpersonal_ca"": 12,   ""self_reported_band_group"": ""moderate"",   ""self_reported_band_interpersonal"": ""low"" }",,18,12,moderate,low
ebab12e9878344fdc93a8c1cad27ff2f709e12b90f0496de3332f508f3b2b9c9__v3_rideshare,ebab12e9878344fdc93a8c1cad27ff2f709e12b90f0496de3332f508f3b2b9c9,v3_rideshare,vllm,casperhansen/llama-3.3-70b-instruct-awq,"{   ""self_reported_group_ca"": 18,   ""self_reported_interpersonal_ca"": 12,   ""self_reported_band_group"": ""moderate"",   ""self_reported_band_interpersonal"": ""low"" }",,18,12,moderate,low
ebab12e9878344fdc93a8c1cad27ff2f709e12b90f0496de3332f508f3b2b9c9__v3_public_transit,ebab12e9878344fdc93a8c1cad27ff2f709e12b90f0496de3332f508f3b2b9c9,v3_public_transit,vllm,casperhansen/llama-3.3-70b-instruct-awq,"{   ""self_reported_group_ca"": 18,   ""self_reported_interpersonal_ca"": 12,   ""self_reported_band_group"": ""moderate"",   ""self_reported_band_interpersonal"": ""low"" }",,18,12,moderate,low
ebab12e9878344fdc93a8c1cad27ff2f709e12b90f0496de3332f508f3b2b9c9__v3_voice,ebab12e9878344fdc93a8c1cad27ff2f709e12b90f0496de3332f508f3b2b9c9,v3_voice,vllm,casperhansen/llama-3.3-70b-instruct-awq,"{   ""self_reported_group_ca"": 18,   ""self_reported_interpersonal_ca"": 12,   ""self_reported_band_group"": ""moderate"",   ""self_reported_band_interpersonal"": ""low"" }",,18,12,moderate,low
b6954799ca47bc836ac02ab86e4710c3b0e096d7ace449b81aaa1d5845431821__demos,b6954799ca47bc836ac02ab86e4710c3b0e096d7ace449b81aaa1d5845431821,demos,vllm,casperhansen/llama-3.3-70b-instruct-awq,"{   ""self_reported_group_ca"": 18,   ""self_reported_interpersonal_ca"": 12,   ""self_reported_band_group"": ""moderate"",   ""self_reported_band_interpersonal"": ""low"" }",,18,12,moderate,low
b6954799ca47bc836ac02ab86e4710c3b0e096d7ace449b81aaa1d5845431821__employment,b6954799ca47bc836ac02ab86e4710c3b0e096d7ace449b81aaa1d5845431821,employment,vllm,casperhansen/llama-3.3-70b-instruct-awq,"{   ""self_reported_group_ca"": 18,   ""self_reported_interpersonal_ca"": 12,   ""self_reported_band_group"": ""moderate"",   ""self_reported_band_interpersonal"": ""low"" }",,18,12,moderate,low
b6954799ca47bc836ac02ab86e4710c3b0e096d7ace449b81aaa1d5845431821__geo,b6954799ca47bc836ac02ab86e4710c3b0e096d7ace449b81aaa1d5845431821,geo,vllm,casperhansen/llama-3.3-70b-instruct-awq,"{   ""self_reported_group_ca"": 18,   ""self_reported_interpersonal_ca"": 12,   ""self_reported_band_group"": ""moderate"",   ""self_reported_band_interpersonal"": ""low"" }",,18,12,moderate,low
b6954799ca47bc836ac02ab86e4710c3b0e096d7ace449b81aaa1d5845431821__transit,b6954799ca47bc836ac02ab86e4710c3b0e096d7ace449b81aaa1d5845431821,transit,vllm,casperhansen/llama-3.3-70b-instruct-awq,"{   ""self_reported_group_ca"": 18,   ""self_reported_interpersonal_ca"": 12,   ""self_reported_band_group"": ""moderate"",   ""self_reported_band_interpersonal"": ""low"" }",,18,12,moderate,low
b6954799ca47bc836ac02ab86e4710c3b0e096d7ace449b81aaa1d5845431821__full,b6954799ca47bc836ac02ab86e4710c3b0e096d7ace449b81aaa1d5845431821,full,vllm,casperhansen/llama-3.3-70b-instruct-awq,"{   ""self_reported_group_ca"": 18,   ""self_reported_interpersonal_ca"": 12,   ""self_reported_band_group"": ""moderate"",   ""self_reported_band_interpersonal"": ""low"" }",,18,12,moderate,low
b6954799ca47bc836ac02ab86e4710c3b0e096d7ace449b81aaa1d5845431821__v3_rideshare,b6954799ca47bc836ac02ab86e4710c3b0e096d7ace449b81aaa1d5845431821,v3_rideshare,vllm,casperhansen/llama-3.3-70b-instruct-awq,"{   ""self_reported_group_ca"": 18,   ""self_reported_interpersonal_ca"": 12,   ""self_reported_band_group"": ""moderate"",   ""self_reported_band_interpersonal"": ""low"" }",,18,12,moderate,low
b6954799ca47bc836ac02ab86e4710c3b0e096d7ace449b81aaa1d5845431821__v3_public_transit,b6954799ca47bc836ac02ab86e4710c3b0e096d7ace449b81aaa1d5845431821,v3_public_transit,vllm,casperhansen/llama-3.3-70b-instruct-awq,"{   ""self_reported_group_ca"": 18,   ""self_reported_interpersonal_ca"": 12,   ""self_reported_band_group"": ""moderate"",   ""self_reported_band_interpersonal"": ""low"" }",,18,12,moderate,low
b6954799ca47bc836ac02ab86e4710c3b0e096d7ace449b81aaa1d5845431821__v3_voice,b6954799ca47bc836ac02ab86e4710c3b0e096d7ace449b81aaa1d5845431821,v3_voice,vllm,casperhansen/llama-3.3-70b-instruct-awq,"{   ""self_reported_group_ca"": 18,   ""self_reported_interpersonal_ca"": 12,   ""self_reported_band_group"": ""moderate"",   ""self_reported_band_interpersonal"": ""low"" }",,18,12,moderate,low
6ac07c3845b0ce5cac4ab3569ea70236b7cfa8fd51576e12226279a282182dcb__demos,6ac07c3845b0ce5cac4ab3569ea70236b7cfa8fd51576e12226279a282182dcb,demos,vllm,casperhansen/llama-3.3-70b-instruct-awq,"{   ""self_reported_group_ca"": 18,   ""self_reported_interpersonal_ca"": 12,   ""self_reported_band_group"": ""moderate"",   ""self_reported_band_interpersonal"": ""low"" }",,18,12,moderate,low
6ac07c3845b0ce5cac4ab3569ea70236b7cfa8fd51576e12226279a282182dcb__employment,6ac07c3845b0ce5cac4ab3569ea70236b7cfa8fd51576e12226279a282182dcb,employment,vllm,casperhansen/llama-3.3-70b-instruct-awq,"{   ""self_reported_group_ca"": 18,   ""self_reported_interpersonal_ca"": 12,   ""self_reported_band_group"": ""moderate"",   ""self_reported_band_interpersonal"": ""low"" }",,18,12,moderate,low
6ac07c3845b0ce5cac4ab3569ea70236b7cfa8fd51576e12226279a282182dcb__geo,6ac07c3845b0ce5cac4ab3569ea70236b7cfa8fd51576e12226279a282182dcb,geo,vllm,casperhansen/llama-3.3-70b-instruct-awq,"{   ""self_reported_group_ca"": 18,   ""self_reported_interpersonal_ca"": 12,   ""self_reported_band_group"": ""moderate"",   ""self_reported_band_interpersonal"": ""low"" }",,18,12,moderate,low
6ac07c3845b0ce5cac4ab3569ea70236b7cfa8fd51576e12226279a282182dcb__transit,6ac07c3845b0ce5cac4ab3569ea70236b7cfa8fd51576e12226279a282182dcb,transit,vllm,casperhansen/llama-3.3-70b-instruct-awq,"{   ""self_reported_group_ca"": 18,   ""self_reported_interpersonal_ca"": 12,   ""self_reported_band_group"": ""moderate"",   ""self_reported_band_interpersonal"": ""low"" }",,18,12,moderate,low
6ac07c3845b0ce5cac4ab3569ea70236b7cfa8fd51576e12226279a282182dcb__full,6ac07c3845b0ce5cac4ab3569ea70236b7cfa8fd51576e12226279a282182dcb,full,vllm,casperhansen/llama-3.3-70b-instruct-awq,"{   ""self_reported_group_ca"": 18,   ""self_reported_interpersonal_ca"": 12,   ""self_reported_band_group"": ""moderate"",   ""self_reported_band_interpersonal"": ""low"" }",,18,12,moderate,low
6ac07c3845b0ce5cac4ab3569ea70236b7cfa8fd51576e12226279a282182dcb__v3_rideshare,6ac07c3845b0ce5cac4ab3569ea70236b7cfa8fd51576e12226279a282182dcb,v3_rideshare,vllm,casperhansen/llama-3.3-70b-instruct-awq,"{   ""self_reported_group_ca"": 18,   ""self_reported_interpersonal_ca"": 12,   ""self_reported_band_group"": ""moderate"",   ""self_reported_band_interpersonal"": ""low"" }",,18,12,moderate,low
6ac07c3845b0ce5cac4ab3569ea70236b7cfa8fd51576e12226279a282182dcb__v3_public_transit,6ac07c3845b0ce5cac4ab3569ea70236b7cfa8fd51576e12226279a282182dcb,v3_public_transit,vllm,casperhansen/llama-3.3-70b-instruct-awq,"{   ""self_reported_group_ca"": 18,   ""self_reported_interpersonal_ca"": 12,   ""self_reported_band_group"": ""moderate"",   ""self_reported_band_interpersonal"": ""low"" }",,18,12,moderate,low
6ac07c3845b0ce5cac4ab3569ea70236b7cfa8fd51576e12226279a282182dcb__v3_voice,6ac07c3845b0ce5cac4ab3569ea70236b7cfa8fd51576e12226279a282182dcb,v3_voice,vllm,casperhansen/llama-3.3-70b-instruct-awq,"{   ""self_reported_group_ca"": 18,   ""self_reported_interpersonal_ca"": 12,   ""self_reported_band_group"": ""moderate"",   ""self_reported_band_interpersonal"": ""low"" }",,18,12,moderate,low
c67b3266ecd4af12979c1f67d1efffd0d3e9bfbc567d211e5b7a0724b7890b7d__demos,c67b3266ecd4af12979c1f67d1efffd0d3e9bfbc567d211e5b7a0724b7890b7d,demos,vllm,casperhansen/llama-3.3-70b-instruct-awq,"{   ""self_reported_group_ca"": 18,   ""self_reported_interpersonal_ca"": 12,   ""self_reported_band_group"": ""moderate"",   ""self_reported_band_interpersonal"": ""low"" }",,18,12,moderate,low
c67b3266ecd4af12979c1f67d1efffd0d3e9bfbc567d211e5b7a0724b7890b7d__employment,c67b3266ecd4af12979c1f67d1efffd0d3e9bfbc567d211e5b7a0724b7890b7d,employment,vllm,casperhansen/llama-3.3-70b-instruct-awq,"{   ""self_reported_group_ca"": 18,   ""self_reported_interpersonal_ca"": 12,   ""self_reported_band_group"": ""moderate"",   ""self_reported_band_interpersonal"": ""low"" }",,18,12,moderate,low
c67b3266ecd4af12979c1f67d1efffd0d3e9bfbc567d211e5b7a0724b7890b7d__geo,c67b3266ecd4af12979c1f67d1efffd0d3e9bfbc567d211e5b7a0724b7890b7d,geo,vllm,casperhansen/llama-3.3-70b-instruct-awq,"{   ""self_reported_group_ca"": 18,   ""self_reported_interpersonal_ca"": 12,   ""self_reported_band_group"": ""moderate"",   ""self_reported_band_interpersonal"": ""low"" }",,18,12,moderate,low
c67b3266ecd4af12979c1f67d1efffd0d3e9bfbc567d211e5b7a0724b7890b7d__transit,c67b3266ecd4af12979c1f67d1efffd0d3e9bfbc567d211e5b7a0724b7890b7d,transit,vllm,casperhansen/llama-3.3-70b-instruct-awq,"{   ""self_reported_group_ca"": 18,   ""self_reported_interpersonal_ca"": 12,   ""self_reported_band_group"": ""moderate"",   ""self_reported_band_interpersonal"": ""low"" }",,18,12,moderate,low
c67b3266ecd4af12979c1f67d1efffd0d3e9bfbc567d211e5b7a0724b7890b7d__full,c67b3266ecd4af12979c1f67d1efffd0d3e9bfbc567d211e5b7a0724b7890b7d,full,vllm,casperhansen/llama-3.3-70b-instruct-awq,"{   ""self_reported_group_ca"": 18,   ""self_reported_interpersonal_ca"": 12,   ""self_reported_band_group"": ""moderate"",   ""self_reported_band_interpersonal"": ""low"" }",,18,12,moderate,low
c67b3266ecd4af12979c1f67d1efffd0d3e9bfbc567d211e5b7a0724b7890b7d__v3_rideshare,c67b3266ecd4af12979c1f67d1efffd0d3e9bfbc567d211e5b7a0724b7890b7d,v3_rideshare,vllm,casperhansen/llama-3.3-70b-instruct-awq,"{   ""self_reported_group_ca"": 18,   ""self_reported_interpersonal_ca"": 12,   ""self_reported_band_group"": ""moderate"",   ""self_reported_band_interpersonal"": ""low"" }",,18,12,moderate,low
c67b3266ecd4af12979c1f67d1efffd0d3e9bfbc567d211e5b7a0724b7890b7d__v3_public_transit,c67b3266ecd4af12979c1f67d1efffd0d3e9bfbc567d211e5b7a0724b7890b7d,v3_public_transit,vllm,casperhansen/llama-3.3-70b-instruct-awq,"{   ""self_reported_group_ca"": 18,   ""self_reported_interpersonal_ca"": 12,   ""self_reported_band_group"": ""moderate"",   ""self_reported_band_interpersonal"": ""low"" }",,18,12,moderate,low
c67b3266ecd4af12979c1f67d1efffd0d3e9bfbc567d211e5b7a0724b7890b7d__v3_voice,c67b3266ecd4af12979c1f67d1efffd0d3e9bfbc567d211e5b7a0724b7890b7d,v3_voice,vllm,casperhansen/llama-3.3-70b-instruct-awq,"{   ""self_reported_group_ca"": 18,   ""self_reported_interpersonal_ca"": 12,   ""self_reported_band_group"": ""moderate"",   ""self_reported_band_interpersonal"": ""low"" }",,18,12,moderate,low
1cefb8d34b92489e8ffd9cf34c469964f0527b1cae33e00a8a52f4aef0d66679__demos,1cefb8d34b92489e8ffd9cf34c469964f0527b1cae33e00a8a52f4aef0d66679,demos,vllm,casperhansen/llama-3.3-70b-instruct-awq,"{   ""self_reported_group_ca"": 18,   ""self_reported_interpersonal_ca"": 12,   ""self_reported_band_group"": ""moderate"",   ""self_reported_band_interpersonal"": ""low"" }",,18,12,moderate,low
1cefb8d34b92489e8ffd9cf34c469964f0527b1cae33e00a8a52f4aef0d66679__employment,1cefb8d34b92489e8ffd9cf34c469964f0527b1cae33e00a8a52f4aef0d66679,employment,vllm,casperhansen/llama-3.3-70b-instruct-awq,"{   ""self_reported_group_ca"": 18,   ""self_reported_interpersonal_ca"": 12,   ""self_reported_band_group"": ""moderate"",   ""self_reported_band_interpersonal"": ""low"" }",,18,12,moderate,low
1cefb8d34b92489e8ffd9cf34c469964f0527b1cae33e00a8a52f4aef0d66679__geo,1cefb8d34b92489e8ffd9cf34c469964f0527b1cae33e00a8a52f4aef0d66679,geo,vllm,casperhansen/llama-3.3-70b-instruct-awq,"{   ""self_reported_group_ca"": 18,   ""self_reported_interpersonal_ca"": 12,   ""self_reported_band_group"": ""moderate"",   ""self_reported_band_interpersonal"": ""low"" }",,18,12,moderate,low
1cefb8d34b92489e8ffd9cf34c469964f0527b1cae33e00a8a52f4aef0d66679__transit,1cefb8d34b92489e8ffd9cf34c469964f0527b1cae33e00a8a52f4aef0d66679,transit,vllm,casperhansen/llama-3.3-70b-instruct-awq,"{   ""self_reported_group_ca"": 18,   ""self_reported_interpersonal_ca"": 12,   ""self_reported_band_group"": ""moderate"",   ""self_reported_band_interpersonal"": ""low"" }",,18,12,moderate,low
1cefb8d34b92489e8ffd9cf34c469964f0527b1cae33e00a8a52f4aef0d66679__full,1cefb8d34b92489e8ffd9cf34c469964f0527b1cae33e00a8a52f4aef0d66679,full,vllm,casperhansen/llama-3.3-70b-instruct-awq,"{   ""self_reported_group_ca"": 18,   ""self_reported_interpersonal_ca"": 12,   ""self_reported_band_group"": ""moderate"",   ""self_reported_band_interpersonal"": ""low"" }",,18,12,moderate,low
1cefb8d34b92489e8ffd9cf34c469964f0527b1cae33e00a8a52f4aef0d66679__v3_rideshare,1cefb8d34b92489e8ffd9cf34c469964f0527b1cae33e00a8a52f4aef0d66679,v3_rideshare,vllm,casperhansen/llama-3.3-70b-instruct-awq,"{   ""self_reported_group_ca"": 18,   ""self_reported_interpersonal_ca"": 12,   ""self_reported_band_group"": ""moderate"",   ""self_reported_band_interpersonal"": ""low"" }",,18,12,moderate,low
1cefb8d34b92489e8ffd9cf34c469964f0527b1cae33e00a8a52f4aef0d66679__v3_public_transit,1cefb8d34b92489e8ffd9cf34c469964f0527b1cae33e00a8a52f4aef0d66679,v3_public_transit,vllm,casperhansen/llama-3.3-70b-instruct-awq,"{   ""self_reported_group_ca"": 18,   ""self_reported_interpersonal_ca"": 12,   ""self_reported_band_group"": ""moderate"",   ""self_reported_band_interpersonal"": ""low"" }",,18,12,moderate,low
1cefb8d34b92489e8ffd9cf34c469964f0527b1cae33e00a8a52f4aef0d66679__v3_voice,1cefb8d34b92489e8ffd9cf34c469964f0527b1cae33e00a8a52f4aef0d66679,v3_voice,vllm,casperhansen/llama-3.3-70b-instruct-awq,"{   ""self_reported_group_ca"": 18,   ""self_reported_interpersonal_ca"": 12,   ""self_reported_band_group"": ""moderate"",   ""self_reported_band_interpersonal"": ""low"" }",,18,12,moderate,low
8b18183122f0ff05f1e8d91d221d64f2c42a93cbe76493b2b687865c2bd75615__demos,8b18183122f0ff05f1e8d91d221d64f2c42a93cbe76493b2b687865c2bd75615,demos,vllm,casperhansen/llama-3.3-70b-instruct-awq,"{   ""self_reported_group_ca"": 18,   ""self_reported_interpersonal_ca"": 12,   ""self_reported_band_group"": ""moderate"",   ""self_reported_band_interpersonal"": ""low"" }",,18,12,moderate,low
8b18183122f0ff05f1e8d91d221d64f2c42a93cbe76493b2b687865c2bd75615__employment,8b18183122f0ff05f1e8d91d221d64f2c42a93cbe76493b2b687865c2bd75615,employment,vllm,casperhansen/llama-3.3-70b-instruct-awq,"{   ""self_reported_group_ca"": 18,   ""self_reported_interpersonal_ca"": 12,   ""self_reported_band_group"": ""moderate"",   ""self_reported_band_interpersonal"": ""low"" }",,18,12,moderate,low
8b18183122f0ff05f1e8d91d221d64f2c42a93cbe76493b2b687865c2bd75615__geo,8b18183122f0ff05f1e8d91d221d64f2c42a93cbe76493b2b687865c2bd75615,geo,vllm,casperhansen/llama-3.3-70b-instruct-awq,"{   ""self_reported_group_ca"": 18,   ""self_reported_interpersonal_ca"": 12,   ""self_reported_band_group"": ""moderate"",   ""self_reported_band_interpersonal"": ""low"" }",,18,12,moderate,low
8b18183122f0ff05f1e8d91d221d64f2c42a93cbe76493b2b687865c2bd75615__transit,8b18183122f0ff05f1e8d91d221d64f2c42a93cbe76493b2b687865c2bd75615,transit,vllm,casperhansen/llama-3.3-70b-instruct-awq,"{   ""self_reported_group_ca"": 18,   ""self_reported_interpersonal_ca"": 12,   ""self_reported_band_group"": ""moderate"",   ""self_reported_band_interpersonal"": ""low"" }",,18,12,moderate,low
8b18183122f0ff05f1e8d91d221d64f2c42a93cbe76493b2b687865c2bd75615__full,8b18183122f0ff05f1e8d91d221d64f2c42a93cbe76493b2b687865c2bd75615,full,vllm,casperhansen/llama-3.3-70b-instruct-awq,"{   ""self_reported_group_ca"": 18,   ""self_reported_interpersonal_ca"": 12,   ""self_reported_band_group"": ""moderate"",   ""self_reported_band_interpersonal"": ""low"" }",,18,12,moderate,low
8b18183122f0ff05f1e8d91d221d64f2c42a93cbe76493b2b687865c2bd75615__v3_rideshare,8b18183122f0ff05f1e8d91d221d64f2c42a93cbe76493b2b687865c2bd75615,v3_rideshare,vllm,casperhansen/llama-3.3-70b-instruct-awq,"{   ""self_reported_group_ca"": 18,   ""self_reported_interpersonal_ca"": 12,   ""self_reported_band_group"": ""moderate"",   ""self_reported_band_interpersonal"": ""low"" }",,18,12,moderate,low
8b18183122f0ff05f1e8d91d221d64f2c42a93cbe76493b2b687865c2bd75615__v3_public_transit,8b18183122f0ff05f1e8d91d221d64f2c42a93cbe76493b2b687865c2bd75615,v3_public_transit,vllm,casperhansen/llama-3.3-70b-instruct-awq,"{   ""self_reported_group_ca"": 18,   ""self_reported_interpersonal_ca"": 12,   ""self_reported_band_group"": ""moderate"",   ""self_reported_band_interpersonal"": ""low"" }",,18,12,moderate,low
8b18183122f0ff05f1e8d91d221d64f2c42a93cbe76493b2b687865c2bd75615__v3_voice,8b18183122f0ff05f1e8d91d221d64f2c42a93cbe76493b2b687865c2bd75615,v3_voice,vllm,casperhansen/llama-3.3-70b-instruct-awq,"{   ""self_reported_group_ca"": 18,   ""self_reported_interpersonal_ca"": 12,   ""self_reported_band_group"": ""moderate"",   ""self_reported_band_interpersonal"": ""low"" }",,18,12,moderate,low
e016f6176ab1858386b30c35d540459c50cb23634fe0ca1180801474966f44a1__demos,e016f6176ab1858386b30c35d540459c50cb23634fe0ca1180801474966f44a1,demos,vllm,casperhansen/llama-3.3-70b-instruct-awq,"{   ""self_reported_group_ca"": 18,   ""self_reported_interpersonal_ca"": 12,   ""self_reported_band_group"": ""moderate"",   ""self_reported_band_interpersonal"": ""low"" }",,18,12,moderate,low
e016f6176ab1858386b30c35d540459c50cb23634fe0ca1180801474966f44a1__employment,e016f6176ab1858386b30c35d540459c50cb23634fe0ca1180801474966f44a1,employment,vllm,casperhansen/llama-3.3-70b-instruct-awq,"{   ""self_reported_group_ca"": 18,   ""self_reported_interpersonal_ca"": 12,   ""self_reported_band_group"": ""moderate"",   ""self_reported_band_interpersonal"": ""low"" }",,18,12,moderate,low
e016f6176ab1858386b30c35d540459c50cb23634fe0ca1180801474966f44a1__geo,e016f6176ab1858386b30c35d540459c50cb23634fe0ca1180801474966f44a1,geo,vllm,casperhansen/llama-3.3-70b-instruct-awq,"{   ""self_reported_group_ca"": 18,   ""self_reported_interpersonal_ca"": 12,   ""self_reported_band_group"": ""moderate"",   ""self_reported_band_interpersonal"": ""low"" }",,18,12,moderate,low
e016f6176ab1858386b30c35d540459c50cb23634fe0ca1180801474966f44a1__transit,e016f6176ab1858386b30c35d540459c50cb23634fe0ca1180801474966f44a1,transit,vllm,casperhansen/llama-3.3-70b-instruct-awq,"{   ""self_reported_group_ca"": 18,   ""self_reported_interpersonal_ca"": 12,   ""self_reported_band_group"": ""moderate"",   ""self_reported_band_interpersonal"": ""low"" }",,18,12,moderate,low
e016f6176ab1858386b30c35d540459c50cb23634fe0ca1180801474966f44a1__full,e016f6176ab1858386b30c35d540459c50cb23634fe0ca1180801474966f44a1,full,vllm,casperhansen/llama-3.3-70b-instruct-awq,"{   ""self_reported_group_ca"": 18,   ""self_reported_interpersonal_ca"": 12,   ""self_reported_band_group"": ""moderate"",   ""self_reported_band_interpersonal"": ""low"" }",,18,12,moderate,low
e016f6176ab1858386b30c35d540459c50cb23634fe0ca1180801474966f44a1__v3_rideshare,e016f6176ab1858386b30c35d540459c50cb23634fe0ca1180801474966f44a1,v3_rideshare,vllm,casperhansen/llama-3.3-70b-instruct-awq,"{   ""self_reported_group_ca"": 18,   ""self_reported_interpersonal_ca"": 12,   ""self_reported_band_group"": ""moderate"",   ""self_reported_band_interpersonal"": ""low"" }",,18,12,moderate,low
e016f6176ab1858386b30c35d540459c50cb23634fe0ca1180801474966f44a1__v3_public_transit,e016f6176ab1858386b30c35d540459c50cb23634fe0ca1180801474966f44a1,v3_public_transit,vllm,casperhansen/llama-3.3-70b-instruct-awq,"{   ""self_reported_group_ca"": 18,   ""self_reported_interpersonal_ca"": 12,   ""self_reported_band_group"": ""moderate"",   ""self_reported_band_interpersonal"": ""low"" }",,18,12,moderate,low
e016f6176ab1858386b30c35d540459c50cb23634fe0ca1180801474966f44a1__v3_voice,e016f6176ab1858386b30c35d540459c50cb23634fe0ca1180801474966f44a1,v3_voice,vllm,casperhansen/llama-3.3-70b-instruct-awq,"{   ""self_reported_group_ca"": 18,   ""self_reported_interpersonal_ca"": 12,   ""self_reported_band_group"": ""moderate"",   ""self_reported_band_interpersonal"": ""low"" }",,18,12,moderate,low
dd906887a20ca90b810e521efb8f169ac1d5796fbef5c01a408dde0a0f914d24__demos,dd906887a20ca90b810e521efb8f169ac1d5796fbef5c01a408dde0a0f914d24,demos,vllm,casperhansen/llama-3.3-70b-instruct-awq,"{   ""self_reported_group_ca"": 18,   ""self_reported_interpersonal_ca"": 12,   ""self_reported_band_group"": ""moderate"",   ""self_reported_band_interpersonal"": ""low"" }",,18,12,moderate,low
dd906887a20ca90b810e521efb8f169ac1d5796fbef5c01a408dde0a0f914d24__employment,dd906887a20ca90b810e521efb8f169ac1d5796fbef5c01a408dde0a0f914d24,employment,vllm,casperhansen/llama-3.3-70b-instruct-awq,"{   ""self_reported_group_ca"": 18,   ""self_reported_interpersonal_ca"": 12,   ""self_reported_band_group"": ""moderate"",   ""self_reported_band_interpersonal"": ""low"" }",,18,12,moderate,low
dd906887a20ca90b810e521efb8f169ac1d5796fbef5c01a408dde0a0f914d24__geo,dd906887a20ca90b810e521efb8f169ac1d5796fbef5c01a408dde0a0f914d24,geo,vllm,casperhansen/llama-3.3-70b-instruct-awq,"{   ""self_reported_group_ca"": 18,   ""self_reported_interpersonal_ca"": 12,   ""self_reported_band_group"": ""moderate"",   ""self_reported_band_interpersonal"": ""low"" }",,18,12,moderate,low
dd906887a20ca90b810e521efb8f169ac1d5796fbef5c01a408dde0a0f914d24__transit,dd906887a20ca90b810e521efb8f169ac1d5796fbef5c01a408dde0a0f914d24,transit,vllm,casperhansen/llama-3.3-70b-instruct-awq,"{   ""self_reported_group_ca"": 18,   ""self_reported_interpersonal_ca"": 12,   ""self_reported_band_group"": ""moderate"",   ""self_reported_band_interpersonal"": ""low"" }",,18,12,moderate,low
dd906887a20ca90b810e521efb8f169ac1d5796fbef5c01a408dde0a0f914d24__full,dd906887a20ca90b810e521efb8f169ac1d5796fbef5c01a408dde0a0f914d24,full,vllm,casperhansen/llama-3.3-70b-instruct-awq,"{   ""self_reported_group_ca"": 18,   ""self_reported_interpersonal_ca"": 12,   ""self_reported_band_group"": ""moderate"",   ""self_reported_band_interpersonal"": ""low"" }",,18,12,moderate,low
dd906887a20ca90b810e521efb8f169ac1d5796fbef5c01a408dde0a0f914d24__v3_rideshare,dd906887a20ca90b810e521efb8f169ac1d5796fbef5c01a408dde0a0f914d24,v3_rideshare,vllm,casperhansen/llama-3.3-70b-instruct-awq,"{   ""self_reported_group_ca"": 18,   ""self_reported_interpersonal_ca"": 12,   ""self_reported_band_group"": ""moderate"",   ""self_reported_band_interpersonal"": ""low"" }",,18,12,moderate,low
dd906887a20ca90b810e521efb8f169ac1d5796fbef5c01a408dde0a0f914d24__v3_public_transit,dd906887a20ca90b810e521efb8f169ac1d5796fbef5c01a408dde0a0f914d24,v3_public_transit,vllm,casperhansen/llama-3.3-70b-instruct-awq,"{   ""self_reported_group_ca"": 18,   ""self_reported_interpersonal_ca"": 12,   ""self_reported_band_group"": ""moderate"",   ""self_reported_band_interpersonal"": ""low"" }",,18,12,moderate,low
dd906887a20ca90b810e521efb8f169ac1d5796fbef5c01a408dde0a0f914d24__v3_voice,dd906887a20ca90b810e521efb8f169ac1d5796fbef5c01a408dde0a0f914d24,v3_voice,vllm,casperhansen/llama-3.3-70b-instruct-awq,"{   ""self_reported_group_ca"": 18,   ""self_reported_interpersonal_ca"": 12,   ""self_reported_band_group"": ""moderate"",   ""self_reported_band_interpersonal"": ""low"" }",,18,12,moderate,low
be50e58a727d0044c244bd159ebad85fd6a362ac924a67e0024fe229b9217366__demos,be50e58a727d0044c244bd159ebad85fd6a362ac924a67e0024fe229b9217366,demos,vllm,casperhansen/llama-3.3-70b-instruct-awq,"{   ""self_reported_group_ca"": 18,   ""self_reported_interpersonal_ca"": 12,   ""self_reported_band_group"": ""moderate"",   ""self_reported_band_interpersonal"": ""low"" }",,18,12,moderate,low
be50e58a727d0044c244bd159ebad85fd6a362ac924a67e0024fe229b9217366__employment,be50e58a727d0044c244bd159ebad85fd6a362ac924a67e0024fe229b9217366,employment,vllm,casperhansen/llama-3.3-70b-instruct-awq,"{   ""self_reported_group_ca"": 18,   ""self_reported_interpersonal_ca"": 12,   ""self_reported_band_group"": ""moderate"",   ""self_reported_band_interpersonal"": ""low"" }",,18,12,moderate,low
be50e58a727d0044c244bd159ebad85fd6a362ac924a67e0024fe229b9217366__geo,be50e58a727d0044c244bd159ebad85fd6a362ac924a67e0024fe229b9217366,geo,vllm,casperhansen/llama-3.3-70b-instruct-awq,"{   ""self_reported_group_ca"": 18,   ""self_reported_interpersonal_ca"": 12,   ""self_reported_band_group"": ""moderate"",   ""self_reported_band_interpersonal"": ""low"" }",,18,12,moderate,low
be50e58a727d0044c244bd159ebad85fd6a362ac924a67e0024fe229b9217366__transit,be50e58a727d0044c244bd159ebad85fd6a362ac924a67e0024fe229b9217366,transit,vllm,casperhansen/llama-3.3-70b-instruct-awq,"{   ""self_reported_group_ca"": 18,   ""self_reported_interpersonal_ca"": 12,   ""self_reported_band_group"": ""moderate"",   ""self_reported_band_interpersonal"": ""low"" }",,18,12,moderate,low
be50e58a727d0044c244bd159ebad85fd6a362ac924a67e0024fe229b9217366__full,be50e58a727d0044c244bd159ebad85fd6a362ac924a67e0024fe229b9217366,full,vllm,casperhansen/llama-3.3-70b-instruct-awq,"{   ""self_reported_group_ca"": 18,   ""self_reported_interpersonal_ca"": 12,   ""self_reported_band_group"": ""moderate"",   ""self_reported_band_interpersonal"": ""low"" }",,18,12,moderate,low
be50e58a727d0044c244bd159ebad85fd6a362ac924a67e0024fe229b9217366__v3_rideshare,be50e58a727d0044c244bd159ebad85fd6a362ac924a67e0024fe229b9217366,v3_rideshare,vllm,casperhansen/llama-3.3-70b-instruct-awq,"{   ""self_reported_group_ca"": 18,   ""self_reported_interpersonal_ca"": 12,   ""self_reported_band_group"": ""moderate"",   ""self_reported_band_interpersonal"": ""low"" }",,18,12,moderate,low
be50e58a727d0044c244bd159ebad85fd6a362ac924a67e0024fe229b9217366__v3_public_transit,be50e58a727d0044c244bd159ebad85fd6a362ac924a67e0024fe229b9217366,v3_public_transit,vllm,casperhansen/llama-3.3-70b-instruct-awq,"{   ""self_reported_group_ca"": 18,   ""self_reported_interpersonal_ca"": 12,   ""self_reported_band_group"": ""moderate"",   ""self_reported_band_interpersonal"": ""low"" }",,18,12,moderate,low
be50e58a727d0044c244bd159ebad85fd6a362ac924a67e0024fe229b9217366__v3_voice,be50e58a727d0044c244bd159ebad85fd6a362ac924a67e0024fe229b9217366,v3_voice,vllm,casperhansen/llama-3.3-70b-instruct-awq,"{   ""self_reported_group_ca"": 18,   ""self_reported_interpersonal_ca"": 12,   ""self_reported_band_group"": ""moderate"",   ""self_reported_band_interpersonal"": ""low"" }",,18,12,moderate,low
16de84084b9fa11f26ac309c29d6fe7e89d68a8c268edea598e0a1a1f84baf39__demos,16de84084b9fa11f26ac309c29d6fe7e89d68a8c268edea598e0a1a1f84baf39,demos,vllm,casperhansen/llama-3.3-70b-instruct-awq,"{   ""self_reported_group_ca"": 18,   ""self_reported_interpersonal_ca"": 12,   ""self_reported_band_group"": ""moderate"",   ""self_reported_band_interpersonal"": ""low"" }",,18,12,moderate,low
16de84084b9fa11f26ac309c29d6fe7e89d68a8c268edea598e0a1a1f84baf39__employment,16de84084b9fa11f26ac309c29d6fe7e89d68a8c268edea598e0a1a1f84baf39,employment,vllm,casperhansen/llama-3.3-70b-instruct-awq,"{   ""self_reported_group_ca"": 18,   ""self_reported_interpersonal_ca"": 12,   ""self_reported_band_group"": ""moderate"",   ""self_reported_band_interpersonal"": ""low"" }",,18,12,moderate,low
16de84084b9fa11f26ac309c29d6fe7e89d68a8c268edea598e0a1a1f84baf39__geo,16de84084b9fa11f26ac309c29d6fe7e89d68a8c268edea598e0a1a1f84baf39,geo,vllm,casperhansen/llama-3.3-70b-instruct-awq,"{   ""self_reported_group_ca"": 18,   ""self_reported_interpersonal_ca"": 12,   ""self_reported_band_group"": ""moderate"",   ""self_reported_band_interpersonal"": ""low"" }",,18,12,moderate,low
16de84084b9fa11f26ac309c29d6fe7e89d68a8c268edea598e0a1a1f84baf39__transit,16de84084b9fa11f26ac309c29d6fe7e89d68a8c268edea598e0a1a1f84baf39,transit,vllm,casperhansen/llama-3.3-70b-instruct-awq,"{   ""self_reported_group_ca"": 18,   ""self_reported_interpersonal_ca"": 12,   ""self_reported_band_group"": ""moderate"",   ""self_reported_band_interpersonal"": ""low"" }",,18,12,moderate,low
16de84084b9fa11f26ac309c29d6fe7e89d68a8c268edea598e0a1a1f84baf39__full,16de84084b9fa11f26ac309c29d6fe7e89d68a8c268edea598e0a1a1f84baf39,full,vllm,casperhansen/llama-3.3-70b-instruct-awq,"{   ""self_reported_group_ca"": 18,   ""self_reported_interpersonal_ca"": 12,   ""self_reported_band_group"": ""moderate"",   ""self_reported_band_interpersonal"": ""low"" }",,18,12,moderate,low
16de84084b9fa11f26ac309c29d6fe7e89d68a8c268edea598e0a1a1f84baf39__v3_rideshare,16de84084b9fa11f26ac309c29d6fe7e89d68a8c268edea598e0a1a1f84baf39,v3_rideshare,vllm,casperhansen/llama-3.3-70b-instruct-awq,"{   ""self_reported_group_ca"": 18,   ""self_reported_interpersonal_ca"": 12,   ""self_reported_band_group"": ""moderate"",   ""self_reported_band_interpersonal"": ""low"" }",,18,12,moderate,low
16de84084b9fa11f26ac309c29d6fe7e89d68a8c268edea598e0a1a1f84baf39__v3_public_transit,16de84084b9fa11f26ac309c29d6fe7e89d68a8c268edea598e0a1a1f84baf39,v3_public_transit,vllm,casperhansen/llama-3.3-70b-instruct-awq,"{   ""self_reported_group_ca"": 18,   ""self_reported_interpersonal_ca"": 12,   ""self_reported_band_group"": ""moderate"",   ""self_reported_band_interpersonal"": ""low"" }",,18,12,moderate,low
16de84084b9fa11f26ac309c29d6fe7e89d68a8c268edea598e0a1a1f84baf39__v3_voice,16de84084b9fa11f26ac309c29d6fe7e89d68a8c268edea598e0a1a1f84baf39,v3_voice,vllm,casperhansen/llama-3.3-70b-instruct-awq,"{   ""self_reported_group_ca"": 18,   ""self_reported_interpersonal_ca"": 12,   ""self_reported_band_group"": ""moderate"",   ""self_reported_band_interpersonal"": ""low"" }",,18,12,moderate,low
0f875094985719584b30014d70892ff6e6fec6010cf00e3f6818f1b1233ad913__demos,0f875094985719584b30014d70892ff6e6fec6010cf00e3f6818f1b1233ad913,demos,vllm,casperhansen/llama-3.3-70b-instruct-awq,"{   ""self_reported_group_ca"": 18,   ""self_reported_interpersonal_ca"": 12,   ""self_reported_band_group"": ""moderate"",   ""self_reported_band_interpersonal"": ""low"" }",,18,12,moderate,low
0f875094985719584b30014d70892ff6e6fec6010cf00e3f6818f1b1233ad913__employment,0f875094985719584b30014d70892ff6e6fec6010cf00e3f6818f1b1233ad913,employment,vllm,casperhansen/llama-3.3-70b-instruct-awq,"{   ""self_reported_group_ca"": 18,   ""self_reported_interpersonal_ca"": 12,   ""self_reported_band_group"": ""moderate"",   ""self_reported_band_interpersonal"": ""low"" }",,18,12,moderate,low
0f875094985719584b30014d70892ff6e6fec6010cf00e3f6818f1b1233ad913__geo,0f875094985719584b30014d70892ff6e6fec6010cf00e3f6818f1b1233ad913,geo,vllm,casperhansen/llama-3.3-70b-instruct-awq,"{   ""self_reported_group_ca"": 18,   ""self_reported_interpersonal_ca"": 12,   ""self_reported_band_group"": ""moderate"",   ""self_reported_band_interpersonal"": ""low"" }",,18,12,moderate,low
0f875094985719584b30014d70892ff6e6fec6010cf00e3f6818f1b1233ad913__transit,0f875094985719584b30014d70892ff6e6fec6010cf00e3f6818f1b1233ad913,transit,vllm,casperhansen/llama-3.3-70b-instruct-awq,"{   ""self_reported_group_ca"": 18,   ""self_reported_interpersonal_ca"": 12,   ""self_reported_band_group"": ""moderate"",   ""self_reported_band_interpersonal"": ""low"" }",,18,12,moderate,low
0f875094985719584b30014d70892ff6e6fec6010cf00e3f6818f1b1233ad913__full,0f875094985719584b30014d70892ff6e6fec6010cf00e3f6818f1b1233ad913,full,vllm,casperhansen/llama-3.3-70b-instruct-awq,"{   ""self_reported_group_ca"": 18,   ""self_reported_interpersonal_ca"": 12,   ""self_reported_band_group"": ""moderate"",   ""self_reported_band_interpersonal"": ""low"" }",,18,12,moderate,low
0f875094985719584b30014d70892ff6e6fec6010cf00e3f6818f1b1233ad913__v3_rideshare,0f875094985719584b30014d70892ff6e6fec6010cf00e3f6818f1b1233ad913,v3_rideshare,vllm,casperhansen/llama-3.3-70b-instruct-awq,"{   ""self_reported_group_ca"": 18,   ""self_reported_interpersonal_ca"": 12,   ""self_reported_band_group"": ""moderate"",   ""self_reported_band_interpersonal"": ""low"" }",,18,12,moderate,low
0f875094985719584b30014d70892ff6e6fec6010cf00e3f6818f1b1233ad913__v3_public_transit,0f875094985719584b30014d70892ff6e6fec6010cf00e3f6818f1b1233ad913,v3_public_transit,vllm,casperhansen/llama-3.3-70b-instruct-awq,"{   ""self_reported_group_ca"": 18,   ""self_reported_interpersonal_ca"": 12,   ""self_reported_band_group"": ""moderate"",   ""self_reported_band_interpersonal"": ""low"" }",,18,12,moderate,low
0f875094985719584b30014d70892ff6e6fec6010cf00e3f6818f1b1233ad913__v3_voice,0f875094985719584b30014d70892ff6e6fec6010cf00e3f6818f1b1233ad913,v3_voice,vllm,casperhansen/llama-3.3-70b-instruct-awq,"{   ""self_reported_group_ca"": 18,   ""self_reported_interpersonal_ca"": 12,   ""self_reported_band_group"": ""moderate"",   ""self_reported_band_interpersonal"": ""low"" }",,18,12,moderate,low
6b74f0ba4a90e5fb700c9806519f2192ae08ed9fb1b6c568540332fc0f32a96b__demos,6b74f0ba4a90e5fb700c9806519f2192ae08ed9fb1b6c568540332fc0f32a96b,demos,vllm,casperhansen/llama-3.3-70b-instruct-awq,"{   ""self_reported_group_ca"": 18,   ""self_reported_interpersonal_ca"": 12,   ""self_reported_band_group"": ""moderate"",   ""self_reported_band_interpersonal"": ""low"" }",,18,12,moderate,low
6b74f0ba4a90e5fb700c9806519f2192ae08ed9fb1b6c568540332fc0f32a96b__employment,6b74f0ba4a90e5fb700c9806519f2192ae08ed9fb1b6c568540332fc0f32a96b,employment,vllm,casperhansen/llama-3.3-70b-instruct-awq,"{   ""self_reported_group_ca"": 18,   ""self_reported_interpersonal_ca"": 12,   ""self_reported_band_group"": ""moderate"",   ""self_reported_band_interpersonal"": ""low"" }",,18,12,moderate,low
6b74f0ba4a90e5fb700c9806519f2192ae08ed9fb1b6c568540332fc0f32a96b__geo,6b74f0ba4a90e5fb700c9806519f2192ae08ed9fb1b6c568540332fc0f32a96b,geo,vllm,casperhansen/llama-3.3-70b-instruct-awq,"{   ""self_reported_group_ca"": 18,   ""self_reported_interpersonal_ca"": 12,   ""self_reported_band_group"": ""moderate"",   ""self_reported_band_interpersonal"": ""low"" }",,18,12,moderate,low
6b74f0ba4a90e5fb700c9806519f2192ae08ed9fb1b6c568540332fc0f32a96b__transit,6b74f0ba4a90e5fb700c9806519f2192ae08ed9fb1b6c568540332fc0f32a96b,transit,vllm,casperhansen/llama-3.3-70b-instruct-awq,"{   ""self_reported_group_ca"": 18,   ""self_reported_interpersonal_ca"": 12,   ""self_reported_band_group"": ""moderate"",   ""self_reported_band_interpersonal"": ""low"" }",,18,12,moderate,low
6b74f0ba4a90e5fb700c9806519f2192ae08ed9fb1b6c568540332fc0f32a96b__full,6b74f0ba4a90e5fb700c9806519f2192ae08ed9fb1b6c568540332fc0f32a96b,full,vllm,casperhansen/llama-3.3-70b-instruct-awq,"{   ""self_reported_group_ca"": 18,   ""self_reported_interpersonal_ca"": 12,   ""self_reported_band_group"": ""moderate"",   ""self_reported_band_interpersonal"": ""low"" }",,18,12,moderate,low
6b74f0ba4a90e5fb700c9806519f2192ae08ed9fb1b6c568540332fc0f32a96b__v3_rideshare,6b74f0ba4a90e5fb700c9806519f2192ae08ed9fb1b6c568540332fc0f32a96b,v3_rideshare,vllm,casperhansen/llama-3.3-70b-instruct-awq,"{   ""self_reported_group_ca"": 18,   ""self_reported_interpersonal_ca"": 12,   ""self_reported_band_group"": ""moderate"",   ""self_reported_band_interpersonal"": ""low"" }",,18,12,moderate,low
6b74f0ba4a90e5fb700c9806519f2192ae08ed9fb1b6c568540332fc0f32a96b__v3_public_transit,6b74f0ba4a90e5fb700c9806519f2192ae08ed9fb1b6c568540332fc0f32a96b,v3_public_transit,vllm,casperhansen/llama-3.3-70b-instruct-awq,"{   ""self_reported_group_ca"": 18,   ""self_reported_interpersonal_ca"": 12,   ""self_reported_band_group"": ""moderate"",   ""self_reported_band_interpersonal"": ""low"" }",,18,12,moderate,low
6b74f0ba4a90e5fb700c9806519f2192ae08ed9fb1b6c568540332fc0f32a96b__v3_voice,6b74f0ba4a90e5fb700c9806519f2192ae08ed9fb1b6c568540332fc0f32a96b,v3_voice,vllm,casperhansen/llama-3.3-70b-instruct-awq,"{   ""self_reported_group_ca"": 18,   ""self_reported_interpersonal_ca"": 12,   ""self_reported_band_group"": ""moderate"",   ""self_reported_band_interpersonal"": ""low"" }",,18,12,moderate,low
0689a39664b0e2e55ae5b5447565c2e80567e5c4b0394474c5d04975810725c6__demos,0689a39664b0e2e55ae5b5447565c2e80567e5c4b0394474c5d04975810725c6,demos,vllm,casperhansen/llama-3.3-70b-instruct-awq,"{   ""self_reported_group_ca"": 18,   ""self_reported_interpersonal_ca"": 12,   ""self_reported_band_group"": ""moderate"",   ""self_reported_band_interpersonal"": ""low"" }",,18,12,moderate,low
0689a39664b0e2e55ae5b5447565c2e80567e5c4b0394474c5d04975810725c6__employment,0689a39664b0e2e55ae5b5447565c2e80567e5c4b0394474c5d04975810725c6,employment,vllm,casperhansen/llama-3.3-70b-instruct-awq,"{   ""self_reported_group_ca"": 18,   ""self_reported_interpersonal_ca"": 12,   ""self_reported_band_group"": ""moderate"",   ""self_reported_band_interpersonal"": ""low"" }",,18,12,moderate,low
0689a39664b0e2e55ae5b5447565c2e80567e5c4b0394474c5d04975810725c6__geo,0689a39664b0e2e55ae5b5447565c2e80567e5c4b0394474c5d04975810725c6,geo,vllm,casperhansen/llama-3.3-70b-instruct-awq,"{   ""self_reported_group_ca"": 18,   ""self_reported_interpersonal_ca"": 12,   ""self_reported_band_group"": ""moderate"",   ""self_reported_band_interpersonal"": ""low"" }",,18,12,moderate,low
0689a39664b0e2e55ae5b5447565c2e80567e5c4b0394474c5d04975810725c6__transit,0689a39664b0e2e55ae5b5447565c2e80567e5c4b0394474c5d04975810725c6,transit,vllm,casperhansen/llama-3.3-70b-instruct-awq,"{   ""self_reported_group_ca"": 18,   ""self_reported_interpersonal_ca"": 12,   ""self_reported_band_group"": ""moderate"",   ""self_reported_band_interpersonal"": ""low"" }",,18,12,moderate,low
0689a39664b0e2e55ae5b5447565c2e80567e5c4b0394474c5d04975810725c6__full,0689a39664b0e2e55ae5b5447565c2e80567e5c4b0394474c5d04975810725c6,full,vllm,casperhansen/llama-3.3-70b-instruct-awq,"{   ""self_reported_group_ca"": 18,   ""self_reported_interpersonal_ca"": 12,   ""self_reported_band_group"": ""moderate"",   ""self_reported_band_interpersonal"": ""low"" }",,18,12,moderate,low
0689a39664b0e2e55ae5b5447565c2e80567e5c4b0394474c5d04975810725c6__v3_rideshare,0689a39664b0e2e55ae5b5447565c2e80567e5c4b0394474c5d04975810725c6,v3_rideshare,vllm,casperhansen/llama-3.3-70b-instruct-awq,"{   ""self_reported_group_ca"": 18,   ""self_reported_interpersonal_ca"": 12,   ""self_reported_band_group"": ""moderate"",   ""self_reported_band_interpersonal"": ""low"" }",,18,12,moderate,low
0689a39664b0e2e55ae5b5447565c2e80567e5c4b0394474c5d04975810725c6__v3_public_transit,0689a39664b0e2e55ae5b5447565c2e80567e5c4b0394474c5d04975810725c6,v3_public_transit,vllm,casperhansen/llama-3.3-70b-instruct-awq,"{   ""self_reported_group_ca"": 18,   ""self_reported_interpersonal_ca"": 12,   ""self_reported_band_group"": ""moderate"",   ""self_reported_band_interpersonal"": ""low"" }",,18,12,moderate,low
0689a39664b0e2e55ae5b5447565c2e80567e5c4b0394474c5d04975810725c6__v3_voice,0689a39664b0e2e55ae5b5447565c2e80567e5c4b0394474c5d04975810725c6,v3_voice,vllm,casperhansen/llama-3.3-70b-instruct-awq,"{   ""self_reported_group_ca"": 18,   ""self_reported_interpersonal_ca"": 12,   ""self_reported_band_group"": ""moderate"",   ""self_reported_band_interpersonal"": ""low"" }",,18,12,moderate,low
2ff0a9ce8058a553d54c6b0e76fd5c463e5e760eb77d9fb88139f815753a6bbf__demos,2ff0a9ce8058a553d54c6b0e76fd5c463e5e760eb77d9fb88139f815753a6bbf,demos,vllm,casperhansen/llama-3.3-70b-instruct-awq,"{   ""self_reported_group_ca"": 18,   ""self_reported_interpersonal_ca"": 12,   ""self_reported_band_group"": ""moderate"",   ""self_reported_band_interpersonal"": ""low"" }",,18,12,moderate,low
2ff0a9ce8058a553d54c6b0e76fd5c463e5e760eb77d9fb88139f815753a6bbf__employment,2ff0a9ce8058a553d54c6b0e76fd5c463e5e760eb77d9fb88139f815753a6bbf,employment,vllm,casperhansen/llama-3.3-70b-instruct-awq,"{   ""self_reported_group_ca"": 18,   ""self_reported_interpersonal_ca"": 12,   ""self_reported_band_group"": ""moderate"",   ""self_reported_band_interpersonal"": ""low"" }",,18,12,moderate,low
2ff0a9ce8058a553d54c6b0e76fd5c463e5e760eb77d9fb88139f815753a6bbf__geo,2ff0a9ce8058a553d54c6b0e76fd5c463e5e760eb77d9fb88139f815753a6bbf,geo,vllm,casperhansen/llama-3.3-70b-instruct-awq,"{   ""self_reported_group_ca"": 18,   ""self_reported_interpersonal_ca"": 12,   ""self_reported_band_group"": ""moderate"",   ""self_reported_band_interpersonal"": ""low"" }",,18,12,moderate,low
2ff0a9ce8058a553d54c6b0e76fd5c463e5e760eb77d9fb88139f815753a6bbf__transit,2ff0a9ce8058a553d54c6b0e76fd5c463e5e760eb77d9fb88139f815753a6bbf,transit,vllm,casperhansen/llama-3.3-70b-instruct-awq,"{   ""self_reported_group_ca"": 18,   ""self_reported_interpersonal_ca"": 12,   ""self_reported_band_group"": ""moderate"",   ""self_reported_band_interpersonal"": ""low"" }",,18,12,moderate,low
2ff0a9ce8058a553d54c6b0e76fd5c463e5e760eb77d9fb88139f815753a6bbf__full,2ff0a9ce8058a553d54c6b0e76fd5c463e5e760eb77d9fb88139f815753a6bbf,full,vllm,casperhansen/llama-3.3-70b-instruct-awq,"{   ""self_reported_group_ca"": 18,   ""self_reported_interpersonal_ca"": 12,   ""self_reported_band_group"": ""moderate"",   ""self_reported_band_interpersonal"": ""low"" }",,18,12,moderate,low
2ff0a9ce8058a553d54c6b0e76fd5c463e5e760eb77d9fb88139f815753a6bbf__v3_rideshare,2ff0a9ce8058a553d54c6b0e76fd5c463e5e760eb77d9fb88139f815753a6bbf,v3_rideshare,vllm,casperhansen/llama-3.3-70b-instruct-awq,"{   ""self_reported_group_ca"": 18,   ""self_reported_interpersonal_ca"": 12,   ""self_reported_band_group"": ""moderate"",   ""self_reported_band_interpersonal"": ""low"" }",,18,12,moderate,low
2ff0a9ce8058a553d54c6b0e76fd5c463e5e760eb77d9fb88139f815753a6bbf__v3_public_transit,2ff0a9ce8058a553d54c6b0e76fd5c463e5e760eb77d9fb88139f815753a6bbf,v3_public_transit,vllm,casperhansen/llama-3.3-70b-instruct-awq,"{   ""self_reported_group_ca"": 18,   ""self_reported_interpersonal_ca"": 12,   ""self_reported_band_group"": ""moderate"",   ""self_reported_band_interpersonal"": ""low"" }",,18,12,moderate,low
2ff0a9ce8058a553d54c6b0e76fd5c463e5e760eb77d9fb88139f815753a6bbf__v3_voice,2ff0a9ce8058a553d54c6b0e76fd5c463e5e760eb77d9fb88139f815753a6bbf,v3_voice,vllm,casperhansen/llama-3.3-70b-instruct-awq,"{   ""self_reported_group_ca"": 18,   ""self_reported_interpersonal_ca"": 12,   ""self_reported_band_group"": ""moderate"",   ""self_reported_band_interpersonal"": ""low"" }",,18,12,moderate,low
f5d1c0c3178473706df1d182e27fdf291021ebd0df189d4cec689a6f1f26acea__demos,f5d1c0c3178473706df1d182e27fdf291021ebd0df189d4cec689a6f1f26acea,demos,vllm,casperhansen/llama-3.3-70b-instruct-awq,"{   ""self_reported_group_ca"": 18,   ""self_reported_interpersonal_ca"": 12,   ""self_reported_band_group"": ""moderate"",   ""self_reported_band_interpersonal"": ""low"" }",,18,12,moderate,low
f5d1c0c3178473706df1d182e27fdf291021ebd0df189d4cec689a6f1f26acea__employment,f5d1c0c3178473706df1d182e27fdf291021ebd0df189d4cec689a6f1f26acea,employment,vllm,casperhansen/llama-3.3-70b-instruct-awq,"{   ""self_reported_group_ca"": 18,   ""self_reported_interpersonal_ca"": 12,   ""self_reported_band_group"": ""moderate"",   ""self_reported_band_interpersonal"": ""low"" }",,18,12,moderate,low
f5d1c0c3178473706df1d182e27fdf291021ebd0df189d4cec689a6f1f26acea__geo,f5d1c0c3178473706df1d182e27fdf291021ebd0df189d4cec689a6f1f26acea,geo,vllm,casperhansen/llama-3.3-70b-instruct-awq,"{   ""self_reported_group_ca"": 18,   ""self_reported_interpersonal_ca"": 12,   ""self_reported_band_group"": ""moderate"",   ""self_reported_band_interpersonal"": ""low"" }",,18,12,moderate,low
f5d1c0c3178473706df1d182e27fdf291021ebd0df189d4cec689a6f1f26acea__transit,f5d1c0c3178473706df1d182e27fdf291021ebd0df189d4cec689a6f1f26acea,transit,vllm,casperhansen/llama-3.3-70b-instruct-awq,"{   ""self_reported_group_ca"": 18,   ""self_reported_interpersonal_ca"": 12,   ""self_reported_band_group"": ""moderate"",   ""self_reported_band_interpersonal"": ""low"" }",,18,12,moderate,low
f5d1c0c3178473706df1d182e27fdf291021ebd0df189d4cec689a6f1f26acea__full,f5d1c0c3178473706df1d182e27fdf291021ebd0df189d4cec689a6f1f26acea,full,vllm,casperhansen/llama-3.3-70b-instruct-awq,"{   ""self_reported_group_ca"": 18,   ""self_reported_interpersonal_ca"": 12,   ""self_reported_band_group"": ""moderate"",   ""self_reported_band_interpersonal"": ""low"" }",,18,12,moderate,low
f5d1c0c3178473706df1d182e27fdf291021ebd0df189d4cec689a6f1f26acea__v3_rideshare,f5d1c0c3178473706df1d182e27fdf291021ebd0df189d4cec689a6f1f26acea,v3_rideshare,vllm,casperhansen/llama-3.3-70b-instruct-awq,"{   ""self_reported_group_ca"": 18,   ""self_reported_interpersonal_ca"": 12,   ""self_reported_band_group"": ""moderate"",   ""self_reported_band_interpersonal"": ""low"" }",,18,12,moderate,low
f5d1c0c3178473706df1d182e27fdf291021ebd0df189d4cec689a6f1f26acea__v3_public_transit,f5d1c0c3178473706df1d182e27fdf291021ebd0df189d4cec689a6f1f26acea,v3_public_transit,vllm,casperhansen/llama-3.3-70b-instruct-awq,"{   ""self_reported_group_ca"": 18,   ""self_reported_interpersonal_ca"": 12,   ""self_reported_band_group"": ""moderate"",   ""self_reported_band_interpersonal"": ""low"" }",,18,12,moderate,low
f5d1c0c3178473706df1d182e27fdf291021ebd0df189d4cec689a6f1f26acea__v3_voice,f5d1c0c3178473706df1d182e27fdf291021ebd0df189d4cec689a6f1f26acea,v3_voice,vllm,casperhansen/llama-3.3-70b-instruct-awq,"{   ""self_reported_group_ca"": 18,   ""self_reported_interpersonal_ca"": 12,   ""self_reported_band_group"": ""moderate"",   ""self_reported_band_interpersonal"": ""low"" }",,18,12,moderate,low
a47747a0208a73e7154dfc7b57e72b5b53f385a5472a0f7a1cec5af03e3e839e__demos,a47747a0208a73e7154dfc7b57e72b5b53f385a5472a0f7a1cec5af03e3e839e,demos,vllm,casperhansen/llama-3.3-70b-instruct-awq,"{   ""self_reported_group_ca"": 18,   ""self_reported_interpersonal_ca"": 12,   ""self_reported_band_group"": ""moderate"",   ""self_reported_band_interpersonal"": ""low"" }",,18,12,moderate,low
a47747a0208a73e7154dfc7b57e72b5b53f385a5472a0f7a1cec5af03e3e839e__employment,a47747a0208a73e7154dfc7b57e72b5b53f385a5472a0f7a1cec5af03e3e839e,employment,vllm,casperhansen/llama-3.3-70b-instruct-awq,"{   ""self_reported_group_ca"": 18,   ""self_reported_interpersonal_ca"": 12,   ""self_reported_band_group"": ""moderate"",   ""self_reported_band_interpersonal"": ""low"" }",,18,12,moderate,low
a47747a0208a73e7154dfc7b57e72b5b53f385a5472a0f7a1cec5af03e3e839e__geo,a47747a0208a73e7154dfc7b57e72b5b53f385a5472a0f7a1cec5af03e3e839e,geo,vllm,casperhansen/llama-3.3-70b-instruct-awq,"{   ""self_reported_group_ca"": 18,   ""self_reported_interpersonal_ca"": 12,   ""self_reported_band_group"": ""moderate"",   ""self_reported_band_interpersonal"": ""low"" }",,18,12,moderate,low
a47747a0208a73e7154dfc7b57e72b5b53f385a5472a0f7a1cec5af03e3e839e__transit,a47747a0208a73e7154dfc7b57e72b5b53f385a5472a0f7a1cec5af03e3e839e,transit,vllm,casperhansen/llama-3.3-70b-instruct-awq,"{   ""self_reported_group_ca"": 18,   ""self_reported_interpersonal_ca"": 12,   ""self_reported_band_group"": ""moderate"",   ""self_reported_band_interpersonal"": ""low"" }",,18,12,moderate,low
a47747a0208a73e7154dfc7b57e72b5b53f385a5472a0f7a1cec5af03e3e839e__full,a47747a0208a73e7154dfc7b57e72b5b53f385a5472a0f7a1cec5af03e3e839e,full,vllm,casperhansen/llama-3.3-70b-instruct-awq,"{   ""self_reported_group_ca"": 18,   ""self_reported_interpersonal_ca"": 12,   ""self_reported_band_group"": ""moderate"",   ""self_reported_band_interpersonal"": ""low"" }",,18,12,moderate,low
a47747a0208a73e7154dfc7b57e72b5b53f385a5472a0f7a1cec5af03e3e839e__v3_rideshare,a47747a0208a73e7154dfc7b57e72b5b53f385a5472a0f7a1cec5af03e3e839e,v3_rideshare,vllm,casperhansen/llama-3.3-70b-instruct-awq,"{   ""self_reported_group_ca"": 18,   ""self_reported_interpersonal_ca"": 12,   ""self_reported_band_group"": ""moderate"",   ""self_reported_band_interpersonal"": ""low"" }",,18,12,moderate,low
a47747a0208a73e7154dfc7b57e72b5b53f385a5472a0f7a1cec5af03e3e839e__v3_public_transit,a47747a0208a73e7154dfc7b57e72b5b53f385a5472a0f7a1cec5af03e3e839e,v3_public_transit,vllm,casperhansen/llama-3.3-70b-instruct-awq,"{   ""self_reported_group_ca"": 18,   ""self_reported_interpersonal_ca"": 12,   ""self_reported_band_group"": ""moderate"",   ""self_reported_band_interpersonal"": ""low"" }",,18,12,moderate,low
a47747a0208a73e7154dfc7b57e72b5b53f385a5472a0f7a1cec5af03e3e839e__v3_voice,a47747a0208a73e7154dfc7b57e72b5b53f385a5472a0f7a1cec5af03e3e839e,v3_voice,vllm,casperhansen/llama-3.3-70b-instruct-awq,"{   ""self_reported_group_ca"": 18,   ""self_reported_interpersonal_ca"": 12,   ""self_reported_band_group"": ""moderate"",   ""self_reported_band_interpersonal"": ""low"" }",,18,12,moderate,low
11a8acd6b682cba72759531d67320de19d6f671131ec26dae4f8c459caf26c97__demos,11a8acd6b682cba72759531d67320de19d6f671131ec26dae4f8c459caf26c97,demos,vllm,casperhansen/llama-3.3-70b-instruct-awq,"{   ""self_reported_group_ca"": 18,   ""self_reported_interpersonal_ca"": 12,   ""self_reported_band_group"": ""moderate"",   ""self_reported_band_interpersonal"": ""low"" }",,18,12,moderate,low
11a8acd6b682cba72759531d67320de19d6f671131ec26dae4f8c459caf26c97__employment,11a8acd6b682cba72759531d67320de19d6f671131ec26dae4f8c459caf26c97,employment,vllm,casperhansen/llama-3.3-70b-instruct-awq,"{   ""self_reported_group_ca"": 18,   ""self_reported_interpersonal_ca"": 12,   ""self_reported_band_group"": ""moderate"",   ""self_reported_band_interpersonal"": ""low"" }",,18,12,moderate,low
11a8acd6b682cba72759531d67320de19d6f671131ec26dae4f8c459caf26c97__geo,11a8acd6b682cba72759531d67320de19d6f671131ec26dae4f8c459caf26c97,geo,vllm,casperhansen/llama-3.3-70b-instruct-awq,"{   ""self_reported_group_ca"": 18,   ""self_reported_interpersonal_ca"": 12,   ""self_reported_band_group"": ""moderate"",   ""self_reported_band_interpersonal"": ""low"" }",,18,12,moderate,low
11a8acd6b682cba72759531d67320de19d6f671131ec26dae4f8c459caf26c97__transit,11a8acd6b682cba72759531d67320de19d6f671131ec26dae4f8c459caf26c97,transit,vllm,casperhansen/llama-3.3-70b-instruct-awq,"{   ""self_reported_group_ca"": 18,   ""self_reported_interpersonal_ca"": 12,   ""self_reported_band_group"": ""moderate"",   ""self_reported_band_interpersonal"": ""low"" }",,18,12,moderate,low
11a8acd6b682cba72759531d67320de19d6f671131ec26dae4f8c459caf26c97__full,11a8acd6b682cba72759531d67320de19d6f671131ec26dae4f8c459caf26c97,full,vllm,casperhansen/llama-3.3-70b-instruct-awq,"{   ""self_reported_group_ca"": 18,   ""self_reported_interpersonal_ca"": 12,   ""self_reported_band_group"": ""moderate"",   ""self_reported_band_interpersonal"": ""low"" }",,18,12,moderate,low
11a8acd6b682cba72759531d67320de19d6f671131ec26dae4f8c459caf26c97__v3_rideshare,11a8acd6b682cba72759531d67320de19d6f671131ec26dae4f8c459caf26c97,v3_rideshare,vllm,casperhansen/llama-3.3-70b-instruct-awq,"{   ""self_reported_group_ca"": 18,   ""self_reported_interpersonal_ca"": 12,   ""self_reported_band_group"": ""moderate"",   ""self_reported_band_interpersonal"": ""low"" }",,18,12,moderate,low
11a8acd6b682cba72759531d67320de19d6f671131ec26dae4f8c459caf26c97__v3_public_transit,11a8acd6b682cba72759531d67320de19d6f671131ec26dae4f8c459caf26c97,v3_public_transit,vllm,casperhansen/llama-3.3-70b-instruct-awq,"{   ""self_reported_group_ca"": 18,   ""self_reported_interpersonal_ca"": 12,   ""self_reported_band_group"": ""moderate"",   ""self_reported_band_interpersonal"": ""low"" }",,18,12,moderate,low
11a8acd6b682cba72759531d67320de19d6f671131ec26dae4f8c459caf26c97__v3_voice,11a8acd6b682cba72759531d67320de19d6f671131ec26dae4f8c459caf26c97,v3_voice,vllm,casperhansen/llama-3.3-70b-instruct-awq,"{   ""self_reported_group_ca"": 18,   ""self_reported_interpersonal_ca"": 12,   ""self_reported_band_group"": ""moderate"",   ""self_reported_band_interpersonal"": ""low"" }",,18,12,moderate,low
653c90b7ddf25ea2f906f8b0191b3ad45defad3d7b12db0e62c5bdf01fd51dc2__demos,653c90b7ddf25ea2f906f8b0191b3ad45defad3d7b12db0e62c5bdf01fd51dc2,demos,vllm,casperhansen/llama-3.3-70b-instruct-awq,"{   ""self_reported_group_ca"": 18,   ""self_reported_interpersonal_ca"": 12,   ""self_reported_band_group"": ""moderate"",   ""self_reported_band_interpersonal"": ""low"" }",,18,12,moderate,low
653c90b7ddf25ea2f906f8b0191b3ad45defad3d7b12db0e62c5bdf01fd51dc2__employment,653c90b7ddf25ea2f906f8b0191b3ad45defad3d7b12db0e62c5bdf01fd51dc2,employment,vllm,casperhansen/llama-3.3-70b-instruct-awq,"{   ""self_reported_group_ca"": 18,   ""self_reported_interpersonal_ca"": 12,   ""self_reported_band_group"": ""moderate"",   ""self_reported_band_interpersonal"": ""low"" }",,18,12,moderate,low
653c90b7ddf25ea2f906f8b0191b3ad45defad3d7b12db0e62c5bdf01fd51dc2__geo,653c90b7ddf25ea2f906f8b0191b3ad45defad3d7b12db0e62c5bdf01fd51dc2,geo,vllm,casperhansen/llama-3.3-70b-instruct-awq,"{   ""self_reported_group_ca"": 18,   ""self_reported_interpersonal_ca"": 12,   ""self_reported_band_group"": ""moderate"",   ""self_reported_band_interpersonal"": ""low"" }",,18,12,moderate,low
653c90b7ddf25ea2f906f8b0191b3ad45defad3d7b12db0e62c5bdf01fd51dc2__transit,653c90b7ddf25ea2f906f8b0191b3ad45defad3d7b12db0e62c5bdf01fd51dc2,transit,vllm,casperhansen/llama-3.3-70b-instruct-awq,"{   ""self_reported_group_ca"": 18,   ""self_reported_interpersonal_ca"": 12,   ""self_reported_band_group"": ""moderate"",   ""self_reported_band_interpersonal"": ""low"" }",,18,12,moderate,low
653c90b7ddf25ea2f906f8b0191b3ad45defad3d7b12db0e62c5bdf01fd51dc2__full,653c90b7ddf25ea2f906f8b0191b3ad45defad3d7b12db0e62c5bdf01fd51dc2,full,vllm,casperhansen/llama-3.3-70b-instruct-awq,"{   ""self_reported_group_ca"": 18,   ""self_reported_interpersonal_ca"": 12,   ""self_reported_band_group"": ""moderate"",   ""self_reported_band_interpersonal"": ""low"" }",,18,12,moderate,low
653c90b7ddf25ea2f906f8b0191b3ad45defad3d7b12db0e62c5bdf01fd51dc2__v3_rideshare,653c90b7ddf25ea2f906f8b0191b3ad45defad3d7b12db0e62c5bdf01fd51dc2,v3_rideshare,vllm,casperhansen/llama-3.3-70b-instruct-awq,"{   ""self_reported_group_ca"": 18,   ""self_reported_interpersonal_ca"": 12,   ""self_reported_band_group"": ""moderate"",   ""self_reported_band_interpersonal"": ""low"" }",,18,12,moderate,low
653c90b7ddf25ea2f906f8b0191b3ad45defad3d7b12db0e62c5bdf01fd51dc2__v3_public_transit,653c90b7ddf25ea2f906f8b0191b3ad45defad3d7b12db0e62c5bdf01fd51dc2,v3_public_transit,vllm,casperhansen/llama-3.3-70b-instruct-awq,"{   ""self_reported_group_ca"": 18,   ""self_reported_interpersonal_ca"": 12,   ""self_reported_band_group"": ""moderate"",   ""self_reported_band_interpersonal"": ""low"" }",,18,12,moderate,low
653c90b7ddf25ea2f906f8b0191b3ad45defad3d7b12db0e62c5bdf01fd51dc2__v3_voice,653c90b7ddf25ea2f906f8b0191b3ad45defad3d7b12db0e62c5bdf01fd51dc2,v3_voice,vllm,casperhansen/llama-3.3-70b-instruct-awq,"{   ""self_reported_group_ca"": 18,   ""self_reported_interpersonal_ca"": 12,   ""self_reported_band_group"": ""moderate"",   ""self_reported_band_interpersonal"": ""low"" }",,18,12,moderate,low
2487c2a36a5e141bf0a00cffbaf2646423d7ac77e36ae3245bdc91a98630a910__demos,2487c2a36a5e141bf0a00cffbaf2646423d7ac77e36ae3245bdc91a98630a910,demos,vllm,casperhansen/llama-3.3-70b-instruct-awq,"{   ""self_reported_group_ca"": 18,   ""self_reported_interpersonal_ca"": 12,   ""self_reported_band_group"": ""moderate"",   ""self_reported_band_interpersonal"": ""low"" }",,18,12,moderate,low
2487c2a36a5e141bf0a00cffbaf2646423d7ac77e36ae3245bdc91a98630a910__employment,2487c2a36a5e141bf0a00cffbaf2646423d7ac77e36ae3245bdc91a98630a910,employment,vllm,casperhansen/llama-3.3-70b-instruct-awq,"{   ""self_reported_group_ca"": 18,   ""self_reported_interpersonal_ca"": 12,   ""self_reported_band_group"": ""moderate"",   ""self_reported_band_interpersonal"": ""low"" }",,18,12,moderate,low
2487c2a36a5e141bf0a00cffbaf2646423d7ac77e36ae3245bdc91a98630a910__geo,2487c2a36a5e141bf0a00cffbaf2646423d7ac77e36ae3245bdc91a98630a910,geo,vllm,casperhansen/llama-3.3-70b-instruct-awq,"{   ""self_reported_group_ca"": 18,   ""self_reported_interpersonal_ca"": 12,   ""self_reported_band_group"": ""moderate"",   ""self_reported_band_interpersonal"": ""low"" }",,18,12,moderate,low
2487c2a36a5e141bf0a00cffbaf2646423d7ac77e36ae3245bdc91a98630a910__transit,2487c2a36a5e141bf0a00cffbaf2646423d7ac77e36ae3245bdc91a98630a910,transit,vllm,casperhansen/llama-3.3-70b-instruct-awq,"{   ""self_reported_group_ca"": 18,   ""self_reported_interpersonal_ca"": 12,   ""self_reported_band_group"": ""moderate"",   ""self_reported_band_interpersonal"": ""low"" }",,18,12,moderate,low
2487c2a36a5e141bf0a00cffbaf2646423d7ac77e36ae3245bdc91a98630a910__full,2487c2a36a5e141bf0a00cffbaf2646423d7ac77e36ae3245bdc91a98630a910,full,vllm,casperhansen/llama-3.3-70b-instruct-awq,"{   ""self_reported_group_ca"": 18,   ""self_reported_interpersonal_ca"": 12,   ""self_reported_band_group"": ""moderate"",   ""self_reported_band_interpersonal"": ""low"" }",,18,12,moderate,low
2487c2a36a5e141bf0a00cffbaf2646423d7ac77e36ae3245bdc91a98630a910__v3_rideshare,2487c2a36a5e141bf0a00cffbaf2646423d7ac77e36ae3245bdc91a98630a910,v3_rideshare,vllm,casperhansen/llama-3.3-70b-instruct-awq,"{   ""self_reported_group_ca"": 18,   ""self_reported_interpersonal_ca"": 12,   ""self_reported_band_group"": ""moderate"",   ""self_reported_band_interpersonal"": ""low"" }",,18,12,moderate,low
2487c2a36a5e141bf0a00cffbaf2646423d7ac77e36ae3245bdc91a98630a910__v3_public_transit,2487c2a36a5e141bf0a00cffbaf2646423d7ac77e36ae3245bdc91a98630a910,v3_public_transit,vllm,casperhansen/llama-3.3-70b-instruct-awq,"{   ""self_reported_group_ca"": 18,   ""self_reported_interpersonal_ca"": 12,   ""self_reported_band_group"": ""moderate"",   ""self_reported_band_interpersonal"": ""low"" }",,18,12,moderate,low
2487c2a36a5e141bf0a00cffbaf2646423d7ac77e36ae3245bdc91a98630a910__v3_voice,2487c2a36a5e141bf0a00cffbaf2646423d7ac77e36ae3245bdc91a98630a910,v3_voice,vllm,casperhansen/llama-3.3-70b-instruct-awq,"{   ""self_reported_group_ca"": 18,   ""self_reported_interpersonal_ca"": 12,   ""self_reported_band_group"": ""moderate"",   ""self_reported_band_interpersonal"": ""low"" }",,18,12,moderate,low
7e7086db3f5d1ba197d73f2b2c422e0a86e1a62847e442adc15dd9382d1cee45__demos,7e7086db3f5d1ba197d73f2b2c422e0a86e1a62847e442adc15dd9382d1cee45,demos,vllm,casperhansen/llama-3.3-70b-instruct-awq,"{   ""self_reported_group_ca"": 18,   ""self_reported_interpersonal_ca"": 12,   ""self_reported_band_group"": ""moderate"",   ""self_reported_band_interpersonal"": ""low"" }",,18,12,moderate,low
7e7086db3f5d1ba197d73f2b2c422e0a86e1a62847e442adc15dd9382d1cee45__employment,7e7086db3f5d1ba197d73f2b2c422e0a86e1a62847e442adc15dd9382d1cee45,employment,vllm,casperhansen/llama-3.3-70b-instruct-awq,"{   ""self_reported_group_ca"": 18,   ""self_reported_interpersonal_ca"": 12,   ""self_reported_band_group"": ""moderate"",   ""self_reported_band_interpersonal"": ""low"" }",,18,12,moderate,low
7e7086db3f5d1ba197d73f2b2c422e0a86e1a62847e442adc15dd9382d1cee45__geo,7e7086db3f5d1ba197d73f2b2c422e0a86e1a62847e442adc15dd9382d1cee45,geo,vllm,casperhansen/llama-3.3-70b-instruct-awq,"{   ""self_reported_group_ca"": 18,   ""self_reported_interpersonal_ca"": 12,   ""self_reported_band_group"": ""moderate"",   ""self_reported_band_interpersonal"": ""low"" }",,18,12,moderate,low
7e7086db3f5d1ba197d73f2b2c422e0a86e1a62847e442adc15dd9382d1cee45__transit,7e7086db3f5d1ba197d73f2b2c422e0a86e1a62847e442adc15dd9382d1cee45,transit,vllm,casperhansen/llama-3.3-70b-instruct-awq,"{   ""self_reported_group_ca"": 18,   ""self_reported_interpersonal_ca"": 12,   ""self_reported_band_group"": ""moderate"",   ""self_reported_band_interpersonal"": ""low"" }",,18,12,moderate,low
7e7086db3f5d1ba197d73f2b2c422e0a86e1a62847e442adc15dd9382d1cee45__full,7e7086db3f5d1ba197d73f2b2c422e0a86e1a62847e442adc15dd9382d1cee45,full,vllm,casperhansen/llama-3.3-70b-instruct-awq,"{   ""self_reported_group_ca"": 18,   ""self_reported_interpersonal_ca"": 12,   ""self_reported_band_group"": ""moderate"",   ""self_reported_band_interpersonal"": ""low"" }",,18,12,moderate,low
7e7086db3f5d1ba197d73f2b2c422e0a86e1a62847e442adc15dd9382d1cee45__v3_rideshare,7e7086db3f5d1ba197d73f2b2c422e0a86e1a62847e442adc15dd9382d1cee45,v3_rideshare,vllm,casperhansen/llama-3.3-70b-instruct-awq,"{   ""self_reported_group_ca"": 18,   ""self_reported_interpersonal_ca"": 12,   ""self_reported_band_group"": ""moderate"",   ""self_reported_band_interpersonal"": ""low"" }",,18,12,moderate,low
7e7086db3f5d1ba197d73f2b2c422e0a86e1a62847e442adc15dd9382d1cee45__v3_public_transit,7e7086db3f5d1ba197d73f2b2c422e0a86e1a62847e442adc15dd9382d1cee45,v3_public_transit,vllm,casperhansen/llama-3.3-70b-instruct-awq,"{   ""self_reported_group_ca"": 18,   ""self_reported_interpersonal_ca"": 12,   ""self_reported_band_group"": ""moderate"",   ""self_reported_band_interpersonal"": ""low"" }",,18,12,moderate,low
7e7086db3f5d1ba197d73f2b2c422e0a86e1a62847e442adc15dd9382d1cee45__v3_voice,7e7086db3f5d1ba197d73f2b2c422e0a86e1a62847e442adc15dd9382d1cee45,v3_voice,vllm,casperhansen/llama-3.3-70b-instruct-awq,"{   ""self_reported_group_ca"": 18,   ""self_reported_interpersonal_ca"": 12,   ""self_reported_band_group"": ""moderate"",   ""self_reported_band_interpersonal"": ""low"" }",,18,12,moderate,low
dca86c6d5589b4485fe9684e4bc292b3edff6d73507e77fe4f6be803d1431290__demos,dca86c6d5589b4485fe9684e4bc292b3edff6d73507e77fe4f6be803d1431290,demos,vllm,casperhansen/llama-3.3-70b-instruct-awq,"{   ""self_reported_group_ca"": 18,   ""self_reported_interpersonal_ca"": 12,   ""self_reported_band_group"": ""moderate"",   ""self_reported_band_interpersonal"": ""low"" }",,18,12,moderate,low
dca86c6d5589b4485fe9684e4bc292b3edff6d73507e77fe4f6be803d1431290__employment,dca86c6d5589b4485fe9684e4bc292b3edff6d73507e77fe4f6be803d1431290,employment,vllm,casperhansen/llama-3.3-70b-instruct-awq,"{   ""self_reported_group_ca"": 18,   ""self_reported_interpersonal_ca"": 12,   ""self_reported_band_group"": ""moderate"",   ""self_reported_band_interpersonal"": ""low"" }",,18,12,moderate,low
dca86c6d5589b4485fe9684e4bc292b3edff6d73507e77fe4f6be803d1431290__geo,dca86c6d5589b4485fe9684e4bc292b3edff6d73507e77fe4f6be803d1431290,geo,vllm,casperhansen/llama-3.3-70b-instruct-awq,"{   ""self_reported_group_ca"": 18,   ""self_reported_interpersonal_ca"": 12,   ""self_reported_band_group"": ""moderate"",   ""self_reported_band_interpersonal"": ""low"" }",,18,12,moderate,low
dca86c6d5589b4485fe9684e4bc292b3edff6d73507e77fe4f6be803d1431290__transit,dca86c6d5589b4485fe9684e4bc292b3edff6d73507e77fe4f6be803d1431290,transit,vllm,casperhansen/llama-3.3-70b-instruct-awq,"{   ""self_reported_group_ca"": 18,   ""self_reported_interpersonal_ca"": 12,   ""self_reported_band_group"": ""moderate"",   ""self_reported_band_interpersonal"": ""low"" }",,18,12,moderate,low
dca86c6d5589b4485fe9684e4bc292b3edff6d73507e77fe4f6be803d1431290__full,dca86c6d5589b4485fe9684e4bc292b3edff6d73507e77fe4f6be803d1431290,full,vllm,casperhansen/llama-3.3-70b-instruct-awq,"{   ""self_reported_group_ca"": 18,   ""self_reported_interpersonal_ca"": 12,   ""self_reported_band_group"": ""moderate"",   ""self_reported_band_interpersonal"": ""low"" }",,18,12,moderate,low
dca86c6d5589b4485fe9684e4bc292b3edff6d73507e77fe4f6be803d1431290__v3_rideshare,dca86c6d5589b4485fe9684e4bc292b3edff6d73507e77fe4f6be803d1431290,v3_rideshare,vllm,casperhansen/llama-3.3-70b-instruct-awq,"{   ""self_reported_group_ca"": 18,   ""self_reported_interpersonal_ca"": 12,   ""self_reported_band_group"": ""moderate"",   ""self_reported_band_interpersonal"": ""low"" }",,18,12,moderate,low
dca86c6d5589b4485fe9684e4bc292b3edff6d73507e77fe4f6be803d1431290__v3_public_transit,dca86c6d5589b4485fe9684e4bc292b3edff6d73507e77fe4f6be803d1431290,v3_public_transit,vllm,casperhansen/llama-3.3-70b-instruct-awq,"{   ""self_reported_group_ca"": 18,   ""self_reported_interpersonal_ca"": 12,   ""self_reported_band_group"": ""moderate"",   ""self_reported_band_interpersonal"": ""low"" }",,18,12,moderate,low
dca86c6d5589b4485fe9684e4bc292b3edff6d73507e77fe4f6be803d1431290__v3_voice,dca86c6d5589b4485fe9684e4bc292b3edff6d73507e77fe4f6be803d1431290,v3_voice,vllm,casperhansen/llama-3.3-70b-instruct-awq,"{   ""self_reported_group_ca"": 18,   ""self_reported_interpersonal_ca"": 12,   ""self_reported_band_group"": ""moderate"",   ""self_reported_band_interpersonal"": ""low"" }",,18,12,moderate,low
0fdc6e687766a7396a68cc21eb12884503ee2d031b7e1ab775849c700747fb74__demos,0fdc6e687766a7396a68cc21eb12884503ee2d031b7e1ab775849c700747fb74,demos,vllm,casperhansen/llama-3.3-70b-instruct-awq,"{   ""self_reported_group_ca"": 18,   ""self_reported_interpersonal_ca"": 12,   ""self_reported_band_group"": ""moderate"",   ""self_reported_band_interpersonal"": ""low"" }",,18,12,moderate,low
0fdc6e687766a7396a68cc21eb12884503ee2d031b7e1ab775849c700747fb74__employment,0fdc6e687766a7396a68cc21eb12884503ee2d031b7e1ab775849c700747fb74,employment,vllm,casperhansen/llama-3.3-70b-instruct-awq,"{   ""self_reported_group_ca"": 18,   ""self_reported_interpersonal_ca"": 12,   ""self_reported_band_group"": ""moderate"",   ""self_reported_band_interpersonal"": ""low"" }",,18,12,moderate,low
0fdc6e687766a7396a68cc21eb12884503ee2d031b7e1ab775849c700747fb74__geo,0fdc6e687766a7396a68cc21eb12884503ee2d031b7e1ab775849c700747fb74,geo,vllm,casperhansen/llama-3.3-70b-instruct-awq,"{   ""self_reported_group_ca"": 18,   ""self_reported_interpersonal_ca"": 12,   ""self_reported_band_group"": ""moderate"",   ""self_reported_band_interpersonal"": ""low"" }",,18,12,moderate,low
0fdc6e687766a7396a68cc21eb12884503ee2d031b7e1ab775849c700747fb74__transit,0fdc6e687766a7396a68cc21eb12884503ee2d031b7e1ab775849c700747fb74,transit,vllm,casperhansen/llama-3.3-70b-instruct-awq,"{   ""self_reported_group_ca"": 18,   ""self_reported_interpersonal_ca"": 12,   ""self_reported_band_group"": ""moderate"",   ""self_reported_band_interpersonal"": ""low"" }",,18,12,moderate,low
0fdc6e687766a7396a68cc21eb12884503ee2d031b7e1ab775849c700747fb74__full,0fdc6e687766a7396a68cc21eb12884503ee2d031b7e1ab775849c700747fb74,full,vllm,casperhansen/llama-3.3-70b-instruct-awq,"{   ""self_reported_group_ca"": 18,   ""self_reported_interpersonal_ca"": 12,   ""self_reported_band_group"": ""moderate"",   ""self_reported_band_interpersonal"": ""low"" }",,18,12,moderate,low
0fdc6e687766a7396a68cc21eb12884503ee2d031b7e1ab775849c700747fb74__v3_rideshare,0fdc6e687766a7396a68cc21eb12884503ee2d031b7e1ab775849c700747fb74,v3_rideshare,vllm,casperhansen/llama-3.3-70b-instruct-awq,"{   ""self_reported_group_ca"": 18,   ""self_reported_interpersonal_ca"": 12,   ""self_reported_band_group"": ""moderate"",   ""self_reported_band_interpersonal"": ""low"" }",,18,12,moderate,low
0fdc6e687766a7396a68cc21eb12884503ee2d031b7e1ab775849c700747fb74__v3_public_transit,0fdc6e687766a7396a68cc21eb12884503ee2d031b7e1ab775849c700747fb74,v3_public_transit,vllm,casperhansen/llama-3.3-70b-instruct-awq,"{   ""self_reported_group_ca"": 18,   ""self_reported_interpersonal_ca"": 12,   ""self_reported_band_group"": ""moderate"",   ""self_reported_band_interpersonal"": ""low"" }",,18,12,moderate,low
0fdc6e687766a7396a68cc21eb12884503ee2d031b7e1ab775849c700747fb74__v3_voice,0fdc6e687766a7396a68cc21eb12884503ee2d031b7e1ab775849c700747fb74,v3_voice,vllm,casperhansen/llama-3.3-70b-instruct-awq,"{   ""self_reported_group_ca"": 18,   ""self_reported_interpersonal_ca"": 12,   ""self_reported_band_group"": ""moderate"",   ""self_reported_band_interpersonal"": ""low"" }",,18,12,moderate,low
7477b12f32a7d864e54bfa31199c969a4a9390eee9204c49de58fc02748839aa__demos,7477b12f32a7d864e54bfa31199c969a4a9390eee9204c49de58fc02748839aa,demos,vllm,casperhansen/llama-3.3-70b-instruct-awq,"{   ""self_reported_group_ca"": 18,   ""self_reported_interpersonal_ca"": 12,   ""self_reported_band_group"": ""moderate"",   ""self_reported_band_interpersonal"": ""low"" }",,18,12,moderate,low
7477b12f32a7d864e54bfa31199c969a4a9390eee9204c49de58fc02748839aa__employment,7477b12f32a7d864e54bfa31199c969a4a9390eee9204c49de58fc02748839aa,employment,vllm,casperhansen/llama-3.3-70b-instruct-awq,"{   ""self_reported_group_ca"": 18,   ""self_reported_interpersonal_ca"": 12,   ""self_reported_band_group"": ""moderate"",   ""self_reported_band_interpersonal"": ""low"" }",,18,12,moderate,low
7477b12f32a7d864e54bfa31199c969a4a9390eee9204c49de58fc02748839aa__geo,7477b12f32a7d864e54bfa31199c969a4a9390eee9204c49de58fc02748839aa,geo,vllm,casperhansen/llama-3.3-70b-instruct-awq,"{   ""self_reported_group_ca"": 18,   ""self_reported_interpersonal_ca"": 12,   ""self_reported_band_group"": ""moderate"",   ""self_reported_band_interpersonal"": ""low"" }",,18,12,moderate,low
7477b12f32a7d864e54bfa31199c969a4a9390eee9204c49de58fc02748839aa__transit,7477b12f32a7d864e54bfa31199c969a4a9390eee9204c49de58fc02748839aa,transit,vllm,casperhansen/llama-3.3-70b-instruct-awq,"{   ""self_reported_group_ca"": 18,   ""self_reported_interpersonal_ca"": 12,   ""self_reported_band_group"": ""moderate"",   ""self_reported_band_interpersonal"": ""low"" }",,18,12,moderate,low
7477b12f32a7d864e54bfa31199c969a4a9390eee9204c49de58fc02748839aa__full,7477b12f32a7d864e54bfa31199c969a4a9390eee9204c49de58fc02748839aa,full,vllm,casperhansen/llama-3.3-70b-instruct-awq,"{   ""self_reported_group_ca"": 18,   ""self_reported_interpersonal_ca"": 12,   ""self_reported_band_group"": ""moderate"",   ""self_reported_band_interpersonal"": ""low"" }",,18,12,moderate,low
7477b12f32a7d864e54bfa31199c969a4a9390eee9204c49de58fc02748839aa__v3_rideshare,7477b12f32a7d864e54bfa31199c969a4a9390eee9204c49de58fc02748839aa,v3_rideshare,vllm,casperhansen/llama-3.3-70b-instruct-awq,"{   ""self_reported_group_ca"": 18,   ""self_reported_interpersonal_ca"": 12,   ""self_reported_band_group"": ""moderate"",   ""self_reported_band_interpersonal"": ""low"" }",,18,12,moderate,low
7477b12f32a7d864e54bfa31199c969a4a9390eee9204c49de58fc02748839aa__v3_public_transit,7477b12f32a7d864e54bfa31199c969a4a9390eee9204c49de58fc02748839aa,v3_public_transit,vllm,casperhansen/llama-3.3-70b-instruct-awq,"{   ""self_reported_group_ca"": 18,   ""self_reported_interpersonal_ca"": 12,   ""self_reported_band_group"": ""moderate"",   ""self_reported_band_interpersonal"": ""low"" }",,18,12,moderate,low
7477b12f32a7d864e54bfa31199c969a4a9390eee9204c49de58fc02748839aa__v3_voice,7477b12f32a7d864e54bfa31199c969a4a9390eee9204c49de58fc02748839aa,v3_voice,vllm,casperhansen/llama-3.3-70b-instruct-awq,"{   ""self_reported_group_ca"": 18,   ""self_reported_interpersonal_ca"": 12,   ""self_reported_band_group"": ""moderate"",   ""self_reported_band_interpersonal"": ""low"" }",,18,12,moderate,low
8ec2aa78954708560b4a0131051b6fa636a8043865e3ef2fe094bd5c09f71042__demos,8ec2aa78954708560b4a0131051b6fa636a8043865e3ef2fe094bd5c09f71042,demos,vllm,casperhansen/llama-3.3-70b-instruct-awq,"{   ""self_reported_group_ca"": 18,   ""self_reported_interpersonal_ca"": 12,   ""self_reported_band_group"": ""moderate"",   ""self_reported_band_interpersonal"": ""low"" }",,18,12,moderate,low
8ec2aa78954708560b4a0131051b6fa636a8043865e3ef2fe094bd5c09f71042__employment,8ec2aa78954708560b4a0131051b6fa636a8043865e3ef2fe094bd5c09f71042,employment,vllm,casperhansen/llama-3.3-70b-instruct-awq,"{   ""self_reported_group_ca"": 18,   ""self_reported_interpersonal_ca"": 12,   ""self_reported_band_group"": ""moderate"",   ""self_reported_band_interpersonal"": ""low"" }",,18,12,moderate,low
8ec2aa78954708560b4a0131051b6fa636a8043865e3ef2fe094bd5c09f71042__geo,8ec2aa78954708560b4a0131051b6fa636a8043865e3ef2fe094bd5c09f71042,geo,vllm,casperhansen/llama-3.3-70b-instruct-awq,"{   ""self_reported_group_ca"": 18,   ""self_reported_interpersonal_ca"": 12,   ""self_reported_band_group"": ""moderate"",   ""self_reported_band_interpersonal"": ""low"" }",,18,12,moderate,low
8ec2aa78954708560b4a0131051b6fa636a8043865e3ef2fe094bd5c09f71042__transit,8ec2aa78954708560b4a0131051b6fa636a8043865e3ef2fe094bd5c09f71042,transit,vllm,casperhansen/llama-3.3-70b-instruct-awq,"{   ""self_reported_group_ca"": 18,   ""self_reported_interpersonal_ca"": 12,   ""self_reported_band_group"": ""moderate"",   ""self_reported_band_interpersonal"": ""low"" }",,18,12,moderate,low
8ec2aa78954708560b4a0131051b6fa636a8043865e3ef2fe094bd5c09f71042__full,8ec2aa78954708560b4a0131051b6fa636a8043865e3ef2fe094bd5c09f71042,full,vllm,casperhansen/llama-3.3-70b-instruct-awq,"{   ""self_reported_group_ca"": 18,   ""self_reported_interpersonal_ca"": 12,   ""self_reported_band_group"": ""moderate"",   ""self_reported_band_interpersonal"": ""low"" }",,18,12,moderate,low
8ec2aa78954708560b4a0131051b6fa636a8043865e3ef2fe094bd5c09f71042__v3_rideshare,8ec2aa78954708560b4a0131051b6fa636a8043865e3ef2fe094bd5c09f71042,v3_rideshare,vllm,casperhansen/llama-3.3-70b-instruct-awq,"{   ""self_reported_group_ca"": 18,   ""self_reported_interpersonal_ca"": 12,   ""self_reported_band_group"": ""moderate"",   ""self_reported_band_interpersonal"": ""low"" }",,18,12,moderate,low
8ec2aa78954708560b4a0131051b6fa636a8043865e3ef2fe094bd5c09f71042__v3_public_transit,8ec2aa78954708560b4a0131051b6fa636a8043865e3ef2fe094bd5c09f71042,v3_public_transit,vllm,casperhansen/llama-3.3-70b-instruct-awq,"{   ""self_reported_group_ca"": 18,   ""self_reported_interpersonal_ca"": 12,   ""self_reported_band_group"": ""moderate"",   ""self_reported_band_interpersonal"": ""low"" }",,18,12,moderate,low
8ec2aa78954708560b4a0131051b6fa636a8043865e3ef2fe094bd5c09f71042__v3_voice,8ec2aa78954708560b4a0131051b6fa636a8043865e3ef2fe094bd5c09f71042,v3_voice,vllm,casperhansen/llama-3.3-70b-instruct-awq,"{   ""self_reported_group_ca"": 18,   ""self_reported_interpersonal_ca"": 12,   ""self_reported_band_group"": ""moderate"",   ""self_reported_band_interpersonal"": ""low"" }",,18,12,moderate,low
6eda5ee338b7e3ec883c9b0abc31cec1cb49eebd663ce53608737dd7e917e2bd__demos,6eda5ee338b7e3ec883c9b0abc31cec1cb49eebd663ce53608737dd7e917e2bd,demos,vllm,casperhansen/llama-3.3-70b-instruct-awq,"{   ""self_reported_group_ca"": 18,   ""self_reported_interpersonal_ca"": 12,   ""self_reported_band_group"": ""moderate"",   ""self_reported_band_interpersonal"": ""low"" }",,18,12,moderate,low
6eda5ee338b7e3ec883c9b0abc31cec1cb49eebd663ce53608737dd7e917e2bd__employment,6eda5ee338b7e3ec883c9b0abc31cec1cb49eebd663ce53608737dd7e917e2bd,employment,vllm,casperhansen/llama-3.3-70b-instruct-awq,"{   ""self_reported_group_ca"": 18,   ""self_reported_interpersonal_ca"": 12,   ""self_reported_band_group"": ""moderate"",   ""self_reported_band_interpersonal"": ""low"" }",,18,12,moderate,low
6eda5ee338b7e3ec883c9b0abc31cec1cb49eebd663ce53608737dd7e917e2bd__geo,6eda5ee338b7e3ec883c9b0abc31cec1cb49eebd663ce53608737dd7e917e2bd,geo,vllm,casperhansen/llama-3.3-70b-instruct-awq,"{   ""self_reported_group_ca"": 18,   ""self_reported_interpersonal_ca"": 12,   ""self_reported_band_group"": ""moderate"",   ""self_reported_band_interpersonal"": ""low"" }",,18,12,moderate,low
6eda5ee338b7e3ec883c9b0abc31cec1cb49eebd663ce53608737dd7e917e2bd__transit,6eda5ee338b7e3ec883c9b0abc31cec1cb49eebd663ce53608737dd7e917e2bd,transit,vllm,casperhansen/llama-3.3-70b-instruct-awq,"{   ""self_reported_group_ca"": 18,   ""self_reported_interpersonal_ca"": 12,   ""self_reported_band_group"": ""moderate"",   ""self_reported_band_interpersonal"": ""low"" }",,18,12,moderate,low
6eda5ee338b7e3ec883c9b0abc31cec1cb49eebd663ce53608737dd7e917e2bd__full,6eda5ee338b7e3ec883c9b0abc31cec1cb49eebd663ce53608737dd7e917e2bd,full,vllm,casperhansen/llama-3.3-70b-instruct-awq,"{   ""self_reported_group_ca"": 18,   ""self_reported_interpersonal_ca"": 12,   ""self_reported_band_group"": ""moderate"",   ""self_reported_band_interpersonal"": ""low"" }",,18,12,moderate,low
6eda5ee338b7e3ec883c9b0abc31cec1cb49eebd663ce53608737dd7e917e2bd__v3_rideshare,6eda5ee338b7e3ec883c9b0abc31cec1cb49eebd663ce53608737dd7e917e2bd,v3_rideshare,vllm,casperhansen/llama-3.3-70b-instruct-awq,"{   ""self_reported_group_ca"": 18,   ""self_reported_interpersonal_ca"": 12,   ""self_reported_band_group"": ""moderate"",   ""self_reported_band_interpersonal"": ""low"" }",,18,12,moderate,low
6eda5ee338b7e3ec883c9b0abc31cec1cb49eebd663ce53608737dd7e917e2bd__v3_public_transit,6eda5ee338b7e3ec883c9b0abc31cec1cb49eebd663ce53608737dd7e917e2bd,v3_public_transit,vllm,casperhansen/llama-3.3-70b-instruct-awq,"{   ""self_reported_group_ca"": 18,   ""self_reported_interpersonal_ca"": 12,   ""self_reported_band_group"": ""moderate"",   ""self_reported_band_interpersonal"": ""low"" }",,18,12,moderate,low
6eda5ee338b7e3ec883c9b0abc31cec1cb49eebd663ce53608737dd7e917e2bd__v3_voice,6eda5ee338b7e3ec883c9b0abc31cec1cb49eebd663ce53608737dd7e917e2bd,v3_voice,vllm,casperhansen/llama-3.3-70b-instruct-awq,"{   ""self_reported_group_ca"": 18,   ""self_reported_interpersonal_ca"": 12,   ""self_reported_band_group"": ""moderate"",   ""self_reported_band_interpersonal"": ""low"" }",,18,12,moderate,low
506fb95b78aa3d050d5a1400de996c6ff4ee098b28a247b202c4e9603e0bb30f__demos,506fb95b78aa3d050d5a1400de996c6ff4ee098b28a247b202c4e9603e0bb30f,demos,vllm,casperhansen/llama-3.3-70b-instruct-awq,"{   ""self_reported_group_ca"": 18,   ""self_reported_interpersonal_ca"": 12,   ""self_reported_band_group"": ""moderate"",   ""self_reported_band_interpersonal"": ""low"" }",,18,12,moderate,low
506fb95b78aa3d050d5a1400de996c6ff4ee098b28a247b202c4e9603e0bb30f__employment,506fb95b78aa3d050d5a1400de996c6ff4ee098b28a247b202c4e9603e0bb30f,employment,vllm,casperhansen/llama-3.3-70b-instruct-awq,"{   ""self_reported_group_ca"": 18,   ""self_reported_interpersonal_ca"": 12,   ""self_reported_band_group"": ""moderate"",   ""self_reported_band_interpersonal"": ""low"" }",,18,12,moderate,low
506fb95b78aa3d050d5a1400de996c6ff4ee098b28a247b202c4e9603e0bb30f__geo,506fb95b78aa3d050d5a1400de996c6ff4ee098b28a247b202c4e9603e0bb30f,geo,vllm,casperhansen/llama-3.3-70b-instruct-awq,"{   ""self_reported_group_ca"": 18,   ""self_reported_interpersonal_ca"": 12,   ""self_reported_band_group"": ""moderate"",   ""self_reported_band_interpersonal"": ""low"" }",,18,12,moderate,low
506fb95b78aa3d050d5a1400de996c6ff4ee098b28a247b202c4e9603e0bb30f__transit,506fb95b78aa3d050d5a1400de996c6ff4ee098b28a247b202c4e9603e0bb30f,transit,vllm,casperhansen/llama-3.3-70b-instruct-awq,"{   ""self_reported_group_ca"": 18,   ""self_reported_interpersonal_ca"": 12,   ""self_reported_band_group"": ""moderate"",   ""self_reported_band_interpersonal"": ""low"" }",,18,12,moderate,low
506fb95b78aa3d050d5a1400de996c6ff4ee098b28a247b202c4e9603e0bb30f__full,506fb95b78aa3d050d5a1400de996c6ff4ee098b28a247b202c4e9603e0bb30f,full,vllm,casperhansen/llama-3.3-70b-instruct-awq,"{   ""self_reported_group_ca"": 18,   ""self_reported_interpersonal_ca"": 12,   ""self_reported_band_group"": ""moderate"",   ""self_reported_band_interpersonal"": ""low"" }",,18,12,moderate,low
506fb95b78aa3d050d5a1400de996c6ff4ee098b28a247b202c4e9603e0bb30f__v3_rideshare,506fb95b78aa3d050d5a1400de996c6ff4ee098b28a247b202c4e9603e0bb30f,v3_rideshare,vllm,casperhansen/llama-3.3-70b-instruct-awq,"{   ""self_reported_group_ca"": 18,   ""self_reported_interpersonal_ca"": 12,   ""self_reported_band_group"": ""moderate"",   ""self_reported_band_interpersonal"": ""low"" }",,18,12,moderate,low
506fb95b78aa3d050d5a1400de996c6ff4ee098b28a247b202c4e9603e0bb30f__v3_public_transit,506fb95b78aa3d050d5a1400de996c6ff4ee098b28a247b202c4e9603e0bb30f,v3_public_transit,vllm,casperhansen/llama-3.3-70b-instruct-awq,"{   ""self_reported_group_ca"": 18,   ""self_reported_interpersonal_ca"": 12,   ""self_reported_band_group"": ""moderate"",   ""self_reported_band_interpersonal"": ""low"" }",,18,12,moderate,low
506fb95b78aa3d050d5a1400de996c6ff4ee098b28a247b202c4e9603e0bb30f__v3_voice,506fb95b78aa3d050d5a1400de996c6ff4ee098b28a247b202c4e9603e0bb30f,v3_voice,vllm,casperhansen/llama-3.3-70b-instruct-awq,"{   ""self_reported_group_ca"": 18,   ""self_reported_interpersonal_ca"": 12,   ""self_reported_band_group"": ""moderate"",   ""self_reported_band_interpersonal"": ""low"" }",,18,12,moderate,low
8fd5d407c80b93e07e303f68d4e9a359915c598c244a3cb6afa0e9b5c331f2aa__demos,8fd5d407c80b93e07e303f68d4e9a359915c598c244a3cb6afa0e9b5c331f2aa,demos,vllm,casperhansen/llama-3.3-70b-instruct-awq,"{   ""self_reported_group_ca"": 18,   ""self_reported_interpersonal_ca"": 12,   ""self_reported_band_group"": ""moderate"",   ""self_reported_band_interpersonal"": ""low"" }",,18,12,moderate,low
8fd5d407c80b93e07e303f68d4e9a359915c598c244a3cb6afa0e9b5c331f2aa__employment,8fd5d407c80b93e07e303f68d4e9a359915c598c244a3cb6afa0e9b5c331f2aa,employment,vllm,casperhansen/llama-3.3-70b-instruct-awq,"{   ""self_reported_group_ca"": 18,   ""self_reported_interpersonal_ca"": 12,   ""self_reported_band_group"": ""moderate"",   ""self_reported_band_interpersonal"": ""low"" }",,18,12,moderate,low
8fd5d407c80b93e07e303f68d4e9a359915c598c244a3cb6afa0e9b5c331f2aa__geo,8fd5d407c80b93e07e303f68d4e9a359915c598c244a3cb6afa0e9b5c331f2aa,geo,vllm,casperhansen/llama-3.3-70b-instruct-awq,"{   ""self_reported_group_ca"": 18,   ""self_reported_interpersonal_ca"": 12,   ""self_reported_band_group"": ""moderate"",   ""self_reported_band_interpersonal"": ""low"" }",,18,12,moderate,low
8fd5d407c80b93e07e303f68d4e9a359915c598c244a3cb6afa0e9b5c331f2aa__transit,8fd5d407c80b93e07e303f68d4e9a359915c598c244a3cb6afa0e9b5c331f2aa,transit,vllm,casperhansen/llama-3.3-70b-instruct-awq,"{   ""self_reported_group_ca"": 18,   ""self_reported_interpersonal_ca"": 12,   ""self_reported_band_group"": ""moderate"",   ""self_reported_band_interpersonal"": ""low"" }",,18,12,moderate,low
8fd5d407c80b93e07e303f68d4e9a359915c598c244a3cb6afa0e9b5c331f2aa__full,8fd5d407c80b93e07e303f68d4e9a359915c598c244a3cb6afa0e9b5c331f2aa,full,vllm,casperhansen/llama-3.3-70b-instruct-awq,"{   ""self_reported_group_ca"": 18,   ""self_reported_interpersonal_ca"": 12,   ""self_reported_band_group"": ""moderate"",   ""self_reported_band_interpersonal"": ""low"" }",,18,12,moderate,low
8fd5d407c80b93e07e303f68d4e9a359915c598c244a3cb6afa0e9b5c331f2aa__v3_rideshare,8fd5d407c80b93e07e303f68d4e9a359915c598c244a3cb6afa0e9b5c331f2aa,v3_rideshare,vllm,casperhansen/llama-3.3-70b-instruct-awq,"{   ""self_reported_group_ca"": 18,   ""self_reported_interpersonal_ca"": 12,   ""self_reported_band_group"": ""moderate"",   ""self_reported_band_interpersonal"": ""low"" }",,18,12,moderate,low
8fd5d407c80b93e07e303f68d4e9a359915c598c244a3cb6afa0e9b5c331f2aa__v3_public_transit,8fd5d407c80b93e07e303f68d4e9a359915c598c244a3cb6afa0e9b5c331f2aa,v3_public_transit,vllm,casperhansen/llama-3.3-70b-instruct-awq,"{   ""self_reported_group_ca"": 18,   ""self_reported_interpersonal_ca"": 12,   ""self_reported_band_group"": ""moderate"",   ""self_reported_band_interpersonal"": ""low"" }",,18,12,moderate,low
8fd5d407c80b93e07e303f68d4e9a359915c598c244a3cb6afa0e9b5c331f2aa__v3_voice,8fd5d407c80b93e07e303f68d4e9a359915c598c244a3cb6afa0e9b5c331f2aa,v3_voice,vllm,casperhansen/llama-3.3-70b-instruct-awq,"{   ""self_reported_group_ca"": 18,   ""self_reported_interpersonal_ca"": 12,   ""self_reported_band_group"": ""moderate"",   ""self_reported_band_interpersonal"": ""low"" }",,18,12,moderate,low
202bddf13b57e47519ccc7091a65a025daa8d15f20e211e2cc736632844f3b6c__demos,202bddf13b57e47519ccc7091a65a025daa8d15f20e211e2cc736632844f3b6c,demos,vllm,casperhansen/llama-3.3-70b-instruct-awq,"{   ""self_reported_group_ca"": 18,   ""self_reported_interpersonal_ca"": 12,   ""self_reported_band_group"": ""moderate"",   ""self_reported_band_interpersonal"": ""low"" }",,18,12,moderate,low
202bddf13b57e47519ccc7091a65a025daa8d15f20e211e2cc736632844f3b6c__employment,202bddf13b57e47519ccc7091a65a025daa8d15f20e211e2cc736632844f3b6c,employment,vllm,casperhansen/llama-3.3-70b-instruct-awq,"{   ""self_reported_group_ca"": 18,   ""self_reported_interpersonal_ca"": 12,   ""self_reported_band_group"": ""moderate"",   ""self_reported_band_interpersonal"": ""low"" }",,18,12,moderate,low
202bddf13b57e47519ccc7091a65a025daa8d15f20e211e2cc736632844f3b6c__geo,202bddf13b57e47519ccc7091a65a025daa8d15f20e211e2cc736632844f3b6c,geo,vllm,casperhansen/llama-3.3-70b-instruct-awq,"{   ""self_reported_group_ca"": 18,   ""self_reported_interpersonal_ca"": 12,   ""self_reported_band_group"": ""moderate"",   ""self_reported_band_interpersonal"": ""low"" }",,18,12,moderate,low
202bddf13b57e47519ccc7091a65a025daa8d15f20e211e2cc736632844f3b6c__transit,202bddf13b57e47519ccc7091a65a025daa8d15f20e211e2cc736632844f3b6c,transit,vllm,casperhansen/llama-3.3-70b-instruct-awq,"{   ""self_reported_group_ca"": 18,   ""self_reported_interpersonal_ca"": 12,   ""self_reported_band_group"": ""moderate"",   ""self_reported_band_interpersonal"": ""low"" }",,18,12,moderate,low
202bddf13b57e47519ccc7091a65a025daa8d15f20e211e2cc736632844f3b6c__full,202bddf13b57e47519ccc7091a65a025daa8d15f20e211e2cc736632844f3b6c,full,vllm,casperhansen/llama-3.3-70b-instruct-awq,"{   ""self_reported_group_ca"": 18,   ""self_reported_interpersonal_ca"": 12,   ""self_reported_band_group"": ""moderate"",   ""self_reported_band_interpersonal"": ""low"" }",,18,12,moderate,low
202bddf13b57e47519ccc7091a65a025daa8d15f20e211e2cc736632844f3b6c__v3_rideshare,202bddf13b57e47519ccc7091a65a025daa8d15f20e211e2cc736632844f3b6c,v3_rideshare,vllm,casperhansen/llama-3.3-70b-instruct-awq,"{   ""self_reported_group_ca"": 18,   ""self_reported_interpersonal_ca"": 12,   ""self_reported_band_group"": ""moderate"",   ""self_reported_band_interpersonal"": ""low"" }",,18,12,moderate,low
202bddf13b57e47519ccc7091a65a025daa8d15f20e211e2cc736632844f3b6c__v3_public_transit,202bddf13b57e47519ccc7091a65a025daa8d15f20e211e2cc736632844f3b6c,v3_public_transit,vllm,casperhansen/llama-3.3-70b-instruct-awq,"{   ""self_reported_group_ca"": 18,   ""self_reported_interpersonal_ca"": 12,   ""self_reported_band_group"": ""moderate"",   ""self_reported_band_interpersonal"": ""low"" }",,18,12,moderate,low
202bddf13b57e47519ccc7091a65a025daa8d15f20e211e2cc736632844f3b6c__v3_voice,202bddf13b57e47519ccc7091a65a025daa8d15f20e211e2cc736632844f3b6c,v3_voice,vllm,casperhansen/llama-3.3-70b-instruct-awq,"{   ""self_reported_group_ca"": 18,   ""self_reported_interpersonal_ca"": 12,   ""self_reported_band_group"": ""moderate"",   ""self_reported_band_interpersonal"": ""low"" }",,18,12,moderate,low
76d05dd5ad4b4e56b6bcf3332a5176a5e7d9447a037db50a9ae6cbeb2925abdb__demos,76d05dd5ad4b4e56b6bcf3332a5176a5e7d9447a037db50a9ae6cbeb2925abdb,demos,vllm,casperhansen/llama-3.3-70b-instruct-awq,"{   ""self_reported_group_ca"": 18,   ""self_reported_interpersonal_ca"": 12,   ""self_reported_band_group"": ""moderate"",   ""self_reported_band_interpersonal"": ""low"" }",,18,12,moderate,low
76d05dd5ad4b4e56b6bcf3332a5176a5e7d9447a037db50a9ae6cbeb2925abdb__employment,76d05dd5ad4b4e56b6bcf3332a5176a5e7d9447a037db50a9ae6cbeb2925abdb,employment,vllm,casperhansen/llama-3.3-70b-instruct-awq,"{   ""self_reported_group_ca"": 18,   ""self_reported_interpersonal_ca"": 12,   ""self_reported_band_group"": ""moderate"",   ""self_reported_band_interpersonal"": ""low"" }",,18,12,moderate,low
76d05dd5ad4b4e56b6bcf3332a5176a5e7d9447a037db50a9ae6cbeb2925abdb__geo,76d05dd5ad4b4e56b6bcf3332a5176a5e7d9447a037db50a9ae6cbeb2925abdb,geo,vllm,casperhansen/llama-3.3-70b-instruct-awq,"{   ""self_reported_group_ca"": 18,   ""self_reported_interpersonal_ca"": 12,   ""self_reported_band_group"": ""moderate"",   ""self_reported_band_interpersonal"": ""low"" }",,18,12,moderate,low
76d05dd5ad4b4e56b6bcf3332a5176a5e7d9447a037db50a9ae6cbeb2925abdb__transit,76d05dd5ad4b4e56b6bcf3332a5176a5e7d9447a037db50a9ae6cbeb2925abdb,transit,vllm,casperhansen/llama-3.3-70b-instruct-awq,"{   ""self_reported_group_ca"": 18,   ""self_reported_interpersonal_ca"": 12,   ""self_reported_band_group"": ""moderate"",   ""self_reported_band_interpersonal"": ""low"" }",,18,12,moderate,low
76d05dd5ad4b4e56b6bcf3332a5176a5e7d9447a037db50a9ae6cbeb2925abdb__full,76d05dd5ad4b4e56b6bcf3332a5176a5e7d9447a037db50a9ae6cbeb2925abdb,full,vllm,casperhansen/llama-3.3-70b-instruct-awq,"{   ""self_reported_group_ca"": 18,   ""self_reported_interpersonal_ca"": 12,   ""self_reported_band_group"": ""moderate"",   ""self_reported_band_interpersonal"": ""low"" }",,18,12,moderate,low
76d05dd5ad4b4e56b6bcf3332a5176a5e7d9447a037db50a9ae6cbeb2925abdb__v3_rideshare,76d05dd5ad4b4e56b6bcf3332a5176a5e7d9447a037db50a9ae6cbeb2925abdb,v3_rideshare,vllm,casperhansen/llama-3.3-70b-instruct-awq,"{   ""self_reported_group_ca"": 18,   ""self_reported_interpersonal_ca"": 12,   ""self_reported_band_group"": ""moderate"",   ""self_reported_band_interpersonal"": ""low"" }",,18,12,moderate,low
76d05dd5ad4b4e56b6bcf3332a5176a5e7d9447a037db50a9ae6cbeb2925abdb__v3_public_transit,76d05dd5ad4b4e56b6bcf3332a5176a5e7d9447a037db50a9ae6cbeb2925abdb,v3_public_transit,vllm,casperhansen/llama-3.3-70b-instruct-awq,"{   ""self_reported_group_ca"": 18,   ""self_reported_interpersonal_ca"": 12,   ""self_reported_band_group"": ""moderate"",   ""self_reported_band_interpersonal"": ""low"" }",,18,12,moderate,low
76d05dd5ad4b4e56b6bcf3332a5176a5e7d9447a037db50a9ae6cbeb2925abdb__v3_voice,76d05dd5ad4b4e56b6bcf3332a5176a5e7d9447a037db50a9ae6cbeb2925abdb,v3_voice,vllm,casperhansen/llama-3.3-70b-instruct-awq,"{   ""self_reported_group_ca"": 18,   ""self_reported_interpersonal_ca"": 12,   ""self_reported_band_group"": ""moderate"",   ""self_reported_band_interpersonal"": ""low"" }",,18,12,moderate,low
68e9369695b661f480a52f3a8817f34c706e69682e9555d10b612e51172ec07d__demos,68e9369695b661f480a52f3a8817f34c706e69682e9555d10b612e51172ec07d,demos,vllm,casperhansen/llama-3.3-70b-instruct-awq,"{   ""self_reported_group_ca"": 18,   ""self_reported_interpersonal_ca"": 12,   ""self_reported_band_group"": ""moderate"",   ""self_reported_band_interpersonal"": ""low"" }",,18,12,moderate,low
68e9369695b661f480a52f3a8817f34c706e69682e9555d10b612e51172ec07d__employment,68e9369695b661f480a52f3a8817f34c706e69682e9555d10b612e51172ec07d,employment,vllm,casperhansen/llama-3.3-70b-instruct-awq,"{   ""self_reported_group_ca"": 18,   ""self_reported_interpersonal_ca"": 12,   ""self_reported_band_group"": ""moderate"",   ""self_reported_band_interpersonal"": ""low"" }",,18,12,moderate,low
68e9369695b661f480a52f3a8817f34c706e69682e9555d10b612e51172ec07d__geo,68e9369695b661f480a52f3a8817f34c706e69682e9555d10b612e51172ec07d,geo,vllm,casperhansen/llama-3.3-70b-instruct-awq,"{   ""self_reported_group_ca"": 18,   ""self_reported_interpersonal_ca"": 12,   ""self_reported_band_group"": ""moderate"",   ""self_reported_band_interpersonal"": ""low"" }",,18,12,moderate,low
68e9369695b661f480a52f3a8817f34c706e69682e9555d10b612e51172ec07d__transit,68e9369695b661f480a52f3a8817f34c706e69682e9555d10b612e51172ec07d,transit,vllm,casperhansen/llama-3.3-70b-instruct-awq,"{   ""self_reported_group_ca"": 18,   ""self_reported_interpersonal_ca"": 12,   ""self_reported_band_group"": ""moderate"",   ""self_reported_band_interpersonal"": ""low"" }",,18,12,moderate,low
68e9369695b661f480a52f3a8817f34c706e69682e9555d10b612e51172ec07d__full,68e9369695b661f480a52f3a8817f34c706e69682e9555d10b612e51172ec07d,full,vllm,casperhansen/llama-3.3-70b-instruct-awq,"{   ""self_reported_group_ca"": 18,   ""self_reported_interpersonal_ca"": 12,   ""self_reported_band_group"": ""moderate"",   ""self_reported_band_interpersonal"": ""low"" }",,18,12,moderate,low
68e9369695b661f480a52f3a8817f34c706e69682e9555d10b612e51172ec07d__v3_rideshare,68e9369695b661f480a52f3a8817f34c706e69682e9555d10b612e51172ec07d,v3_rideshare,vllm,casperhansen/llama-3.3-70b-instruct-awq,"{   ""self_reported_group_ca"": 18,   ""self_reported_interpersonal_ca"": 12,   ""self_reported_band_group"": ""moderate"",   ""self_reported_band_interpersonal"": ""low"" }",,18,12,moderate,low
68e9369695b661f480a52f3a8817f34c706e69682e9555d10b612e51172ec07d__v3_public_transit,68e9369695b661f480a52f3a8817f34c706e69682e9555d10b612e51172ec07d,v3_public_transit,vllm,casperhansen/llama-3.3-70b-instruct-awq,"{   ""self_reported_group_ca"": 18,   ""self_reported_interpersonal_ca"": 12,   ""self_reported_band_group"": ""moderate"",   ""self_reported_band_interpersonal"": ""low"" }",,18,12,moderate,low
68e9369695b661f480a52f3a8817f34c706e69682e9555d10b612e51172ec07d__v3_voice,68e9369695b661f480a52f3a8817f34c706e69682e9555d10b612e51172ec07d,v3_voice,vllm,casperhansen/llama-3.3-70b-instruct-awq,"{   ""self_reported_group_ca"": 18,   ""self_reported_interpersonal_ca"": 12,   ""self_reported_band_group"": ""moderate"",   ""self_reported_band_interpersonal"": ""low"" }",,18,12,moderate,low
ab64b1b40d24ffc3cc3a480914c5dd18bb53ebf76bdc0659dfc874fd9483ea32__demos,ab64b1b40d24ffc3cc3a480914c5dd18bb53ebf76bdc0659dfc874fd9483ea32,demos,vllm,casperhansen/llama-3.3-70b-instruct-awq,"{   ""self_reported_group_ca"": 18,   ""self_reported_interpersonal_ca"": 12,   ""self_reported_band_group"": ""moderate"",   ""self_reported_band_interpersonal"": ""low"" }",,18,12,moderate,low
ab64b1b40d24ffc3cc3a480914c5dd18bb53ebf76bdc0659dfc874fd9483ea32__employment,ab64b1b40d24ffc3cc3a480914c5dd18bb53ebf76bdc0659dfc874fd9483ea32,employment,vllm,casperhansen/llama-3.3-70b-instruct-awq,"{   ""self_reported_group_ca"": 18,   ""self_reported_interpersonal_ca"": 12,   ""self_reported_band_group"": ""moderate"",   ""self_reported_band_interpersonal"": ""low"" }",,18,12,moderate,low
ab64b1b40d24ffc3cc3a480914c5dd18bb53ebf76bdc0659dfc874fd9483ea32__geo,ab64b1b40d24ffc3cc3a480914c5dd18bb53ebf76bdc0659dfc874fd9483ea32,geo,vllm,casperhansen/llama-3.3-70b-instruct-awq,"{   ""self_reported_group_ca"": 18,   ""self_reported_interpersonal_ca"": 12,   ""self_reported_band_group"": ""moderate"",   ""self_reported_band_interpersonal"": ""low"" }",,18,12,moderate,low
ab64b1b40d24ffc3cc3a480914c5dd18bb53ebf76bdc0659dfc874fd9483ea32__transit,ab64b1b40d24ffc3cc3a480914c5dd18bb53ebf76bdc0659dfc874fd9483ea32,transit,vllm,casperhansen/llama-3.3-70b-instruct-awq,"{   ""self_reported_group_ca"": 18,   ""self_reported_interpersonal_ca"": 12,   ""self_reported_band_group"": ""moderate"",   ""self_reported_band_interpersonal"": ""low"" }",,18,12,moderate,low
ab64b1b40d24ffc3cc3a480914c5dd18bb53ebf76bdc0659dfc874fd9483ea32__full,ab64b1b40d24ffc3cc3a480914c5dd18bb53ebf76bdc0659dfc874fd9483ea32,full,vllm,casperhansen/llama-3.3-70b-instruct-awq,"{   ""self_reported_group_ca"": 18,   ""self_reported_interpersonal_ca"": 12,   ""self_reported_band_group"": ""moderate"",   ""self_reported_band_interpersonal"": ""low"" }",,18,12,moderate,low
ab64b1b40d24ffc3cc3a480914c5dd18bb53ebf76bdc0659dfc874fd9483ea32__v3_rideshare,ab64b1b40d24ffc3cc3a480914c5dd18bb53ebf76bdc0659dfc874fd9483ea32,v3_rideshare,vllm,casperhansen/llama-3.3-70b-instruct-awq,"{   ""self_reported_group_ca"": 18,   ""self_reported_interpersonal_ca"": 12,   ""self_reported_band_group"": ""moderate"",   ""self_reported_band_interpersonal"": ""low"" }",,18,12,moderate,low
ab64b1b40d24ffc3cc3a480914c5dd18bb53ebf76bdc0659dfc874fd9483ea32__v3_public_transit,ab64b1b40d24ffc3cc3a480914c5dd18bb53ebf76bdc0659dfc874fd9483ea32,v3_public_transit,vllm,casperhansen/llama-3.3-70b-instruct-awq,"{   ""self_reported_group_ca"": 18,   ""self_reported_interpersonal_ca"": 12,   ""self_reported_band_group"": ""moderate"",   ""self_reported_band_interpersonal"": ""low"" }",,18,12,moderate,low
ab64b1b40d24ffc3cc3a480914c5dd18bb53ebf76bdc0659dfc874fd9483ea32__v3_voice,ab64b1b40d24ffc3cc3a480914c5dd18bb53ebf76bdc0659dfc874fd9483ea32,v3_voice,vllm,casperhansen/llama-3.3-70b-instruct-awq,"{   ""self_reported_group_ca"": 18,   ""self_reported_interpersonal_ca"": 12,   ""self_reported_band_group"": ""moderate"",   ""self_reported_band_interpersonal"": ""low"" }",,18,12,moderate,low
a166139f5ff14c33998e1d4a3e23b9c2a4ca2d1b388195b0621022286f8f9592__demos,a166139f5ff14c33998e1d4a3e23b9c2a4ca2d1b388195b0621022286f8f9592,demos,vllm,casperhansen/llama-3.3-70b-instruct-awq,"{   ""self_reported_group_ca"": 18,   ""self_reported_interpersonal_ca"": 12,   ""self_reported_band_group"": ""moderate"",   ""self_reported_band_interpersonal"": ""low"" }",,18,12,moderate,low
a166139f5ff14c33998e1d4a3e23b9c2a4ca2d1b388195b0621022286f8f9592__employment,a166139f5ff14c33998e1d4a3e23b9c2a4ca2d1b388195b0621022286f8f9592,employment,vllm,casperhansen/llama-3.3-70b-instruct-awq,"{   ""self_reported_group_ca"": 18,   ""self_reported_interpersonal_ca"": 12,   ""self_reported_band_group"": ""moderate"",   ""self_reported_band_interpersonal"": ""low"" }",,18,12,moderate,low
a166139f5ff14c33998e1d4a3e23b9c2a4ca2d1b388195b0621022286f8f9592__geo,a166139f5ff14c33998e1d4a3e23b9c2a4ca2d1b388195b0621022286f8f9592,geo,vllm,casperhansen/llama-3.3-70b-instruct-awq,"{   ""self_reported_group_ca"": 18,   ""self_reported_interpersonal_ca"": 12,   ""self_reported_band_group"": ""moderate"",   ""self_reported_band_interpersonal"": ""low"" }",,18,12,moderate,low
a166139f5ff14c33998e1d4a3e23b9c2a4ca2d1b388195b0621022286f8f9592__transit,a166139f5ff14c33998e1d4a3e23b9c2a4ca2d1b388195b0621022286f8f9592,transit,vllm,casperhansen/llama-3.3-70b-instruct-awq,"{   ""self_reported_group_ca"": 18,   ""self_reported_interpersonal_ca"": 12,   ""self_reported_band_group"": ""moderate"",   ""self_reported_band_interpersonal"": ""low"" }",,18,12,moderate,low
a166139f5ff14c33998e1d4a3e23b9c2a4ca2d1b388195b0621022286f8f9592__full,a166139f5ff14c33998e1d4a3e23b9c2a4ca2d1b388195b0621022286f8f9592,full,vllm,casperhansen/llama-3.3-70b-instruct-awq,"{   ""self_reported_group_ca"": 18,   ""self_reported_interpersonal_ca"": 12,   ""self_reported_band_group"": ""moderate"",   ""self_reported_band_interpersonal"": ""low"" }",,18,12,moderate,low
a166139f5ff14c33998e1d4a3e23b9c2a4ca2d1b388195b0621022286f8f9592__v3_rideshare,a166139f5ff14c33998e1d4a3e23b9c2a4ca2d1b388195b0621022286f8f9592,v3_rideshare,vllm,casperhansen/llama-3.3-70b-instruct-awq,"{   ""self_reported_group_ca"": 18,   ""self_reported_interpersonal_ca"": 12,   ""self_reported_band_group"": ""moderate"",   ""self_reported_band_interpersonal"": ""low"" }",,18,12,moderate,low
a166139f5ff14c33998e1d4a3e23b9c2a4ca2d1b388195b0621022286f8f9592__v3_public_transit,a166139f5ff14c33998e1d4a3e23b9c2a4ca2d1b388195b0621022286f8f9592,v3_public_transit,vllm,casperhansen/llama-3.3-70b-instruct-awq,"{   ""self_reported_group_ca"": 18,   ""self_reported_interpersonal_ca"": 12,   ""self_reported_band_group"": ""moderate"",   ""self_reported_band_interpersonal"": ""low"" }",,18,12,moderate,low
a166139f5ff14c33998e1d4a3e23b9c2a4ca2d1b388195b0621022286f8f9592__v3_voice,a166139f5ff14c33998e1d4a3e23b9c2a4ca2d1b388195b0621022286f8f9592,v3_voice,vllm,casperhansen/llama-3.3-70b-instruct-awq,"{   ""self_reported_group_ca"": 18,   ""self_reported_interpersonal_ca"": 12,   ""self_reported_band_group"": ""moderate"",   ""self_reported_band_interpersonal"": ""low"" }",,18,12,moderate,low
9c5b42df3203a81a70ea12998f2d28fee1d90d78f8eafd0013b83f48717c60e9__demos,9c5b42df3203a81a70ea12998f2d28fee1d90d78f8eafd0013b83f48717c60e9,demos,vllm,casperhansen/llama-3.3-70b-instruct-awq,"{   ""self_reported_group_ca"": 18,   ""self_reported_interpersonal_ca"": 12,   ""self_reported_band_group"": ""moderate"",   ""self_reported_band_interpersonal"": ""low"" }",,18,12,moderate,low
9c5b42df3203a81a70ea12998f2d28fee1d90d78f8eafd0013b83f48717c60e9__employment,9c5b42df3203a81a70ea12998f2d28fee1d90d78f8eafd0013b83f48717c60e9,employment,vllm,casperhansen/llama-3.3-70b-instruct-awq,"{   ""self_reported_group_ca"": 18,   ""self_reported_interpersonal_ca"": 12,   ""self_reported_band_group"": ""moderate"",   ""self_reported_band_interpersonal"": ""low"" }",,18,12,moderate,low
9c5b42df3203a81a70ea12998f2d28fee1d90d78f8eafd0013b83f48717c60e9__geo,9c5b42df3203a81a70ea12998f2d28fee1d90d78f8eafd0013b83f48717c60e9,geo,vllm,casperhansen/llama-3.3-70b-instruct-awq,"{   ""self_reported_group_ca"": 18,   ""self_reported_interpersonal_ca"": 12,   ""self_reported_band_group"": ""moderate"",   ""self_reported_band_interpersonal"": ""low"" }",,18,12,moderate,low
9c5b42df3203a81a70ea12998f2d28fee1d90d78f8eafd0013b83f48717c60e9__transit,9c5b42df3203a81a70ea12998f2d28fee1d90d78f8eafd0013b83f48717c60e9,transit,vllm,casperhansen/llama-3.3-70b-instruct-awq,"{   ""self_reported_group_ca"": 18,   ""self_reported_interpersonal_ca"": 12,   ""self_reported_band_group"": ""moderate"",   ""self_reported_band_interpersonal"": ""low"" }",,18,12,moderate,low
9c5b42df3203a81a70ea12998f2d28fee1d90d78f8eafd0013b83f48717c60e9__full,9c5b42df3203a81a70ea12998f2d28fee1d90d78f8eafd0013b83f48717c60e9,full,vllm,casperhansen/llama-3.3-70b-instruct-awq,"{   ""self_reported_group_ca"": 18,   ""self_reported_interpersonal_ca"": 12,   ""self_reported_band_group"": ""moderate"",   ""self_reported_band_interpersonal"": ""low"" }",,18,12,moderate,low
9c5b42df3203a81a70ea12998f2d28fee1d90d78f8eafd0013b83f48717c60e9__v3_rideshare,9c5b42df3203a81a70ea12998f2d28fee1d90d78f8eafd0013b83f48717c60e9,v3_rideshare,vllm,casperhansen/llama-3.3-70b-instruct-awq,"{   ""self_reported_group_ca"": 18,   ""self_reported_interpersonal_ca"": 12,   ""self_reported_band_group"": ""moderate"",   ""self_reported_band_interpersonal"": ""low"" }",,18,12,moderate,low
9c5b42df3203a81a70ea12998f2d28fee1d90d78f8eafd0013b83f48717c60e9__v3_public_transit,9c5b42df3203a81a70ea12998f2d28fee1d90d78f8eafd0013b83f48717c60e9,v3_public_transit,vllm,casperhansen/llama-3.3-70b-instruct-awq,"{   ""self_reported_group_ca"": 18,   ""self_reported_interpersonal_ca"": 12,   ""self_reported_band_group"": ""moderate"",   ""self_reported_band_interpersonal"": ""low"" }",,18,12,moderate,low
9c5b42df3203a81a70ea12998f2d28fee1d90d78f8eafd0013b83f48717c60e9__v3_voice,9c5b42df3203a81a70ea12998f2d28fee1d90d78f8eafd0013b83f48717c60e9,v3_voice,vllm,casperhansen/llama-3.3-70b-instruct-awq,"{   ""self_reported_group_ca"": 18,   ""self_reported_interpersonal_ca"": 12,   ""self_reported_band_group"": ""moderate"",   ""self_reported_band_interpersonal"": ""low"" }",,18,12,moderate,low
0c2d35c36faca185b01b0e0414f7b7c70ac67c86e6cc05853ddde494d5050954__demos,0c2d35c36faca185b01b0e0414f7b7c70ac67c86e6cc05853ddde494d5050954,demos,vllm,casperhansen/llama-3.3-70b-instruct-awq,"{   ""self_reported_group_ca"": 18,   ""self_reported_interpersonal_ca"": 12,   ""self_reported_band_group"": ""moderate"",   ""self_reported_band_interpersonal"": ""low"" }",,18,12,moderate,low
0c2d35c36faca185b01b0e0414f7b7c70ac67c86e6cc05853ddde494d5050954__employment,0c2d35c36faca185b01b0e0414f7b7c70ac67c86e6cc05853ddde494d5050954,employment,vllm,casperhansen/llama-3.3-70b-instruct-awq,"{   ""self_reported_group_ca"": 18,   ""self_reported_interpersonal_ca"": 12,   ""self_reported_band_group"": ""moderate"",   ""self_reported_band_interpersonal"": ""low"" }",,18,12,moderate,low
0c2d35c36faca185b01b0e0414f7b7c70ac67c86e6cc05853ddde494d5050954__geo,0c2d35c36faca185b01b0e0414f7b7c70ac67c86e6cc05853ddde494d5050954,geo,vllm,casperhansen/llama-3.3-70b-instruct-awq,"{   ""self_reported_group_ca"": 18,   ""self_reported_interpersonal_ca"": 12,   ""self_reported_band_group"": ""moderate"",   ""self_reported_band_interpersonal"": ""low"" }",,18,12,moderate,low
0c2d35c36faca185b01b0e0414f7b7c70ac67c86e6cc05853ddde494d5050954__transit,0c2d35c36faca185b01b0e0414f7b7c70ac67c86e6cc05853ddde494d5050954,transit,vllm,casperhansen/llama-3.3-70b-instruct-awq,"{   ""self_reported_group_ca"": 18,   ""self_reported_interpersonal_ca"": 12,   ""self_reported_band_group"": ""moderate"",   ""self_reported_band_interpersonal"": ""low"" }",,18,12,moderate,low
0c2d35c36faca185b01b0e0414f7b7c70ac67c86e6cc05853ddde494d5050954__full,0c2d35c36faca185b01b0e0414f7b7c70ac67c86e6cc05853ddde494d5050954,full,vllm,casperhansen/llama-3.3-70b-instruct-awq,"{   ""self_reported_group_ca"": 18,   ""self_reported_interpersonal_ca"": 12,   ""self_reported_band_group"": ""moderate"",   ""self_reported_band_interpersonal"": ""low"" }",,18,12,moderate,low
0c2d35c36faca185b01b0e0414f7b7c70ac67c86e6cc05853ddde494d5050954__v3_rideshare,0c2d35c36faca185b01b0e0414f7b7c70ac67c86e6cc05853ddde494d5050954,v3_rideshare,vllm,casperhansen/llama-3.3-70b-instruct-awq,"{   ""self_reported_group_ca"": 18,   ""self_reported_interpersonal_ca"": 12,   ""self_reported_band_group"": ""moderate"",   ""self_reported_band_interpersonal"": ""low"" }",,18,12,moderate,low
0c2d35c36faca185b01b0e0414f7b7c70ac67c86e6cc05853ddde494d5050954__v3_public_transit,0c2d35c36faca185b01b0e0414f7b7c70ac67c86e6cc05853ddde494d5050954,v3_public_transit,vllm,casperhansen/llama-3.3-70b-instruct-awq,"{   ""self_reported_group_ca"": 18,   ""self_reported_interpersonal_ca"": 12,   ""self_reported_band_group"": ""moderate"",   ""self_reported_band_interpersonal"": ""low"" }",,18,12,moderate,low
0c2d35c36faca185b01b0e0414f7b7c70ac67c86e6cc05853ddde494d5050954__v3_voice,0c2d35c36faca185b01b0e0414f7b7c70ac67c86e6cc05853ddde494d5050954,v3_voice,vllm,casperhansen/llama-3.3-70b-instruct-awq,"{   ""self_reported_group_ca"": 18,   ""self_reported_interpersonal_ca"": 12,   ""self_reported_band_group"": ""moderate"",   ""self_reported_band_interpersonal"": ""low"" }",,18,12,moderate,low
8312fd61bd323a93df5b3fe6d112f157b7f2a8a5ebaa37269f811eb4f3a73a75__demos,8312fd61bd323a93df5b3fe6d112f157b7f2a8a5ebaa37269f811eb4f3a73a75,demos,vllm,casperhansen/llama-3.3-70b-instruct-awq,"{   ""self_reported_group_ca"": 18,   ""self_reported_interpersonal_ca"": 12,   ""self_reported_band_group"": ""moderate"",   ""self_reported_band_interpersonal"": ""low"" }",,18,12,moderate,low
8312fd61bd323a93df5b3fe6d112f157b7f2a8a5ebaa37269f811eb4f3a73a75__employment,8312fd61bd323a93df5b3fe6d112f157b7f2a8a5ebaa37269f811eb4f3a73a75,employment,vllm,casperhansen/llama-3.3-70b-instruct-awq,"{   ""self_reported_group_ca"": 18,   ""self_reported_interpersonal_ca"": 12,   ""self_reported_band_group"": ""moderate"",   ""self_reported_band_interpersonal"": ""low"" }",,18,12,moderate,low
8312fd61bd323a93df5b3fe6d112f157b7f2a8a5ebaa37269f811eb4f3a73a75__geo,8312fd61bd323a93df5b3fe6d112f157b7f2a8a5ebaa37269f811eb4f3a73a75,geo,vllm,casperhansen/llama-3.3-70b-instruct-awq,"{   ""self_reported_group_ca"": 18,   ""self_reported_interpersonal_ca"": 12,   ""self_reported_band_group"": ""moderate"",   ""self_reported_band_interpersonal"": ""low"" }",,18,12,moderate,low
8312fd61bd323a93df5b3fe6d112f157b7f2a8a5ebaa37269f811eb4f3a73a75__transit,8312fd61bd323a93df5b3fe6d112f157b7f2a8a5ebaa37269f811eb4f3a73a75,transit,vllm,casperhansen/llama-3.3-70b-instruct-awq,"{   ""self_reported_group_ca"": 18,   ""self_reported_interpersonal_ca"": 12,   ""self_reported_band_group"": ""moderate"",   ""self_reported_band_interpersonal"": ""low"" }",,18,12,moderate,low
8312fd61bd323a93df5b3fe6d112f157b7f2a8a5ebaa37269f811eb4f3a73a75__full,8312fd61bd323a93df5b3fe6d112f157b7f2a8a5ebaa37269f811eb4f3a73a75,full,vllm,casperhansen/llama-3.3-70b-instruct-awq,"{   ""self_reported_group_ca"": 18,   ""self_reported_interpersonal_ca"": 12,   ""self_reported_band_group"": ""moderate"",   ""self_reported_band_interpersonal"": ""low"" }",,18,12,moderate,low
8312fd61bd323a93df5b3fe6d112f157b7f2a8a5ebaa37269f811eb4f3a73a75__v3_rideshare,8312fd61bd323a93df5b3fe6d112f157b7f2a8a5ebaa37269f811eb4f3a73a75,v3_rideshare,vllm,casperhansen/llama-3.3-70b-instruct-awq,"{   ""self_reported_group_ca"": 18,   ""self_reported_interpersonal_ca"": 12,   ""self_reported_band_group"": ""moderate"",   ""self_reported_band_interpersonal"": ""low"" }",,18,12,moderate,low
8312fd61bd323a93df5b3fe6d112f157b7f2a8a5ebaa37269f811eb4f3a73a75__v3_public_transit,8312fd61bd323a93df5b3fe6d112f157b7f2a8a5ebaa37269f811eb4f3a73a75,v3_public_transit,vllm,casperhansen/llama-3.3-70b-instruct-awq,"{   ""self_reported_group_ca"": 18,   ""self_reported_interpersonal_ca"": 12,   ""self_reported_band_group"": ""moderate"",   ""self_reported_band_interpersonal"": ""low"" }",,18,12,moderate,low
8312fd61bd323a93df5b3fe6d112f157b7f2a8a5ebaa37269f811eb4f3a73a75__v3_voice,8312fd61bd323a93df5b3fe6d112f157b7f2a8a5ebaa37269f811eb4f3a73a75,v3_voice,vllm,casperhansen/llama-3.3-70b-instruct-awq,"{   ""self_reported_group_ca"": 18,   ""self_reported_interpersonal_ca"": 12,   ""self_reported_band_group"": ""moderate"",   ""self_reported_band_interpersonal"": ""low"" }",,18,12,moderate,low
fed6f5638289a28859c9481746f14a0b397c7a7ec7233e1d48a7aecb3533a38f__demos,fed6f5638289a28859c9481746f14a0b397c7a7ec7233e1d48a7aecb3533a38f,demos,vllm,casperhansen/llama-3.3-70b-instruct-awq,"{   ""self_reported_group_ca"": 18,   ""self_reported_interpersonal_ca"": 12,   ""self_reported_band_group"": ""moderate"",   ""self_reported_band_interpersonal"": ""low"" }",,18,12,moderate,low
fed6f5638289a28859c9481746f14a0b397c7a7ec7233e1d48a7aecb3533a38f__employment,fed6f5638289a28859c9481746f14a0b397c7a7ec7233e1d48a7aecb3533a38f,employment,vllm,casperhansen/llama-3.3-70b-instruct-awq,"{   ""self_reported_group_ca"": 18,   ""self_reported_interpersonal_ca"": 12,   ""self_reported_band_group"": ""moderate"",   ""self_reported_band_interpersonal"": ""low"" }",,18,12,moderate,low
fed6f5638289a28859c9481746f14a0b397c7a7ec7233e1d48a7aecb3533a38f__geo,fed6f5638289a28859c9481746f14a0b397c7a7ec7233e1d48a7aecb3533a38f,geo,vllm,casperhansen/llama-3.3-70b-instruct-awq,"{   ""self_reported_group_ca"": 18,   ""self_reported_interpersonal_ca"": 12,   ""self_reported_band_group"": ""moderate"",   ""self_reported_band_interpersonal"": ""low"" }",,18,12,moderate,low
fed6f5638289a28859c9481746f14a0b397c7a7ec7233e1d48a7aecb3533a38f__transit,fed6f5638289a28859c9481746f14a0b397c7a7ec7233e1d48a7aecb3533a38f,transit,vllm,casperhansen/llama-3.3-70b-instruct-awq,"{   ""self_reported_group_ca"": 18,   ""self_reported_interpersonal_ca"": 12,   ""self_reported_band_group"": ""moderate"",   ""self_reported_band_interpersonal"": ""low"" }",,18,12,moderate,low
fed6f5638289a28859c9481746f14a0b397c7a7ec7233e1d48a7aecb3533a38f__full,fed6f5638289a28859c9481746f14a0b397c7a7ec7233e1d48a7aecb3533a38f,full,vllm,casperhansen/llama-3.3-70b-instruct-awq,"{   ""self_reported_group_ca"": 18,   ""self_reported_interpersonal_ca"": 12,   ""self_reported_band_group"": ""moderate"",   ""self_reported_band_interpersonal"": ""low"" }",,18,12,moderate,low
fed6f5638289a28859c9481746f14a0b397c7a7ec7233e1d48a7aecb3533a38f__v3_rideshare,fed6f5638289a28859c9481746f14a0b397c7a7ec7233e1d48a7aecb3533a38f,v3_rideshare,vllm,casperhansen/llama-3.3-70b-instruct-awq,"{   ""self_reported_group_ca"": 18,   ""self_reported_interpersonal_ca"": 12,   ""self_reported_band_group"": ""moderate"",   ""self_reported_band_interpersonal"": ""low"" }",,18,12,moderate,low
fed6f5638289a28859c9481746f14a0b397c7a7ec7233e1d48a7aecb3533a38f__v3_public_transit,fed6f5638289a28859c9481746f14a0b397c7a7ec7233e1d48a7aecb3533a38f,v3_public_transit,vllm,casperhansen/llama-3.3-70b-instruct-awq,"{   ""self_reported_group_ca"": 18,   ""self_reported_interpersonal_ca"": 12,   ""self_reported_band_group"": ""moderate"",   ""self_reported_band_interpersonal"": ""low"" }",,18,12,moderate,low
fed6f5638289a28859c9481746f14a0b397c7a7ec7233e1d48a7aecb3533a38f__v3_voice,fed6f5638289a28859c9481746f14a0b397c7a7ec7233e1d48a7aecb3533a38f,v3_voice,vllm,casperhansen/llama-3.3-70b-instruct-awq,"{   ""self_reported_group_ca"": 18,   ""self_reported_interpersonal_ca"": 12,   ""self_reported_band_group"": ""moderate"",   ""self_reported_band_interpersonal"": ""low"" }",,18,12,moderate,low
ca7c0b1f54ed53340b4a2e3adc2e5cb5284bd9541ec49cfd4ed9c42418fdc077__demos,ca7c0b1f54ed53340b4a2e3adc2e5cb5284bd9541ec49cfd4ed9c42418fdc077,demos,vllm,casperhansen/llama-3.3-70b-instruct-awq,"{   ""self_reported_group_ca"": 18,   ""self_reported_interpersonal_ca"": 12,   ""self_reported_band_group"": ""moderate"",   ""self_reported_band_interpersonal"": ""low"" }",,18,12,moderate,low
ca7c0b1f54ed53340b4a2e3adc2e5cb5284bd9541ec49cfd4ed9c42418fdc077__employment,ca7c0b1f54ed53340b4a2e3adc2e5cb5284bd9541ec49cfd4ed9c42418fdc077,employment,vllm,casperhansen/llama-3.3-70b-instruct-awq,"{   ""self_reported_group_ca"": 18,   ""self_reported_interpersonal_ca"": 12,   ""self_reported_band_group"": ""moderate"",   ""self_reported_band_interpersonal"": ""low"" }",,18,12,moderate,low
ca7c0b1f54ed53340b4a2e3adc2e5cb5284bd9541ec49cfd4ed9c42418fdc077__geo,ca7c0b1f54ed53340b4a2e3adc2e5cb5284bd9541ec49cfd4ed9c42418fdc077,geo,vllm,casperhansen/llama-3.3-70b-instruct-awq,"{   ""self_reported_group_ca"": 18,   ""self_reported_interpersonal_ca"": 12,   ""self_reported_band_group"": ""moderate"",   ""self_reported_band_interpersonal"": ""low"" }",,18,12,moderate,low
ca7c0b1f54ed53340b4a2e3adc2e5cb5284bd9541ec49cfd4ed9c42418fdc077__transit,ca7c0b1f54ed53340b4a2e3adc2e5cb5284bd9541ec49cfd4ed9c42418fdc077,transit,vllm,casperhansen/llama-3.3-70b-instruct-awq,"{   ""self_reported_group_ca"": 18,   ""self_reported_interpersonal_ca"": 12,   ""self_reported_band_group"": ""moderate"",   ""self_reported_band_interpersonal"": ""low"" }",,18,12,moderate,low
ca7c0b1f54ed53340b4a2e3adc2e5cb5284bd9541ec49cfd4ed9c42418fdc077__full,ca7c0b1f54ed53340b4a2e3adc2e5cb5284bd9541ec49cfd4ed9c42418fdc077,full,vllm,casperhansen/llama-3.3-70b-instruct-awq,"{   ""self_reported_group_ca"": 18,   ""self_reported_interpersonal_ca"": 12,   ""self_reported_band_group"": ""moderate"",   ""self_reported_band_interpersonal"": ""low"" }",,18,12,moderate,low
ca7c0b1f54ed53340b4a2e3adc2e5cb5284bd9541ec49cfd4ed9c42418fdc077__v3_rideshare,ca7c0b1f54ed53340b4a2e3adc2e5cb5284bd9541ec49cfd4ed9c42418fdc077,v3_rideshare,vllm,casperhansen/llama-3.3-70b-instruct-awq,"{   ""self_reported_group_ca"": 18,   ""self_reported_interpersonal_ca"": 12,   ""self_reported_band_group"": ""moderate"",   ""self_reported_band_interpersonal"": ""low"" }",,18,12,moderate,low
ca7c0b1f54ed53340b4a2e3adc2e5cb5284bd9541ec49cfd4ed9c42418fdc077__v3_public_transit,ca7c0b1f54ed53340b4a2e3adc2e5cb5284bd9541ec49cfd4ed9c42418fdc077,v3_public_transit,vllm,casperhansen/llama-3.3-70b-instruct-awq,"{   ""self_reported_group_ca"": 18,   ""self_reported_interpersonal_ca"": 12,   ""self_reported_band_group"": ""moderate"",   ""self_reported_band_interpersonal"": ""low"" }",,18,12,moderate,low
ca7c0b1f54ed53340b4a2e3adc2e5cb5284bd9541ec49cfd4ed9c42418fdc077__v3_voice,ca7c0b1f54ed53340b4a2e3adc2e5cb5284bd9541ec49cfd4ed9c42418fdc077,v3_voice,vllm,casperhansen/llama-3.3-70b-instruct-awq,"{   ""self_reported_group_ca"": 18,   ""self_reported_interpersonal_ca"": 12,   ""self_reported_band_group"": ""moderate"",   ""self_reported_band_interpersonal"": ""low"" }",,18,12,moderate,low
f4d8d11bda5a57d0186b810457f3f45a8cd9dbb3cb71f927f4f154f0d5632d1a__demos,f4d8d11bda5a57d0186b810457f3f45a8cd9dbb3cb71f927f4f154f0d5632d1a,demos,vllm,casperhansen/llama-3.3-70b-instruct-awq,"{   ""self_reported_group_ca"": 18,   ""self_reported_interpersonal_ca"": 12,   ""self_reported_band_group"": ""moderate"",   ""self_reported_band_interpersonal"": ""low"" }",,18,12,moderate,low
f4d8d11bda5a57d0186b810457f3f45a8cd9dbb3cb71f927f4f154f0d5632d1a__employment,f4d8d11bda5a57d0186b810457f3f45a8cd9dbb3cb71f927f4f154f0d5632d1a,employment,vllm,casperhansen/llama-3.3-70b-instruct-awq,"{   ""self_reported_group_ca"": 18,   ""self_reported_interpersonal_ca"": 12,   ""self_reported_band_group"": ""moderate"",   ""self_reported_band_interpersonal"": ""low"" }",,18,12,moderate,low
f4d8d11bda5a57d0186b810457f3f45a8cd9dbb3cb71f927f4f154f0d5632d1a__geo,f4d8d11bda5a57d0186b810457f3f45a8cd9dbb3cb71f927f4f154f0d5632d1a,geo,vllm,casperhansen/llama-3.3-70b-instruct-awq,"{   ""self_reported_group_ca"": 18,   ""self_reported_interpersonal_ca"": 12,   ""self_reported_band_group"": ""moderate"",   ""self_reported_band_interpersonal"": ""low"" }",,18,12,moderate,low
f4d8d11bda5a57d0186b810457f3f45a8cd9dbb3cb71f927f4f154f0d5632d1a__transit,f4d8d11bda5a57d0186b810457f3f45a8cd9dbb3cb71f927f4f154f0d5632d1a,transit,vllm,casperhansen/llama-3.3-70b-instruct-awq,"{   ""self_reported_group_ca"": 18,   ""self_reported_interpersonal_ca"": 12,   ""self_reported_band_group"": ""moderate"",   ""self_reported_band_interpersonal"": ""low"" }",,18,12,moderate,low
f4d8d11bda5a57d0186b810457f3f45a8cd9dbb3cb71f927f4f154f0d5632d1a__full,f4d8d11bda5a57d0186b810457f3f45a8cd9dbb3cb71f927f4f154f0d5632d1a,full,vllm,casperhansen/llama-3.3-70b-instruct-awq,"{   ""self_reported_group_ca"": 18,   ""self_reported_interpersonal_ca"": 12,   ""self_reported_band_group"": ""moderate"",   ""self_reported_band_interpersonal"": ""low"" }",,18,12,moderate,low
f4d8d11bda5a57d0186b810457f3f45a8cd9dbb3cb71f927f4f154f0d5632d1a__v3_rideshare,f4d8d11bda5a57d0186b810457f3f45a8cd9dbb3cb71f927f4f154f0d5632d1a,v3_rideshare,vllm,casperhansen/llama-3.3-70b-instruct-awq,"{   ""self_reported_group_ca"": 18,   ""self_reported_interpersonal_ca"": 12,   ""self_reported_band_group"": ""moderate"",   ""self_reported_band_interpersonal"": ""low"" }",,18,12,moderate,low
f4d8d11bda5a57d0186b810457f3f45a8cd9dbb3cb71f927f4f154f0d5632d1a__v3_public_transit,f4d8d11bda5a57d0186b810457f3f45a8cd9dbb3cb71f927f4f154f0d5632d1a,v3_public_transit,vllm,casperhansen/llama-3.3-70b-instruct-awq,"{   ""self_reported_group_ca"": 18,   ""self_reported_interpersonal_ca"": 12,   ""self_reported_band_group"": ""moderate"",   ""self_reported_band_interpersonal"": ""low"" }",,18,12,moderate,low
f4d8d11bda5a57d0186b810457f3f45a8cd9dbb3cb71f927f4f154f0d5632d1a__v3_voice,f4d8d11bda5a57d0186b810457f3f45a8cd9dbb3cb71f927f4f154f0d5632d1a,v3_voice,vllm,casperhansen/llama-3.3-70b-instruct-awq,"{   ""self_reported_group_ca"": 18,   ""self_reported_interpersonal_ca"": 12,   ""self_reported_band_group"": ""moderate"",   ""self_reported_band_interpersonal"": ""low"" }",,18,12,moderate,low
137ea28d8a52bd0c74770beb8bbc58d714e271ac863185ae0fb5848cbdd8d4b7__demos,137ea28d8a52bd0c74770beb8bbc58d714e271ac863185ae0fb5848cbdd8d4b7,demos,vllm,casperhansen/llama-3.3-70b-instruct-awq,"{   ""self_reported_group_ca"": 18,   ""self_reported_interpersonal_ca"": 12,   ""self_reported_band_group"": ""moderate"",   ""self_reported_band_interpersonal"": ""low"" }",,18,12,moderate,low
137ea28d8a52bd0c74770beb8bbc58d714e271ac863185ae0fb5848cbdd8d4b7__employment,137ea28d8a52bd0c74770beb8bbc58d714e271ac863185ae0fb5848cbdd8d4b7,employment,vllm,casperhansen/llama-3.3-70b-instruct-awq,"{   ""self_reported_group_ca"": 18,   ""self_reported_interpersonal_ca"": 12,   ""self_reported_band_group"": ""moderate"",   ""self_reported_band_interpersonal"": ""low"" }",,18,12,moderate,low
137ea28d8a52bd0c74770beb8bbc58d714e271ac863185ae0fb5848cbdd8d4b7__geo,137ea28d8a52bd0c74770beb8bbc58d714e271ac863185ae0fb5848cbdd8d4b7,geo,vllm,casperhansen/llama-3.3-70b-instruct-awq,"{   ""self_reported_group_ca"": 18,   ""self_reported_interpersonal_ca"": 12,   ""self_reported_band_group"": ""moderate"",   ""self_reported_band_interpersonal"": ""low"" }",,18,12,moderate,low
137ea28d8a52bd0c74770beb8bbc58d714e271ac863185ae0fb5848cbdd8d4b7__transit,137ea28d8a52bd0c74770beb8bbc58d714e271ac863185ae0fb5848cbdd8d4b7,transit,vllm,casperhansen/llama-3.3-70b-instruct-awq,"{   ""self_reported_group_ca"": 18,   ""self_reported_interpersonal_ca"": 12,   ""self_reported_band_group"": ""moderate"",   ""self_reported_band_interpersonal"": ""low"" }",,18,12,moderate,low
137ea28d8a52bd0c74770beb8bbc58d714e271ac863185ae0fb5848cbdd8d4b7__full,137ea28d8a52bd0c74770beb8bbc58d714e271ac863185ae0fb5848cbdd8d4b7,full,vllm,casperhansen/llama-3.3-70b-instruct-awq,"{   ""self_reported_group_ca"": 18,   ""self_reported_interpersonal_ca"": 12,   ""self_reported_band_group"": ""moderate"",   ""self_reported_band_interpersonal"": ""low"" }",,18,12,moderate,low
137ea28d8a52bd0c74770beb8bbc58d714e271ac863185ae0fb5848cbdd8d4b7__v3_rideshare,137ea28d8a52bd0c74770beb8bbc58d714e271ac863185ae0fb5848cbdd8d4b7,v3_rideshare,vllm,casperhansen/llama-3.3-70b-instruct-awq,"{   ""self_reported_group_ca"": 18,   ""self_reported_interpersonal_ca"": 12,   ""self_reported_band_group"": ""moderate"",   ""self_reported_band_interpersonal"": ""low"" }",,18,12,moderate,low
137ea28d8a52bd0c74770beb8bbc58d714e271ac863185ae0fb5848cbdd8d4b7__v3_public_transit,137ea28d8a52bd0c74770beb8bbc58d714e271ac863185ae0fb5848cbdd8d4b7,v3_public_transit,vllm,casperhansen/llama-3.3-70b-instruct-awq,"{   ""self_reported_group_ca"": 18,   ""self_reported_interpersonal_ca"": 12,   ""self_reported_band_group"": ""moderate"",   ""self_reported_band_interpersonal"": ""low"" }",,18,12,moderate,low
137ea28d8a52bd0c74770beb8bbc58d714e271ac863185ae0fb5848cbdd8d4b7__v3_voice,137ea28d8a52bd0c74770beb8bbc58d714e271ac863185ae0fb5848cbdd8d4b7,v3_voice,vllm,casperhansen/llama-3.3-70b-instruct-awq,"{   ""self_reported_group_ca"": 18,   ""self_reported_interpersonal_ca"": 12,   ""self_reported_band_group"": ""moderate"",   ""self_reported_band_interpersonal"": ""low"" }",,18,12,moderate,low
d2af37fe6b096a9432f93581a6efd91214c2a8c619c9ec97e02e964e966643c3__demos,d2af37fe6b096a9432f93581a6efd91214c2a8c619c9ec97e02e964e966643c3,demos,vllm,casperhansen/llama-3.3-70b-instruct-awq,"{   ""self_reported_group_ca"": 18,   ""self_reported_interpersonal_ca"": 12,   ""self_reported_band_group"": ""moderate"",   ""self_reported_band_interpersonal"": ""low"" }",,18,12,moderate,low
d2af37fe6b096a9432f93581a6efd91214c2a8c619c9ec97e02e964e966643c3__employment,d2af37fe6b096a9432f93581a6efd91214c2a8c619c9ec97e02e964e966643c3,employment,vllm,casperhansen/llama-3.3-70b-instruct-awq,"{   ""self_reported_group_ca"": 18,   ""self_reported_interpersonal_ca"": 12,   ""self_reported_band_group"": ""moderate"",   ""self_reported_band_interpersonal"": ""low"" }",,18,12,moderate,low
d2af37fe6b096a9432f93581a6efd91214c2a8c619c9ec97e02e964e966643c3__geo,d2af37fe6b096a9432f93581a6efd91214c2a8c619c9ec97e02e964e966643c3,geo,vllm,casperhansen/llama-3.3-70b-instruct-awq,"{   ""self_reported_group_ca"": 18,   ""self_reported_interpersonal_ca"": 12,   ""self_reported_band_group"": ""moderate"",   ""self_reported_band_interpersonal"": ""low"" }",,18,12,moderate,low
d2af37fe6b096a9432f93581a6efd91214c2a8c619c9ec97e02e964e966643c3__transit,d2af37fe6b096a9432f93581a6efd91214c2a8c619c9ec97e02e964e966643c3,transit,vllm,casperhansen/llama-3.3-70b-instruct-awq,"{   ""self_reported_group_ca"": 18,   ""self_reported_interpersonal_ca"": 12,   ""self_reported_band_group"": ""moderate"",   ""self_reported_band_interpersonal"": ""low"" }",,18,12,moderate,low
d2af37fe6b096a9432f93581a6efd91214c2a8c619c9ec97e02e964e966643c3__full,d2af37fe6b096a9432f93581a6efd91214c2a8c619c9ec97e02e964e966643c3,full,vllm,casperhansen/llama-3.3-70b-instruct-awq,"{   ""self_reported_group_ca"": 18,   ""self_reported_interpersonal_ca"": 12,   ""self_reported_band_group"": ""moderate"",   ""self_reported_band_interpersonal"": ""low"" }",,18,12,moderate,low
d2af37fe6b096a9432f93581a6efd91214c2a8c619c9ec97e02e964e966643c3__v3_rideshare,d2af37fe6b096a9432f93581a6efd91214c2a8c619c9ec97e02e964e966643c3,v3_rideshare,vllm,casperhansen/llama-3.3-70b-instruct-awq,"{   ""self_reported_group_ca"": 18,   ""self_reported_interpersonal_ca"": 12,   ""self_reported_band_group"": ""moderate"",   ""self_reported_band_interpersonal"": ""low"" }",,18,12,moderate,low
d2af37fe6b096a9432f93581a6efd91214c2a8c619c9ec97e02e964e966643c3__v3_public_transit,d2af37fe6b096a9432f93581a6efd91214c2a8c619c9ec97e02e964e966643c3,v3_public_transit,vllm,casperhansen/llama-3.3-70b-instruct-awq,"{   ""self_reported_group_ca"": 18,   ""self_reported_interpersonal_ca"": 12,   ""self_reported_band_group"": ""moderate"",   ""self_reported_band_interpersonal"": ""low"" }",,18,12,moderate,low
d2af37fe6b096a9432f93581a6efd91214c2a8c619c9ec97e02e964e966643c3__v3_voice,d2af37fe6b096a9432f93581a6efd91214c2a8c619c9ec97e02e964e966643c3,v3_voice,vllm,casperhansen/llama-3.3-70b-instruct-awq,"{   ""self_reported_group_ca"": 18,   ""self_reported_interpersonal_ca"": 12,   ""self_reported_band_group"": ""moderate"",   ""self_reported_band_interpersonal"": ""low"" }",,18,12,moderate,low
be2320c1076e2b66cb5cad7a6f8b704b80d4a32b864889e7791a0b35dda0dde0__demos,be2320c1076e2b66cb5cad7a6f8b704b80d4a32b864889e7791a0b35dda0dde0,demos,vllm,casperhansen/llama-3.3-70b-instruct-awq,"{   ""self_reported_group_ca"": 18,   ""self_reported_interpersonal_ca"": 12,   ""self_reported_band_group"": ""moderate"",   ""self_reported_band_interpersonal"": ""low"" }",,18,12,moderate,low
be2320c1076e2b66cb5cad7a6f8b704b80d4a32b864889e7791a0b35dda0dde0__employment,be2320c1076e2b66cb5cad7a6f8b704b80d4a32b864889e7791a0b35dda0dde0,employment,vllm,casperhansen/llama-3.3-70b-instruct-awq,"{   ""self_reported_group_ca"": 18,   ""self_reported_interpersonal_ca"": 12,   ""self_reported_band_group"": ""moderate"",   ""self_reported_band_interpersonal"": ""low"" }",,18,12,moderate,low
be2320c1076e2b66cb5cad7a6f8b704b80d4a32b864889e7791a0b35dda0dde0__geo,be2320c1076e2b66cb5cad7a6f8b704b80d4a32b864889e7791a0b35dda0dde0,geo,vllm,casperhansen/llama-3.3-70b-instruct-awq,"{   ""self_reported_group_ca"": 18,   ""self_reported_interpersonal_ca"": 12,   ""self_reported_band_group"": ""moderate"",   ""self_reported_band_interpersonal"": ""low"" }",,18,12,moderate,low
be2320c1076e2b66cb5cad7a6f8b704b80d4a32b864889e7791a0b35dda0dde0__transit,be2320c1076e2b66cb5cad7a6f8b704b80d4a32b864889e7791a0b35dda0dde0,transit,vllm,casperhansen/llama-3.3-70b-instruct-awq,"{   ""self_reported_group_ca"": 18,   ""self_reported_interpersonal_ca"": 12,   ""self_reported_band_group"": ""moderate"",   ""self_reported_band_interpersonal"": ""low"" }",,18,12,moderate,low
be2320c1076e2b66cb5cad7a6f8b704b80d4a32b864889e7791a0b35dda0dde0__full,be2320c1076e2b66cb5cad7a6f8b704b80d4a32b864889e7791a0b35dda0dde0,full,vllm,casperhansen/llama-3.3-70b-instruct-awq,"{   ""self_reported_group_ca"": 18,   ""self_reported_interpersonal_ca"": 12,   ""self_reported_band_group"": ""moderate"",   ""self_reported_band_interpersonal"": ""low"" }",,18,12,moderate,low
be2320c1076e2b66cb5cad7a6f8b704b80d4a32b864889e7791a0b35dda0dde0__v3_rideshare,be2320c1076e2b66cb5cad7a6f8b704b80d4a32b864889e7791a0b35dda0dde0,v3_rideshare,vllm,casperhansen/llama-3.3-70b-instruct-awq,"{   ""self_reported_group_ca"": 18,   ""self_reported_interpersonal_ca"": 12,   ""self_reported_band_group"": ""moderate"",   ""self_reported_band_interpersonal"": ""low"" }",,18,12,moderate,low
be2320c1076e2b66cb5cad7a6f8b704b80d4a32b864889e7791a0b35dda0dde0__v3_public_transit,be2320c1076e2b66cb5cad7a6f8b704b80d4a32b864889e7791a0b35dda0dde0,v3_public_transit,vllm,casperhansen/llama-3.3-70b-instruct-awq,"{   ""self_reported_group_ca"": 18,   ""self_reported_interpersonal_ca"": 12,   ""self_reported_band_group"": ""moderate"",   ""self_reported_band_interpersonal"": ""low"" }",,18,12,moderate,low
be2320c1076e2b66cb5cad7a6f8b704b80d4a32b864889e7791a0b35dda0dde0__v3_voice,be2320c1076e2b66cb5cad7a6f8b704b80d4a32b864889e7791a0b35dda0dde0,v3_voice,vllm,casperhansen/llama-3.3-70b-instruct-awq,"{   ""self_reported_group_ca"": 18,   ""self_reported_interpersonal_ca"": 12,   ""self_reported_band_group"": ""moderate"",   ""self_reported_band_interpersonal"": ""low"" }",,18,12,moderate,low
433b85694c3c4bfb19942e0aadb6062c270ac97349ed36194679af66e02d188a__demos,433b85694c3c4bfb19942e0aadb6062c270ac97349ed36194679af66e02d188a,demos,vllm,casperhansen/llama-3.3-70b-instruct-awq,"{   ""self_reported_group_ca"": 18,   ""self_reported_interpersonal_ca"": 12,   ""self_reported_band_group"": ""moderate"",   ""self_reported_band_interpersonal"": ""low"" }",,18,12,moderate,low
433b85694c3c4bfb19942e0aadb6062c270ac97349ed36194679af66e02d188a__employment,433b85694c3c4bfb19942e0aadb6062c270ac97349ed36194679af66e02d188a,employment,vllm,casperhansen/llama-3.3-70b-instruct-awq,"{   ""self_reported_group_ca"": 18,   ""self_reported_interpersonal_ca"": 12,   ""self_reported_band_group"": ""moderate"",   ""self_reported_band_interpersonal"": ""low"" }",,18,12,moderate,low
433b85694c3c4bfb19942e0aadb6062c270ac97349ed36194679af66e02d188a__geo,433b85694c3c4bfb19942e0aadb6062c270ac97349ed36194679af66e02d188a,geo,vllm,casperhansen/llama-3.3-70b-instruct-awq,"{   ""self_reported_group_ca"": 18,   ""self_reported_interpersonal_ca"": 12,   ""self_reported_band_group"": ""moderate"",   ""self_reported_band_interpersonal"": ""low"" }",,18,12,moderate,low
433b85694c3c4bfb19942e0aadb6062c270ac97349ed36194679af66e02d188a__transit,433b85694c3c4bfb19942e0aadb6062c270ac97349ed36194679af66e02d188a,transit,vllm,casperhansen/llama-3.3-70b-instruct-awq,"{   ""self_reported_group_ca"": 18,   ""self_reported_interpersonal_ca"": 12,   ""self_reported_band_group"": ""moderate"",   ""self_reported_band_interpersonal"": ""low"" }",,18,12,moderate,low
433b85694c3c4bfb19942e0aadb6062c270ac97349ed36194679af66e02d188a__full,433b85694c3c4bfb19942e0aadb6062c270ac97349ed36194679af66e02d188a,full,vllm,casperhansen/llama-3.3-70b-instruct-awq,"{   ""self_reported_group_ca"": 18,   ""self_reported_interpersonal_ca"": 12,   ""self_reported_band_group"": ""moderate"",   ""self_reported_band_interpersonal"": ""low"" }",,18,12,moderate,low
433b85694c3c4bfb19942e0aadb6062c270ac97349ed36194679af66e02d188a__v3_rideshare,433b85694c3c4bfb19942e0aadb6062c270ac97349ed36194679af66e02d188a,v3_rideshare,vllm,casperhansen/llama-3.3-70b-instruct-awq,"{   ""self_reported_group_ca"": 18,   ""self_reported_interpersonal_ca"": 12,   ""self_reported_band_group"": ""moderate"",   ""self_reported_band_interpersonal"": ""low"" }",,18,12,moderate,low
433b85694c3c4bfb19942e0aadb6062c270ac97349ed36194679af66e02d188a__v3_public_transit,433b85694c3c4bfb19942e0aadb6062c270ac97349ed36194679af66e02d188a,v3_public_transit,vllm,casperhansen/llama-3.3-70b-instruct-awq,"{   ""self_reported_group_ca"": 18,   ""self_reported_interpersonal_ca"": 12,   ""self_reported_band_group"": ""moderate"",   ""self_reported_band_interpersonal"": ""low"" }",,18,12,moderate,low
433b85694c3c4bfb19942e0aadb6062c270ac97349ed36194679af66e02d188a__v3_voice,433b85694c3c4bfb19942e0aadb6062c270ac97349ed36194679af66e02d188a,v3_voice,vllm,casperhansen/llama-3.3-70b-instruct-awq,"{   ""self_reported_group_ca"": 18,   ""self_reported_interpersonal_ca"": 12,   ""self_reported_band_group"": ""moderate"",   ""self_reported_band_interpersonal"": ""low"" }",,18,12,moderate,low
3b1a89a349b24f06bb8d663b74181ba84b2f105ab758867712a62442f317df06__demos,3b1a89a349b24f06bb8d663b74181ba84b2f105ab758867712a62442f317df06,demos,vllm,casperhansen/llama-3.3-70b-instruct-awq,"{   ""self_reported_group_ca"": 18,   ""self_reported_interpersonal_ca"": 12,   ""self_reported_band_group"": ""moderate"",   ""self_reported_band_interpersonal"": ""low"" }",,18,12,moderate,low
3b1a89a349b24f06bb8d663b74181ba84b2f105ab758867712a62442f317df06__employment,3b1a89a349b24f06bb8d663b74181ba84b2f105ab758867712a62442f317df06,employment,vllm,casperhansen/llama-3.3-70b-instruct-awq,"{   ""self_reported_group_ca"": 18,   ""self_reported_interpersonal_ca"": 12,   ""self_reported_band_group"": ""moderate"",   ""self_reported_band_interpersonal"": ""low"" }",,18,12,moderate,low
3b1a89a349b24f06bb8d663b74181ba84b2f105ab758867712a62442f317df06__geo,3b1a89a349b24f06bb8d663b74181ba84b2f105ab758867712a62442f317df06,geo,vllm,casperhansen/llama-3.3-70b-instruct-awq,"{   ""self_reported_group_ca"": 18,   ""self_reported_interpersonal_ca"": 12,   ""self_reported_band_group"": ""moderate"",   ""self_reported_band_interpersonal"": ""low"" }",,18,12,moderate,low
3b1a89a349b24f06bb8d663b74181ba84b2f105ab758867712a62442f317df06__transit,3b1a89a349b24f06bb8d663b74181ba84b2f105ab758867712a62442f317df06,transit,vllm,casperhansen/llama-3.3-70b-instruct-awq,"{   ""self_reported_group_ca"": 18,   ""self_reported_interpersonal_ca"": 12,   ""self_reported_band_group"": ""moderate"",   ""self_reported_band_interpersonal"": ""low"" }",,18,12,moderate,low
3b1a89a349b24f06bb8d663b74181ba84b2f105ab758867712a62442f317df06__full,3b1a89a349b24f06bb8d663b74181ba84b2f105ab758867712a62442f317df06,full,vllm,casperhansen/llama-3.3-70b-instruct-awq,"{   ""self_reported_group_ca"": 18,   ""self_reported_interpersonal_ca"": 12,   ""self_reported_band_group"": ""moderate"",   ""self_reported_band_interpersonal"": ""low"" }",,18,12,moderate,low
3b1a89a349b24f06bb8d663b74181ba84b2f105ab758867712a62442f317df06__v3_rideshare,3b1a89a349b24f06bb8d663b74181ba84b2f105ab758867712a62442f317df06,v3_rideshare,vllm,casperhansen/llama-3.3-70b-instruct-awq,"{   ""self_reported_group_ca"": 18,   ""self_reported_interpersonal_ca"": 12,   ""self_reported_band_group"": ""moderate"",   ""self_reported_band_interpersonal"": ""low"" }",,18,12,moderate,low
3b1a89a349b24f06bb8d663b74181ba84b2f105ab758867712a62442f317df06__v3_public_transit,3b1a89a349b24f06bb8d663b74181ba84b2f105ab758867712a62442f317df06,v3_public_transit,vllm,casperhansen/llama-3.3-70b-instruct-awq,"{   ""self_reported_group_ca"": 18,   ""self_reported_interpersonal_ca"": 12,   ""self_reported_band_group"": ""moderate"",   ""self_reported_band_interpersonal"": ""low"" }",,18,12,moderate,low
3b1a89a349b24f06bb8d663b74181ba84b2f105ab758867712a62442f317df06__v3_voice,3b1a89a349b24f06bb8d663b74181ba84b2f105ab758867712a62442f317df06,v3_voice,vllm,casperhansen/llama-3.3-70b-instruct-awq,"{   ""self_reported_group_ca"": 18,   ""self_reported_interpersonal_ca"": 12,   ""self_reported_band_group"": ""moderate"",   ""self_reported_band_interpersonal"": ""low"" }",,18,12,moderate,low
1c934bb5c05cb1694da7159da41e9d326792edfca3556cf1b0018a21c08ff678__demos,1c934bb5c05cb1694da7159da41e9d326792edfca3556cf1b0018a21c08ff678,demos,vllm,casperhansen/llama-3.3-70b-instruct-awq,"{   ""self_reported_group_ca"": 18,   ""self_reported_interpersonal_ca"": 12,   ""self_reported_band_group"": ""moderate"",   ""self_reported_band_interpersonal"": ""low"" }",,18,12,moderate,low
1c934bb5c05cb1694da7159da41e9d326792edfca3556cf1b0018a21c08ff678__employment,1c934bb5c05cb1694da7159da41e9d326792edfca3556cf1b0018a21c08ff678,employment,vllm,casperhansen/llama-3.3-70b-instruct-awq,"{   ""self_reported_group_ca"": 18,   ""self_reported_interpersonal_ca"": 12,   ""self_reported_band_group"": ""moderate"",   ""self_reported_band_interpersonal"": ""low"" }",,18,12,moderate,low
1c934bb5c05cb1694da7159da41e9d326792edfca3556cf1b0018a21c08ff678__geo,1c934bb5c05cb1694da7159da41e9d326792edfca3556cf1b0018a21c08ff678,geo,vllm,casperhansen/llama-3.3-70b-instruct-awq,"{   ""self_reported_group_ca"": 18,   ""self_reported_interpersonal_ca"": 12,   ""self_reported_band_group"": ""moderate"",   ""self_reported_band_interpersonal"": ""low"" }",,18,12,moderate,low
1c934bb5c05cb1694da7159da41e9d326792edfca3556cf1b0018a21c08ff678__transit,1c934bb5c05cb1694da7159da41e9d326792edfca3556cf1b0018a21c08ff678,transit,vllm,casperhansen/llama-3.3-70b-instruct-awq,"{   ""self_reported_group_ca"": 18,   ""self_reported_interpersonal_ca"": 12,   ""self_reported_band_group"": ""moderate"",   ""self_reported_band_interpersonal"": ""low"" }",,18,12,moderate,low
1c934bb5c05cb1694da7159da41e9d326792edfca3556cf1b0018a21c08ff678__full,1c934bb5c05cb1694da7159da41e9d326792edfca3556cf1b0018a21c08ff678,full,vllm,casperhansen/llama-3.3-70b-instruct-awq,"{   ""self_reported_group_ca"": 18,   ""self_reported_interpersonal_ca"": 12,   ""self_reported_band_group"": ""moderate"",   ""self_reported_band_interpersonal"": ""low"" }",,18,12,moderate,low
1c934bb5c05cb1694da7159da41e9d326792edfca3556cf1b0018a21c08ff678__v3_rideshare,1c934bb5c05cb1694da7159da41e9d326792edfca3556cf1b0018a21c08ff678,v3_rideshare,vllm,casperhansen/llama-3.3-70b-instruct-awq,"{   ""self_reported_group_ca"": 18,   ""self_reported_interpersonal_ca"": 12,   ""self_reported_band_group"": ""moderate"",   ""self_reported_band_interpersonal"": ""low"" }",,18,12,moderate,low
1c934bb5c05cb1694da7159da41e9d326792edfca3556cf1b0018a21c08ff678__v3_public_transit,1c934bb5c05cb1694da7159da41e9d326792edfca3556cf1b0018a21c08ff678,v3_public_transit,vllm,casperhansen/llama-3.3-70b-instruct-awq,"{   ""self_reported_group_ca"": 18,   ""self_reported_interpersonal_ca"": 12,   ""self_reported_band_group"": ""moderate"",   ""self_reported_band_interpersonal"": ""low"" }",,18,12,moderate,low
1c934bb5c05cb1694da7159da41e9d326792edfca3556cf1b0018a21c08ff678__v3_voice,1c934bb5c05cb1694da7159da41e9d326792edfca3556cf1b0018a21c08ff678,v3_voice,vllm,casperhansen/llama-3.3-70b-instruct-awq,"{   ""self_reported_group_ca"": 18,   ""self_reported_interpersonal_ca"": 12,   ""self_reported_band_group"": ""moderate"",   ""self_reported_band_interpersonal"": ""low"" }",,18,12,moderate,low
22745e62dc7a649ee1d49a05a53f2f366e7ce0551afb51340496bd088d3a57bb__demos,22745e62dc7a649ee1d49a05a53f2f366e7ce0551afb51340496bd088d3a57bb,demos,vllm,casperhansen/llama-3.3-70b-instruct-awq,"{   ""self_reported_group_ca"": 18,   ""self_reported_interpersonal_ca"": 12,   ""self_reported_band_group"": ""moderate"",   ""self_reported_band_interpersonal"": ""low"" }",,18,12,moderate,low
22745e62dc7a649ee1d49a05a53f2f366e7ce0551afb51340496bd088d3a57bb__employment,22745e62dc7a649ee1d49a05a53f2f366e7ce0551afb51340496bd088d3a57bb,employment,vllm,casperhansen/llama-3.3-70b-instruct-awq,"{   ""self_reported_group_ca"": 18,   ""self_reported_interpersonal_ca"": 12,   ""self_reported_band_group"": ""moderate"",   ""self_reported_band_interpersonal"": ""low"" }",,18,12,moderate,low
22745e62dc7a649ee1d49a05a53f2f366e7ce0551afb51340496bd088d3a57bb__geo,22745e62dc7a649ee1d49a05a53f2f366e7ce0551afb51340496bd088d3a57bb,geo,vllm,casperhansen/llama-3.3-70b-instruct-awq,"{   ""self_reported_group_ca"": 18,   ""self_reported_interpersonal_ca"": 12,   ""self_reported_band_group"": ""moderate"",   ""self_reported_band_interpersonal"": ""low"" }",,18,12,moderate,low
22745e62dc7a649ee1d49a05a53f2f366e7ce0551afb51340496bd088d3a57bb__transit,22745e62dc7a649ee1d49a05a53f2f366e7ce0551afb51340496bd088d3a57bb,transit,vllm,casperhansen/llama-3.3-70b-instruct-awq,"{   ""self_reported_group_ca"": 18,   ""self_reported_interpersonal_ca"": 12,   ""self_reported_band_group"": ""moderate"",   ""self_reported_band_interpersonal"": ""low"" }",,18,12,moderate,low
22745e62dc7a649ee1d49a05a53f2f366e7ce0551afb51340496bd088d3a57bb__full,22745e62dc7a649ee1d49a05a53f2f366e7ce0551afb51340496bd088d3a57bb,full,vllm,casperhansen/llama-3.3-70b-instruct-awq,"{   ""self_reported_group_ca"": 18,   ""self_reported_interpersonal_ca"": 12,   ""self_reported_band_group"": ""moderate"",   ""self_reported_band_interpersonal"": ""low"" }",,18,12,moderate,low
22745e62dc7a649ee1d49a05a53f2f366e7ce0551afb51340496bd088d3a57bb__v3_rideshare,22745e62dc7a649ee1d49a05a53f2f366e7ce0551afb51340496bd088d3a57bb,v3_rideshare,vllm,casperhansen/llama-3.3-70b-instruct-awq,"{   ""self_reported_group_ca"": 18,   ""self_reported_interpersonal_ca"": 12,   ""self_reported_band_group"": ""moderate"",   ""self_reported_band_interpersonal"": ""low"" }",,18,12,moderate,low
22745e62dc7a649ee1d49a05a53f2f366e7ce0551afb51340496bd088d3a57bb__v3_public_transit,22745e62dc7a649ee1d49a05a53f2f366e7ce0551afb51340496bd088d3a57bb,v3_public_transit,vllm,casperhansen/llama-3.3-70b-instruct-awq,"{   ""self_reported_group_ca"": 18,   ""self_reported_interpersonal_ca"": 12,   ""self_reported_band_group"": ""moderate"",   ""self_reported_band_interpersonal"": ""low"" }",,18,12,moderate,low
22745e62dc7a649ee1d49a05a53f2f366e7ce0551afb51340496bd088d3a57bb__v3_voice,22745e62dc7a649ee1d49a05a53f2f366e7ce0551afb51340496bd088d3a57bb,v3_voice,vllm,casperhansen/llama-3.3-70b-instruct-awq,"{   ""self_reported_group_ca"": 18,   ""self_reported_interpersonal_ca"": 12,   ""self_reported_band_group"": ""moderate"",   ""self_reported_band_interpersonal"": ""low"" }",,18,12,moderate,low
39c71c1496e7a0223fa78a11a39fb94c9bd542b60b9835bad6c71e04d8c985f5__demos,39c71c1496e7a0223fa78a11a39fb94c9bd542b60b9835bad6c71e04d8c985f5,demos,vllm,casperhansen/llama-3.3-70b-instruct-awq,"{   ""self_reported_group_ca"": 18,   ""self_reported_interpersonal_ca"": 12,   ""self_reported_band_group"": ""moderate"",   ""self_reported_band_interpersonal"": ""low"" }",,18,12,moderate,low
39c71c1496e7a0223fa78a11a39fb94c9bd542b60b9835bad6c71e04d8c985f5__employment,39c71c1496e7a0223fa78a11a39fb94c9bd542b60b9835bad6c71e04d8c985f5,employment,vllm,casperhansen/llama-3.3-70b-instruct-awq,"{   ""self_reported_group_ca"": 18,   ""self_reported_interpersonal_ca"": 12,   ""self_reported_band_group"": ""moderate"",   ""self_reported_band_interpersonal"": ""low"" }",,18,12,moderate,low
39c71c1496e7a0223fa78a11a39fb94c9bd542b60b9835bad6c71e04d8c985f5__geo,39c71c1496e7a0223fa78a11a39fb94c9bd542b60b9835bad6c71e04d8c985f5,geo,vllm,casperhansen/llama-3.3-70b-instruct-awq,"{   ""self_reported_group_ca"": 18,   ""self_reported_interpersonal_ca"": 12,   ""self_reported_band_group"": ""moderate"",   ""self_reported_band_interpersonal"": ""low"" }",,18,12,moderate,low
39c71c1496e7a0223fa78a11a39fb94c9bd542b60b9835bad6c71e04d8c985f5__transit,39c71c1496e7a0223fa78a11a39fb94c9bd542b60b9835bad6c71e04d8c985f5,transit,vllm,casperhansen/llama-3.3-70b-instruct-awq,"{   ""self_reported_group_ca"": 18,   ""self_reported_interpersonal_ca"": 12,   ""self_reported_band_group"": ""moderate"",   ""self_reported_band_interpersonal"": ""low"" }",,18,12,moderate,low
39c71c1496e7a0223fa78a11a39fb94c9bd542b60b9835bad6c71e04d8c985f5__full,39c71c1496e7a0223fa78a11a39fb94c9bd542b60b9835bad6c71e04d8c985f5,full,vllm,casperhansen/llama-3.3-70b-instruct-awq,"{   ""self_reported_group_ca"": 18,   ""self_reported_interpersonal_ca"": 12,   ""self_reported_band_group"": ""moderate"",   ""self_reported_band_interpersonal"": ""low"" }",,18,12,moderate,low
39c71c1496e7a0223fa78a11a39fb94c9bd542b60b9835bad6c71e04d8c985f5__v3_rideshare,39c71c1496e7a0223fa78a11a39fb94c9bd542b60b9835bad6c71e04d8c985f5,v3_rideshare,vllm,casperhansen/llama-3.3-70b-instruct-awq,"{   ""self_reported_group_ca"": 18,   ""self_reported_interpersonal_ca"": 12,   ""self_reported_band_group"": ""moderate"",   ""self_reported_band_interpersonal"": ""low"" }",,18,12,moderate,low
39c71c1496e7a0223fa78a11a39fb94c9bd542b60b9835bad6c71e04d8c985f5__v3_public_transit,39c71c1496e7a0223fa78a11a39fb94c9bd542b60b9835bad6c71e04d8c985f5,v3_public_transit,vllm,casperhansen/llama-3.3-70b-instruct-awq,"{   ""self_reported_group_ca"": 18,   ""self_reported_interpersonal_ca"": 12,   ""self_reported_band_group"": ""moderate"",   ""self_reported_band_interpersonal"": ""low"" }",,18,12,moderate,low
39c71c1496e7a0223fa78a11a39fb94c9bd542b60b9835bad6c71e04d8c985f5__v3_voice,39c71c1496e7a0223fa78a11a39fb94c9bd542b60b9835bad6c71e04d8c985f5,v3_voice,vllm,casperhansen/llama-3.3-70b-instruct-awq,"{   ""self_reported_group_ca"": 18,   ""self_reported_interpersonal_ca"": 12,   ""self_reported_band_group"": ""moderate"",   ""self_reported_band_interpersonal"": ""low"" }",,18,12,moderate,low
c44eb13c5642daf65d048836bd7bae186ce770aa8508e9f368f3cdc8fe7eb2f8__demos,c44eb13c5642daf65d048836bd7bae186ce770aa8508e9f368f3cdc8fe7eb2f8,demos,vllm,casperhansen/llama-3.3-70b-instruct-awq,"{   ""self_reported_group_ca"": 18,   ""self_reported_interpersonal_ca"": 12,   ""self_reported_band_group"": ""moderate"",   ""self_reported_band_interpersonal"": ""low"" }",,18,12,moderate,low
c44eb13c5642daf65d048836bd7bae186ce770aa8508e9f368f3cdc8fe7eb2f8__employment,c44eb13c5642daf65d048836bd7bae186ce770aa8508e9f368f3cdc8fe7eb2f8,employment,vllm,casperhansen/llama-3.3-70b-instruct-awq,"{   ""self_reported_group_ca"": 18,   ""self_reported_interpersonal_ca"": 12,   ""self_reported_band_group"": ""moderate"",   ""self_reported_band_interpersonal"": ""low"" }",,18,12,moderate,low
c44eb13c5642daf65d048836bd7bae186ce770aa8508e9f368f3cdc8fe7eb2f8__geo,c44eb13c5642daf65d048836bd7bae186ce770aa8508e9f368f3cdc8fe7eb2f8,geo,vllm,casperhansen/llama-3.3-70b-instruct-awq,"{   ""self_reported_group_ca"": 18,   ""self_reported_interpersonal_ca"": 12,   ""self_reported_band_group"": ""moderate"",   ""self_reported_band_interpersonal"": ""low"" }",,18,12,moderate,low
c44eb13c5642daf65d048836bd7bae186ce770aa8508e9f368f3cdc8fe7eb2f8__transit,c44eb13c5642daf65d048836bd7bae186ce770aa8508e9f368f3cdc8fe7eb2f8,transit,vllm,casperhansen/llama-3.3-70b-instruct-awq,"{   ""self_reported_group_ca"": 18,   ""self_reported_interpersonal_ca"": 12,   ""self_reported_band_group"": ""moderate"",   ""self_reported_band_interpersonal"": ""low"" }",,18,12,moderate,low
c44eb13c5642daf65d048836bd7bae186ce770aa8508e9f368f3cdc8fe7eb2f8__full,c44eb13c5642daf65d048836bd7bae186ce770aa8508e9f368f3cdc8fe7eb2f8,full,vllm,casperhansen/llama-3.3-70b-instruct-awq,"{   ""self_reported_group_ca"": 18,   ""self_reported_interpersonal_ca"": 12,   ""self_reported_band_group"": ""moderate"",   ""self_reported_band_interpersonal"": ""low"" }",,18,12,moderate,low
c44eb13c5642daf65d048836bd7bae186ce770aa8508e9f368f3cdc8fe7eb2f8__v3_rideshare,c44eb13c5642daf65d048836bd7bae186ce770aa8508e9f368f3cdc8fe7eb2f8,v3_rideshare,vllm,casperhansen/llama-3.3-70b-instruct-awq,"{   ""self_reported_group_ca"": 18,   ""self_reported_interpersonal_ca"": 12,   ""self_reported_band_group"": ""moderate"",   ""self_reported_band_interpersonal"": ""low"" }",,18,12,moderate,low
c44eb13c5642daf65d048836bd7bae186ce770aa8508e9f368f3cdc8fe7eb2f8__v3_public_transit,c44eb13c5642daf65d048836bd7bae186ce770aa8508e9f368f3cdc8fe7eb2f8,v3_public_transit,vllm,casperhansen/llama-3.3-70b-instruct-awq,"{   ""self_reported_group_ca"": 18,   ""self_reported_interpersonal_ca"": 12,   ""self_reported_band_group"": ""moderate"",   ""self_reported_band_interpersonal"": ""low"" }",,18,12,moderate,low
c44eb13c5642daf65d048836bd7bae186ce770aa8508e9f368f3cdc8fe7eb2f8__v3_voice,c44eb13c5642daf65d048836bd7bae186ce770aa8508e9f368f3cdc8fe7eb2f8,v3_voice,vllm,casperhansen/llama-3.3-70b-instruct-awq,"{   ""self_reported_group_ca"": 18,   ""self_reported_interpersonal_ca"": 12,   ""self_reported_band_group"": ""moderate"",   ""self_reported_band_interpersonal"": ""low"" }",,18,12,moderate,low
b9ad8be6896c5bf2e3e72e773516d1d7911573c33e92e9b20544cb4f9b4ff13a__demos,b9ad8be6896c5bf2e3e72e773516d1d7911573c33e92e9b20544cb4f9b4ff13a,demos,vllm,casperhansen/llama-3.3-70b-instruct-awq,"{   ""self_reported_group_ca"": 18,   ""self_reported_interpersonal_ca"": 12,   ""self_reported_band_group"": ""moderate"",   ""self_reported_band_interpersonal"": ""low"" }",,18,12,moderate,low
b9ad8be6896c5bf2e3e72e773516d1d7911573c33e92e9b20544cb4f9b4ff13a__employment,b9ad8be6896c5bf2e3e72e773516d1d7911573c33e92e9b20544cb4f9b4ff13a,employment,vllm,casperhansen/llama-3.3-70b-instruct-awq,"{   ""self_reported_group_ca"": 18,   ""self_reported_interpersonal_ca"": 12,   ""self_reported_band_group"": ""moderate"",   ""self_reported_band_interpersonal"": ""low"" }",,18,12,moderate,low
b9ad8be6896c5bf2e3e72e773516d1d7911573c33e92e9b20544cb4f9b4ff13a__geo,b9ad8be6896c5bf2e3e72e773516d1d7911573c33e92e9b20544cb4f9b4ff13a,geo,vllm,casperhansen/llama-3.3-70b-instruct-awq,"{   ""self_reported_group_ca"": 18,   ""self_reported_interpersonal_ca"": 12,   ""self_reported_band_group"": ""moderate"",   ""self_reported_band_interpersonal"": ""low"" }",,18,12,moderate,low
b9ad8be6896c5bf2e3e72e773516d1d7911573c33e92e9b20544cb4f9b4ff13a__transit,b9ad8be6896c5bf2e3e72e773516d1d7911573c33e92e9b20544cb4f9b4ff13a,transit,vllm,casperhansen/llama-3.3-70b-instruct-awq,"{   ""self_reported_group_ca"": 18,   ""self_reported_interpersonal_ca"": 12,   ""self_reported_band_group"": ""moderate"",   ""self_reported_band_interpersonal"": ""low"" }",,18,12,moderate,low
b9ad8be6896c5bf2e3e72e773516d1d7911573c33e92e9b20544cb4f9b4ff13a__full,b9ad8be6896c5bf2e3e72e773516d1d7911573c33e92e9b20544cb4f9b4ff13a,full,vllm,casperhansen/llama-3.3-70b-instruct-awq,"{   ""self_reported_group_ca"": 18,   ""self_reported_interpersonal_ca"": 12,   ""self_reported_band_group"": ""moderate"",   ""self_reported_band_interpersonal"": ""low"" }",,18,12,moderate,low
b9ad8be6896c5bf2e3e72e773516d1d7911573c33e92e9b20544cb4f9b4ff13a__v3_rideshare,b9ad8be6896c5bf2e3e72e773516d1d7911573c33e92e9b20544cb4f9b4ff13a,v3_rideshare,vllm,casperhansen/llama-3.3-70b-instruct-awq,"{   ""self_reported_group_ca"": 18,   ""self_reported_interpersonal_ca"": 12,   ""self_reported_band_group"": ""moderate"",   ""self_reported_band_interpersonal"": ""low"" }",,18,12,moderate,low
b9ad8be6896c5bf2e3e72e773516d1d7911573c33e92e9b20544cb4f9b4ff13a__v3_public_transit,b9ad8be6896c5bf2e3e72e773516d1d7911573c33e92e9b20544cb4f9b4ff13a,v3_public_transit,vllm,casperhansen/llama-3.3-70b-instruct-awq,"{   ""self_reported_group_ca"": 18,   ""self_reported_interpersonal_ca"": 12,   ""self_reported_band_group"": ""moderate"",   ""self_reported_band_interpersonal"": ""low"" }",,18,12,moderate,low
b9ad8be6896c5bf2e3e72e773516d1d7911573c33e92e9b20544cb4f9b4ff13a__v3_voice,b9ad8be6896c5bf2e3e72e773516d1d7911573c33e92e9b20544cb4f9b4ff13a,v3_voice,vllm,casperhansen/llama-3.3-70b-instruct-awq,"{   ""self_reported_group_ca"": 18,   ""self_reported_interpersonal_ca"": 12,   ""self_reported_band_group"": ""moderate"",   ""self_reported_band_interpersonal"": ""low"" }",,18,12,moderate,low
101776c41cd2dbbac39a0721e0a6543cace6154f90cebb6f81fe9023487b2520__demos,101776c41cd2dbbac39a0721e0a6543cace6154f90cebb6f81fe9023487b2520,demos,vllm,casperhansen/llama-3.3-70b-instruct-awq,"{   ""self_reported_group_ca"": 18,   ""self_reported_interpersonal_ca"": 12,   ""self_reported_band_group"": ""moderate"",   ""self_reported_band_interpersonal"": ""low"" }",,18,12,moderate,low
101776c41cd2dbbac39a0721e0a6543cace6154f90cebb6f81fe9023487b2520__employment,101776c41cd2dbbac39a0721e0a6543cace6154f90cebb6f81fe9023487b2520,employment,vllm,casperhansen/llama-3.3-70b-instruct-awq,"{   ""self_reported_group_ca"": 18,   ""self_reported_interpersonal_ca"": 12,   ""self_reported_band_group"": ""moderate"",   ""self_reported_band_interpersonal"": ""low"" }",,18,12,moderate,low
101776c41cd2dbbac39a0721e0a6543cace6154f90cebb6f81fe9023487b2520__geo,101776c41cd2dbbac39a0721e0a6543cace6154f90cebb6f81fe9023487b2520,geo,vllm,casperhansen/llama-3.3-70b-instruct-awq,"{   ""self_reported_group_ca"": 18,   ""self_reported_interpersonal_ca"": 12,   ""self_reported_band_group"": ""moderate"",   ""self_reported_band_interpersonal"": ""low"" }",,18,12,moderate,low
101776c41cd2dbbac39a0721e0a6543cace6154f90cebb6f81fe9023487b2520__transit,101776c41cd2dbbac39a0721e0a6543cace6154f90cebb6f81fe9023487b2520,transit,vllm,casperhansen/llama-3.3-70b-instruct-awq,"{   ""self_reported_group_ca"": 18,   ""self_reported_interpersonal_ca"": 12,   ""self_reported_band_group"": ""moderate"",   ""self_reported_band_interpersonal"": ""low"" }",,18,12,moderate,low
101776c41cd2dbbac39a0721e0a6543cace6154f90cebb6f81fe9023487b2520__full,101776c41cd2dbbac39a0721e0a6543cace6154f90cebb6f81fe9023487b2520,full,vllm,casperhansen/llama-3.3-70b-instruct-awq,"{   ""self_reported_group_ca"": 18,   ""self_reported_interpersonal_ca"": 12,   ""self_reported_band_group"": ""moderate"",   ""self_reported_band_interpersonal"": ""low"" }",,18,12,moderate,low
101776c41cd2dbbac39a0721e0a6543cace6154f90cebb6f81fe9023487b2520__v3_rideshare,101776c41cd2dbbac39a0721e0a6543cace6154f90cebb6f81fe9023487b2520,v3_rideshare,vllm,casperhansen/llama-3.3-70b-instruct-awq,"{   ""self_reported_group_ca"": 18,   ""self_reported_interpersonal_ca"": 12,   ""self_reported_band_group"": ""moderate"",   ""self_reported_band_interpersonal"": ""low"" }",,18,12,moderate,low
101776c41cd2dbbac39a0721e0a6543cace6154f90cebb6f81fe9023487b2520__v3_public_transit,101776c41cd2dbbac39a0721e0a6543cace6154f90cebb6f81fe9023487b2520,v3_public_transit,vllm,casperhansen/llama-3.3-70b-instruct-awq,"{   ""self_reported_group_ca"": 18,   ""self_reported_interpersonal_ca"": 12,   ""self_reported_band_group"": ""moderate"",   ""self_reported_band_interpersonal"": ""low"" }",,18,12,moderate,low
101776c41cd2dbbac39a0721e0a6543cace6154f90cebb6f81fe9023487b2520__v3_voice,101776c41cd2dbbac39a0721e0a6543cace6154f90cebb6f81fe9023487b2520,v3_voice,vllm,casperhansen/llama-3.3-70b-instruct-awq,"{   ""self_reported_group_ca"": 18,   ""self_reported_interpersonal_ca"": 12,   ""self_reported_band_group"": ""moderate"",   ""self_reported_band_interpersonal"": ""low"" }",,18,12,moderate,low
bf717b718324d175a28000b02af82bcee0a92a5c8a79810cd3b568c7f10d1ca3__demos,bf717b718324d175a28000b02af82bcee0a92a5c8a79810cd3b568c7f10d1ca3,demos,vllm,casperhansen/llama-3.3-70b-instruct-awq,"{   ""self_reported_group_ca"": 18,   ""self_reported_interpersonal_ca"": 12,   ""self_reported_band_group"": ""moderate"",   ""self_reported_band_interpersonal"": ""low"" }",,18,12,moderate,low
bf717b718324d175a28000b02af82bcee0a92a5c8a79810cd3b568c7f10d1ca3__employment,bf717b718324d175a28000b02af82bcee0a92a5c8a79810cd3b568c7f10d1ca3,employment,vllm,casperhansen/llama-3.3-70b-instruct-awq,"{   ""self_reported_group_ca"": 18,   ""self_reported_interpersonal_ca"": 12,   ""self_reported_band_group"": ""moderate"",   ""self_reported_band_interpersonal"": ""low"" }",,18,12,moderate,low
bf717b718324d175a28000b02af82bcee0a92a5c8a79810cd3b568c7f10d1ca3__geo,bf717b718324d175a28000b02af82bcee0a92a5c8a79810cd3b568c7f10d1ca3,geo,vllm,casperhansen/llama-3.3-70b-instruct-awq,"{   ""self_reported_group_ca"": 18,   ""self_reported_interpersonal_ca"": 12,   ""self_reported_band_group"": ""moderate"",   ""self_reported_band_interpersonal"": ""low"" }",,18,12,moderate,low
bf717b718324d175a28000b02af82bcee0a92a5c8a79810cd3b568c7f10d1ca3__transit,bf717b718324d175a28000b02af82bcee0a92a5c8a79810cd3b568c7f10d1ca3,transit,vllm,casperhansen/llama-3.3-70b-instruct-awq,"{   ""self_reported_group_ca"": 18,   ""self_reported_interpersonal_ca"": 12,   ""self_reported_band_group"": ""moderate"",   ""self_reported_band_interpersonal"": ""low"" }",,18,12,moderate,low
bf717b718324d175a28000b02af82bcee0a92a5c8a79810cd3b568c7f10d1ca3__full,bf717b718324d175a28000b02af82bcee0a92a5c8a79810cd3b568c7f10d1ca3,full,vllm,casperhansen/llama-3.3-70b-instruct-awq,"{   ""self_reported_group_ca"": 18,   ""self_reported_interpersonal_ca"": 12,   ""self_reported_band_group"": ""moderate"",   ""self_reported_band_interpersonal"": ""low"" }",,18,12,moderate,low
bf717b718324d175a28000b02af82bcee0a92a5c8a79810cd3b568c7f10d1ca3__v3_rideshare,bf717b718324d175a28000b02af82bcee0a92a5c8a79810cd3b568c7f10d1ca3,v3_rideshare,vllm,casperhansen/llama-3.3-70b-instruct-awq,"{   ""self_reported_group_ca"": 18,   ""self_reported_interpersonal_ca"": 12,   ""self_reported_band_group"": ""moderate"",   ""self_reported_band_interpersonal"": ""low"" }",,18,12,moderate,low
bf717b718324d175a28000b02af82bcee0a92a5c8a79810cd3b568c7f10d1ca3__v3_public_transit,bf717b718324d175a28000b02af82bcee0a92a5c8a79810cd3b568c7f10d1ca3,v3_public_transit,vllm,casperhansen/llama-3.3-70b-instruct-awq,"{   ""self_reported_group_ca"": 18,   ""self_reported_interpersonal_ca"": 12,   ""self_reported_band_group"": ""moderate"",   ""self_reported_band_interpersonal"": ""low"" }",,18,12,moderate,low
bf717b718324d175a28000b02af82bcee0a92a5c8a79810cd3b568c7f10d1ca3__v3_voice,bf717b718324d175a28000b02af82bcee0a92a5c8a79810cd3b568c7f10d1ca3,v3_voice,vllm,casperhansen/llama-3.3-70b-instruct-awq,"{   ""self_reported_group_ca"": 18,   ""self_reported_interpersonal_ca"": 12,   ""self_reported_band_group"": ""moderate"",   ""self_reported_band_interpersonal"": ""low"" }",,18,12,moderate,low
aaa6f524430a151ba1346063fefcec7823ad279947861eb5b31ce4da9889eb92__demos,aaa6f524430a151ba1346063fefcec7823ad279947861eb5b31ce4da9889eb92,demos,vllm,casperhansen/llama-3.3-70b-instruct-awq,"{   ""self_reported_group_ca"": 18,   ""self_reported_interpersonal_ca"": 12,   ""self_reported_band_group"": ""moderate"",   ""self_reported_band_interpersonal"": ""low"" }",,18,12,moderate,low
aaa6f524430a151ba1346063fefcec7823ad279947861eb5b31ce4da9889eb92__employment,aaa6f524430a151ba1346063fefcec7823ad279947861eb5b31ce4da9889eb92,employment,vllm,casperhansen/llama-3.3-70b-instruct-awq,"{   ""self_reported_group_ca"": 18,   ""self_reported_interpersonal_ca"": 12,   ""self_reported_band_group"": ""moderate"",   ""self_reported_band_interpersonal"": ""low"" }",,18,12,moderate,low
aaa6f524430a151ba1346063fefcec7823ad279947861eb5b31ce4da9889eb92__geo,aaa6f524430a151ba1346063fefcec7823ad279947861eb5b31ce4da9889eb92,geo,vllm,casperhansen/llama-3.3-70b-instruct-awq,"{   ""self_reported_group_ca"": 18,   ""self_reported_interpersonal_ca"": 12,   ""self_reported_band_group"": ""moderate"",   ""self_reported_band_interpersonal"": ""low"" }",,18,12,moderate,low
aaa6f524430a151ba1346063fefcec7823ad279947861eb5b31ce4da9889eb92__transit,aaa6f524430a151ba1346063fefcec7823ad279947861eb5b31ce4da9889eb92,transit,vllm,casperhansen/llama-3.3-70b-instruct-awq,"{   ""self_reported_group_ca"": 18,   ""self_reported_interpersonal_ca"": 12,   ""self_reported_band_group"": ""moderate"",   ""self_reported_band_interpersonal"": ""low"" }",,18,12,moderate,low
aaa6f524430a151ba1346063fefcec7823ad279947861eb5b31ce4da9889eb92__full,aaa6f524430a151ba1346063fefcec7823ad279947861eb5b31ce4da9889eb92,full,vllm,casperhansen/llama-3.3-70b-instruct-awq,"{   ""self_reported_group_ca"": 18,   ""self_reported_interpersonal_ca"": 12,   ""self_reported_band_group"": ""moderate"",   ""self_reported_band_interpersonal"": ""low"" }",,18,12,moderate,low
aaa6f524430a151ba1346063fefcec7823ad279947861eb5b31ce4da9889eb92__v3_rideshare,aaa6f524430a151ba1346063fefcec7823ad279947861eb5b31ce4da9889eb92,v3_rideshare,vllm,casperhansen/llama-3.3-70b-instruct-awq,"{   ""self_reported_group_ca"": 18,   ""self_reported_interpersonal_ca"": 12,   ""self_reported_band_group"": ""moderate"",   ""self_reported_band_interpersonal"": ""low"" }",,18,12,moderate,low
aaa6f524430a151ba1346063fefcec7823ad279947861eb5b31ce4da9889eb92__v3_public_transit,aaa6f524430a151ba1346063fefcec7823ad279947861eb5b31ce4da9889eb92,v3_public_transit,vllm,casperhansen/llama-3.3-70b-instruct-awq,"{   ""self_reported_group_ca"": 18,   ""self_reported_interpersonal_ca"": 12,   ""self_reported_band_group"": ""moderate"",   ""self_reported_band_interpersonal"": ""low"" }",,18,12,moderate,low
aaa6f524430a151ba1346063fefcec7823ad279947861eb5b31ce4da9889eb92__v3_voice,aaa6f524430a151ba1346063fefcec7823ad279947861eb5b31ce4da9889eb92,v3_voice,vllm,casperhansen/llama-3.3-70b-instruct-awq,"{   ""self_reported_group_ca"": 18,   ""self_reported_interpersonal_ca"": 12,   ""self_reported_band_group"": ""moderate"",   ""self_reported_band_interpersonal"": ""low"" }",,18,12,moderate,low
d6b8f91f1ef8af43817f23dd88988f6e914ce0de8b386d748aa89d0434168f84__demos,d6b8f91f1ef8af43817f23dd88988f6e914ce0de8b386d748aa89d0434168f84,demos,vllm,casperhansen/llama-3.3-70b-instruct-awq,"{   ""self_reported_group_ca"": 22,   ""self_reported_interpersonal_ca"": 18,   ""self_reported_band_group"": ""high"",   ""self_reported_band_interpersonal"": ""moderate"" }",,22,18,high,moderate
d6b8f91f1ef8af43817f23dd88988f6e914ce0de8b386d748aa89d0434168f84__employment,d6b8f91f1ef8af43817f23dd88988f6e914ce0de8b386d748aa89d0434168f84,employment,vllm,casperhansen/llama-3.3-70b-instruct-awq,"{   ""self_reported_group_ca"": 22,   ""self_reported_interpersonal_ca"": 18,   ""self_reported_band_group"": ""high"",   ""self_reported_band_interpersonal"": ""moderate"" }",,22,18,high,moderate
d6b8f91f1ef8af43817f23dd88988f6e914ce0de8b386d748aa89d0434168f84__geo,d6b8f91f1ef8af43817f23dd88988f6e914ce0de8b386d748aa89d0434168f84,geo,vllm,casperhansen/llama-3.3-70b-instruct-awq,"{   ""self_reported_group_ca"": 18,   ""self_reported_interpersonal_ca"": 12,   ""self_reported_band_group"": ""moderate"",   ""self_reported_band_interpersonal"": ""low"" }",,18,12,moderate,low
d6b8f91f1ef8af43817f23dd88988f6e914ce0de8b386d748aa89d0434168f84__transit,d6b8f91f1ef8af43817f23dd88988f6e914ce0de8b386d748aa89d0434168f84,transit,vllm,casperhansen/llama-3.3-70b-instruct-awq,"{   ""self_reported_group_ca"": 18,   ""self_reported_interpersonal_ca"": 12,   ""self_reported_band_group"": ""moderate"",   ""self_reported_band_interpersonal"": ""low"" }",,18,12,moderate,low
d6b8f91f1ef8af43817f23dd88988f6e914ce0de8b386d748aa89d0434168f84__full,d6b8f91f1ef8af43817f23dd88988f6e914ce0de8b386d748aa89d0434168f84,full,vllm,casperhansen/llama-3.3-70b-instruct-awq,"{   ""self_reported_group_ca"": 18,   ""self_reported_interpersonal_ca"": 12,   ""self_reported_band_group"": ""moderate"",   ""self_reported_band_interpersonal"": ""low"" }",,18,12,moderate,low
d6b8f91f1ef8af43817f23dd88988f6e914ce0de8b386d748aa89d0434168f84__v3_rideshare,d6b8f91f1ef8af43817f23dd88988f6e914ce0de8b386d748aa89d0434168f84,v3_rideshare,vllm,casperhansen/llama-3.3-70b-instruct-awq,"{   ""self_reported_group_ca"": 18,   ""self_reported_interpersonal_ca"": 12,   ""self_reported_band_group"": ""moderate"",   ""self_reported_band_interpersonal"": ""low"" }",,18,12,moderate,low
d6b8f91f1ef8af43817f23dd88988f6e914ce0de8b386d748aa89d0434168f84__v3_public_transit,d6b8f91f1ef8af43817f23dd88988f6e914ce0de8b386d748aa89d0434168f84,v3_public_transit,vllm,casperhansen/llama-3.3-70b-instruct-awq,"{   ""self_reported_group_ca"": 18,   ""self_reported_interpersonal_ca"": 12,   ""self_reported_band_group"": ""moderate"",   ""self_reported_band_interpersonal"": ""low"" }",,18,12,moderate,low
d6b8f91f1ef8af43817f23dd88988f6e914ce0de8b386d748aa89d0434168f84__v3_voice,d6b8f91f1ef8af43817f23dd88988f6e914ce0de8b386d748aa89d0434168f84,v3_voice,vllm,casperhansen/llama-3.3-70b-instruct-awq,"{   ""self_reported_group_ca"": 18,   ""self_reported_interpersonal_ca"": 12,   ""self_reported_band_group"": ""moderate"",   ""self_reported_band_interpersonal"": ""low"" }",,18,12,moderate,low
860b4f42915964f37f735d818db9e76ac1b1e138647cfe1bb7f05f8997d4c114__demos,860b4f42915964f37f735d818db9e76ac1b1e138647cfe1bb7f05f8997d4c114,demos,vllm,casperhansen/llama-3.3-70b-instruct-awq,"{   ""self_reported_group_ca"": 18,   ""self_reported_interpersonal_ca"": 12,   ""self_reported_band_group"": ""moderate"",   ""self_reported_band_interpersonal"": ""low"" }",,18,12,moderate,low
860b4f42915964f37f735d818db9e76ac1b1e138647cfe1bb7f05f8997d4c114__employment,860b4f42915964f37f735d818db9e76ac1b1e138647cfe1bb7f05f8997d4c114,employment,vllm,casperhansen/llama-3.3-70b-instruct-awq,"{   ""self_reported_group_ca"": 18,   ""self_reported_interpersonal_ca"": 12,   ""self_reported_band_group"": ""moderate"",   ""self_reported_band_interpersonal"": ""low"" }",,18,12,moderate,low
860b4f42915964f37f735d818db9e76ac1b1e138647cfe1bb7f05f8997d4c114__geo,860b4f42915964f37f735d818db9e76ac1b1e138647cfe1bb7f05f8997d4c114,geo,vllm,casperhansen/llama-3.3-70b-instruct-awq,"{   ""self_reported_group_ca"": 18,   ""self_reported_interpersonal_ca"": 12,   ""self_reported_band_group"": ""moderate"",   ""self_reported_band_interpersonal"": ""low"" }",,18,12,moderate,low
860b4f42915964f37f735d818db9e76ac1b1e138647cfe1bb7f05f8997d4c114__transit,860b4f42915964f37f735d818db9e76ac1b1e138647cfe1bb7f05f8997d4c114,transit,vllm,casperhansen/llama-3.3-70b-instruct-awq,"{   ""self_reported_group_ca"": 18,   ""self_reported_interpersonal_ca"": 12,   ""self_reported_band_group"": ""moderate"",   ""self_reported_band_interpersonal"": ""low"" }",,18,12,moderate,low
860b4f42915964f37f735d818db9e76ac1b1e138647cfe1bb7f05f8997d4c114__full,860b4f42915964f37f735d818db9e76ac1b1e138647cfe1bb7f05f8997d4c114,full,vllm,casperhansen/llama-3.3-70b-instruct-awq,"{   ""self_reported_group_ca"": 18,   ""self_reported_interpersonal_ca"": 12,   ""self_reported_band_group"": ""moderate"",   ""self_reported_band_interpersonal"": ""low"" }",,18,12,moderate,low
860b4f42915964f37f735d818db9e76ac1b1e138647cfe1bb7f05f8997d4c114__v3_rideshare,860b4f42915964f37f735d818db9e76ac1b1e138647cfe1bb7f05f8997d4c114,v3_rideshare,vllm,casperhansen/llama-3.3-70b-instruct-awq,"{   ""self_reported_group_ca"": 18,   ""self_reported_interpersonal_ca"": 12,   ""self_reported_band_group"": ""moderate"",   ""self_reported_band_interpersonal"": ""low"" }",,18,12,moderate,low
860b4f42915964f37f735d818db9e76ac1b1e138647cfe1bb7f05f8997d4c114__v3_public_transit,860b4f42915964f37f735d818db9e76ac1b1e138647cfe1bb7f05f8997d4c114,v3_public_transit,vllm,casperhansen/llama-3.3-70b-instruct-awq,"{   ""self_reported_group_ca"": 18,   ""self_reported_interpersonal_ca"": 12,   ""self_reported_band_group"": ""moderate"",   ""self_reported_band_interpersonal"": ""low"" }",,18,12,moderate,low
860b4f42915964f37f735d818db9e76ac1b1e138647cfe1bb7f05f8997d4c114__v3_voice,860b4f42915964f37f735d818db9e76ac1b1e138647cfe1bb7f05f8997d4c114,v3_voice,vllm,casperhansen/llama-3.3-70b-instruct-awq,"{   ""self_reported_group_ca"": 18,   ""self_reported_interpersonal_ca"": 12,   ""self_reported_band_group"": ""moderate"",   ""self_reported_band_interpersonal"": ""low"" }",,18,12,moderate,low
0b7da5ccfe616e7f5e67317b7c5d23ca3f2f94012db4fb376dbdbd2236e29875__demos,0b7da5ccfe616e7f5e67317b7c5d23ca3f2f94012db4fb376dbdbd2236e29875,demos,vllm,casperhansen/llama-3.3-70b-instruct-awq,"{   ""self_reported_group_ca"": 18,   ""self_reported_interpersonal_ca"": 12,   ""self_reported_band_group"": ""moderate"",   ""self_reported_band_interpersonal"": ""low"" }",,18,12,moderate,low
0b7da5ccfe616e7f5e67317b7c5d23ca3f2f94012db4fb376dbdbd2236e29875__employment,0b7da5ccfe616e7f5e67317b7c5d23ca3f2f94012db4fb376dbdbd2236e29875,employment,vllm,casperhansen/llama-3.3-70b-instruct-awq,"{   ""self_reported_group_ca"": 18,   ""self_reported_interpersonal_ca"": 12,   ""self_reported_band_group"": ""moderate"",   ""self_reported_band_interpersonal"": ""low"" }",,18,12,moderate,low
0b7da5ccfe616e7f5e67317b7c5d23ca3f2f94012db4fb376dbdbd2236e29875__geo,0b7da5ccfe616e7f5e67317b7c5d23ca3f2f94012db4fb376dbdbd2236e29875,geo,vllm,casperhansen/llama-3.3-70b-instruct-awq,"{   ""self_reported_group_ca"": 18,   ""self_reported_interpersonal_ca"": 12,   ""self_reported_band_group"": ""moderate"",   ""self_reported_band_interpersonal"": ""low"" }",,18,12,moderate,low
0b7da5ccfe616e7f5e67317b7c5d23ca3f2f94012db4fb376dbdbd2236e29875__transit,0b7da5ccfe616e7f5e67317b7c5d23ca3f2f94012db4fb376dbdbd2236e29875,transit,vllm,casperhansen/llama-3.3-70b-instruct-awq,"{   ""self_reported_group_ca"": 18,   ""self_reported_interpersonal_ca"": 12,   ""self_reported_band_group"": ""moderate"",   ""self_reported_band_interpersonal"": ""low"" }",,18,12,moderate,low
0b7da5ccfe616e7f5e67317b7c5d23ca3f2f94012db4fb376dbdbd2236e29875__full,0b7da5ccfe616e7f5e67317b7c5d23ca3f2f94012db4fb376dbdbd2236e29875,full,vllm,casperhansen/llama-3.3-70b-instruct-awq,"{   ""self_reported_group_ca"": 18,   ""self_reported_interpersonal_ca"": 12,   ""self_reported_band_group"": ""moderate"",   ""self_reported_band_interpersonal"": ""low"" }",,18,12,moderate,low
0b7da5ccfe616e7f5e67317b7c5d23ca3f2f94012db4fb376dbdbd2236e29875__v3_rideshare,0b7da5ccfe616e7f5e67317b7c5d23ca3f2f94012db4fb376dbdbd2236e29875,v3_rideshare,vllm,casperhansen/llama-3.3-70b-instruct-awq,"{   ""self_reported_group_ca"": 18,   ""self_reported_interpersonal_ca"": 12,   ""self_reported_band_group"": ""moderate"",   ""self_reported_band_interpersonal"": ""low"" }",,18,12,moderate,low
0b7da5ccfe616e7f5e67317b7c5d23ca3f2f94012db4fb376dbdbd2236e29875__v3_public_transit,0b7da5ccfe616e7f5e67317b7c5d23ca3f2f94012db4fb376dbdbd2236e29875,v3_public_transit,vllm,casperhansen/llama-3.3-70b-instruct-awq,"{   ""self_reported_group_ca"": 18,   ""self_reported_interpersonal_ca"": 12,   ""self_reported_band_group"": ""moderate"",   ""self_reported_band_interpersonal"": ""low"" }",,18,12,moderate,low
0b7da5ccfe616e7f5e67317b7c5d23ca3f2f94012db4fb376dbdbd2236e29875__v3_voice,0b7da5ccfe616e7f5e67317b7c5d23ca3f2f94012db4fb376dbdbd2236e29875,v3_voice,vllm,casperhansen/llama-3.3-70b-instruct-awq,"{   ""self_reported_group_ca"": 18,   ""self_reported_interpersonal_ca"": 12,   ""self_reported_band_group"": ""moderate"",   ""self_reported_band_interpersonal"": ""low"" }",,18,12,moderate,low
e2078bf3c954e9519fb5a096648bdf29381e55d316cf7e5eccc4a13b9a7e8f3a__demos,e2078bf3c954e9519fb5a096648bdf29381e55d316cf7e5eccc4a13b9a7e8f3a,demos,vllm,casperhansen/llama-3.3-70b-instruct-awq,"{   ""self_reported_group_ca"": 18,   ""self_reported_interpersonal_ca"": 12,   ""self_reported_band_group"": ""moderate"",   ""self_reported_band_interpersonal"": ""low"" }",,18,12,moderate,low
e2078bf3c954e9519fb5a096648bdf29381e55d316cf7e5eccc4a13b9a7e8f3a__employment,e2078bf3c954e9519fb5a096648bdf29381e55d316cf7e5eccc4a13b9a7e8f3a,employment,vllm,casperhansen/llama-3.3-70b-instruct-awq,"{   ""self_reported_group_ca"": 18,   ""self_reported_interpersonal_ca"": 12,   ""self_reported_band_group"": ""moderate"",   ""self_reported_band_interpersonal"": ""low"" }",,18,12,moderate,low
e2078bf3c954e9519fb5a096648bdf29381e55d316cf7e5eccc4a13b9a7e8f3a__geo,e2078bf3c954e9519fb5a096648bdf29381e55d316cf7e5eccc4a13b9a7e8f3a,geo,vllm,casperhansen/llama-3.3-70b-instruct-awq,"{   ""self_reported_group_ca"": 18,   ""self_reported_interpersonal_ca"": 12,   ""self_reported_band_group"": ""moderate"",   ""self_reported_band_interpersonal"": ""low"" }",,18,12,moderate,low
e2078bf3c954e9519fb5a096648bdf29381e55d316cf7e5eccc4a13b9a7e8f3a__transit,e2078bf3c954e9519fb5a096648bdf29381e55d316cf7e5eccc4a13b9a7e8f3a,transit,vllm,casperhansen/llama-3.3-70b-instruct-awq,"{   ""self_reported_group_ca"": 18,   ""self_reported_interpersonal_ca"": 12,   ""self_reported_band_group"": ""moderate"",   ""self_reported_band_interpersonal"": ""low"" }",,18,12,moderate,low
e2078bf3c954e9519fb5a096648bdf29381e55d316cf7e5eccc4a13b9a7e8f3a__full,e2078bf3c954e9519fb5a096648bdf29381e55d316cf7e5eccc4a13b9a7e8f3a,full,vllm,casperhansen/llama-3.3-70b-instruct-awq,"{   ""self_reported_group_ca"": 18,   ""self_reported_interpersonal_ca"": 12,   ""self_reported_band_group"": ""moderate"",   ""self_reported_band_interpersonal"": ""low"" }",,18,12,moderate,low
e2078bf3c954e9519fb5a096648bdf29381e55d316cf7e5eccc4a13b9a7e8f3a__v3_rideshare,e2078bf3c954e9519fb5a096648bdf29381e55d316cf7e5eccc4a13b9a7e8f3a,v3_rideshare,vllm,casperhansen/llama-3.3-70b-instruct-awq,"{   ""self_reported_group_ca"": 18,   ""self_reported_interpersonal_ca"": 12,   ""self_reported_band_group"": ""moderate"",   ""self_reported_band_interpersonal"": ""low"" }",,18,12,moderate,low
e2078bf3c954e9519fb5a096648bdf29381e55d316cf7e5eccc4a13b9a7e8f3a__v3_public_transit,e2078bf3c954e9519fb5a096648bdf29381e55d316cf7e5eccc4a13b9a7e8f3a,v3_public_transit,vllm,casperhansen/llama-3.3-70b-instruct-awq,"{   ""self_reported_group_ca"": 18,   ""self_reported_interpersonal_ca"": 12,   ""self_reported_band_group"": ""moderate"",   ""self_reported_band_interpersonal"": ""low"" }",,18,12,moderate,low
e2078bf3c954e9519fb5a096648bdf29381e55d316cf7e5eccc4a13b9a7e8f3a__v3_voice,e2078bf3c954e9519fb5a096648bdf29381e55d316cf7e5eccc4a13b9a7e8f3a,v3_voice,vllm,casperhansen/llama-3.3-70b-instruct-awq,"{   ""self_reported_group_ca"": 18,   ""self_reported_interpersonal_ca"": 12,   ""self_reported_band_group"": ""moderate"",   ""self_reported_band_interpersonal"": ""low"" }",,18,12,moderate,low
da338b6255829f37c0b15b3eb7305edf61ff79a55f4009646a21f15feee1f0e1__demos,da338b6255829f37c0b15b3eb7305edf61ff79a55f4009646a21f15feee1f0e1,demos,vllm,casperhansen/llama-3.3-70b-instruct-awq,"{   ""self_reported_group_ca"": 18,   ""self_reported_interpersonal_ca"": 12,   ""self_reported_band_group"": ""moderate"",   ""self_reported_band_interpersonal"": ""low"" }",,18,12,moderate,low
da338b6255829f37c0b15b3eb7305edf61ff79a55f4009646a21f15feee1f0e1__employment,da338b6255829f37c0b15b3eb7305edf61ff79a55f4009646a21f15feee1f0e1,employment,vllm,casperhansen/llama-3.3-70b-instruct-awq,"{   ""self_reported_group_ca"": 18,   ""self_reported_interpersonal_ca"": 12,   ""self_reported_band_group"": ""moderate"",   ""self_reported_band_interpersonal"": ""low"" }",,18,12,moderate,low
da338b6255829f37c0b15b3eb7305edf61ff79a55f4009646a21f15feee1f0e1__geo,da338b6255829f37c0b15b3eb7305edf61ff79a55f4009646a21f15feee1f0e1,geo,vllm,casperhansen/llama-3.3-70b-instruct-awq,"{   ""self_reported_group_ca"": 18,   ""self_reported_interpersonal_ca"": 12,   ""self_reported_band_group"": ""moderate"",   ""self_reported_band_interpersonal"": ""low"" }",,18,12,moderate,low
da338b6255829f37c0b15b3eb7305edf61ff79a55f4009646a21f15feee1f0e1__transit,da338b6255829f37c0b15b3eb7305edf61ff79a55f4009646a21f15feee1f0e1,transit,vllm,casperhansen/llama-3.3-70b-instruct-awq,"{   ""self_reported_group_ca"": 18,   ""self_reported_interpersonal_ca"": 12,   ""self_reported_band_group"": ""moderate"",   ""self_reported_band_interpersonal"": ""low"" }",,18,12,moderate,low
da338b6255829f37c0b15b3eb7305edf61ff79a55f4009646a21f15feee1f0e1__full,da338b6255829f37c0b15b3eb7305edf61ff79a55f4009646a21f15feee1f0e1,full,vllm,casperhansen/llama-3.3-70b-instruct-awq,"{   ""self_reported_group_ca"": 18,   ""self_reported_interpersonal_ca"": 12,   ""self_reported_band_group"": ""moderate"",   ""self_reported_band_interpersonal"": ""low"" }",,18,12,moderate,low
da338b6255829f37c0b15b3eb7305edf61ff79a55f4009646a21f15feee1f0e1__v3_rideshare,da338b6255829f37c0b15b3eb7305edf61ff79a55f4009646a21f15feee1f0e1,v3_rideshare,vllm,casperhansen/llama-3.3-70b-instruct-awq,"{   ""self_reported_group_ca"": 18,   ""self_reported_interpersonal_ca"": 12,   ""self_reported_band_group"": ""moderate"",   ""self_reported_band_interpersonal"": ""low"" }",,18,12,moderate,low
da338b6255829f37c0b15b3eb7305edf61ff79a55f4009646a21f15feee1f0e1__v3_public_transit,da338b6255829f37c0b15b3eb7305edf61ff79a55f4009646a21f15feee1f0e1,v3_public_transit,vllm,casperhansen/llama-3.3-70b-instruct-awq,"{   ""self_reported_group_ca"": 18,   ""self_reported_interpersonal_ca"": 12,   ""self_reported_band_group"": ""moderate"",   ""self_reported_band_interpersonal"": ""low"" }",,18,12,moderate,low
da338b6255829f37c0b15b3eb7305edf61ff79a55f4009646a21f15feee1f0e1__v3_voice,da338b6255829f37c0b15b3eb7305edf61ff79a55f4009646a21f15feee1f0e1,v3_voice,vllm,casperhansen/llama-3.3-70b-instruct-awq,"{   ""self_reported_group_ca"": 18,   ""self_reported_interpersonal_ca"": 12,   ""self_reported_band_group"": ""moderate"",   ""self_reported_band_interpersonal"": ""low"" }",,18,12,moderate,low
b84da9244bc40253f8033bc91bb13f3c5081e69f45392c285bb267e08da2cc98__demos,b84da9244bc40253f8033bc91bb13f3c5081e69f45392c285bb267e08da2cc98,demos,vllm,casperhansen/llama-3.3-70b-instruct-awq,"{   ""self_reported_group_ca"": 18,   ""self_reported_interpersonal_ca"": 12,   ""self_reported_band_group"": ""moderate"",   ""self_reported_band_interpersonal"": ""low"" }",,18,12,moderate,low
b84da9244bc40253f8033bc91bb13f3c5081e69f45392c285bb267e08da2cc98__employment,b84da9244bc40253f8033bc91bb13f3c5081e69f45392c285bb267e08da2cc98,employment,vllm,casperhansen/llama-3.3-70b-instruct-awq,"{   ""self_reported_group_ca"": 18,   ""self_reported_interpersonal_ca"": 12,   ""self_reported_band_group"": ""moderate"",   ""self_reported_band_interpersonal"": ""low"" }",,18,12,moderate,low
b84da9244bc40253f8033bc91bb13f3c5081e69f45392c285bb267e08da2cc98__geo,b84da9244bc40253f8033bc91bb13f3c5081e69f45392c285bb267e08da2cc98,geo,vllm,casperhansen/llama-3.3-70b-instruct-awq,"{   ""self_reported_group_ca"": 18,   ""self_reported_interpersonal_ca"": 12,   ""self_reported_band_group"": ""moderate"",   ""self_reported_band_interpersonal"": ""low"" }",,18,12,moderate,low
b84da9244bc40253f8033bc91bb13f3c5081e69f45392c285bb267e08da2cc98__transit,b84da9244bc40253f8033bc91bb13f3c5081e69f45392c285bb267e08da2cc98,transit,vllm,casperhansen/llama-3.3-70b-instruct-awq,"{   ""self_reported_group_ca"": 18,   ""self_reported_interpersonal_ca"": 12,   ""self_reported_band_group"": ""moderate"",   ""self_reported_band_interpersonal"": ""low"" }",,18,12,moderate,low
b84da9244bc40253f8033bc91bb13f3c5081e69f45392c285bb267e08da2cc98__full,b84da9244bc40253f8033bc91bb13f3c5081e69f45392c285bb267e08da2cc98,full,vllm,casperhansen/llama-3.3-70b-instruct-awq,"{   ""self_reported_group_ca"": 18,   ""self_reported_interpersonal_ca"": 12,   ""self_reported_band_group"": ""moderate"",   ""self_reported_band_interpersonal"": ""low"" }",,18,12,moderate,low
b84da9244bc40253f8033bc91bb13f3c5081e69f45392c285bb267e08da2cc98__v3_rideshare,b84da9244bc40253f8033bc91bb13f3c5081e69f45392c285bb267e08da2cc98,v3_rideshare,vllm,casperhansen/llama-3.3-70b-instruct-awq,"{   ""self_reported_group_ca"": 18,   ""self_reported_interpersonal_ca"": 12,   ""self_reported_band_group"": ""moderate"",   ""self_reported_band_interpersonal"": ""low"" }",,18,12,moderate,low
b84da9244bc40253f8033bc91bb13f3c5081e69f45392c285bb267e08da2cc98__v3_public_transit,b84da9244bc40253f8033bc91bb13f3c5081e69f45392c285bb267e08da2cc98,v3_public_transit,vllm,casperhansen/llama-3.3-70b-instruct-awq,"{   ""self_reported_group_ca"": 18,   ""self_reported_interpersonal_ca"": 12,   ""self_reported_band_group"": ""moderate"",   ""self_reported_band_interpersonal"": ""low"" }",,18,12,moderate,low
b84da9244bc40253f8033bc91bb13f3c5081e69f45392c285bb267e08da2cc98__v3_voice,b84da9244bc40253f8033bc91bb13f3c5081e69f45392c285bb267e08da2cc98,v3_voice,vllm,casperhansen/llama-3.3-70b-instruct-awq,"{   ""self_reported_group_ca"": 18,   ""self_reported_interpersonal_ca"": 12,   ""self_reported_band_group"": ""moderate"",   ""self_reported_band_interpersonal"": ""low"" }",,18,12,moderate,low
42a8de8ef09691d7100970bdd46304a2f2e92b3b4eb526b617111e5db598f80d__demos,42a8de8ef09691d7100970bdd46304a2f2e92b3b4eb526b617111e5db598f80d,demos,vllm,casperhansen/llama-3.3-70b-instruct-awq,"{   ""self_reported_group_ca"": 18,   ""self_reported_interpersonal_ca"": 12,   ""self_reported_band_group"": ""moderate"",   ""self_reported_band_interpersonal"": ""low"" }",,18,12,moderate,low
42a8de8ef09691d7100970bdd46304a2f2e92b3b4eb526b617111e5db598f80d__employment,42a8de8ef09691d7100970bdd46304a2f2e92b3b4eb526b617111e5db598f80d,employment,vllm,casperhansen/llama-3.3-70b-instruct-awq,"{   ""self_reported_group_ca"": 18,   ""self_reported_interpersonal_ca"": 12,   ""self_reported_band_group"": ""moderate"",   ""self_reported_band_interpersonal"": ""low"" }",,18,12,moderate,low
42a8de8ef09691d7100970bdd46304a2f2e92b3b4eb526b617111e5db598f80d__geo,42a8de8ef09691d7100970bdd46304a2f2e92b3b4eb526b617111e5db598f80d,geo,vllm,casperhansen/llama-3.3-70b-instruct-awq,"{   ""self_reported_group_ca"": 18,   ""self_reported_interpersonal_ca"": 12,   ""self_reported_band_group"": ""moderate"",   ""self_reported_band_interpersonal"": ""low"" }",,18,12,moderate,low
42a8de8ef09691d7100970bdd46304a2f2e92b3b4eb526b617111e5db598f80d__transit,42a8de8ef09691d7100970bdd46304a2f2e92b3b4eb526b617111e5db598f80d,transit,vllm,casperhansen/llama-3.3-70b-instruct-awq,"{   ""self_reported_group_ca"": 18,   ""self_reported_interpersonal_ca"": 12,   ""self_reported_band_group"": ""moderate"",   ""self_reported_band_interpersonal"": ""low"" }",,18,12,moderate,low
42a8de8ef09691d7100970bdd46304a2f2e92b3b4eb526b617111e5db598f80d__full,42a8de8ef09691d7100970bdd46304a2f2e92b3b4eb526b617111e5db598f80d,full,vllm,casperhansen/llama-3.3-70b-instruct-awq,"{   ""self_reported_group_ca"": 18,   ""self_reported_interpersonal_ca"": 12,   ""self_reported_band_group"": ""moderate"",   ""self_reported_band_interpersonal"": ""low"" }",,18,12,moderate,low
42a8de8ef09691d7100970bdd46304a2f2e92b3b4eb526b617111e5db598f80d__v3_rideshare,42a8de8ef09691d7100970bdd46304a2f2e92b3b4eb526b617111e5db598f80d,v3_rideshare,vllm,casperhansen/llama-3.3-70b-instruct-awq,"{   ""self_reported_group_ca"": 18,   ""self_reported_interpersonal_ca"": 12,   ""self_reported_band_group"": ""moderate"",   ""self_reported_band_interpersonal"": ""low"" }",,18,12,moderate,low
42a8de8ef09691d7100970bdd46304a2f2e92b3b4eb526b617111e5db598f80d__v3_public_transit,42a8de8ef09691d7100970bdd46304a2f2e92b3b4eb526b617111e5db598f80d,v3_public_transit,vllm,casperhansen/llama-3.3-70b-instruct-awq,"{   ""self_reported_group_ca"": 18,   ""self_reported_interpersonal_ca"": 12,   ""self_reported_band_group"": ""moderate"",   ""self_reported_band_interpersonal"": ""low"" }",,18,12,moderate,low
42a8de8ef09691d7100970bdd46304a2f2e92b3b4eb526b617111e5db598f80d__v3_voice,42a8de8ef09691d7100970bdd46304a2f2e92b3b4eb526b617111e5db598f80d,v3_voice,vllm,casperhansen/llama-3.3-70b-instruct-awq,"{   ""self_reported_group_ca"": 18,   ""self_reported_interpersonal_ca"": 12,   ""self_reported_band_group"": ""moderate"",   ""self_reported_band_interpersonal"": ""low"" }",,18,12,moderate,low
d3c5b8e8974659d201e51e5f17d4679a3aa00884ece815d4ace340a4f7b63b4c__demos,d3c5b8e8974659d201e51e5f17d4679a3aa00884ece815d4ace340a4f7b63b4c,demos,vllm,casperhansen/llama-3.3-70b-instruct-awq,"{   ""self_reported_group_ca"": 18,   ""self_reported_interpersonal_ca"": 12,   ""self_reported_band_group"": ""moderate"",   ""self_reported_band_interpersonal"": ""low"" }",,18,12,moderate,low
d3c5b8e8974659d201e51e5f17d4679a3aa00884ece815d4ace340a4f7b63b4c__employment,d3c5b8e8974659d201e51e5f17d4679a3aa00884ece815d4ace340a4f7b63b4c,employment,vllm,casperhansen/llama-3.3-70b-instruct-awq,"{   ""self_reported_group_ca"": 18,   ""self_reported_interpersonal_ca"": 12,   ""self_reported_band_group"": ""moderate"",   ""self_reported_band_interpersonal"": ""low"" }",,18,12,moderate,low
d3c5b8e8974659d201e51e5f17d4679a3aa00884ece815d4ace340a4f7b63b4c__geo,d3c5b8e8974659d201e51e5f17d4679a3aa00884ece815d4ace340a4f7b63b4c,geo,vllm,casperhansen/llama-3.3-70b-instruct-awq,"{   ""self_reported_group_ca"": 18,   ""self_reported_interpersonal_ca"": 12,   ""self_reported_band_group"": ""moderate"",   ""self_reported_band_interpersonal"": ""low"" }",,18,12,moderate,low
d3c5b8e8974659d201e51e5f17d4679a3aa00884ece815d4ace340a4f7b63b4c__transit,d3c5b8e8974659d201e51e5f17d4679a3aa00884ece815d4ace340a4f7b63b4c,transit,vllm,casperhansen/llama-3.3-70b-instruct-awq,"{   ""self_reported_group_ca"": 18,   ""self_reported_interpersonal_ca"": 12,   ""self_reported_band_group"": ""moderate"",   ""self_reported_band_interpersonal"": ""low"" }",,18,12,moderate,low
d3c5b8e8974659d201e51e5f17d4679a3aa00884ece815d4ace340a4f7b63b4c__full,d3c5b8e8974659d201e51e5f17d4679a3aa00884ece815d4ace340a4f7b63b4c,full,vllm,casperhansen/llama-3.3-70b-instruct-awq,"{   ""self_reported_group_ca"": 18,   ""self_reported_interpersonal_ca"": 12,   ""self_reported_band_group"": ""moderate"",   ""self_reported_band_interpersonal"": ""low"" }",,18,12,moderate,low
d3c5b8e8974659d201e51e5f17d4679a3aa00884ece815d4ace340a4f7b63b4c__v3_rideshare,d3c5b8e8974659d201e51e5f17d4679a3aa00884ece815d4ace340a4f7b63b4c,v3_rideshare,vllm,casperhansen/llama-3.3-70b-instruct-awq,"{   ""self_reported_group_ca"": 18,   ""self_reported_interpersonal_ca"": 12,   ""self_reported_band_group"": ""moderate"",   ""self_reported_band_interpersonal"": ""low"" }",,18,12,moderate,low
d3c5b8e8974659d201e51e5f17d4679a3aa00884ece815d4ace340a4f7b63b4c__v3_public_transit,d3c5b8e8974659d201e51e5f17d4679a3aa00884ece815d4ace340a4f7b63b4c,v3_public_transit,vllm,casperhansen/llama-3.3-70b-instruct-awq,"{   ""self_reported_group_ca"": 18,   ""self_reported_interpersonal_ca"": 12,   ""self_reported_band_group"": ""moderate"",   ""self_reported_band_interpersonal"": ""low"" }",,18,12,moderate,low
d3c5b8e8974659d201e51e5f17d4679a3aa00884ece815d4ace340a4f7b63b4c__v3_voice,d3c5b8e8974659d201e51e5f17d4679a3aa00884ece815d4ace340a4f7b63b4c,v3_voice,vllm,casperhansen/llama-3.3-70b-instruct-awq,"{   ""self_reported_group_ca"": 18,   ""self_reported_interpersonal_ca"": 12,   ""self_reported_band_group"": ""moderate"",   ""self_reported_band_interpersonal"": ""low"" }",,18,12,moderate,low
4d2636ad20c055a0424fc4b05384b67c0fddd7345505b86e42f37e936deadea9__demos,4d2636ad20c055a0424fc4b05384b67c0fddd7345505b86e42f37e936deadea9,demos,vllm,casperhansen/llama-3.3-70b-instruct-awq,"{   ""self_reported_group_ca"": 18,   ""self_reported_interpersonal_ca"": 12,   ""self_reported_band_group"": ""moderate"",   ""self_reported_band_interpersonal"": ""low"" }",,18,12,moderate,low
4d2636ad20c055a0424fc4b05384b67c0fddd7345505b86e42f37e936deadea9__employment,4d2636ad20c055a0424fc4b05384b67c0fddd7345505b86e42f37e936deadea9,employment,vllm,casperhansen/llama-3.3-70b-instruct-awq,"{   ""self_reported_group_ca"": 18,   ""self_reported_interpersonal_ca"": 12,   ""self_reported_band_group"": ""moderate"",   ""self_reported_band_interpersonal"": ""low"" }",,18,12,moderate,low
4d2636ad20c055a0424fc4b05384b67c0fddd7345505b86e42f37e936deadea9__geo,4d2636ad20c055a0424fc4b05384b67c0fddd7345505b86e42f37e936deadea9,geo,vllm,casperhansen/llama-3.3-70b-instruct-awq,"{   ""self_reported_group_ca"": 18,   ""self_reported_interpersonal_ca"": 12,   ""self_reported_band_group"": ""moderate"",   ""self_reported_band_interpersonal"": ""low"" }",,18,12,moderate,low
4d2636ad20c055a0424fc4b05384b67c0fddd7345505b86e42f37e936deadea9__transit,4d2636ad20c055a0424fc4b05384b67c0fddd7345505b86e42f37e936deadea9,transit,vllm,casperhansen/llama-3.3-70b-instruct-awq,"{   ""self_reported_group_ca"": 18,   ""self_reported_interpersonal_ca"": 12,   ""self_reported_band_group"": ""moderate"",   ""self_reported_band_interpersonal"": ""low"" }",,18,12,moderate,low
4d2636ad20c055a0424fc4b05384b67c0fddd7345505b86e42f37e936deadea9__full,4d2636ad20c055a0424fc4b05384b67c0fddd7345505b86e42f37e936deadea9,full,vllm,casperhansen/llama-3.3-70b-instruct-awq,"{   ""self_reported_group_ca"": 18,   ""self_reported_interpersonal_ca"": 12,   ""self_reported_band_group"": ""moderate"",   ""self_reported_band_interpersonal"": ""low"" }",,18,12,moderate,low
4d2636ad20c055a0424fc4b05384b67c0fddd7345505b86e42f37e936deadea9__v3_rideshare,4d2636ad20c055a0424fc4b05384b67c0fddd7345505b86e42f37e936deadea9,v3_rideshare,vllm,casperhansen/llama-3.3-70b-instruct-awq,"{   ""self_reported_group_ca"": 18,   ""self_reported_interpersonal_ca"": 12,   ""self_reported_band_group"": ""moderate"",   ""self_reported_band_interpersonal"": ""low"" }",,18,12,moderate,low
4d2636ad20c055a0424fc4b05384b67c0fddd7345505b86e42f37e936deadea9__v3_public_transit,4d2636ad20c055a0424fc4b05384b67c0fddd7345505b86e42f37e936deadea9,v3_public_transit,vllm,casperhansen/llama-3.3-70b-instruct-awq,"{   ""self_reported_group_ca"": 18,   ""self_reported_interpersonal_ca"": 12,   ""self_reported_band_group"": ""moderate"",   ""self_reported_band_interpersonal"": ""low"" }",,18,12,moderate,low
4d2636ad20c055a0424fc4b05384b67c0fddd7345505b86e42f37e936deadea9__v3_voice,4d2636ad20c055a0424fc4b05384b67c0fddd7345505b86e42f37e936deadea9,v3_voice,vllm,casperhansen/llama-3.3-70b-instruct-awq,"{   ""self_reported_group_ca"": 18,   ""self_reported_interpersonal_ca"": 12,   ""self_reported_band_group"": ""moderate"",   ""self_reported_band_interpersonal"": ""low"" }",,18,12,moderate,low
74cdd143e43b6f3acdefaab72f024f252daf345eea4ef641ec4418114fb420d0__demos,74cdd143e43b6f3acdefaab72f024f252daf345eea4ef641ec4418114fb420d0,demos,vllm,casperhansen/llama-3.3-70b-instruct-awq,"{   ""self_reported_group_ca"": 18,   ""self_reported_interpersonal_ca"": 12,   ""self_reported_band_group"": ""moderate"",   ""self_reported_band_interpersonal"": ""low"" }",,18,12,moderate,low
74cdd143e43b6f3acdefaab72f024f252daf345eea4ef641ec4418114fb420d0__employment,74cdd143e43b6f3acdefaab72f024f252daf345eea4ef641ec4418114fb420d0,employment,vllm,casperhansen/llama-3.3-70b-instruct-awq,"{   ""self_reported_group_ca"": 18,   ""self_reported_interpersonal_ca"": 12,   ""self_reported_band_group"": ""moderate"",   ""self_reported_band_interpersonal"": ""low"" }",,18,12,moderate,low
74cdd143e43b6f3acdefaab72f024f252daf345eea4ef641ec4418114fb420d0__geo,74cdd143e43b6f3acdefaab72f024f252daf345eea4ef641ec4418114fb420d0,geo,vllm,casperhansen/llama-3.3-70b-instruct-awq,"{   ""self_reported_group_ca"": 18,   ""self_reported_interpersonal_ca"": 12,   ""self_reported_band_group"": ""moderate"",   ""self_reported_band_interpersonal"": ""low"" }",,18,12,moderate,low
74cdd143e43b6f3acdefaab72f024f252daf345eea4ef641ec4418114fb420d0__transit,74cdd143e43b6f3acdefaab72f024f252daf345eea4ef641ec4418114fb420d0,transit,vllm,casperhansen/llama-3.3-70b-instruct-awq,"{   ""self_reported_group_ca"": 18,   ""self_reported_interpersonal_ca"": 12,   ""self_reported_band_group"": ""moderate"",   ""self_reported_band_interpersonal"": ""low"" }",,18,12,moderate,low
74cdd143e43b6f3acdefaab72f024f252daf345eea4ef641ec4418114fb420d0__full,74cdd143e43b6f3acdefaab72f024f252daf345eea4ef641ec4418114fb420d0,full,vllm,casperhansen/llama-3.3-70b-instruct-awq,"{   ""self_reported_group_ca"": 18,   ""self_reported_interpersonal_ca"": 12,   ""self_reported_band_group"": ""moderate"",   ""self_reported_band_interpersonal"": ""low"" }",,18,12,moderate,low
74cdd143e43b6f3acdefaab72f024f252daf345eea4ef641ec4418114fb420d0__v3_rideshare,74cdd143e43b6f3acdefaab72f024f252daf345eea4ef641ec4418114fb420d0,v3_rideshare,vllm,casperhansen/llama-3.3-70b-instruct-awq,"{   ""self_reported_group_ca"": 18,   ""self_reported_interpersonal_ca"": 12,   ""self_reported_band_group"": ""moderate"",   ""self_reported_band_interpersonal"": ""low"" }",,18,12,moderate,low
74cdd143e43b6f3acdefaab72f024f252daf345eea4ef641ec4418114fb420d0__v3_public_transit,74cdd143e43b6f3acdefaab72f024f252daf345eea4ef641ec4418114fb420d0,v3_public_transit,vllm,casperhansen/llama-3.3-70b-instruct-awq,"{   ""self_reported_group_ca"": 18,   ""self_reported_interpersonal_ca"": 12,   ""self_reported_band_group"": ""moderate"",   ""self_reported_band_interpersonal"": ""low"" }",,18,12,moderate,low
74cdd143e43b6f3acdefaab72f024f252daf345eea4ef641ec4418114fb420d0__v3_voice,74cdd143e43b6f3acdefaab72f024f252daf345eea4ef641ec4418114fb420d0,v3_voice,vllm,casperhansen/llama-3.3-70b-instruct-awq,"{   ""self_reported_group_ca"": 18,   ""self_reported_interpersonal_ca"": 12,   ""self_reported_band_group"": ""moderate"",   ""self_reported_band_interpersonal"": ""low"" }",,18,12,moderate,low
6d6f55dea82199ee328964c762a064a24b41ffcacac1e2e7e9efcf064c9828e0__demos,6d6f55dea82199ee328964c762a064a24b41ffcacac1e2e7e9efcf064c9828e0,demos,vllm,casperhansen/llama-3.3-70b-instruct-awq,"{   ""self_reported_group_ca"": 18,   ""self_reported_interpersonal_ca"": 12,   ""self_reported_band_group"": ""moderate"",   ""self_reported_band_interpersonal"": ""low"" }",,18,12,moderate,low
6d6f55dea82199ee328964c762a064a24b41ffcacac1e2e7e9efcf064c9828e0__employment,6d6f55dea82199ee328964c762a064a24b41ffcacac1e2e7e9efcf064c9828e0,employment,vllm,casperhansen/llama-3.3-70b-instruct-awq,"{   ""self_reported_group_ca"": 18,   ""self_reported_interpersonal_ca"": 12,   ""self_reported_band_group"": ""moderate"",   ""self_reported_band_interpersonal"": ""low"" }",,18,12,moderate,low
6d6f55dea82199ee328964c762a064a24b41ffcacac1e2e7e9efcf064c9828e0__geo,6d6f55dea82199ee328964c762a064a24b41ffcacac1e2e7e9efcf064c9828e0,geo,vllm,casperhansen/llama-3.3-70b-instruct-awq,"{   ""self_reported_group_ca"": 18,   ""self_reported_interpersonal_ca"": 12,   ""self_reported_band_group"": ""moderate"",   ""self_reported_band_interpersonal"": ""low"" }",,18,12,moderate,low
6d6f55dea82199ee328964c762a064a24b41ffcacac1e2e7e9efcf064c9828e0__transit,6d6f55dea82199ee328964c762a064a24b41ffcacac1e2e7e9efcf064c9828e0,transit,vllm,casperhansen/llama-3.3-70b-instruct-awq,"{   ""self_reported_group_ca"": 18,   ""self_reported_interpersonal_ca"": 12,   ""self_reported_band_group"": ""moderate"",   ""self_reported_band_interpersonal"": ""low"" }",,18,12,moderate,low
6d6f55dea82199ee328964c762a064a24b41ffcacac1e2e7e9efcf064c9828e0__full,6d6f55dea82199ee328964c762a064a24b41ffcacac1e2e7e9efcf064c9828e0,full,vllm,casperhansen/llama-3.3-70b-instruct-awq,"{   ""self_reported_group_ca"": 18,   ""self_reported_interpersonal_ca"": 12,   ""self_reported_band_group"": ""moderate"",   ""self_reported_band_interpersonal"": ""low"" }",,18,12,moderate,low
6d6f55dea82199ee328964c762a064a24b41ffcacac1e2e7e9efcf064c9828e0__v3_rideshare,6d6f55dea82199ee328964c762a064a24b41ffcacac1e2e7e9efcf064c9828e0,v3_rideshare,vllm,casperhansen/llama-3.3-70b-instruct-awq,"{   ""self_reported_group_ca"": 18,   ""self_reported_interpersonal_ca"": 12,   ""self_reported_band_group"": ""moderate"",   ""self_reported_band_interpersonal"": ""low"" }",,18,12,moderate,low
6d6f55dea82199ee328964c762a064a24b41ffcacac1e2e7e9efcf064c9828e0__v3_public_transit,6d6f55dea82199ee328964c762a064a24b41ffcacac1e2e7e9efcf064c9828e0,v3_public_transit,vllm,casperhansen/llama-3.3-70b-instruct-awq,"{   ""self_reported_group_ca"": 18,   ""self_reported_interpersonal_ca"": 12,   ""self_reported_band_group"": ""moderate"",   ""self_reported_band_interpersonal"": ""low"" }",,18,12,moderate,low
6d6f55dea82199ee328964c762a064a24b41ffcacac1e2e7e9efcf064c9828e0__v3_voice,6d6f55dea82199ee328964c762a064a24b41ffcacac1e2e7e9efcf064c9828e0,v3_voice,vllm,casperhansen/llama-3.3-70b-instruct-awq,"{   ""self_reported_group_ca"": 18,   ""self_reported_interpersonal_ca"": 12,   ""self_reported_band_group"": ""moderate"",   ""self_reported_band_interpersonal"": ""low"" }",,18,12,moderate,low
aac87b1d9f02e48da0b94297f1353bec2c0057d8ca6e15616562b9303d3aec69__demos,aac87b1d9f02e48da0b94297f1353bec2c0057d8ca6e15616562b9303d3aec69,demos,vllm,casperhansen/llama-3.3-70b-instruct-awq,"{   ""self_reported_group_ca"": 18,   ""self_reported_interpersonal_ca"": 12,   ""self_reported_band_group"": ""moderate"",   ""self_reported_band_interpersonal"": ""low"" }",,18,12,moderate,low
aac87b1d9f02e48da0b94297f1353bec2c0057d8ca6e15616562b9303d3aec69__employment,aac87b1d9f02e48da0b94297f1353bec2c0057d8ca6e15616562b9303d3aec69,employment,vllm,casperhansen/llama-3.3-70b-instruct-awq,"{   ""self_reported_group_ca"": 18,   ""self_reported_interpersonal_ca"": 12,   ""self_reported_band_group"": ""moderate"",   ""self_reported_band_interpersonal"": ""low"" }",,18,12,moderate,low
aac87b1d9f02e48da0b94297f1353bec2c0057d8ca6e15616562b9303d3aec69__geo,aac87b1d9f02e48da0b94297f1353bec2c0057d8ca6e15616562b9303d3aec69,geo,vllm,casperhansen/llama-3.3-70b-instruct-awq,"{   ""self_reported_group_ca"": 18,   ""self_reported_interpersonal_ca"": 12,   ""self_reported_band_group"": ""moderate"",   ""self_reported_band_interpersonal"": ""low"" }",,18,12,moderate,low
aac87b1d9f02e48da0b94297f1353bec2c0057d8ca6e15616562b9303d3aec69__transit,aac87b1d9f02e48da0b94297f1353bec2c0057d8ca6e15616562b9303d3aec69,transit,vllm,casperhansen/llama-3.3-70b-instruct-awq,"{   ""self_reported_group_ca"": 18,   ""self_reported_interpersonal_ca"": 12,   ""self_reported_band_group"": ""moderate"",   ""self_reported_band_interpersonal"": ""low"" }",,18,12,moderate,low
aac87b1d9f02e48da0b94297f1353bec2c0057d8ca6e15616562b9303d3aec69__full,aac87b1d9f02e48da0b94297f1353bec2c0057d8ca6e15616562b9303d3aec69,full,vllm,casperhansen/llama-3.3-70b-instruct-awq,"{   ""self_reported_group_ca"": 18,   ""self_reported_interpersonal_ca"": 12,   ""self_reported_band_group"": ""moderate"",   ""self_reported_band_interpersonal"": ""low"" }",,18,12,moderate,low
aac87b1d9f02e48da0b94297f1353bec2c0057d8ca6e15616562b9303d3aec69__v3_rideshare,aac87b1d9f02e48da0b94297f1353bec2c0057d8ca6e15616562b9303d3aec69,v3_rideshare,vllm,casperhansen/llama-3.3-70b-instruct-awq,"{   ""self_reported_group_ca"": 18,   ""self_reported_interpersonal_ca"": 12,   ""self_reported_band_group"": ""moderate"",   ""self_reported_band_interpersonal"": ""low"" }",,18,12,moderate,low
aac87b1d9f02e48da0b94297f1353bec2c0057d8ca6e15616562b9303d3aec69__v3_public_transit,aac87b1d9f02e48da0b94297f1353bec2c0057d8ca6e15616562b9303d3aec69,v3_public_transit,vllm,casperhansen/llama-3.3-70b-instruct-awq,"{   ""self_reported_group_ca"": 18,   ""self_reported_interpersonal_ca"": 12,   ""self_reported_band_group"": ""moderate"",   ""self_reported_band_interpersonal"": ""low"" }",,18,12,moderate,low
aac87b1d9f02e48da0b94297f1353bec2c0057d8ca6e15616562b9303d3aec69__v3_voice,aac87b1d9f02e48da0b94297f1353bec2c0057d8ca6e15616562b9303d3aec69,v3_voice,vllm,casperhansen/llama-3.3-70b-instruct-awq,"{   ""self_reported_group_ca"": 18,   ""self_reported_interpersonal_ca"": 12,   ""self_reported_band_group"": ""moderate"",   ""self_reported_band_interpersonal"": ""low"" }",,18,12,moderate,low
e0c7f7fdb941d16c191a2c26f534fa43364445ac13d977c415289f443db4a1d8__demos,e0c7f7fdb941d16c191a2c26f534fa43364445ac13d977c415289f443db4a1d8,demos,vllm,casperhansen/llama-3.3-70b-instruct-awq,"{   ""self_reported_group_ca"": 18,   ""self_reported_interpersonal_ca"": 12,   ""self_reported_band_group"": ""moderate"",   ""self_reported_band_interpersonal"": ""low"" }",,18,12,moderate,low
e0c7f7fdb941d16c191a2c26f534fa43364445ac13d977c415289f443db4a1d8__employment,e0c7f7fdb941d16c191a2c26f534fa43364445ac13d977c415289f443db4a1d8,employment,vllm,casperhansen/llama-3.3-70b-instruct-awq,"{   ""self_reported_group_ca"": 18,   ""self_reported_interpersonal_ca"": 12,   ""self_reported_band_group"": ""moderate"",   ""self_reported_band_interpersonal"": ""low"" }",,18,12,moderate,low
e0c7f7fdb941d16c191a2c26f534fa43364445ac13d977c415289f443db4a1d8__geo,e0c7f7fdb941d16c191a2c26f534fa43364445ac13d977c415289f443db4a1d8,geo,vllm,casperhansen/llama-3.3-70b-instruct-awq,"{   ""self_reported_group_ca"": 18,   ""self_reported_interpersonal_ca"": 12,   ""self_reported_band_group"": ""moderate"",   ""self_reported_band_interpersonal"": ""low"" }",,18,12,moderate,low
e0c7f7fdb941d16c191a2c26f534fa43364445ac13d977c415289f443db4a1d8__transit,e0c7f7fdb941d16c191a2c26f534fa43364445ac13d977c415289f443db4a1d8,transit,vllm,casperhansen/llama-3.3-70b-instruct-awq,"{   ""self_reported_group_ca"": 18,   ""self_reported_interpersonal_ca"": 12,   ""self_reported_band_group"": ""moderate"",   ""self_reported_band_interpersonal"": ""low"" }",,18,12,moderate,low
e0c7f7fdb941d16c191a2c26f534fa43364445ac13d977c415289f443db4a1d8__full,e0c7f7fdb941d16c191a2c26f534fa43364445ac13d977c415289f443db4a1d8,full,vllm,casperhansen/llama-3.3-70b-instruct-awq,"{   ""self_reported_group_ca"": 18,   ""self_reported_interpersonal_ca"": 12,   ""self_reported_band_group"": ""moderate"",   ""self_reported_band_interpersonal"": ""low"" }",,18,12,moderate,low
e0c7f7fdb941d16c191a2c26f534fa43364445ac13d977c415289f443db4a1d8__v3_rideshare,e0c7f7fdb941d16c191a2c26f534fa43364445ac13d977c415289f443db4a1d8,v3_rideshare,vllm,casperhansen/llama-3.3-70b-instruct-awq,"{   ""self_reported_group_ca"": 18,   ""self_reported_interpersonal_ca"": 12,   ""self_reported_band_group"": ""moderate"",   ""self_reported_band_interpersonal"": ""low"" }",,18,12,moderate,low
e0c7f7fdb941d16c191a2c26f534fa43364445ac13d977c415289f443db4a1d8__v3_public_transit,e0c7f7fdb941d16c191a2c26f534fa43364445ac13d977c415289f443db4a1d8,v3_public_transit,vllm,casperhansen/llama-3.3-70b-instruct-awq,"{   ""self_reported_group_ca"": 18,   ""self_reported_interpersonal_ca"": 12,   ""self_reported_band_group"": ""moderate"",   ""self_reported_band_interpersonal"": ""low"" }",,18,12,moderate,low
e0c7f7fdb941d16c191a2c26f534fa43364445ac13d977c415289f443db4a1d8__v3_voice,e0c7f7fdb941d16c191a2c26f534fa43364445ac13d977c415289f443db4a1d8,v3_voice,vllm,casperhansen/llama-3.3-70b-instruct-awq,"{   ""self_reported_group_ca"": 18,   ""self_reported_interpersonal_ca"": 12,   ""self_reported_band_group"": ""moderate"",   ""self_reported_band_interpersonal"": ""low"" }",,18,12,moderate,low
2ec6d46dd4fd933499847e83eb4d8322bca18d5440e8a5967652996718052950__demos,2ec6d46dd4fd933499847e83eb4d8322bca18d5440e8a5967652996718052950,demos,vllm,casperhansen/llama-3.3-70b-instruct-awq,"{   ""self_reported_group_ca"": 18,   ""self_reported_interpersonal_ca"": 12,   ""self_reported_band_group"": ""moderate"",   ""self_reported_band_interpersonal"": ""low"" }",,18,12,moderate,low
2ec6d46dd4fd933499847e83eb4d8322bca18d5440e8a5967652996718052950__employment,2ec6d46dd4fd933499847e83eb4d8322bca18d5440e8a5967652996718052950,employment,vllm,casperhansen/llama-3.3-70b-instruct-awq,"{   ""self_reported_group_ca"": 18,   ""self_reported_interpersonal_ca"": 12,   ""self_reported_band_group"": ""moderate"",   ""self_reported_band_interpersonal"": ""low"" }",,18,12,moderate,low
2ec6d46dd4fd933499847e83eb4d8322bca18d5440e8a5967652996718052950__geo,2ec6d46dd4fd933499847e83eb4d8322bca18d5440e8a5967652996718052950,geo,vllm,casperhansen/llama-3.3-70b-instruct-awq,"{   ""self_reported_group_ca"": 18,   ""self_reported_interpersonal_ca"": 12,   ""self_reported_band_group"": ""moderate"",   ""self_reported_band_interpersonal"": ""low"" }",,18,12,moderate,low
2ec6d46dd4fd933499847e83eb4d8322bca18d5440e8a5967652996718052950__transit,2ec6d46dd4fd933499847e83eb4d8322bca18d5440e8a5967652996718052950,transit,vllm,casperhansen/llama-3.3-70b-instruct-awq,"{   ""self_reported_group_ca"": 18,   ""self_reported_interpersonal_ca"": 12,   ""self_reported_band_group"": ""moderate"",   ""self_reported_band_interpersonal"": ""low"" }",,18,12,moderate,low
2ec6d46dd4fd933499847e83eb4d8322bca18d5440e8a5967652996718052950__full,2ec6d46dd4fd933499847e83eb4d8322bca18d5440e8a5967652996718052950,full,vllm,casperhansen/llama-3.3-70b-instruct-awq,"{   ""self_reported_group_ca"": 18,   ""self_reported_interpersonal_ca"": 12,   ""self_reported_band_group"": ""moderate"",   ""self_reported_band_interpersonal"": ""low"" }",,18,12,moderate,low
2ec6d46dd4fd933499847e83eb4d8322bca18d5440e8a5967652996718052950__v3_rideshare,2ec6d46dd4fd933499847e83eb4d8322bca18d5440e8a5967652996718052950,v3_rideshare,vllm,casperhansen/llama-3.3-70b-instruct-awq,"{   ""self_reported_group_ca"": 18,   ""self_reported_interpersonal_ca"": 12,   ""self_reported_band_group"": ""moderate"",   ""self_reported_band_interpersonal"": ""low"" }",,18,12,moderate,low
2ec6d46dd4fd933499847e83eb4d8322bca18d5440e8a5967652996718052950__v3_public_transit,2ec6d46dd4fd933499847e83eb4d8322bca18d5440e8a5967652996718052950,v3_public_transit,vllm,casperhansen/llama-3.3-70b-instruct-awq,"{   ""self_reported_group_ca"": 18,   ""self_reported_interpersonal_ca"": 12,   ""self_reported_band_group"": ""moderate"",   ""self_reported_band_interpersonal"": ""low"" }",,18,12,moderate,low
2ec6d46dd4fd933499847e83eb4d8322bca18d5440e8a5967652996718052950__v3_voice,2ec6d46dd4fd933499847e83eb4d8322bca18d5440e8a5967652996718052950,v3_voice,vllm,casperhansen/llama-3.3-70b-instruct-awq,"{   ""self_reported_group_ca"": 18,   ""self_reported_interpersonal_ca"": 12,   ""self_reported_band_group"": ""moderate"",   ""self_reported_band_interpersonal"": ""low"" }",,18,12,moderate,low
0bf4a5b64f16f705af6ef63539257d40c83ca841ae98e786d8cab3a75d066510__demos,0bf4a5b64f16f705af6ef63539257d40c83ca841ae98e786d8cab3a75d066510,demos,vllm,casperhansen/llama-3.3-70b-instruct-awq,"{   ""self_reported_group_ca"": 18,   ""self_reported_interpersonal_ca"": 12,   ""self_reported_band_group"": ""moderate"",   ""self_reported_band_interpersonal"": ""low"" }",,18,12,moderate,low
0bf4a5b64f16f705af6ef63539257d40c83ca841ae98e786d8cab3a75d066510__employment,0bf4a5b64f16f705af6ef63539257d40c83ca841ae98e786d8cab3a75d066510,employment,vllm,casperhansen/llama-3.3-70b-instruct-awq,"{   ""self_reported_group_ca"": 18,   ""self_reported_interpersonal_ca"": 12,   ""self_reported_band_group"": ""moderate"",   ""self_reported_band_interpersonal"": ""low"" }",,18,12,moderate,low
0bf4a5b64f16f705af6ef63539257d40c83ca841ae98e786d8cab3a75d066510__geo,0bf4a5b64f16f705af6ef63539257d40c83ca841ae98e786d8cab3a75d066510,geo,vllm,casperhansen/llama-3.3-70b-instruct-awq,"{   ""self_reported_group_ca"": 18,   ""self_reported_interpersonal_ca"": 12,   ""self_reported_band_group"": ""moderate"",   ""self_reported_band_interpersonal"": ""low"" }",,18,12,moderate,low
0bf4a5b64f16f705af6ef63539257d40c83ca841ae98e786d8cab3a75d066510__transit,0bf4a5b64f16f705af6ef63539257d40c83ca841ae98e786d8cab3a75d066510,transit,vllm,casperhansen/llama-3.3-70b-instruct-awq,"{   ""self_reported_group_ca"": 18,   ""self_reported_interpersonal_ca"": 12,   ""self_reported_band_group"": ""moderate"",   ""self_reported_band_interpersonal"": ""low"" }",,18,12,moderate,low
0bf4a5b64f16f705af6ef63539257d40c83ca841ae98e786d8cab3a75d066510__full,0bf4a5b64f16f705af6ef63539257d40c83ca841ae98e786d8cab3a75d066510,full,vllm,casperhansen/llama-3.3-70b-instruct-awq,"{   ""self_reported_group_ca"": 18,   ""self_reported_interpersonal_ca"": 12,   ""self_reported_band_group"": ""moderate"",   ""self_reported_band_interpersonal"": ""low"" }",,18,12,moderate,low
0bf4a5b64f16f705af6ef63539257d40c83ca841ae98e786d8cab3a75d066510__v3_rideshare,0bf4a5b64f16f705af6ef63539257d40c83ca841ae98e786d8cab3a75d066510,v3_rideshare,vllm,casperhansen/llama-3.3-70b-instruct-awq,"{   ""self_reported_group_ca"": 18,   ""self_reported_interpersonal_ca"": 12,   ""self_reported_band_group"": ""moderate"",   ""self_reported_band_interpersonal"": ""low"" }",,18,12,moderate,low
0bf4a5b64f16f705af6ef63539257d40c83ca841ae98e786d8cab3a75d066510__v3_public_transit,0bf4a5b64f16f705af6ef63539257d40c83ca841ae98e786d8cab3a75d066510,v3_public_transit,vllm,casperhansen/llama-3.3-70b-instruct-awq,"{   ""self_reported_group_ca"": 18,   ""self_reported_interpersonal_ca"": 12,   ""self_reported_band_group"": ""moderate"",   ""self_reported_band_interpersonal"": ""low"" }",,18,12,moderate,low
0bf4a5b64f16f705af6ef63539257d40c83ca841ae98e786d8cab3a75d066510__v3_voice,0bf4a5b64f16f705af6ef63539257d40c83ca841ae98e786d8cab3a75d066510,v3_voice,vllm,casperhansen/llama-3.3-70b-instruct-awq,"{   ""self_reported_group_ca"": 18,   ""self_reported_interpersonal_ca"": 12,   ""self_reported_band_group"": ""moderate"",   ""self_reported_band_interpersonal"": ""low"" }",,18,12,moderate,low
a6be4ac159b038e6b53160afc668852bcc6da4cca25de4bae3aab83cc483ef78__demos,a6be4ac159b038e6b53160afc668852bcc6da4cca25de4bae3aab83cc483ef78,demos,vllm,casperhansen/llama-3.3-70b-instruct-awq,"{   ""self_reported_group_ca"": 18,   ""self_reported_interpersonal_ca"": 12,   ""self_reported_band_group"": ""moderate"",   ""self_reported_band_interpersonal"": ""low"" }",,18,12,moderate,low
a6be4ac159b038e6b53160afc668852bcc6da4cca25de4bae3aab83cc483ef78__employment,a6be4ac159b038e6b53160afc668852bcc6da4cca25de4bae3aab83cc483ef78,employment,vllm,casperhansen/llama-3.3-70b-instruct-awq,"{   ""self_reported_group_ca"": 18,   ""self_reported_interpersonal_ca"": 12,   ""self_reported_band_group"": ""moderate"",   ""self_reported_band_interpersonal"": ""low"" }",,18,12,moderate,low
a6be4ac159b038e6b53160afc668852bcc6da4cca25de4bae3aab83cc483ef78__geo,a6be4ac159b038e6b53160afc668852bcc6da4cca25de4bae3aab83cc483ef78,geo,vllm,casperhansen/llama-3.3-70b-instruct-awq,"{   ""self_reported_group_ca"": 18,   ""self_reported_interpersonal_ca"": 12,   ""self_reported_band_group"": ""moderate"",   ""self_reported_band_interpersonal"": ""low"" }",,18,12,moderate,low
a6be4ac159b038e6b53160afc668852bcc6da4cca25de4bae3aab83cc483ef78__transit,a6be4ac159b038e6b53160afc668852bcc6da4cca25de4bae3aab83cc483ef78,transit,vllm,casperhansen/llama-3.3-70b-instruct-awq,"{   ""self_reported_group_ca"": 18,   ""self_reported_interpersonal_ca"": 12,   ""self_reported_band_group"": ""moderate"",   ""self_reported_band_interpersonal"": ""low"" }",,18,12,moderate,low
a6be4ac159b038e6b53160afc668852bcc6da4cca25de4bae3aab83cc483ef78__full,a6be4ac159b038e6b53160afc668852bcc6da4cca25de4bae3aab83cc483ef78,full,vllm,casperhansen/llama-3.3-70b-instruct-awq,"{   ""self_reported_group_ca"": 18,   ""self_reported_interpersonal_ca"": 12,   ""self_reported_band_group"": ""moderate"",   ""self_reported_band_interpersonal"": ""low"" }",,18,12,moderate,low
a6be4ac159b038e6b53160afc668852bcc6da4cca25de4bae3aab83cc483ef78__v3_rideshare,a6be4ac159b038e6b53160afc668852bcc6da4cca25de4bae3aab83cc483ef78,v3_rideshare,vllm,casperhansen/llama-3.3-70b-instruct-awq,"{   ""self_reported_group_ca"": 18,   ""self_reported_interpersonal_ca"": 12,   ""self_reported_band_group"": ""moderate"",   ""self_reported_band_interpersonal"": ""low"" }",,18,12,moderate,low
a6be4ac159b038e6b53160afc668852bcc6da4cca25de4bae3aab83cc483ef78__v3_public_transit,a6be4ac159b038e6b53160afc668852bcc6da4cca25de4bae3aab83cc483ef78,v3_public_transit,vllm,casperhansen/llama-3.3-70b-instruct-awq,"{   ""self_reported_group_ca"": 18,   ""self_reported_interpersonal_ca"": 12,   ""self_reported_band_group"": ""moderate"",   ""self_reported_band_interpersonal"": ""low"" }",,18,12,moderate,low
a6be4ac159b038e6b53160afc668852bcc6da4cca25de4bae3aab83cc483ef78__v3_voice,a6be4ac159b038e6b53160afc668852bcc6da4cca25de4bae3aab83cc483ef78,v3_voice,vllm,casperhansen/llama-3.3-70b-instruct-awq,"{   ""self_reported_group_ca"": 18,   ""self_reported_interpersonal_ca"": 12,   ""self_reported_band_group"": ""moderate"",   ""self_reported_band_interpersonal"": ""low"" }",,18,12,moderate,low
1bd40f32f179f589604b8c5ce7c98f245da1456225ba20692e14c9bc6a7124fb__demos,1bd40f32f179f589604b8c5ce7c98f245da1456225ba20692e14c9bc6a7124fb,demos,vllm,casperhansen/llama-3.3-70b-instruct-awq,"{   ""self_reported_group_ca"": 18,   ""self_reported_interpersonal_ca"": 12,   ""self_reported_band_group"": ""moderate"",   ""self_reported_band_interpersonal"": ""low"" }",,18,12,moderate,low
1bd40f32f179f589604b8c5ce7c98f245da1456225ba20692e14c9bc6a7124fb__employment,1bd40f32f179f589604b8c5ce7c98f245da1456225ba20692e14c9bc6a7124fb,employment,vllm,casperhansen/llama-3.3-70b-instruct-awq,"{   ""self_reported_group_ca"": 18,   ""self_reported_interpersonal_ca"": 12,   ""self_reported_band_group"": ""moderate"",   ""self_reported_band_interpersonal"": ""low"" }",,18,12,moderate,low
1bd40f32f179f589604b8c5ce7c98f245da1456225ba20692e14c9bc6a7124fb__geo,1bd40f32f179f589604b8c5ce7c98f245da1456225ba20692e14c9bc6a7124fb,geo,vllm,casperhansen/llama-3.3-70b-instruct-awq,"{   ""self_reported_group_ca"": 18,   ""self_reported_interpersonal_ca"": 12,   ""self_reported_band_group"": ""moderate"",   ""self_reported_band_interpersonal"": ""low"" }",,18,12,moderate,low
1bd40f32f179f589604b8c5ce7c98f245da1456225ba20692e14c9bc6a7124fb__transit,1bd40f32f179f589604b8c5ce7c98f245da1456225ba20692e14c9bc6a7124fb,transit,vllm,casperhansen/llama-3.3-70b-instruct-awq,"{   ""self_reported_group_ca"": 18,   ""self_reported_interpersonal_ca"": 12,   ""self_reported_band_group"": ""moderate"",   ""self_reported_band_interpersonal"": ""low"" }",,18,12,moderate,low
1bd40f32f179f589604b8c5ce7c98f245da1456225ba20692e14c9bc6a7124fb__full,1bd40f32f179f589604b8c5ce7c98f245da1456225ba20692e14c9bc6a7124fb,full,vllm,casperhansen/llama-3.3-70b-instruct-awq,"{   ""self_reported_group_ca"": 18,   ""self_reported_interpersonal_ca"": 12,   ""self_reported_band_group"": ""moderate"",   ""self_reported_band_interpersonal"": ""low"" }",,18,12,moderate,low
1bd40f32f179f589604b8c5ce7c98f245da1456225ba20692e14c9bc6a7124fb__v3_rideshare,1bd40f32f179f589604b8c5ce7c98f245da1456225ba20692e14c9bc6a7124fb,v3_rideshare,vllm,casperhansen/llama-3.3-70b-instruct-awq,"{   ""self_reported_group_ca"": 18,   ""self_reported_interpersonal_ca"": 12,   ""self_reported_band_group"": ""moderate"",   ""self_reported_band_interpersonal"": ""low"" }",,18,12,moderate,low
1bd40f32f179f589604b8c5ce7c98f245da1456225ba20692e14c9bc6a7124fb__v3_public_transit,1bd40f32f179f589604b8c5ce7c98f245da1456225ba20692e14c9bc6a7124fb,v3_public_transit,vllm,casperhansen/llama-3.3-70b-instruct-awq,"{   ""self_reported_group_ca"": 18,   ""self_reported_interpersonal_ca"": 12,   ""self_reported_band_group"": ""moderate"",   ""self_reported_band_interpersonal"": ""low"" }",,18,12,moderate,low
1bd40f32f179f589604b8c5ce7c98f245da1456225ba20692e14c9bc6a7124fb__v3_voice,1bd40f32f179f589604b8c5ce7c98f245da1456225ba20692e14c9bc6a7124fb,v3_voice,vllm,casperhansen/llama-3.3-70b-instruct-awq,"{   ""self_reported_group_ca"": 18,   ""self_reported_interpersonal_ca"": 12,   ""self_reported_band_group"": ""moderate"",   ""self_reported_band_interpersonal"": ""low"" }",,18,12,moderate,low
844eb500254d91c59c46b13b4e2c9bb9c2bd487a3dfea1240570cee252a1b229__demos,844eb500254d91c59c46b13b4e2c9bb9c2bd487a3dfea1240570cee252a1b229,demos,vllm,casperhansen/llama-3.3-70b-instruct-awq,"{   ""self_reported_group_ca"": 18,   ""self_reported_interpersonal_ca"": 12,   ""self_reported_band_group"": ""moderate"",   ""self_reported_band_interpersonal"": ""low"" }",,18,12,moderate,low
844eb500254d91c59c46b13b4e2c9bb9c2bd487a3dfea1240570cee252a1b229__employment,844eb500254d91c59c46b13b4e2c9bb9c2bd487a3dfea1240570cee252a1b229,employment,vllm,casperhansen/llama-3.3-70b-instruct-awq,"{   ""self_reported_group_ca"": 18,   ""self_reported_interpersonal_ca"": 12,   ""self_reported_band_group"": ""moderate"",   ""self_reported_band_interpersonal"": ""low"" }",,18,12,moderate,low
844eb500254d91c59c46b13b4e2c9bb9c2bd487a3dfea1240570cee252a1b229__geo,844eb500254d91c59c46b13b4e2c9bb9c2bd487a3dfea1240570cee252a1b229,geo,vllm,casperhansen/llama-3.3-70b-instruct-awq,"{   ""self_reported_group_ca"": 18,   ""self_reported_interpersonal_ca"": 12,   ""self_reported_band_group"": ""moderate"",   ""self_reported_band_interpersonal"": ""low"" }",,18,12,moderate,low
844eb500254d91c59c46b13b4e2c9bb9c2bd487a3dfea1240570cee252a1b229__transit,844eb500254d91c59c46b13b4e2c9bb9c2bd487a3dfea1240570cee252a1b229,transit,vllm,casperhansen/llama-3.3-70b-instruct-awq,"{   ""self_reported_group_ca"": 18,   ""self_reported_interpersonal_ca"": 12,   ""self_reported_band_group"": ""moderate"",   ""self_reported_band_interpersonal"": ""low"" }",,18,12,moderate,low
844eb500254d91c59c46b13b4e2c9bb9c2bd487a3dfea1240570cee252a1b229__full,844eb500254d91c59c46b13b4e2c9bb9c2bd487a3dfea1240570cee252a1b229,full,vllm,casperhansen/llama-3.3-70b-instruct-awq,"{   ""self_reported_group_ca"": 18,   ""self_reported_interpersonal_ca"": 12,   ""self_reported_band_group"": ""moderate"",   ""self_reported_band_interpersonal"": ""low"" }",,18,12,moderate,low
844eb500254d91c59c46b13b4e2c9bb9c2bd487a3dfea1240570cee252a1b229__v3_rideshare,844eb500254d91c59c46b13b4e2c9bb9c2bd487a3dfea1240570cee252a1b229,v3_rideshare,vllm,casperhansen/llama-3.3-70b-instruct-awq,"{   ""self_reported_group_ca"": 18,   ""self_reported_interpersonal_ca"": 12,   ""self_reported_band_group"": ""moderate"",   ""self_reported_band_interpersonal"": ""low"" }",,18,12,moderate,low
844eb500254d91c59c46b13b4e2c9bb9c2bd487a3dfea1240570cee252a1b229__v3_public_transit,844eb500254d91c59c46b13b4e2c9bb9c2bd487a3dfea1240570cee252a1b229,v3_public_transit,vllm,casperhansen/llama-3.3-70b-instruct-awq,"{   ""self_reported_group_ca"": 18,   ""self_reported_interpersonal_ca"": 12,   ""self_reported_band_group"": ""moderate"",   ""self_reported_band_interpersonal"": ""low"" }",,18,12,moderate,low
844eb500254d91c59c46b13b4e2c9bb9c2bd487a3dfea1240570cee252a1b229__v3_voice,844eb500254d91c59c46b13b4e2c9bb9c2bd487a3dfea1240570cee252a1b229,v3_voice,vllm,casperhansen/llama-3.3-70b-instruct-awq,"{   ""self_reported_group_ca"": 18,   ""self_reported_interpersonal_ca"": 12,   ""self_reported_band_group"": ""moderate"",   ""self_reported_band_interpersonal"": ""low"" }",,18,12,moderate,low
39a9136943f8a7886af88754707938890f970b883f9549819bf4c3315665c66a__demos,39a9136943f8a7886af88754707938890f970b883f9549819bf4c3315665c66a,demos,vllm,casperhansen/llama-3.3-70b-instruct-awq,"{   ""self_reported_group_ca"": 18,   ""self_reported_interpersonal_ca"": 12,   ""self_reported_band_group"": ""moderate"",   ""self_reported_band_interpersonal"": ""low"" }",,18,12,moderate,low
39a9136943f8a7886af88754707938890f970b883f9549819bf4c3315665c66a__employment,39a9136943f8a7886af88754707938890f970b883f9549819bf4c3315665c66a,employment,vllm,casperhansen/llama-3.3-70b-instruct-awq,"{   ""self_reported_group_ca"": 18,   ""self_reported_interpersonal_ca"": 12,   ""self_reported_band_group"": ""moderate"",   ""self_reported_band_interpersonal"": ""low"" }",,18,12,moderate,low
39a9136943f8a7886af88754707938890f970b883f9549819bf4c3315665c66a__geo,39a9136943f8a7886af88754707938890f970b883f9549819bf4c3315665c66a,geo,vllm,casperhansen/llama-3.3-70b-instruct-awq,"{   ""self_reported_group_ca"": 18,   ""self_reported_interpersonal_ca"": 12,   ""self_reported_band_group"": ""moderate"",   ""self_reported_band_interpersonal"": ""low"" }",,18,12,moderate,low
39a9136943f8a7886af88754707938890f970b883f9549819bf4c3315665c66a__transit,39a9136943f8a7886af88754707938890f970b883f9549819bf4c3315665c66a,transit,vllm,casperhansen/llama-3.3-70b-instruct-awq,"{   ""self_reported_group_ca"": 18,   ""self_reported_interpersonal_ca"": 12,   ""self_reported_band_group"": ""moderate"",   ""self_reported_band_interpersonal"": ""low"" }",,18,12,moderate,low
39a9136943f8a7886af88754707938890f970b883f9549819bf4c3315665c66a__full,39a9136943f8a7886af88754707938890f970b883f9549819bf4c3315665c66a,full,vllm,casperhansen/llama-3.3-70b-instruct-awq,"{   ""self_reported_group_ca"": 18,   ""self_reported_interpersonal_ca"": 12,   ""self_reported_band_group"": ""moderate"",   ""self_reported_band_interpersonal"": ""low"" }",,18,12,moderate,low
39a9136943f8a7886af88754707938890f970b883f9549819bf4c3315665c66a__v3_rideshare,39a9136943f8a7886af88754707938890f970b883f9549819bf4c3315665c66a,v3_rideshare,vllm,casperhansen/llama-3.3-70b-instruct-awq,"{   ""self_reported_group_ca"": 18,   ""self_reported_interpersonal_ca"": 12,   ""self_reported_band_group"": ""moderate"",   ""self_reported_band_interpersonal"": ""low"" }",,18,12,moderate,low
39a9136943f8a7886af88754707938890f970b883f9549819bf4c3315665c66a__v3_public_transit,39a9136943f8a7886af88754707938890f970b883f9549819bf4c3315665c66a,v3_public_transit,vllm,casperhansen/llama-3.3-70b-instruct-awq,"{   ""self_reported_group_ca"": 18,   ""self_reported_interpersonal_ca"": 12,   ""self_reported_band_group"": ""moderate"",   ""self_reported_band_interpersonal"": ""low"" }",,18,12,moderate,low
39a9136943f8a7886af88754707938890f970b883f9549819bf4c3315665c66a__v3_voice,39a9136943f8a7886af88754707938890f970b883f9549819bf4c3315665c66a,v3_voice,vllm,casperhansen/llama-3.3-70b-instruct-awq,"{   ""self_reported_group_ca"": 18,   ""self_reported_interpersonal_ca"": 12,   ""self_reported_band_group"": ""moderate"",   ""self_reported_band_interpersonal"": ""low"" }",,18,12,moderate,low
d27032a0ed0d657ba02115d362b2663718d7cad6513481357a8c04fe6fe67dad__demos,d27032a0ed0d657ba02115d362b2663718d7cad6513481357a8c04fe6fe67dad,demos,vllm,casperhansen/llama-3.3-70b-instruct-awq,"{   ""self_reported_group_ca"": 18,   ""self_reported_interpersonal_ca"": 12,   ""self_reported_band_group"": ""moderate"",   ""self_reported_band_interpersonal"": ""low"" }",,18,12,moderate,low
d27032a0ed0d657ba02115d362b2663718d7cad6513481357a8c04fe6fe67dad__employment,d27032a0ed0d657ba02115d362b2663718d7cad6513481357a8c04fe6fe67dad,employment,vllm,casperhansen/llama-3.3-70b-instruct-awq,"{   ""self_reported_group_ca"": 18,   ""self_reported_interpersonal_ca"": 12,   ""self_reported_band_group"": ""moderate"",   ""self_reported_band_interpersonal"": ""low"" }",,18,12,moderate,low
d27032a0ed0d657ba02115d362b2663718d7cad6513481357a8c04fe6fe67dad__geo,d27032a0ed0d657ba02115d362b2663718d7cad6513481357a8c04fe6fe67dad,geo,vllm,casperhansen/llama-3.3-70b-instruct-awq,"{   ""self_reported_group_ca"": 18,   ""self_reported_interpersonal_ca"": 12,   ""self_reported_band_group"": ""moderate"",   ""self_reported_band_interpersonal"": ""low"" }",,18,12,moderate,low
d27032a0ed0d657ba02115d362b2663718d7cad6513481357a8c04fe6fe67dad__transit,d27032a0ed0d657ba02115d362b2663718d7cad6513481357a8c04fe6fe67dad,transit,vllm,casperhansen/llama-3.3-70b-instruct-awq,"{   ""self_reported_group_ca"": 18,   ""self_reported_interpersonal_ca"": 12,   ""self_reported_band_group"": ""moderate"",   ""self_reported_band_interpersonal"": ""low"" }",,18,12,moderate,low
d27032a0ed0d657ba02115d362b2663718d7cad6513481357a8c04fe6fe67dad__full,d27032a0ed0d657ba02115d362b2663718d7cad6513481357a8c04fe6fe67dad,full,vllm,casperhansen/llama-3.3-70b-instruct-awq,"{   ""self_reported_group_ca"": 18,   ""self_reported_interpersonal_ca"": 12,   ""self_reported_band_group"": ""moderate"",   ""self_reported_band_interpersonal"": ""low"" }",,18,12,moderate,low
d27032a0ed0d657ba02115d362b2663718d7cad6513481357a8c04fe6fe67dad__v3_rideshare,d27032a0ed0d657ba02115d362b2663718d7cad6513481357a8c04fe6fe67dad,v3_rideshare,vllm,casperhansen/llama-3.3-70b-instruct-awq,"{   ""self_reported_group_ca"": 18,   ""self_reported_interpersonal_ca"": 12,   ""self_reported_band_group"": ""moderate"",   ""self_reported_band_interpersonal"": ""low"" }",,18,12,moderate,low
d27032a0ed0d657ba02115d362b2663718d7cad6513481357a8c04fe6fe67dad__v3_public_transit,d27032a0ed0d657ba02115d362b2663718d7cad6513481357a8c04fe6fe67dad,v3_public_transit,vllm,casperhansen/llama-3.3-70b-instruct-awq,"{   ""self_reported_group_ca"": 18,   ""self_reported_interpersonal_ca"": 12,   ""self_reported_band_group"": ""moderate"",   ""self_reported_band_interpersonal"": ""low"" }",,18,12,moderate,low
d27032a0ed0d657ba02115d362b2663718d7cad6513481357a8c04fe6fe67dad__v3_voice,d27032a0ed0d657ba02115d362b2663718d7cad6513481357a8c04fe6fe67dad,v3_voice,vllm,casperhansen/llama-3.3-70b-instruct-awq,"{   ""self_reported_group_ca"": 18,   ""self_reported_interpersonal_ca"": 12,   ""self_reported_band_group"": ""moderate"",   ""self_reported_band_interpersonal"": ""low"" }",,18,12,moderate,low
6bed08570e64a871d7187ded22fee599cf3e8216c0b9b650670a049bb2bfffbe__demos,6bed08570e64a871d7187ded22fee599cf3e8216c0b9b650670a049bb2bfffbe,demos,vllm,casperhansen/llama-3.3-70b-instruct-awq,"{   ""self_reported_group_ca"": 18,   ""self_reported_interpersonal_ca"": 12,   ""self_reported_band_group"": ""moderate"",   ""self_reported_band_interpersonal"": ""low"" }",,18,12,moderate,low
6bed08570e64a871d7187ded22fee599cf3e8216c0b9b650670a049bb2bfffbe__employment,6bed08570e64a871d7187ded22fee599cf3e8216c0b9b650670a049bb2bfffbe,employment,vllm,casperhansen/llama-3.3-70b-instruct-awq,"{   ""self_reported_group_ca"": 18,   ""self_reported_interpersonal_ca"": 12,   ""self_reported_band_group"": ""moderate"",   ""self_reported_band_interpersonal"": ""low"" }",,18,12,moderate,low
6bed08570e64a871d7187ded22fee599cf3e8216c0b9b650670a049bb2bfffbe__geo,6bed08570e64a871d7187ded22fee599cf3e8216c0b9b650670a049bb2bfffbe,geo,vllm,casperhansen/llama-3.3-70b-instruct-awq,"{   ""self_reported_group_ca"": 18,   ""self_reported_interpersonal_ca"": 12,   ""self_reported_band_group"": ""moderate"",   ""self_reported_band_interpersonal"": ""low"" }",,18,12,moderate,low
6bed08570e64a871d7187ded22fee599cf3e8216c0b9b650670a049bb2bfffbe__transit,6bed08570e64a871d7187ded22fee599cf3e8216c0b9b650670a049bb2bfffbe,transit,vllm,casperhansen/llama-3.3-70b-instruct-awq,"{   ""self_reported_group_ca"": 18,   ""self_reported_interpersonal_ca"": 12,   ""self_reported_band_group"": ""moderate"",   ""self_reported_band_interpersonal"": ""low"" }",,18,12,moderate,low
6bed08570e64a871d7187ded22fee599cf3e8216c0b9b650670a049bb2bfffbe__full,6bed08570e64a871d7187ded22fee599cf3e8216c0b9b650670a049bb2bfffbe,full,vllm,casperhansen/llama-3.3-70b-instruct-awq,"{   ""self_reported_group_ca"": 18,   ""self_reported_interpersonal_ca"": 12,   ""self_reported_band_group"": ""moderate"",   ""self_reported_band_interpersonal"": ""low"" }",,18,12,moderate,low
6bed08570e64a871d7187ded22fee599cf3e8216c0b9b650670a049bb2bfffbe__v3_rideshare,6bed08570e64a871d7187ded22fee599cf3e8216c0b9b650670a049bb2bfffbe,v3_rideshare,vllm,casperhansen/llama-3.3-70b-instruct-awq,"{   ""self_reported_group_ca"": 18,   ""self_reported_interpersonal_ca"": 12,   ""self_reported_band_group"": ""moderate"",   ""self_reported_band_interpersonal"": ""low"" }",,18,12,moderate,low
6bed08570e64a871d7187ded22fee599cf3e8216c0b9b650670a049bb2bfffbe__v3_public_transit,6bed08570e64a871d7187ded22fee599cf3e8216c0b9b650670a049bb2bfffbe,v3_public_transit,vllm,casperhansen/llama-3.3-70b-instruct-awq,"{   ""self_reported_group_ca"": 18,   ""self_reported_interpersonal_ca"": 12,   ""self_reported_band_group"": ""moderate"",   ""self_reported_band_interpersonal"": ""low"" }",,18,12,moderate,low
6bed08570e64a871d7187ded22fee599cf3e8216c0b9b650670a049bb2bfffbe__v3_voice,6bed08570e64a871d7187ded22fee599cf3e8216c0b9b650670a049bb2bfffbe,v3_voice,vllm,casperhansen/llama-3.3-70b-instruct-awq,"{   ""self_reported_group_ca"": 18,   ""self_reported_interpersonal_ca"": 12,   ""self_reported_band_group"": ""moderate"",   ""self_reported_band_interpersonal"": ""low"" }",,18,12,moderate,low
d1085bc24a7fe88b0d48a1501dbcd444ede1c0f1f134a5a05898a6bc84d7cf18__demos,d1085bc24a7fe88b0d48a1501dbcd444ede1c0f1f134a5a05898a6bc84d7cf18,demos,vllm,casperhansen/llama-3.3-70b-instruct-awq,"{   ""self_reported_group_ca"": 18,   ""self_reported_interpersonal_ca"": 12,   ""self_reported_band_group"": ""moderate"",   ""self_reported_band_interpersonal"": ""low"" }",,18,12,moderate,low
d1085bc24a7fe88b0d48a1501dbcd444ede1c0f1f134a5a05898a6bc84d7cf18__employment,d1085bc24a7fe88b0d48a1501dbcd444ede1c0f1f134a5a05898a6bc84d7cf18,employment,vllm,casperhansen/llama-3.3-70b-instruct-awq,"{   ""self_reported_group_ca"": 18,   ""self_reported_interpersonal_ca"": 12,   ""self_reported_band_group"": ""moderate"",   ""self_reported_band_interpersonal"": ""low"" }",,18,12,moderate,low
d1085bc24a7fe88b0d48a1501dbcd444ede1c0f1f134a5a05898a6bc84d7cf18__geo,d1085bc24a7fe88b0d48a1501dbcd444ede1c0f1f134a5a05898a6bc84d7cf18,geo,vllm,casperhansen/llama-3.3-70b-instruct-awq,"{   ""self_reported_group_ca"": 18,   ""self_reported_interpersonal_ca"": 12,   ""self_reported_band_group"": ""moderate"",   ""self_reported_band_interpersonal"": ""low"" }",,18,12,moderate,low
d1085bc24a7fe88b0d48a1501dbcd444ede1c0f1f134a5a05898a6bc84d7cf18__transit,d1085bc24a7fe88b0d48a1501dbcd444ede1c0f1f134a5a05898a6bc84d7cf18,transit,vllm,casperhansen/llama-3.3-70b-instruct-awq,"{   ""self_reported_group_ca"": 18,   ""self_reported_interpersonal_ca"": 12,   ""self_reported_band_group"": ""moderate"",   ""self_reported_band_interpersonal"": ""low"" }",,18,12,moderate,low
d1085bc24a7fe88b0d48a1501dbcd444ede1c0f1f134a5a05898a6bc84d7cf18__full,d1085bc24a7fe88b0d48a1501dbcd444ede1c0f1f134a5a05898a6bc84d7cf18,full,vllm,casperhansen/llama-3.3-70b-instruct-awq,"{   ""self_reported_group_ca"": 18,   ""self_reported_interpersonal_ca"": 12,   ""self_reported_band_group"": ""moderate"",   ""self_reported_band_interpersonal"": ""low"" }",,18,12,moderate,low
d1085bc24a7fe88b0d48a1501dbcd444ede1c0f1f134a5a05898a6bc84d7cf18__v3_rideshare,d1085bc24a7fe88b0d48a1501dbcd444ede1c0f1f134a5a05898a6bc84d7cf18,v3_rideshare,vllm,casperhansen/llama-3.3-70b-instruct-awq,"{   ""self_reported_group_ca"": 18,   ""self_reported_interpersonal_ca"": 12,   ""self_reported_band_group"": ""moderate"",   ""self_reported_band_interpersonal"": ""low"" }",,18,12,moderate,low
d1085bc24a7fe88b0d48a1501dbcd444ede1c0f1f134a5a05898a6bc84d7cf18__v3_public_transit,d1085bc24a7fe88b0d48a1501dbcd444ede1c0f1f134a5a05898a6bc84d7cf18,v3_public_transit,vllm,casperhansen/llama-3.3-70b-instruct-awq,"{   ""self_reported_group_ca"": 18,   ""self_reported_interpersonal_ca"": 12,   ""self_reported_band_group"": ""moderate"",   ""self_reported_band_interpersonal"": ""low"" }",,18,12,moderate,low
d1085bc24a7fe88b0d48a1501dbcd444ede1c0f1f134a5a05898a6bc84d7cf18__v3_voice,d1085bc24a7fe88b0d48a1501dbcd444ede1c0f1f134a5a05898a6bc84d7cf18,v3_voice,vllm,casperhansen/llama-3.3-70b-instruct-awq,"{   ""self_reported_group_ca"": 18,   ""self_reported_interpersonal_ca"": 12,   ""self_reported_band_group"": ""moderate"",   ""self_reported_band_interpersonal"": ""low"" }",,18,12,moderate,low
0f3ded842c5efc1b216f93f3e3c21bdf53c0f03eb9d047b682515b559eb2b880__demos,0f3ded842c5efc1b216f93f3e3c21bdf53c0f03eb9d047b682515b559eb2b880,demos,vllm,casperhansen/llama-3.3-70b-instruct-awq,"{   ""self_reported_group_ca"": 18,   ""self_reported_interpersonal_ca"": 12,   ""self_reported_band_group"": ""moderate"",   ""self_reported_band_interpersonal"": ""low"" }",,18,12,moderate,low
0f3ded842c5efc1b216f93f3e3c21bdf53c0f03eb9d047b682515b559eb2b880__employment,0f3ded842c5efc1b216f93f3e3c21bdf53c0f03eb9d047b682515b559eb2b880,employment,vllm,casperhansen/llama-3.3-70b-instruct-awq,"{   ""self_reported_group_ca"": 18,   ""self_reported_interpersonal_ca"": 12,   ""self_reported_band_group"": ""moderate"",   ""self_reported_band_interpersonal"": ""low"" }",,18,12,moderate,low
0f3ded842c5efc1b216f93f3e3c21bdf53c0f03eb9d047b682515b559eb2b880__geo,0f3ded842c5efc1b216f93f3e3c21bdf53c0f03eb9d047b682515b559eb2b880,geo,vllm,casperhansen/llama-3.3-70b-instruct-awq,"{   ""self_reported_group_ca"": 18,   ""self_reported_interpersonal_ca"": 12,   ""self_reported_band_group"": ""moderate"",   ""self_reported_band_interpersonal"": ""low"" }",,18,12,moderate,low
0f3ded842c5efc1b216f93f3e3c21bdf53c0f03eb9d047b682515b559eb2b880__transit,0f3ded842c5efc1b216f93f3e3c21bdf53c0f03eb9d047b682515b559eb2b880,transit,vllm,casperhansen/llama-3.3-70b-instruct-awq,"{   ""self_reported_group_ca"": 18,   ""self_reported_interpersonal_ca"": 12,   ""self_reported_band_group"": ""moderate"",   ""self_reported_band_interpersonal"": ""low"" }",,18,12,moderate,low
0f3ded842c5efc1b216f93f3e3c21bdf53c0f03eb9d047b682515b559eb2b880__full,0f3ded842c5efc1b216f93f3e3c21bdf53c0f03eb9d047b682515b559eb2b880,full,vllm,casperhansen/llama-3.3-70b-instruct-awq,"{   ""self_reported_group_ca"": 18,   ""self_reported_interpersonal_ca"": 12,   ""self_reported_band_group"": ""moderate"",   ""self_reported_band_interpersonal"": ""low"" }",,18,12,moderate,low
0f3ded842c5efc1b216f93f3e3c21bdf53c0f03eb9d047b682515b559eb2b880__v3_rideshare,0f3ded842c5efc1b216f93f3e3c21bdf53c0f03eb9d047b682515b559eb2b880,v3_rideshare,vllm,casperhansen/llama-3.3-70b-instruct-awq,"{   ""self_reported_group_ca"": 18,   ""self_reported_interpersonal_ca"": 12,   ""self_reported_band_group"": ""moderate"",   ""self_reported_band_interpersonal"": ""low"" }",,18,12,moderate,low
0f3ded842c5efc1b216f93f3e3c21bdf53c0f03eb9d047b682515b559eb2b880__v3_public_transit,0f3ded842c5efc1b216f93f3e3c21bdf53c0f03eb9d047b682515b559eb2b880,v3_public_transit,vllm,casperhansen/llama-3.3-70b-instruct-awq,"{   ""self_reported_group_ca"": 18,   ""self_reported_interpersonal_ca"": 12,   ""self_reported_band_group"": ""moderate"",   ""self_reported_band_interpersonal"": ""low"" }",,18,12,moderate,low
0f3ded842c5efc1b216f93f3e3c21bdf53c0f03eb9d047b682515b559eb2b880__v3_voice,0f3ded842c5efc1b216f93f3e3c21bdf53c0f03eb9d047b682515b559eb2b880,v3_voice,vllm,casperhansen/llama-3.3-70b-instruct-awq,"{   ""self_reported_group_ca"": 18,   ""self_reported_interpersonal_ca"": 12,   ""self_reported_band_group"": ""moderate"",   ""self_reported_band_interpersonal"": ""low"" }",,18,12,moderate,low
af444fbf978485752f02f6b2c60b0973747235bbc71a3e4331251a1250826863__demos,af444fbf978485752f02f6b2c60b0973747235bbc71a3e4331251a1250826863,demos,vllm,casperhansen/llama-3.3-70b-instruct-awq,"{   ""self_reported_group_ca"": 18,   ""self_reported_interpersonal_ca"": 12,   ""self_reported_band_group"": ""moderate"",   ""self_reported_band_interpersonal"": ""low"" }",,18,12,moderate,low
af444fbf978485752f02f6b2c60b0973747235bbc71a3e4331251a1250826863__employment,af444fbf978485752f02f6b2c60b0973747235bbc71a3e4331251a1250826863,employment,vllm,casperhansen/llama-3.3-70b-instruct-awq,"{   ""self_reported_group_ca"": 18,   ""self_reported_interpersonal_ca"": 12,   ""self_reported_band_group"": ""moderate"",   ""self_reported_band_interpersonal"": ""low"" }",,18,12,moderate,low
af444fbf978485752f02f6b2c60b0973747235bbc71a3e4331251a1250826863__geo,af444fbf978485752f02f6b2c60b0973747235bbc71a3e4331251a1250826863,geo,vllm,casperhansen/llama-3.3-70b-instruct-awq,"{   ""self_reported_group_ca"": 18,   ""self_reported_interpersonal_ca"": 12,   ""self_reported_band_group"": ""moderate"",   ""self_reported_band_interpersonal"": ""low"" }",,18,12,moderate,low
af444fbf978485752f02f6b2c60b0973747235bbc71a3e4331251a1250826863__transit,af444fbf978485752f02f6b2c60b0973747235bbc71a3e4331251a1250826863,transit,vllm,casperhansen/llama-3.3-70b-instruct-awq,"{   ""self_reported_group_ca"": 18,   ""self_reported_interpersonal_ca"": 12,   ""self_reported_band_group"": ""moderate"",   ""self_reported_band_interpersonal"": ""low"" }",,18,12,moderate,low
af444fbf978485752f02f6b2c60b0973747235bbc71a3e4331251a1250826863__full,af444fbf978485752f02f6b2c60b0973747235bbc71a3e4331251a1250826863,full,vllm,casperhansen/llama-3.3-70b-instruct-awq,"{   ""self_reported_group_ca"": 18,   ""self_reported_interpersonal_ca"": 12,   ""self_reported_band_group"": ""moderate"",   ""self_reported_band_interpersonal"": ""low"" }",,18,12,moderate,low
af444fbf978485752f02f6b2c60b0973747235bbc71a3e4331251a1250826863__v3_rideshare,af444fbf978485752f02f6b2c60b0973747235bbc71a3e4331251a1250826863,v3_rideshare,vllm,casperhansen/llama-3.3-70b-instruct-awq,"{   ""self_reported_group_ca"": 18,   ""self_reported_interpersonal_ca"": 12,   ""self_reported_band_group"": ""moderate"",   ""self_reported_band_interpersonal"": ""low"" }",,18,12,moderate,low
af444fbf978485752f02f6b2c60b0973747235bbc71a3e4331251a1250826863__v3_public_transit,af444fbf978485752f02f6b2c60b0973747235bbc71a3e4331251a1250826863,v3_public_transit,vllm,casperhansen/llama-3.3-70b-instruct-awq,"{   ""self_reported_group_ca"": 18,   ""self_reported_interpersonal_ca"": 12,   ""self_reported_band_group"": ""moderate"",   ""self_reported_band_interpersonal"": ""low"" }",,18,12,moderate,low
af444fbf978485752f02f6b2c60b0973747235bbc71a3e4331251a1250826863__v3_voice,af444fbf978485752f02f6b2c60b0973747235bbc71a3e4331251a1250826863,v3_voice,vllm,casperhansen/llama-3.3-70b-instruct-awq,"{   ""self_reported_group_ca"": 18,   ""self_reported_interpersonal_ca"": 12,   ""self_reported_band_group"": ""moderate"",   ""self_reported_band_interpersonal"": ""low"" }",,18,12,moderate,low
d62ab99472f5e49f89f4828b0ac93493b6f97704769997fc6cb506f7d17681d1__demos,d62ab99472f5e49f89f4828b0ac93493b6f97704769997fc6cb506f7d17681d1,demos,vllm,casperhansen/llama-3.3-70b-instruct-awq,"{   ""self_reported_group_ca"": 18,   ""self_reported_interpersonal_ca"": 12,   ""self_reported_band_group"": ""moderate"",   ""self_reported_band_interpersonal"": ""low"" }",,18,12,moderate,low
d62ab99472f5e49f89f4828b0ac93493b6f97704769997fc6cb506f7d17681d1__employment,d62ab99472f5e49f89f4828b0ac93493b6f97704769997fc6cb506f7d17681d1,employment,vllm,casperhansen/llama-3.3-70b-instruct-awq,"{   ""self_reported_group_ca"": 18,   ""self_reported_interpersonal_ca"": 12,   ""self_reported_band_group"": ""moderate"",   ""self_reported_band_interpersonal"": ""low"" }",,18,12,moderate,low
d62ab99472f5e49f89f4828b0ac93493b6f97704769997fc6cb506f7d17681d1__geo,d62ab99472f5e49f89f4828b0ac93493b6f97704769997fc6cb506f7d17681d1,geo,vllm,casperhansen/llama-3.3-70b-instruct-awq,"{   ""self_reported_group_ca"": 18,   ""self_reported_interpersonal_ca"": 12,   ""self_reported_band_group"": ""moderate"",   ""self_reported_band_interpersonal"": ""low"" }",,18,12,moderate,low
d62ab99472f5e49f89f4828b0ac93493b6f97704769997fc6cb506f7d17681d1__transit,d62ab99472f5e49f89f4828b0ac93493b6f97704769997fc6cb506f7d17681d1,transit,vllm,casperhansen/llama-3.3-70b-instruct-awq,"{   ""self_reported_group_ca"": 18,   ""self_reported_interpersonal_ca"": 12,   ""self_reported_band_group"": ""moderate"",   ""self_reported_band_interpersonal"": ""low"" }",,18,12,moderate,low
d62ab99472f5e49f89f4828b0ac93493b6f97704769997fc6cb506f7d17681d1__full,d62ab99472f5e49f89f4828b0ac93493b6f97704769997fc6cb506f7d17681d1,full,vllm,casperhansen/llama-3.3-70b-instruct-awq,"{   ""self_reported_group_ca"": 18,   ""self_reported_interpersonal_ca"": 12,   ""self_reported_band_group"": ""moderate"",   ""self_reported_band_interpersonal"": ""low"" }",,18,12,moderate,low
d62ab99472f5e49f89f4828b0ac93493b6f97704769997fc6cb506f7d17681d1__v3_rideshare,d62ab99472f5e49f89f4828b0ac93493b6f97704769997fc6cb506f7d17681d1,v3_rideshare,vllm,casperhansen/llama-3.3-70b-instruct-awq,"{   ""self_reported_group_ca"": 18,   ""self_reported_interpersonal_ca"": 12,   ""self_reported_band_group"": ""moderate"",   ""self_reported_band_interpersonal"": ""low"" }",,18,12,moderate,low
d62ab99472f5e49f89f4828b0ac93493b6f97704769997fc6cb506f7d17681d1__v3_public_transit,d62ab99472f5e49f89f4828b0ac93493b6f97704769997fc6cb506f7d17681d1,v3_public_transit,vllm,casperhansen/llama-3.3-70b-instruct-awq,"{   ""self_reported_group_ca"": 18,   ""self_reported_interpersonal_ca"": 12,   ""self_reported_band_group"": ""moderate"",   ""self_reported_band_interpersonal"": ""low"" }",,18,12,moderate,low
d62ab99472f5e49f89f4828b0ac93493b6f97704769997fc6cb506f7d17681d1__v3_voice,d62ab99472f5e49f89f4828b0ac93493b6f97704769997fc6cb506f7d17681d1,v3_voice,vllm,casperhansen/llama-3.3-70b-instruct-awq,"{   ""self_reported_group_ca"": 18,   ""self_reported_interpersonal_ca"": 12,   ""self_reported_band_group"": ""moderate"",   ""self_reported_band_interpersonal"": ""low"" }",,18,12,moderate,low
7f46795118cb1b4298784da138d49291cb3d0a15280330dcc1c43cfae11585ff__demos,7f46795118cb1b4298784da138d49291cb3d0a15280330dcc1c43cfae11585ff,demos,vllm,casperhansen/llama-3.3-70b-instruct-awq,"{   ""self_reported_group_ca"": 18,   ""self_reported_interpersonal_ca"": 12,   ""self_reported_band_group"": ""moderate"",   ""self_reported_band_interpersonal"": ""low"" }",,18,12,moderate,low
7f46795118cb1b4298784da138d49291cb3d0a15280330dcc1c43cfae11585ff__employment,7f46795118cb1b4298784da138d49291cb3d0a15280330dcc1c43cfae11585ff,employment,vllm,casperhansen/llama-3.3-70b-instruct-awq,"{   ""self_reported_group_ca"": 18,   ""self_reported_interpersonal_ca"": 12,   ""self_reported_band_group"": ""moderate"",   ""self_reported_band_interpersonal"": ""low"" }",,18,12,moderate,low
7f46795118cb1b4298784da138d49291cb3d0a15280330dcc1c43cfae11585ff__geo,7f46795118cb1b4298784da138d49291cb3d0a15280330dcc1c43cfae11585ff,geo,vllm,casperhansen/llama-3.3-70b-instruct-awq,"{   ""self_reported_group_ca"": 18,   ""self_reported_interpersonal_ca"": 12,   ""self_reported_band_group"": ""moderate"",   ""self_reported_band_interpersonal"": ""low"" }",,18,12,moderate,low
7f46795118cb1b4298784da138d49291cb3d0a15280330dcc1c43cfae11585ff__transit,7f46795118cb1b4298784da138d49291cb3d0a15280330dcc1c43cfae11585ff,transit,vllm,casperhansen/llama-3.3-70b-instruct-awq,"{   ""self_reported_group_ca"": 18,   ""self_reported_interpersonal_ca"": 12,   ""self_reported_band_group"": ""moderate"",   ""self_reported_band_interpersonal"": ""low"" }",,18,12,moderate,low
7f46795118cb1b4298784da138d49291cb3d0a15280330dcc1c43cfae11585ff__full,7f46795118cb1b4298784da138d49291cb3d0a15280330dcc1c43cfae11585ff,full,vllm,casperhansen/llama-3.3-70b-instruct-awq,"{   ""self_reported_group_ca"": 18,   ""self_reported_interpersonal_ca"": 12,   ""self_reported_band_group"": ""moderate"",   ""self_reported_band_interpersonal"": ""low"" }",,18,12,moderate,low
7f46795118cb1b4298784da138d49291cb3d0a15280330dcc1c43cfae11585ff__v3_rideshare,7f46795118cb1b4298784da138d49291cb3d0a15280330dcc1c43cfae11585ff,v3_rideshare,vllm,casperhansen/llama-3.3-70b-instruct-awq,"{   ""self_reported_group_ca"": 18,   ""self_reported_interpersonal_ca"": 12,   ""self_reported_band_group"": ""moderate"",   ""self_reported_band_interpersonal"": ""low"" }",,18,12,moderate,low
7f46795118cb1b4298784da138d49291cb3d0a15280330dcc1c43cfae11585ff__v3_public_transit,7f46795118cb1b4298784da138d49291cb3d0a15280330dcc1c43cfae11585ff,v3_public_transit,vllm,casperhansen/llama-3.3-70b-instruct-awq,"{   ""self_reported_group_ca"": 18,   ""self_reported_interpersonal_ca"": 12,   ""self_reported_band_group"": ""moderate"",   ""self_reported_band_interpersonal"": ""low"" }",,18,12,moderate,low
7f46795118cb1b4298784da138d49291cb3d0a15280330dcc1c43cfae11585ff__v3_voice,7f46795118cb1b4298784da138d49291cb3d0a15280330dcc1c43cfae11585ff,v3_voice,vllm,casperhansen/llama-3.3-70b-instruct-awq,"{   ""self_reported_group_ca"": 18,   ""self_reported_interpersonal_ca"": 12,   ""self_reported_band_group"": ""moderate"",   ""self_reported_band_interpersonal"": ""low"" }",,18,12,moderate,low
62faa876fdb62afd705635c6e391f5a93c242a1f6847b955507f5621bfea46cf__demos,62faa876fdb62afd705635c6e391f5a93c242a1f6847b955507f5621bfea46cf,demos,vllm,casperhansen/llama-3.3-70b-instruct-awq,"{   ""self_reported_group_ca"": 18,   ""self_reported_interpersonal_ca"": 12,   ""self_reported_band_group"": ""moderate"",   ""self_reported_band_interpersonal"": ""low"" }",,18,12,moderate,low
62faa876fdb62afd705635c6e391f5a93c242a1f6847b955507f5621bfea46cf__employment,62faa876fdb62afd705635c6e391f5a93c242a1f6847b955507f5621bfea46cf,employment,vllm,casperhansen/llama-3.3-70b-instruct-awq,"{   ""self_reported_group_ca"": 18,   ""self_reported_interpersonal_ca"": 12,   ""self_reported_band_group"": ""moderate"",   ""self_reported_band_interpersonal"": ""low"" }",,18,12,moderate,low
62faa876fdb62afd705635c6e391f5a93c242a1f6847b955507f5621bfea46cf__geo,62faa876fdb62afd705635c6e391f5a93c242a1f6847b955507f5621bfea46cf,geo,vllm,casperhansen/llama-3.3-70b-instruct-awq,"{   ""self_reported_group_ca"": 18,   ""self_reported_interpersonal_ca"": 12,   ""self_reported_band_group"": ""moderate"",   ""self_reported_band_interpersonal"": ""low"" }",,18,12,moderate,low
62faa876fdb62afd705635c6e391f5a93c242a1f6847b955507f5621bfea46cf__transit,62faa876fdb62afd705635c6e391f5a93c242a1f6847b955507f5621bfea46cf,transit,vllm,casperhansen/llama-3.3-70b-instruct-awq,"{   ""self_reported_group_ca"": 18,   ""self_reported_interpersonal_ca"": 12,   ""self_reported_band_group"": ""moderate"",   ""self_reported_band_interpersonal"": ""low"" }",,18,12,moderate,low
62faa876fdb62afd705635c6e391f5a93c242a1f6847b955507f5621bfea46cf__full,62faa876fdb62afd705635c6e391f5a93c242a1f6847b955507f5621bfea46cf,full,vllm,casperhansen/llama-3.3-70b-instruct-awq,"{   ""self_reported_group_ca"": 18,   ""self_reported_interpersonal_ca"": 12,   ""self_reported_band_group"": ""moderate"",   ""self_reported_band_interpersonal"": ""low"" }",,18,12,moderate,low
62faa876fdb62afd705635c6e391f5a93c242a1f6847b955507f5621bfea46cf__v3_rideshare,62faa876fdb62afd705635c6e391f5a93c242a1f6847b955507f5621bfea46cf,v3_rideshare,vllm,casperhansen/llama-3.3-70b-instruct-awq,"{   ""self_reported_group_ca"": 18,   ""self_reported_interpersonal_ca"": 12,   ""self_reported_band_group"": ""moderate"",   ""self_reported_band_interpersonal"": ""low"" }",,18,12,moderate,low
62faa876fdb62afd705635c6e391f5a93c242a1f6847b955507f5621bfea46cf__v3_public_transit,62faa876fdb62afd705635c6e391f5a93c242a1f6847b955507f5621bfea46cf,v3_public_transit,vllm,casperhansen/llama-3.3-70b-instruct-awq,"{   ""self_reported_group_ca"": 18,   ""self_reported_interpersonal_ca"": 12,   ""self_reported_band_group"": ""moderate"",   ""self_reported_band_interpersonal"": ""low"" }",,18,12,moderate,low
62faa876fdb62afd705635c6e391f5a93c242a1f6847b955507f5621bfea46cf__v3_voice,62faa876fdb62afd705635c6e391f5a93c242a1f6847b955507f5621bfea46cf,v3_voice,vllm,casperhansen/llama-3.3-70b-instruct-awq,"{   ""self_reported_group_ca"": 18,   ""self_reported_interpersonal_ca"": 12,   ""self_reported_band_group"": ""moderate"",   ""self_reported_band_interpersonal"": ""low"" }",,18,12,moderate,low
0a827ae922ec5f7f4102f6656fd65b754305a7f685c763f7671b7efecd52c21c__demos,0a827ae922ec5f7f4102f6656fd65b754305a7f685c763f7671b7efecd52c21c,demos,vllm,casperhansen/llama-3.3-70b-instruct-awq,"{   ""self_reported_group_ca"": 18,   ""self_reported_interpersonal_ca"": 12,   ""self_reported_band_group"": ""moderate"",   ""self_reported_band_interpersonal"": ""low"" }",,18,12,moderate,low
0a827ae922ec5f7f4102f6656fd65b754305a7f685c763f7671b7efecd52c21c__employment,0a827ae922ec5f7f4102f6656fd65b754305a7f685c763f7671b7efecd52c21c,employment,vllm,casperhansen/llama-3.3-70b-instruct-awq,"{   ""self_reported_group_ca"": 18,   ""self_reported_interpersonal_ca"": 12,   ""self_reported_band_group"": ""moderate"",   ""self_reported_band_interpersonal"": ""low"" }",,18,12,moderate,low
0a827ae922ec5f7f4102f6656fd65b754305a7f685c763f7671b7efecd52c21c__geo,0a827ae922ec5f7f4102f6656fd65b754305a7f685c763f7671b7efecd52c21c,geo,vllm,casperhansen/llama-3.3-70b-instruct-awq,"{   ""self_reported_group_ca"": 18,   ""self_reported_interpersonal_ca"": 12,   ""self_reported_band_group"": ""moderate"",   ""self_reported_band_interpersonal"": ""low"" }",,18,12,moderate,low
0a827ae922ec5f7f4102f6656fd65b754305a7f685c763f7671b7efecd52c21c__transit,0a827ae922ec5f7f4102f6656fd65b754305a7f685c763f7671b7efecd52c21c,transit,vllm,casperhansen/llama-3.3-70b-instruct-awq,"{   ""self_reported_group_ca"": 18,   ""self_reported_interpersonal_ca"": 12,   ""self_reported_band_group"": ""moderate"",   ""self_reported_band_interpersonal"": ""low"" }",,18,12,moderate,low
0a827ae922ec5f7f4102f6656fd65b754305a7f685c763f7671b7efecd52c21c__full,0a827ae922ec5f7f4102f6656fd65b754305a7f685c763f7671b7efecd52c21c,full,vllm,casperhansen/llama-3.3-70b-instruct-awq,"{   ""self_reported_group_ca"": 18,   ""self_reported_interpersonal_ca"": 12,   ""self_reported_band_group"": ""moderate"",   ""self_reported_band_interpersonal"": ""low"" }",,18,12,moderate,low
0a827ae922ec5f7f4102f6656fd65b754305a7f685c763f7671b7efecd52c21c__v3_rideshare,0a827ae922ec5f7f4102f6656fd65b754305a7f685c763f7671b7efecd52c21c,v3_rideshare,vllm,casperhansen/llama-3.3-70b-instruct-awq,"{   ""self_reported_group_ca"": 18,   ""self_reported_interpersonal_ca"": 12,   ""self_reported_band_group"": ""moderate"",   ""self_reported_band_interpersonal"": ""low"" }",,18,12,moderate,low
0a827ae922ec5f7f4102f6656fd65b754305a7f685c763f7671b7efecd52c21c__v3_public_transit,0a827ae922ec5f7f4102f6656fd65b754305a7f685c763f7671b7efecd52c21c,v3_public_transit,vllm,casperhansen/llama-3.3-70b-instruct-awq,"{   ""self_reported_group_ca"": 18,   ""self_reported_interpersonal_ca"": 12,   ""self_reported_band_group"": ""moderate"",   ""self_reported_band_interpersonal"": ""low"" }",,18,12,moderate,low
0a827ae922ec5f7f4102f6656fd65b754305a7f685c763f7671b7efecd52c21c__v3_voice,0a827ae922ec5f7f4102f6656fd65b754305a7f685c763f7671b7efecd52c21c,v3_voice,vllm,casperhansen/llama-3.3-70b-instruct-awq,"{   ""self_reported_group_ca"": 18,   ""self_reported_interpersonal_ca"": 12,   ""self_reported_band_group"": ""moderate"",   ""self_reported_band_interpersonal"": ""low"" }",,18,12,moderate,low
721370b37fe5dcec328251fc066ada21bb9e17724420f9bc3392bce880fb2c32__demos,721370b37fe5dcec328251fc066ada21bb9e17724420f9bc3392bce880fb2c32,demos,vllm,casperhansen/llama-3.3-70b-instruct-awq,"{   ""self_reported_group_ca"": 22,   ""self_reported_interpersonal_ca"": 18,   ""self_reported_band_group"": ""high"",   ""self_reported_band_interpersonal"": ""moderate"" }",,22,18,high,moderate
721370b37fe5dcec328251fc066ada21bb9e17724420f9bc3392bce880fb2c32__employment,721370b37fe5dcec328251fc066ada21bb9e17724420f9bc3392bce880fb2c32,employment,vllm,casperhansen/llama-3.3-70b-instruct-awq,"{   ""self_reported_group_ca"": 22,   ""self_reported_interpersonal_ca"": 18,   ""self_reported_band_group"": ""high"",   ""self_reported_band_interpersonal"": ""moderate"" }",,22,18,high,moderate
721370b37fe5dcec328251fc066ada21bb9e17724420f9bc3392bce880fb2c32__geo,721370b37fe5dcec328251fc066ada21bb9e17724420f9bc3392bce880fb2c32,geo,vllm,casperhansen/llama-3.3-70b-instruct-awq,"{   ""self_reported_group_ca"": 22,   ""self_reported_interpersonal_ca"": 18,   ""self_reported_band_group"": ""high"",   ""self_reported_band_interpersonal"": ""moderate"" }",,22,18,high,moderate
721370b37fe5dcec328251fc066ada21bb9e17724420f9bc3392bce880fb2c32__transit,721370b37fe5dcec328251fc066ada21bb9e17724420f9bc3392bce880fb2c32,transit,vllm,casperhansen/llama-3.3-70b-instruct-awq,"{   ""self_reported_group_ca"": 22,   ""self_reported_interpersonal_ca"": 18,   ""self_reported_band_group"": ""high"",   ""self_reported_band_interpersonal"": ""moderate"" }",,22,18,high,moderate
721370b37fe5dcec328251fc066ada21bb9e17724420f9bc3392bce880fb2c32__full,721370b37fe5dcec328251fc066ada21bb9e17724420f9bc3392bce880fb2c32,full,vllm,casperhansen/llama-3.3-70b-instruct-awq,"{   ""self_reported_group_ca"": 22,   ""self_reported_interpersonal_ca"": 18,   ""self_reported_band_group"": ""high"",   ""self_reported_band_interpersonal"": ""moderate"" }",,22,18,high,moderate
721370b37fe5dcec328251fc066ada21bb9e17724420f9bc3392bce880fb2c32__v3_rideshare,721370b37fe5dcec328251fc066ada21bb9e17724420f9bc3392bce880fb2c32,v3_rideshare,vllm,casperhansen/llama-3.3-70b-instruct-awq,"{   ""self_reported_group_ca"": 22,   ""self_reported_interpersonal_ca"": 18,   ""self_reported_band_group"": ""high"",   ""self_reported_band_interpersonal"": ""moderate"" }",,22,18,high,moderate
721370b37fe5dcec328251fc066ada21bb9e17724420f9bc3392bce880fb2c32__v3_public_transit,721370b37fe5dcec328251fc066ada21bb9e17724420f9bc3392bce880fb2c32,v3_public_transit,vllm,casperhansen/llama-3.3-70b-instruct-awq,"{   ""self_reported_group_ca"": 22,   ""self_reported_interpersonal_ca"": 18,   ""self_reported_band_group"": ""high"",   ""self_reported_band_interpersonal"": ""moderate"" }",,22,18,high,moderate
721370b37fe5dcec328251fc066ada21bb9e17724420f9bc3392bce880fb2c32__v3_voice,721370b37fe5dcec328251fc066ada21bb9e17724420f9bc3392bce880fb2c32,v3_voice,vllm,casperhansen/llama-3.3-70b-instruct-awq,"{   ""self_reported_group_ca"": 22,   ""self_reported_interpersonal_ca"": 18,   ""self_reported_band_group"": ""high"",   ""self_reported_band_interpersonal"": ""moderate"" }",,22,18,high,moderate
26ee872a08526d4a2c7861c94834961ae4b8938bd076f5c9641b5174f96efcc5__demos,26ee872a08526d4a2c7861c94834961ae4b8938bd076f5c9641b5174f96efcc5,demos,vllm,casperhansen/llama-3.3-70b-instruct-awq,"{   ""self_reported_group_ca"": 18,   ""self_reported_interpersonal_ca"": 12,   ""self_reported_band_group"": ""moderate"",   ""self_reported_band_interpersonal"": ""low"" }",,18,12,moderate,low
26ee872a08526d4a2c7861c94834961ae4b8938bd076f5c9641b5174f96efcc5__employment,26ee872a08526d4a2c7861c94834961ae4b8938bd076f5c9641b5174f96efcc5,employment,vllm,casperhansen/llama-3.3-70b-instruct-awq,"{   ""self_reported_group_ca"": 18,   ""self_reported_interpersonal_ca"": 12,   ""self_reported_band_group"": ""moderate"",   ""self_reported_band_interpersonal"": ""low"" }",,18,12,moderate,low
26ee872a08526d4a2c7861c94834961ae4b8938bd076f5c9641b5174f96efcc5__geo,26ee872a08526d4a2c7861c94834961ae4b8938bd076f5c9641b5174f96efcc5,geo,vllm,casperhansen/llama-3.3-70b-instruct-awq,"{   ""self_reported_group_ca"": 18,   ""self_reported_interpersonal_ca"": 12,   ""self_reported_band_group"": ""moderate"",   ""self_reported_band_interpersonal"": ""low"" }",,18,12,moderate,low
26ee872a08526d4a2c7861c94834961ae4b8938bd076f5c9641b5174f96efcc5__transit,26ee872a08526d4a2c7861c94834961ae4b8938bd076f5c9641b5174f96efcc5,transit,vllm,casperhansen/llama-3.3-70b-instruct-awq,"{   ""self_reported_group_ca"": 18,   ""self_reported_interpersonal_ca"": 12,   ""self_reported_band_group"": ""moderate"",   ""self_reported_band_interpersonal"": ""low"" }",,18,12,moderate,low
26ee872a08526d4a2c7861c94834961ae4b8938bd076f5c9641b5174f96efcc5__full,26ee872a08526d4a2c7861c94834961ae4b8938bd076f5c9641b5174f96efcc5,full,vllm,casperhansen/llama-3.3-70b-instruct-awq,"{   ""self_reported_group_ca"": 18,   ""self_reported_interpersonal_ca"": 12,   ""self_reported_band_group"": ""moderate"",   ""self_reported_band_interpersonal"": ""low"" }",,18,12,moderate,low
26ee872a08526d4a2c7861c94834961ae4b8938bd076f5c9641b5174f96efcc5__v3_rideshare,26ee872a08526d4a2c7861c94834961ae4b8938bd076f5c9641b5174f96efcc5,v3_rideshare,vllm,casperhansen/llama-3.3-70b-instruct-awq,"{   ""self_reported_group_ca"": 18,   ""self_reported_interpersonal_ca"": 12,   ""self_reported_band_group"": ""moderate"",   ""self_reported_band_interpersonal"": ""low"" }",,18,12,moderate,low
26ee872a08526d4a2c7861c94834961ae4b8938bd076f5c9641b5174f96efcc5__v3_public_transit,26ee872a08526d4a2c7861c94834961ae4b8938bd076f5c9641b5174f96efcc5,v3_public_transit,vllm,casperhansen/llama-3.3-70b-instruct-awq,"{   ""self_reported_group_ca"": 18,   ""self_reported_interpersonal_ca"": 12,   ""self_reported_band_group"": ""moderate"",   ""self_reported_band_interpersonal"": ""low"" }",,18,12,moderate,low
26ee872a08526d4a2c7861c94834961ae4b8938bd076f5c9641b5174f96efcc5__v3_voice,26ee872a08526d4a2c7861c94834961ae4b8938bd076f5c9641b5174f96efcc5,v3_voice,vllm,casperhansen/llama-3.3-70b-instruct-awq,"{   ""self_reported_group_ca"": 18,   ""self_reported_interpersonal_ca"": 12,   ""self_reported_band_group"": ""moderate"",   ""self_reported_band_interpersonal"": ""low"" }",,18,12,moderate,low
7e07c11381eb8a3eba20e67e3e069a1fe3bb87a8671531b5c4d108660f78943b__demos,7e07c11381eb8a3eba20e67e3e069a1fe3bb87a8671531b5c4d108660f78943b,demos,vllm,casperhansen/llama-3.3-70b-instruct-awq,"{   ""self_reported_group_ca"": 18,   ""self_reported_interpersonal_ca"": 12,   ""self_reported_band_group"": ""moderate"",   ""self_reported_band_interpersonal"": ""low"" }",,18,12,moderate,low
7e07c11381eb8a3eba20e67e3e069a1fe3bb87a8671531b5c4d108660f78943b__employment,7e07c11381eb8a3eba20e67e3e069a1fe3bb87a8671531b5c4d108660f78943b,employment,vllm,casperhansen/llama-3.3-70b-instruct-awq,"{   ""self_reported_group_ca"": 18,   ""self_reported_interpersonal_ca"": 12,   ""self_reported_band_group"": ""moderate"",   ""self_reported_band_interpersonal"": ""low"" }",,18,12,moderate,low
7e07c11381eb8a3eba20e67e3e069a1fe3bb87a8671531b5c4d108660f78943b__geo,7e07c11381eb8a3eba20e67e3e069a1fe3bb87a8671531b5c4d108660f78943b,geo,vllm,casperhansen/llama-3.3-70b-instruct-awq,"{   ""self_reported_group_ca"": 18,   ""self_reported_interpersonal_ca"": 12,   ""self_reported_band_group"": ""moderate"",   ""self_reported_band_interpersonal"": ""low"" }",,18,12,moderate,low
7e07c11381eb8a3eba20e67e3e069a1fe3bb87a8671531b5c4d108660f78943b__transit,7e07c11381eb8a3eba20e67e3e069a1fe3bb87a8671531b5c4d108660f78943b,transit,vllm,casperhansen/llama-3.3-70b-instruct-awq,"{   ""self_reported_group_ca"": 18,   ""self_reported_interpersonal_ca"": 12,   ""self_reported_band_group"": ""moderate"",   ""self_reported_band_interpersonal"": ""low"" }",,18,12,moderate,low
7e07c11381eb8a3eba20e67e3e069a1fe3bb87a8671531b5c4d108660f78943b__full,7e07c11381eb8a3eba20e67e3e069a1fe3bb87a8671531b5c4d108660f78943b,full,vllm,casperhansen/llama-3.3-70b-instruct-awq,"{   ""self_reported_group_ca"": 18,   ""self_reported_interpersonal_ca"": 12,   ""self_reported_band_group"": ""moderate"",   ""self_reported_band_interpersonal"": ""low"" }",,18,12,moderate,low
7e07c11381eb8a3eba20e67e3e069a1fe3bb87a8671531b5c4d108660f78943b__v3_rideshare,7e07c11381eb8a3eba20e67e3e069a1fe3bb87a8671531b5c4d108660f78943b,v3_rideshare,vllm,casperhansen/llama-3.3-70b-instruct-awq,"{   ""self_reported_group_ca"": 18,   ""self_reported_interpersonal_ca"": 12,   ""self_reported_band_group"": ""moderate"",   ""self_reported_band_interpersonal"": ""low"" }",,18,12,moderate,low
7e07c11381eb8a3eba20e67e3e069a1fe3bb87a8671531b5c4d108660f78943b__v3_public_transit,7e07c11381eb8a3eba20e67e3e069a1fe3bb87a8671531b5c4d108660f78943b,v3_public_transit,vllm,casperhansen/llama-3.3-70b-instruct-awq,"{   ""self_reported_group_ca"": 18,   ""self_reported_interpersonal_ca"": 12,   ""self_reported_band_group"": ""moderate"",   ""self_reported_band_interpersonal"": ""low"" }",,18,12,moderate,low
7e07c11381eb8a3eba20e67e3e069a1fe3bb87a8671531b5c4d108660f78943b__v3_voice,7e07c11381eb8a3eba20e67e3e069a1fe3bb87a8671531b5c4d108660f78943b,v3_voice,vllm,casperhansen/llama-3.3-70b-instruct-awq,"{   ""self_reported_group_ca"": 18,   ""self_reported_interpersonal_ca"": 12,   ""self_reported_band_group"": ""moderate"",   ""self_reported_band_interpersonal"": ""low"" }",,18,12,moderate,low
1668925157c24af79aa1c6caa81c5a1b6680925be98fd11c7748caffe8d543ce__demos,1668925157c24af79aa1c6caa81c5a1b6680925be98fd11c7748caffe8d543ce,demos,vllm,casperhansen/llama-3.3-70b-instruct-awq,"{   ""self_reported_group_ca"": 18,   ""self_reported_interpersonal_ca"": 12,   ""self_reported_band_group"": ""moderate"",   ""self_reported_band_interpersonal"": ""low"" }",,18,12,moderate,low
1668925157c24af79aa1c6caa81c5a1b6680925be98fd11c7748caffe8d543ce__employment,1668925157c24af79aa1c6caa81c5a1b6680925be98fd11c7748caffe8d543ce,employment,vllm,casperhansen/llama-3.3-70b-instruct-awq,"{   ""self_reported_group_ca"": 18,   ""self_reported_interpersonal_ca"": 12,   ""self_reported_band_group"": ""moderate"",   ""self_reported_band_interpersonal"": ""low"" }",,18,12,moderate,low
1668925157c24af79aa1c6caa81c5a1b6680925be98fd11c7748caffe8d543ce__geo,1668925157c24af79aa1c6caa81c5a1b6680925be98fd11c7748caffe8d543ce,geo,vllm,casperhansen/llama-3.3-70b-instruct-awq,"{   ""self_reported_group_ca"": 18,   ""self_reported_interpersonal_ca"": 12,   ""self_reported_band_group"": ""moderate"",   ""self_reported_band_interpersonal"": ""low"" }",,18,12,moderate,low
1668925157c24af79aa1c6caa81c5a1b6680925be98fd11c7748caffe8d543ce__transit,1668925157c24af79aa1c6caa81c5a1b6680925be98fd11c7748caffe8d543ce,transit,vllm,casperhansen/llama-3.3-70b-instruct-awq,"{   ""self_reported_group_ca"": 18,   ""self_reported_interpersonal_ca"": 12,   ""self_reported_band_group"": ""moderate"",   ""self_reported_band_interpersonal"": ""low"" }",,18,12,moderate,low
1668925157c24af79aa1c6caa81c5a1b6680925be98fd11c7748caffe8d543ce__full,1668925157c24af79aa1c6caa81c5a1b6680925be98fd11c7748caffe8d543ce,full,vllm,casperhansen/llama-3.3-70b-instruct-awq,"{   ""self_reported_group_ca"": 18,   ""self_reported_interpersonal_ca"": 12,   ""self_reported_band_group"": ""moderate"",   ""self_reported_band_interpersonal"": ""low"" }",,18,12,moderate,low
1668925157c24af79aa1c6caa81c5a1b6680925be98fd11c7748caffe8d543ce__v3_rideshare,1668925157c24af79aa1c6caa81c5a1b6680925be98fd11c7748caffe8d543ce,v3_rideshare,vllm,casperhansen/llama-3.3-70b-instruct-awq,"{   ""self_reported_group_ca"": 18,   ""self_reported_interpersonal_ca"": 12,   ""self_reported_band_group"": ""moderate"",   ""self_reported_band_interpersonal"": ""low"" }",,18,12,moderate,low
1668925157c24af79aa1c6caa81c5a1b6680925be98fd11c7748caffe8d543ce__v3_public_transit,1668925157c24af79aa1c6caa81c5a1b6680925be98fd11c7748caffe8d543ce,v3_public_transit,vllm,casperhansen/llama-3.3-70b-instruct-awq,"{   ""self_reported_group_ca"": 18,   ""self_reported_interpersonal_ca"": 12,   ""self_reported_band_group"": ""moderate"",   ""self_reported_band_interpersonal"": ""low"" }",,18,12,moderate,low
1668925157c24af79aa1c6caa81c5a1b6680925be98fd11c7748caffe8d543ce__v3_voice,1668925157c24af79aa1c6caa81c5a1b6680925be98fd11c7748caffe8d543ce,v3_voice,vllm,casperhansen/llama-3.3-70b-instruct-awq,"{   ""self_reported_group_ca"": 18,   ""self_reported_interpersonal_ca"": 12,   ""self_reported_band_group"": ""moderate"",   ""self_reported_band_interpersonal"": ""low"" }",,18,12,moderate,low
7e1ac38fbbf1d4004e219e08d0de00b86ddc951f6f6f58834e2c7905adce60f3__demos,7e1ac38fbbf1d4004e219e08d0de00b86ddc951f6f6f58834e2c7905adce60f3,demos,vllm,casperhansen/llama-3.3-70b-instruct-awq,"{   ""self_reported_group_ca"": 18,   ""self_reported_interpersonal_ca"": 12,   ""self_reported_band_group"": ""moderate"",   ""self_reported_band_interpersonal"": ""low"" }",,18,12,moderate,low
7e1ac38fbbf1d4004e219e08d0de00b86ddc951f6f6f58834e2c7905adce60f3__employment,7e1ac38fbbf1d4004e219e08d0de00b86ddc951f6f6f58834e2c7905adce60f3,employment,vllm,casperhansen/llama-3.3-70b-instruct-awq,"{   ""self_reported_group_ca"": 18,   ""self_reported_interpersonal_ca"": 12,   ""self_reported_band_group"": ""moderate"",   ""self_reported_band_interpersonal"": ""low"" }",,18,12,moderate,low
7e1ac38fbbf1d4004e219e08d0de00b86ddc951f6f6f58834e2c7905adce60f3__geo,7e1ac38fbbf1d4004e219e08d0de00b86ddc951f6f6f58834e2c7905adce60f3,geo,vllm,casperhansen/llama-3.3-70b-instruct-awq,"{   ""self_reported_group_ca"": 18,   ""self_reported_interpersonal_ca"": 12,   ""self_reported_band_group"": ""moderate"",   ""self_reported_band_interpersonal"": ""low"" }",,18,12,moderate,low
7e1ac38fbbf1d4004e219e08d0de00b86ddc951f6f6f58834e2c7905adce60f3__transit,7e1ac38fbbf1d4004e219e08d0de00b86ddc951f6f6f58834e2c7905adce60f3,transit,vllm,casperhansen/llama-3.3-70b-instruct-awq,"{   ""self_reported_group_ca"": 18,   ""self_reported_interpersonal_ca"": 12,   ""self_reported_band_group"": ""moderate"",   ""self_reported_band_interpersonal"": ""low"" }",,18,12,moderate,low
7e1ac38fbbf1d4004e219e08d0de00b86ddc951f6f6f58834e2c7905adce60f3__full,7e1ac38fbbf1d4004e219e08d0de00b86ddc951f6f6f58834e2c7905adce60f3,full,vllm,casperhansen/llama-3.3-70b-instruct-awq,"{   ""self_reported_group_ca"": 18,   ""self_reported_interpersonal_ca"": 12,   ""self_reported_band_group"": ""moderate"",   ""self_reported_band_interpersonal"": ""low"" }",,18,12,moderate,low
7e1ac38fbbf1d4004e219e08d0de00b86ddc951f6f6f58834e2c7905adce60f3__v3_rideshare,7e1ac38fbbf1d4004e219e08d0de00b86ddc951f6f6f58834e2c7905adce60f3,v3_rideshare,vllm,casperhansen/llama-3.3-70b-instruct-awq,"{   ""self_reported_group_ca"": 18,   ""self_reported_interpersonal_ca"": 12,   ""self_reported_band_group"": ""moderate"",   ""self_reported_band_interpersonal"": ""low"" }",,18,12,moderate,low
7e1ac38fbbf1d4004e219e08d0de00b86ddc951f6f6f58834e2c7905adce60f3__v3_public_transit,7e1ac38fbbf1d4004e219e08d0de00b86ddc951f6f6f58834e2c7905adce60f3,v3_public_transit,vllm,casperhansen/llama-3.3-70b-instruct-awq,"{   ""self_reported_group_ca"": 18,   ""self_reported_interpersonal_ca"": 12,   ""self_reported_band_group"": ""moderate"",   ""self_reported_band_interpersonal"": ""low"" }",,18,12,moderate,low
7e1ac38fbbf1d4004e219e08d0de00b86ddc951f6f6f58834e2c7905adce60f3__v3_voice,7e1ac38fbbf1d4004e219e08d0de00b86ddc951f6f6f58834e2c7905adce60f3,v3_voice,vllm,casperhansen/llama-3.3-70b-instruct-awq,"{   ""self_reported_group_ca"": 18,   ""self_reported_interpersonal_ca"": 12,   ""self_reported_band_group"": ""moderate"",   ""self_reported_band_interpersonal"": ""low"" }",,18,12,moderate,low
68bbc2f0221553d1ac73d56563e2bdf545ae7b0b4d408e8e386ee6903451b0b6__demos,68bbc2f0221553d1ac73d56563e2bdf545ae7b0b4d408e8e386ee6903451b0b6,demos,vllm,casperhansen/llama-3.3-70b-instruct-awq,"{   ""self_reported_group_ca"": 18,   ""self_reported_interpersonal_ca"": 12,   ""self_reported_band_group"": ""moderate"",   ""self_reported_band_interpersonal"": ""low"" }",,18,12,moderate,low
68bbc2f0221553d1ac73d56563e2bdf545ae7b0b4d408e8e386ee6903451b0b6__employment,68bbc2f0221553d1ac73d56563e2bdf545ae7b0b4d408e8e386ee6903451b0b6,employment,vllm,casperhansen/llama-3.3-70b-instruct-awq,"{   ""self_reported_group_ca"": 18,   ""self_reported_interpersonal_ca"": 12,   ""self_reported_band_group"": ""moderate"",   ""self_reported_band_interpersonal"": ""low"" }",,18,12,moderate,low
68bbc2f0221553d1ac73d56563e2bdf545ae7b0b4d408e8e386ee6903451b0b6__geo,68bbc2f0221553d1ac73d56563e2bdf545ae7b0b4d408e8e386ee6903451b0b6,geo,vllm,casperhansen/llama-3.3-70b-instruct-awq,"{   ""self_reported_group_ca"": 18,   ""self_reported_interpersonal_ca"": 12,   ""self_reported_band_group"": ""moderate"",   ""self_reported_band_interpersonal"": ""low"" }",,18,12,moderate,low
68bbc2f0221553d1ac73d56563e2bdf545ae7b0b4d408e8e386ee6903451b0b6__transit,68bbc2f0221553d1ac73d56563e2bdf545ae7b0b4d408e8e386ee6903451b0b6,transit,vllm,casperhansen/llama-3.3-70b-instruct-awq,"{   ""self_reported_group_ca"": 18,   ""self_reported_interpersonal_ca"": 12,   ""self_reported_band_group"": ""moderate"",   ""self_reported_band_interpersonal"": ""low"" }",,18,12,moderate,low
68bbc2f0221553d1ac73d56563e2bdf545ae7b0b4d408e8e386ee6903451b0b6__full,68bbc2f0221553d1ac73d56563e2bdf545ae7b0b4d408e8e386ee6903451b0b6,full,vllm,casperhansen/llama-3.3-70b-instruct-awq,"{   ""self_reported_group_ca"": 18,   ""self_reported_interpersonal_ca"": 12,   ""self_reported_band_group"": ""moderate"",   ""self_reported_band_interpersonal"": ""low"" }",,18,12,moderate,low
68bbc2f0221553d1ac73d56563e2bdf545ae7b0b4d408e8e386ee6903451b0b6__v3_rideshare,68bbc2f0221553d1ac73d56563e2bdf545ae7b0b4d408e8e386ee6903451b0b6,v3_rideshare,vllm,casperhansen/llama-3.3-70b-instruct-awq,"{   ""self_reported_group_ca"": 18,   ""self_reported_interpersonal_ca"": 12,   ""self_reported_band_group"": ""moderate"",   ""self_reported_band_interpersonal"": ""low"" }",,18,12,moderate,low
68bbc2f0221553d1ac73d56563e2bdf545ae7b0b4d408e8e386ee6903451b0b6__v3_public_transit,68bbc2f0221553d1ac73d56563e2bdf545ae7b0b4d408e8e386ee6903451b0b6,v3_public_transit,vllm,casperhansen/llama-3.3-70b-instruct-awq,"{   ""self_reported_group_ca"": 18,   ""self_reported_interpersonal_ca"": 12,   ""self_reported_band_group"": ""moderate"",   ""self_reported_band_interpersonal"": ""low"" }",,18,12,moderate,low
68bbc2f0221553d1ac73d56563e2bdf545ae7b0b4d408e8e386ee6903451b0b6__v3_voice,68bbc2f0221553d1ac73d56563e2bdf545ae7b0b4d408e8e386ee6903451b0b6,v3_voice,vllm,casperhansen/llama-3.3-70b-instruct-awq,"{   ""self_reported_group_ca"": 18,   ""self_reported_interpersonal_ca"": 12,   ""self_reported_band_group"": ""moderate"",   ""self_reported_band_interpersonal"": ""low"" }",,18,12,moderate,low
b8b17f3de56950d4fcbf08d353c0139b03d80c7cddc7614f746afeb11d0b7d64__demos,b8b17f3de56950d4fcbf08d353c0139b03d80c7cddc7614f746afeb11d0b7d64,demos,vllm,casperhansen/llama-3.3-70b-instruct-awq,"{   ""self_reported_group_ca"": 18,   ""self_reported_interpersonal_ca"": 12,   ""self_reported_band_group"": ""moderate"",   ""self_reported_band_interpersonal"": ""low"" }",,18,12,moderate,low
b8b17f3de56950d4fcbf08d353c0139b03d80c7cddc7614f746afeb11d0b7d64__employment,b8b17f3de56950d4fcbf08d353c0139b03d80c7cddc7614f746afeb11d0b7d64,employment,vllm,casperhansen/llama-3.3-70b-instruct-awq,"{   ""self_reported_group_ca"": 18,   ""self_reported_interpersonal_ca"": 12,   ""self_reported_band_group"": ""moderate"",   ""self_reported_band_interpersonal"": ""low"" }",,18,12,moderate,low
b8b17f3de56950d4fcbf08d353c0139b03d80c7cddc7614f746afeb11d0b7d64__geo,b8b17f3de56950d4fcbf08d353c0139b03d80c7cddc7614f746afeb11d0b7d64,geo,vllm,casperhansen/llama-3.3-70b-instruct-awq,"{   ""self_reported_group_ca"": 18,   ""self_reported_interpersonal_ca"": 12,   ""self_reported_band_group"": ""moderate"",   ""self_reported_band_interpersonal"": ""low"" }",,18,12,moderate,low
b8b17f3de56950d4fcbf08d353c0139b03d80c7cddc7614f746afeb11d0b7d64__transit,b8b17f3de56950d4fcbf08d353c0139b03d80c7cddc7614f746afeb11d0b7d64,transit,vllm,casperhansen/llama-3.3-70b-instruct-awq,"{   ""self_reported_group_ca"": 18,   ""self_reported_interpersonal_ca"": 12,   ""self_reported_band_group"": ""moderate"",   ""self_reported_band_interpersonal"": ""low"" }",,18,12,moderate,low
b8b17f3de56950d4fcbf08d353c0139b03d80c7cddc7614f746afeb11d0b7d64__full,b8b17f3de56950d4fcbf08d353c0139b03d80c7cddc7614f746afeb11d0b7d64,full,vllm,casperhansen/llama-3.3-70b-instruct-awq,"{   ""self_reported_group_ca"": 18,   ""self_reported_interpersonal_ca"": 12,   ""self_reported_band_group"": ""moderate"",   ""self_reported_band_interpersonal"": ""low"" }",,18,12,moderate,low
b8b17f3de56950d4fcbf08d353c0139b03d80c7cddc7614f746afeb11d0b7d64__v3_rideshare,b8b17f3de56950d4fcbf08d353c0139b03d80c7cddc7614f746afeb11d0b7d64,v3_rideshare,vllm,casperhansen/llama-3.3-70b-instruct-awq,"{   ""self_reported_group_ca"": 18,   ""self_reported_interpersonal_ca"": 12,   ""self_reported_band_group"": ""moderate"",   ""self_reported_band_interpersonal"": ""low"" }",,18,12,moderate,low
b8b17f3de56950d4fcbf08d353c0139b03d80c7cddc7614f746afeb11d0b7d64__v3_public_transit,b8b17f3de56950d4fcbf08d353c0139b03d80c7cddc7614f746afeb11d0b7d64,v3_public_transit,vllm,casperhansen/llama-3.3-70b-instruct-awq,"{   ""self_reported_group_ca"": 18,   ""self_reported_interpersonal_ca"": 12,   ""self_reported_band_group"": ""moderate"",   ""self_reported_band_interpersonal"": ""low"" }",,18,12,moderate,low
b8b17f3de56950d4fcbf08d353c0139b03d80c7cddc7614f746afeb11d0b7d64__v3_voice,b8b17f3de56950d4fcbf08d353c0139b03d80c7cddc7614f746afeb11d0b7d64,v3_voice,vllm,casperhansen/llama-3.3-70b-instruct-awq,"{   ""self_reported_group_ca"": 18,   ""self_reported_interpersonal_ca"": 12,   ""self_reported_band_group"": ""moderate"",   ""self_reported_band_interpersonal"": ""low"" }",,18,12,moderate,low
eb5a8b5f7f424965c03f04042c0d95dd152657e2f46a2ffbb4db19b6e61d50a4__demos,eb5a8b5f7f424965c03f04042c0d95dd152657e2f46a2ffbb4db19b6e61d50a4,demos,vllm,casperhansen/llama-3.3-70b-instruct-awq,"{   ""self_reported_group_ca"": 18,   ""self_reported_interpersonal_ca"": 12,   ""self_reported_band_group"": ""moderate"",   ""self_reported_band_interpersonal"": ""low"" }",,18,12,moderate,low
eb5a8b5f7f424965c03f04042c0d95dd152657e2f46a2ffbb4db19b6e61d50a4__employment,eb5a8b5f7f424965c03f04042c0d95dd152657e2f46a2ffbb4db19b6e61d50a4,employment,vllm,casperhansen/llama-3.3-70b-instruct-awq,"{   ""self_reported_group_ca"": 18,   ""self_reported_interpersonal_ca"": 12,   ""self_reported_band_group"": ""moderate"",   ""self_reported_band_interpersonal"": ""low"" }",,18,12,moderate,low
eb5a8b5f7f424965c03f04042c0d95dd152657e2f46a2ffbb4db19b6e61d50a4__geo,eb5a8b5f7f424965c03f04042c0d95dd152657e2f46a2ffbb4db19b6e61d50a4,geo,vllm,casperhansen/llama-3.3-70b-instruct-awq,"{   ""self_reported_group_ca"": 18,   ""self_reported_interpersonal_ca"": 12,   ""self_reported_band_group"": ""moderate"",   ""self_reported_band_interpersonal"": ""low"" }",,18,12,moderate,low
eb5a8b5f7f424965c03f04042c0d95dd152657e2f46a2ffbb4db19b6e61d50a4__transit,eb5a8b5f7f424965c03f04042c0d95dd152657e2f46a2ffbb4db19b6e61d50a4,transit,vllm,casperhansen/llama-3.3-70b-instruct-awq,"{   ""self_reported_group_ca"": 18,   ""self_reported_interpersonal_ca"": 12,   ""self_reported_band_group"": ""moderate"",   ""self_reported_band_interpersonal"": ""low"" }",,18,12,moderate,low
eb5a8b5f7f424965c03f04042c0d95dd152657e2f46a2ffbb4db19b6e61d50a4__full,eb5a8b5f7f424965c03f04042c0d95dd152657e2f46a2ffbb4db19b6e61d50a4,full,vllm,casperhansen/llama-3.3-70b-instruct-awq,"{   ""self_reported_group_ca"": 18,   ""self_reported_interpersonal_ca"": 12,   ""self_reported_band_group"": ""moderate"",   ""self_reported_band_interpersonal"": ""low"" }",,18,12,moderate,low
eb5a8b5f7f424965c03f04042c0d95dd152657e2f46a2ffbb4db19b6e61d50a4__v3_rideshare,eb5a8b5f7f424965c03f04042c0d95dd152657e2f46a2ffbb4db19b6e61d50a4,v3_rideshare,vllm,casperhansen/llama-3.3-70b-instruct-awq,"{   ""self_reported_group_ca"": 18,   ""self_reported_interpersonal_ca"": 12,   ""self_reported_band_group"": ""moderate"",   ""self_reported_band_interpersonal"": ""low"" }",,18,12,moderate,low
eb5a8b5f7f424965c03f04042c0d95dd152657e2f46a2ffbb4db19b6e61d50a4__v3_public_transit,eb5a8b5f7f424965c03f04042c0d95dd152657e2f46a2ffbb4db19b6e61d50a4,v3_public_transit,vllm,casperhansen/llama-3.3-70b-instruct-awq,"{   ""self_reported_group_ca"": 18,   ""self_reported_interpersonal_ca"": 12,   ""self_reported_band_group"": ""moderate"",   ""self_reported_band_interpersonal"": ""low"" }",,18,12,moderate,low
eb5a8b5f7f424965c03f04042c0d95dd152657e2f46a2ffbb4db19b6e61d50a4__v3_voice,eb5a8b5f7f424965c03f04042c0d95dd152657e2f46a2ffbb4db19b6e61d50a4,v3_voice,vllm,casperhansen/llama-3.3-70b-instruct-awq,"{   ""self_reported_group_ca"": 18,   ""self_reported_interpersonal_ca"": 12,   ""self_reported_band_group"": ""moderate"",   ""self_reported_band_interpersonal"": ""low"" }",,18,12,moderate,low
4dd6a3edf9c4583b4846e3a7427d1ca43b0913ebce429eb6c69622085810073e__demos,4dd6a3edf9c4583b4846e3a7427d1ca43b0913ebce429eb6c69622085810073e,demos,vllm,casperhansen/llama-3.3-70b-instruct-awq,"{   ""self_reported_group_ca"": 22,   ""self_reported_interpersonal_ca"": 18,   ""self_reported_band_group"": ""high"",   ""self_reported_band_interpersonal"": ""moderate"" }",,22,18,high,moderate
4dd6a3edf9c4583b4846e3a7427d1ca43b0913ebce429eb6c69622085810073e__employment,4dd6a3edf9c4583b4846e3a7427d1ca43b0913ebce429eb6c69622085810073e,employment,vllm,casperhansen/llama-3.3-70b-instruct-awq,"{   ""self_reported_group_ca"": 22,   ""self_reported_interpersonal_ca"": 18,   ""self_reported_band_group"": ""high"",   ""self_reported_band_interpersonal"": ""moderate"" }",,22,18,high,moderate
4dd6a3edf9c4583b4846e3a7427d1ca43b0913ebce429eb6c69622085810073e__geo,4dd6a3edf9c4583b4846e3a7427d1ca43b0913ebce429eb6c69622085810073e,geo,vllm,casperhansen/llama-3.3-70b-instruct-awq,"{   ""self_reported_group_ca"": 18,   ""self_reported_interpersonal_ca"": 12,   ""self_reported_band_group"": ""moderate"",   ""self_reported_band_interpersonal"": ""low"" }",,18,12,moderate,low
4dd6a3edf9c4583b4846e3a7427d1ca43b0913ebce429eb6c69622085810073e__transit,4dd6a3edf9c4583b4846e3a7427d1ca43b0913ebce429eb6c69622085810073e,transit,vllm,casperhansen/llama-3.3-70b-instruct-awq,"{   ""self_reported_group_ca"": 22,   ""self_reported_interpersonal_ca"": 18,   ""self_reported_band_group"": ""high"",   ""self_reported_band_interpersonal"": ""moderate"" }",,22,18,high,moderate
4dd6a3edf9c4583b4846e3a7427d1ca43b0913ebce429eb6c69622085810073e__full,4dd6a3edf9c4583b4846e3a7427d1ca43b0913ebce429eb6c69622085810073e,full,vllm,casperhansen/llama-3.3-70b-instruct-awq,"{   ""self_reported_group_ca"": 22,   ""self_reported_interpersonal_ca"": 18,   ""self_reported_band_group"": ""high"",   ""self_reported_band_interpersonal"": ""moderate"" }",,22,18,high,moderate
4dd6a3edf9c4583b4846e3a7427d1ca43b0913ebce429eb6c69622085810073e__v3_rideshare,4dd6a3edf9c4583b4846e3a7427d1ca43b0913ebce429eb6c69622085810073e,v3_rideshare,vllm,casperhansen/llama-3.3-70b-instruct-awq,"{   ""self_reported_group_ca"": 18,   ""self_reported_interpersonal_ca"": 12,   ""self_reported_band_group"": ""moderate"",   ""self_reported_band_interpersonal"": ""low"" }",,18,12,moderate,low
4dd6a3edf9c4583b4846e3a7427d1ca43b0913ebce429eb6c69622085810073e__v3_public_transit,4dd6a3edf9c4583b4846e3a7427d1ca43b0913ebce429eb6c69622085810073e,v3_public_transit,vllm,casperhansen/llama-3.3-70b-instruct-awq,"{   ""self_reported_group_ca"": 22,   ""self_reported_interpersonal_ca"": 18,   ""self_reported_band_group"": ""high"",   ""self_reported_band_interpersonal"": ""moderate"" }",,22,18,high,moderate
4dd6a3edf9c4583b4846e3a7427d1ca43b0913ebce429eb6c69622085810073e__v3_voice,4dd6a3edf9c4583b4846e3a7427d1ca43b0913ebce429eb6c69622085810073e,v3_voice,vllm,casperhansen/llama-3.3-70b-instruct-awq,"{   ""self_reported_group_ca"": 18,   ""self_reported_interpersonal_ca"": 12,   ""self_reported_band_group"": ""moderate"",   ""self_reported_band_interpersonal"": ""low"" }",,18,12,moderate,low
b08df79ff4969c7b8cd08976873f21894166d48581efee96c130746ef5b67a8a__demos,b08df79ff4969c7b8cd08976873f21894166d48581efee96c130746ef5b67a8a,demos,vllm,casperhansen/llama-3.3-70b-instruct-awq,"{   ""self_reported_group_ca"": 18,   ""self_reported_interpersonal_ca"": 12,   ""self_reported_band_group"": ""moderate"",   ""self_reported_band_interpersonal"": ""low"" }",,18,12,moderate,low
b08df79ff4969c7b8cd08976873f21894166d48581efee96c130746ef5b67a8a__employment,b08df79ff4969c7b8cd08976873f21894166d48581efee96c130746ef5b67a8a,employment,vllm,casperhansen/llama-3.3-70b-instruct-awq,"{   ""self_reported_group_ca"": 18,   ""self_reported_interpersonal_ca"": 12,   ""self_reported_band_group"": ""moderate"",   ""self_reported_band_interpersonal"": ""low"" }",,18,12,moderate,low
b08df79ff4969c7b8cd08976873f21894166d48581efee96c130746ef5b67a8a__geo,b08df79ff4969c7b8cd08976873f21894166d48581efee96c130746ef5b67a8a,geo,vllm,casperhansen/llama-3.3-70b-instruct-awq,"{   ""self_reported_group_ca"": 18,   ""self_reported_interpersonal_ca"": 12,   ""self_reported_band_group"": ""moderate"",   ""self_reported_band_interpersonal"": ""low"" }",,18,12,moderate,low
b08df79ff4969c7b8cd08976873f21894166d48581efee96c130746ef5b67a8a__transit,b08df79ff4969c7b8cd08976873f21894166d48581efee96c130746ef5b67a8a,transit,vllm,casperhansen/llama-3.3-70b-instruct-awq,"{   ""self_reported_group_ca"": 18,   ""self_reported_interpersonal_ca"": 12,   ""self_reported_band_group"": ""moderate"",   ""self_reported_band_interpersonal"": ""low"" }",,18,12,moderate,low
b08df79ff4969c7b8cd08976873f21894166d48581efee96c130746ef5b67a8a__full,b08df79ff4969c7b8cd08976873f21894166d48581efee96c130746ef5b67a8a,full,vllm,casperhansen/llama-3.3-70b-instruct-awq,"{   ""self_reported_group_ca"": 18,   ""self_reported_interpersonal_ca"": 12,   ""self_reported_band_group"": ""moderate"",   ""self_reported_band_interpersonal"": ""low"" }",,18,12,moderate,low
b08df79ff4969c7b8cd08976873f21894166d48581efee96c130746ef5b67a8a__v3_rideshare,b08df79ff4969c7b8cd08976873f21894166d48581efee96c130746ef5b67a8a,v3_rideshare,vllm,casperhansen/llama-3.3-70b-instruct-awq,"{   ""self_reported_group_ca"": 18,   ""self_reported_interpersonal_ca"": 12,   ""self_reported_band_group"": ""moderate"",   ""self_reported_band_interpersonal"": ""low"" }",,18,12,moderate,low
b08df79ff4969c7b8cd08976873f21894166d48581efee96c130746ef5b67a8a__v3_public_transit,b08df79ff4969c7b8cd08976873f21894166d48581efee96c130746ef5b67a8a,v3_public_transit,vllm,casperhansen/llama-3.3-70b-instruct-awq,"{   ""self_reported_group_ca"": 18,   ""self_reported_interpersonal_ca"": 12,   ""self_reported_band_group"": ""moderate"",   ""self_reported_band_interpersonal"": ""low"" }",,18,12,moderate,low
b08df79ff4969c7b8cd08976873f21894166d48581efee96c130746ef5b67a8a__v3_voice,b08df79ff4969c7b8cd08976873f21894166d48581efee96c130746ef5b67a8a,v3_voice,vllm,casperhansen/llama-3.3-70b-instruct-awq,"{   ""self_reported_group_ca"": 18,   ""self_reported_interpersonal_ca"": 12,   ""self_reported_band_group"": ""moderate"",   ""self_reported_band_interpersonal"": ""low"" }",,18,12,moderate,low
ec3fd47dbf258cb35c251773f3cde0870fcfa798317fde221c381998762f9427__demos,ec3fd47dbf258cb35c251773f3cde0870fcfa798317fde221c381998762f9427,demos,vllm,casperhansen/llama-3.3-70b-instruct-awq,"{   ""self_reported_group_ca"": 18,   ""self_reported_interpersonal_ca"": 12,   ""self_reported_band_group"": ""moderate"",   ""self_reported_band_interpersonal"": ""low"" }",,18,12,moderate,low
ec3fd47dbf258cb35c251773f3cde0870fcfa798317fde221c381998762f9427__employment,ec3fd47dbf258cb35c251773f3cde0870fcfa798317fde221c381998762f9427,employment,vllm,casperhansen/llama-3.3-70b-instruct-awq,"{   ""self_reported_group_ca"": 18,   ""self_reported_interpersonal_ca"": 12,   ""self_reported_band_group"": ""moderate"",   ""self_reported_band_interpersonal"": ""low"" }",,18,12,moderate,low
ec3fd47dbf258cb35c251773f3cde0870fcfa798317fde221c381998762f9427__geo,ec3fd47dbf258cb35c251773f3cde0870fcfa798317fde221c381998762f9427,geo,vllm,casperhansen/llama-3.3-70b-instruct-awq,"{   ""self_reported_group_ca"": 18,   ""self_reported_interpersonal_ca"": 12,   ""self_reported_band_group"": ""moderate"",   ""self_reported_band_interpersonal"": ""low"" }",,18,12,moderate,low
ec3fd47dbf258cb35c251773f3cde0870fcfa798317fde221c381998762f9427__transit,ec3fd47dbf258cb35c251773f3cde0870fcfa798317fde221c381998762f9427,transit,vllm,casperhansen/llama-3.3-70b-instruct-awq,"{   ""self_reported_group_ca"": 18,   ""self_reported_interpersonal_ca"": 12,   ""self_reported_band_group"": ""moderate"",   ""self_reported_band_interpersonal"": ""low"" }",,18,12,moderate,low
ec3fd47dbf258cb35c251773f3cde0870fcfa798317fde221c381998762f9427__full,ec3fd47dbf258cb35c251773f3cde0870fcfa798317fde221c381998762f9427,full,vllm,casperhansen/llama-3.3-70b-instruct-awq,"{   ""self_reported_group_ca"": 18,   ""self_reported_interpersonal_ca"": 12,   ""self_reported_band_group"": ""moderate"",   ""self_reported_band_interpersonal"": ""low"" }",,18,12,moderate,low
ec3fd47dbf258cb35c251773f3cde0870fcfa798317fde221c381998762f9427__v3_rideshare,ec3fd47dbf258cb35c251773f3cde0870fcfa798317fde221c381998762f9427,v3_rideshare,vllm,casperhansen/llama-3.3-70b-instruct-awq,"{   ""self_reported_group_ca"": 18,   ""self_reported_interpersonal_ca"": 12,   ""self_reported_band_group"": ""moderate"",   ""self_reported_band_interpersonal"": ""low"" }",,18,12,moderate,low
ec3fd47dbf258cb35c251773f3cde0870fcfa798317fde221c381998762f9427__v3_public_transit,ec3fd47dbf258cb35c251773f3cde0870fcfa798317fde221c381998762f9427,v3_public_transit,vllm,casperhansen/llama-3.3-70b-instruct-awq,"{   ""self_reported_group_ca"": 18,   ""self_reported_interpersonal_ca"": 12,   ""self_reported_band_group"": ""moderate"",   ""self_reported_band_interpersonal"": ""low"" }",,18,12,moderate,low
ec3fd47dbf258cb35c251773f3cde0870fcfa798317fde221c381998762f9427__v3_voice,ec3fd47dbf258cb35c251773f3cde0870fcfa798317fde221c381998762f9427,v3_voice,vllm,casperhansen/llama-3.3-70b-instruct-awq,"{   ""self_reported_group_ca"": 18,   ""self_reported_interpersonal_ca"": 12,   ""self_reported_band_group"": ""moderate"",   ""self_reported_band_interpersonal"": ""low"" }",,18,12,moderate,low
de5374e38167789ec180c825f27e5e12d0b8f03e8e1bb6bba16371f71a5879b0__demos,de5374e38167789ec180c825f27e5e12d0b8f03e8e1bb6bba16371f71a5879b0,demos,vllm,casperhansen/llama-3.3-70b-instruct-awq,"{   ""self_reported_group_ca"": 18,   ""self_reported_interpersonal_ca"": 12,   ""self_reported_band_group"": ""moderate"",   ""self_reported_band_interpersonal"": ""low"" }",,18,12,moderate,low
de5374e38167789ec180c825f27e5e12d0b8f03e8e1bb6bba16371f71a5879b0__employment,de5374e38167789ec180c825f27e5e12d0b8f03e8e1bb6bba16371f71a5879b0,employment,vllm,casperhansen/llama-3.3-70b-instruct-awq,"{   ""self_reported_group_ca"": 18,   ""self_reported_interpersonal_ca"": 12,   ""self_reported_band_group"": ""moderate"",   ""self_reported_band_interpersonal"": ""low"" }",,18,12,moderate,low
de5374e38167789ec180c825f27e5e12d0b8f03e8e1bb6bba16371f71a5879b0__geo,de5374e38167789ec180c825f27e5e12d0b8f03e8e1bb6bba16371f71a5879b0,geo,vllm,casperhansen/llama-3.3-70b-instruct-awq,"{   ""self_reported_group_ca"": 18,   ""self_reported_interpersonal_ca"": 12,   ""self_reported_band_group"": ""moderate"",   ""self_reported_band_interpersonal"": ""low"" }",,18,12,moderate,low
de5374e38167789ec180c825f27e5e12d0b8f03e8e1bb6bba16371f71a5879b0__transit,de5374e38167789ec180c825f27e5e12d0b8f03e8e1bb6bba16371f71a5879b0,transit,vllm,casperhansen/llama-3.3-70b-instruct-awq,"{   ""self_reported_group_ca"": 18,   ""self_reported_interpersonal_ca"": 12,   ""self_reported_band_group"": ""moderate"",   ""self_reported_band_interpersonal"": ""low"" }",,18,12,moderate,low
de5374e38167789ec180c825f27e5e12d0b8f03e8e1bb6bba16371f71a5879b0__full,de5374e38167789ec180c825f27e5e12d0b8f03e8e1bb6bba16371f71a5879b0,full,vllm,casperhansen/llama-3.3-70b-instruct-awq,"{   ""self_reported_group_ca"": 18,   ""self_reported_interpersonal_ca"": 12,   ""self_reported_band_group"": ""moderate"",   ""self_reported_band_interpersonal"": ""low"" }",,18,12,moderate,low
de5374e38167789ec180c825f27e5e12d0b8f03e8e1bb6bba16371f71a5879b0__v3_rideshare,de5374e38167789ec180c825f27e5e12d0b8f03e8e1bb6bba16371f71a5879b0,v3_rideshare,vllm,casperhansen/llama-3.3-70b-instruct-awq,"{   ""self_reported_group_ca"": 18,   ""self_reported_interpersonal_ca"": 12,   ""self_reported_band_group"": ""moderate"",   ""self_reported_band_interpersonal"": ""low"" }",,18,12,moderate,low
de5374e38167789ec180c825f27e5e12d0b8f03e8e1bb6bba16371f71a5879b0__v3_public_transit,de5374e38167789ec180c825f27e5e12d0b8f03e8e1bb6bba16371f71a5879b0,v3_public_transit,vllm,casperhansen/llama-3.3-70b-instruct-awq,"{   ""self_reported_group_ca"": 18,   ""self_reported_interpersonal_ca"": 12,   ""self_reported_band_group"": ""moderate"",   ""self_reported_band_interpersonal"": ""low"" }",,18,12,moderate,low
de5374e38167789ec180c825f27e5e12d0b8f03e8e1bb6bba16371f71a5879b0__v3_voice,de5374e38167789ec180c825f27e5e12d0b8f03e8e1bb6bba16371f71a5879b0,v3_voice,vllm,casperhansen/llama-3.3-70b-instruct-awq,"{   ""self_reported_group_ca"": 18,   ""self_reported_interpersonal_ca"": 12,   ""self_reported_band_group"": ""moderate"",   ""self_reported_band_interpersonal"": ""low"" }",,18,12,moderate,low
5a8c0b02b9d365b11c0f81576b54e778008687be9dc53a571b3b7ba18bd45b00__demos,5a8c0b02b9d365b11c0f81576b54e778008687be9dc53a571b3b7ba18bd45b00,demos,vllm,casperhansen/llama-3.3-70b-instruct-awq,"{   ""self_reported_group_ca"": 18,   ""self_reported_interpersonal_ca"": 12,   ""self_reported_band_group"": ""moderate"",   ""self_reported_band_interpersonal"": ""low"" }",,18,12,moderate,low
5a8c0b02b9d365b11c0f81576b54e778008687be9dc53a571b3b7ba18bd45b00__employment,5a8c0b02b9d365b11c0f81576b54e778008687be9dc53a571b3b7ba18bd45b00,employment,vllm,casperhansen/llama-3.3-70b-instruct-awq,"{   ""self_reported_group_ca"": 18,   ""self_reported_interpersonal_ca"": 12,   ""self_reported_band_group"": ""moderate"",   ""self_reported_band_interpersonal"": ""low"" }",,18,12,moderate,low
5a8c0b02b9d365b11c0f81576b54e778008687be9dc53a571b3b7ba18bd45b00__geo,5a8c0b02b9d365b11c0f81576b54e778008687be9dc53a571b3b7ba18bd45b00,geo,vllm,casperhansen/llama-3.3-70b-instruct-awq,"{   ""self_reported_group_ca"": 18,   ""self_reported_interpersonal_ca"": 12,   ""self_reported_band_group"": ""moderate"",   ""self_reported_band_interpersonal"": ""low"" }",,18,12,moderate,low
5a8c0b02b9d365b11c0f81576b54e778008687be9dc53a571b3b7ba18bd45b00__transit,5a8c0b02b9d365b11c0f81576b54e778008687be9dc53a571b3b7ba18bd45b00,transit,vllm,casperhansen/llama-3.3-70b-instruct-awq,"{   ""self_reported_group_ca"": 18,   ""self_reported_interpersonal_ca"": 12,   ""self_reported_band_group"": ""moderate"",   ""self_reported_band_interpersonal"": ""low"" }",,18,12,moderate,low
5a8c0b02b9d365b11c0f81576b54e778008687be9dc53a571b3b7ba18bd45b00__full,5a8c0b02b9d365b11c0f81576b54e778008687be9dc53a571b3b7ba18bd45b00,full,vllm,casperhansen/llama-3.3-70b-instruct-awq,"{   ""self_reported_group_ca"": 18,   ""self_reported_interpersonal_ca"": 12,   ""self_reported_band_group"": ""moderate"",   ""self_reported_band_interpersonal"": ""low"" }",,18,12,moderate,low
5a8c0b02b9d365b11c0f81576b54e778008687be9dc53a571b3b7ba18bd45b00__v3_rideshare,5a8c0b02b9d365b11c0f81576b54e778008687be9dc53a571b3b7ba18bd45b00,v3_rideshare,vllm,casperhansen/llama-3.3-70b-instruct-awq,"{   ""self_reported_group_ca"": 18,   ""self_reported_interpersonal_ca"": 12,   ""self_reported_band_group"": ""moderate"",   ""self_reported_band_interpersonal"": ""low"" }",,18,12,moderate,low
5a8c0b02b9d365b11c0f81576b54e778008687be9dc53a571b3b7ba18bd45b00__v3_public_transit,5a8c0b02b9d365b11c0f81576b54e778008687be9dc53a571b3b7ba18bd45b00,v3_public_transit,vllm,casperhansen/llama-3.3-70b-instruct-awq,"{   ""self_reported_group_ca"": 18,   ""self_reported_interpersonal_ca"": 12,   ""self_reported_band_group"": ""moderate"",   ""self_reported_band_interpersonal"": ""low"" }",,18,12,moderate,low
5a8c0b02b9d365b11c0f81576b54e778008687be9dc53a571b3b7ba18bd45b00__v3_voice,5a8c0b02b9d365b11c0f81576b54e778008687be9dc53a571b3b7ba18bd45b00,v3_voice,vllm,casperhansen/llama-3.3-70b-instruct-awq,"{   ""self_reported_group_ca"": 18,   ""self_reported_interpersonal_ca"": 12,   ""self_reported_band_group"": ""moderate"",   ""self_reported_band_interpersonal"": ""low"" }",,18,12,moderate,low
79a7690ded603d7a1fdd9aba77ef07ee3e4ebd7bbb96773783b56a76b4dd5277__demos,79a7690ded603d7a1fdd9aba77ef07ee3e4ebd7bbb96773783b56a76b4dd5277,demos,vllm,casperhansen/llama-3.3-70b-instruct-awq,"{   ""self_reported_group_ca"": 18,   ""self_reported_interpersonal_ca"": 12,   ""self_reported_band_group"": ""moderate"",   ""self_reported_band_interpersonal"": ""low"" }",,18,12,moderate,low
79a7690ded603d7a1fdd9aba77ef07ee3e4ebd7bbb96773783b56a76b4dd5277__employment,79a7690ded603d7a1fdd9aba77ef07ee3e4ebd7bbb96773783b56a76b4dd5277,employment,vllm,casperhansen/llama-3.3-70b-instruct-awq,"{   ""self_reported_group_ca"": 18,   ""self_reported_interpersonal_ca"": 12,   ""self_reported_band_group"": ""moderate"",   ""self_reported_band_interpersonal"": ""low"" }",,18,12,moderate,low
79a7690ded603d7a1fdd9aba77ef07ee3e4ebd7bbb96773783b56a76b4dd5277__geo,79a7690ded603d7a1fdd9aba77ef07ee3e4ebd7bbb96773783b56a76b4dd5277,geo,vllm,casperhansen/llama-3.3-70b-instruct-awq,"{   ""self_reported_group_ca"": 18,   ""self_reported_interpersonal_ca"": 12,   ""self_reported_band_group"": ""moderate"",   ""self_reported_band_interpersonal"": ""low"" }",,18,12,moderate,low
79a7690ded603d7a1fdd9aba77ef07ee3e4ebd7bbb96773783b56a76b4dd5277__transit,79a7690ded603d7a1fdd9aba77ef07ee3e4ebd7bbb96773783b56a76b4dd5277,transit,vllm,casperhansen/llama-3.3-70b-instruct-awq,"{   ""self_reported_group_ca"": 18,   ""self_reported_interpersonal_ca"": 12,   ""self_reported_band_group"": ""moderate"",   ""self_reported_band_interpersonal"": ""low"" }",,18,12,moderate,low
79a7690ded603d7a1fdd9aba77ef07ee3e4ebd7bbb96773783b56a76b4dd5277__full,79a7690ded603d7a1fdd9aba77ef07ee3e4ebd7bbb96773783b56a76b4dd5277,full,vllm,casperhansen/llama-3.3-70b-instruct-awq,"{   ""self_reported_group_ca"": 18,   ""self_reported_interpersonal_ca"": 12,   ""self_reported_band_group"": ""moderate"",   ""self_reported_band_interpersonal"": ""low"" }",,18,12,moderate,low
79a7690ded603d7a1fdd9aba77ef07ee3e4ebd7bbb96773783b56a76b4dd5277__v3_rideshare,79a7690ded603d7a1fdd9aba77ef07ee3e4ebd7bbb96773783b56a76b4dd5277,v3_rideshare,vllm,casperhansen/llama-3.3-70b-instruct-awq,"{   ""self_reported_group_ca"": 18,   ""self_reported_interpersonal_ca"": 12,   ""self_reported_band_group"": ""moderate"",   ""self_reported_band_interpersonal"": ""low"" }",,18,12,moderate,low
79a7690ded603d7a1fdd9aba77ef07ee3e4ebd7bbb96773783b56a76b4dd5277__v3_public_transit,79a7690ded603d7a1fdd9aba77ef07ee3e4ebd7bbb96773783b56a76b4dd5277,v3_public_transit,vllm,casperhansen/llama-3.3-70b-instruct-awq,"{   ""self_reported_group_ca"": 18,   ""self_reported_interpersonal_ca"": 12,   ""self_reported_band_group"": ""moderate"",   ""self_reported_band_interpersonal"": ""low"" }",,18,12,moderate,low
79a7690ded603d7a1fdd9aba77ef07ee3e4ebd7bbb96773783b56a76b4dd5277__v3_voice,79a7690ded603d7a1fdd9aba77ef07ee3e4ebd7bbb96773783b56a76b4dd5277,v3_voice,vllm,casperhansen/llama-3.3-70b-instruct-awq,"{   ""self_reported_group_ca"": 18,   ""self_reported_interpersonal_ca"": 12,   ""self_reported_band_group"": ""moderate"",   ""self_reported_band_interpersonal"": ""low"" }",,18,12,moderate,low
95ed67f67dae85a33b5f68f5e50bf019dffb7409de52a177f0ce4ccebe52e847__demos,95ed67f67dae85a33b5f68f5e50bf019dffb7409de52a177f0ce4ccebe52e847,demos,vllm,casperhansen/llama-3.3-70b-instruct-awq,"{   ""self_reported_group_ca"": 18,   ""self_reported_interpersonal_ca"": 12,   ""self_reported_band_group"": ""moderate"",   ""self_reported_band_interpersonal"": ""low"" }",,18,12,moderate,low
95ed67f67dae85a33b5f68f5e50bf019dffb7409de52a177f0ce4ccebe52e847__employment,95ed67f67dae85a33b5f68f5e50bf019dffb7409de52a177f0ce4ccebe52e847,employment,vllm,casperhansen/llama-3.3-70b-instruct-awq,"{   ""self_reported_group_ca"": 18,   ""self_reported_interpersonal_ca"": 12,   ""self_reported_band_group"": ""moderate"",   ""self_reported_band_interpersonal"": ""low"" }",,18,12,moderate,low
95ed67f67dae85a33b5f68f5e50bf019dffb7409de52a177f0ce4ccebe52e847__geo,95ed67f67dae85a33b5f68f5e50bf019dffb7409de52a177f0ce4ccebe52e847,geo,vllm,casperhansen/llama-3.3-70b-instruct-awq,"{   ""self_reported_group_ca"": 18,   ""self_reported_interpersonal_ca"": 12,   ""self_reported_band_group"": ""moderate"",   ""self_reported_band_interpersonal"": ""low"" }",,18,12,moderate,low
95ed67f67dae85a33b5f68f5e50bf019dffb7409de52a177f0ce4ccebe52e847__transit,95ed67f67dae85a33b5f68f5e50bf019dffb7409de52a177f0ce4ccebe52e847,transit,vllm,casperhansen/llama-3.3-70b-instruct-awq,"{   ""self_reported_group_ca"": 18,   ""self_reported_interpersonal_ca"": 12,   ""self_reported_band_group"": ""moderate"",   ""self_reported_band_interpersonal"": ""low"" }",,18,12,moderate,low
95ed67f67dae85a33b5f68f5e50bf019dffb7409de52a177f0ce4ccebe52e847__full,95ed67f67dae85a33b5f68f5e50bf019dffb7409de52a177f0ce4ccebe52e847,full,vllm,casperhansen/llama-3.3-70b-instruct-awq,"{   ""self_reported_group_ca"": 18,   ""self_reported_interpersonal_ca"": 12,   ""self_reported_band_group"": ""moderate"",   ""self_reported_band_interpersonal"": ""low"" }",,18,12,moderate,low
95ed67f67dae85a33b5f68f5e50bf019dffb7409de52a177f0ce4ccebe52e847__v3_rideshare,95ed67f67dae85a33b5f68f5e50bf019dffb7409de52a177f0ce4ccebe52e847,v3_rideshare,vllm,casperhansen/llama-3.3-70b-instruct-awq,"{   ""self_reported_group_ca"": 18,   ""self_reported_interpersonal_ca"": 12,   ""self_reported_band_group"": ""moderate"",   ""self_reported_band_interpersonal"": ""low"" }",,18,12,moderate,low
95ed67f67dae85a33b5f68f5e50bf019dffb7409de52a177f0ce4ccebe52e847__v3_public_transit,95ed67f67dae85a33b5f68f5e50bf019dffb7409de52a177f0ce4ccebe52e847,v3_public_transit,vllm,casperhansen/llama-3.3-70b-instruct-awq,"{   ""self_reported_group_ca"": 18,   ""self_reported_interpersonal_ca"": 12,   ""self_reported_band_group"": ""moderate"",   ""self_reported_band_interpersonal"": ""low"" }",,18,12,moderate,low
95ed67f67dae85a33b5f68f5e50bf019dffb7409de52a177f0ce4ccebe52e847__v3_voice,95ed67f67dae85a33b5f68f5e50bf019dffb7409de52a177f0ce4ccebe52e847,v3_voice,vllm,casperhansen/llama-3.3-70b-instruct-awq,"{   ""self_reported_group_ca"": 18,   ""self_reported_interpersonal_ca"": 12,   ""self_reported_band_group"": ""moderate"",   ""self_reported_band_interpersonal"": ""low"" }",,18,12,moderate,low
2132c4e72843f510a097f2fd65a46eae103825791e5693723ff199b5b823d677__demos,2132c4e72843f510a097f2fd65a46eae103825791e5693723ff199b5b823d677,demos,vllm,casperhansen/llama-3.3-70b-instruct-awq,"{   ""self_reported_group_ca"": 18,   ""self_reported_interpersonal_ca"": 12,   ""self_reported_band_group"": ""moderate"",   ""self_reported_band_interpersonal"": ""low"" }",,18,12,moderate,low
2132c4e72843f510a097f2fd65a46eae103825791e5693723ff199b5b823d677__employment,2132c4e72843f510a097f2fd65a46eae103825791e5693723ff199b5b823d677,employment,vllm,casperhansen/llama-3.3-70b-instruct-awq,"{   ""self_reported_group_ca"": 18,   ""self_reported_interpersonal_ca"": 12,   ""self_reported_band_group"": ""moderate"",   ""self_reported_band_interpersonal"": ""low"" }",,18,12,moderate,low
2132c4e72843f510a097f2fd65a46eae103825791e5693723ff199b5b823d677__geo,2132c4e72843f510a097f2fd65a46eae103825791e5693723ff199b5b823d677,geo,vllm,casperhansen/llama-3.3-70b-instruct-awq,"{   ""self_reported_group_ca"": 18,   ""self_reported_interpersonal_ca"": 12,   ""self_reported_band_group"": ""moderate"",   ""self_reported_band_interpersonal"": ""low"" }",,18,12,moderate,low
2132c4e72843f510a097f2fd65a46eae103825791e5693723ff199b5b823d677__transit,2132c4e72843f510a097f2fd65a46eae103825791e5693723ff199b5b823d677,transit,vllm,casperhansen/llama-3.3-70b-instruct-awq,"{   ""self_reported_group_ca"": 18,   ""self_reported_interpersonal_ca"": 12,   ""self_reported_band_group"": ""moderate"",   ""self_reported_band_interpersonal"": ""low"" }",,18,12,moderate,low
2132c4e72843f510a097f2fd65a46eae103825791e5693723ff199b5b823d677__full,2132c4e72843f510a097f2fd65a46eae103825791e5693723ff199b5b823d677,full,vllm,casperhansen/llama-3.3-70b-instruct-awq,"{   ""self_reported_group_ca"": 18,   ""self_reported_interpersonal_ca"": 12,   ""self_reported_band_group"": ""moderate"",   ""self_reported_band_interpersonal"": ""low"" }",,18,12,moderate,low
2132c4e72843f510a097f2fd65a46eae103825791e5693723ff199b5b823d677__v3_rideshare,2132c4e72843f510a097f2fd65a46eae103825791e5693723ff199b5b823d677,v3_rideshare,vllm,casperhansen/llama-3.3-70b-instruct-awq,"{   ""self_reported_group_ca"": 18,   ""self_reported_interpersonal_ca"": 12,   ""self_reported_band_group"": ""moderate"",   ""self_reported_band_interpersonal"": ""low"" }",,18,12,moderate,low
2132c4e72843f510a097f2fd65a46eae103825791e5693723ff199b5b823d677__v3_public_transit,2132c4e72843f510a097f2fd65a46eae103825791e5693723ff199b5b823d677,v3_public_transit,vllm,casperhansen/llama-3.3-70b-instruct-awq,"{   ""self_reported_group_ca"": 18,   ""self_reported_interpersonal_ca"": 12,   ""self_reported_band_group"": ""moderate"",   ""self_reported_band_interpersonal"": ""low"" }",,18,12,moderate,low
2132c4e72843f510a097f2fd65a46eae103825791e5693723ff199b5b823d677__v3_voice,2132c4e72843f510a097f2fd65a46eae103825791e5693723ff199b5b823d677,v3_voice,vllm,casperhansen/llama-3.3-70b-instruct-awq,"{   ""self_reported_group_ca"": 18,   ""self_reported_interpersonal_ca"": 12,   ""self_reported_band_group"": ""moderate"",   ""self_reported_band_interpersonal"": ""low"" }",,18,12,moderate,low
59bf206766decf1eb20587204ac50399cd688aea1260cc6eb0f918790cd1af7b__demos,59bf206766decf1eb20587204ac50399cd688aea1260cc6eb0f918790cd1af7b,demos,vllm,casperhansen/llama-3.3-70b-instruct-awq,"{   ""self_reported_group_ca"": 18,   ""self_reported_interpersonal_ca"": 12,   ""self_reported_band_group"": ""moderate"",   ""self_reported_band_interpersonal"": ""low"" }",,18,12,moderate,low
59bf206766decf1eb20587204ac50399cd688aea1260cc6eb0f918790cd1af7b__employment,59bf206766decf1eb20587204ac50399cd688aea1260cc6eb0f918790cd1af7b,employment,vllm,casperhansen/llama-3.3-70b-instruct-awq,"{   ""self_reported_group_ca"": 18,   ""self_reported_interpersonal_ca"": 12,   ""self_reported_band_group"": ""moderate"",   ""self_reported_band_interpersonal"": ""low"" }",,18,12,moderate,low
59bf206766decf1eb20587204ac50399cd688aea1260cc6eb0f918790cd1af7b__geo,59bf206766decf1eb20587204ac50399cd688aea1260cc6eb0f918790cd1af7b,geo,vllm,casperhansen/llama-3.3-70b-instruct-awq,"{   ""self_reported_group_ca"": 18,   ""self_reported_interpersonal_ca"": 12,   ""self_reported_band_group"": ""moderate"",   ""self_reported_band_interpersonal"": ""low"" }",,18,12,moderate,low
59bf206766decf1eb20587204ac50399cd688aea1260cc6eb0f918790cd1af7b__transit,59bf206766decf1eb20587204ac50399cd688aea1260cc6eb0f918790cd1af7b,transit,vllm,casperhansen/llama-3.3-70b-instruct-awq,"{   ""self_reported_group_ca"": 18,   ""self_reported_interpersonal_ca"": 12,   ""self_reported_band_group"": ""moderate"",   ""self_reported_band_interpersonal"": ""low"" }",,18,12,moderate,low
59bf206766decf1eb20587204ac50399cd688aea1260cc6eb0f918790cd1af7b__full,59bf206766decf1eb20587204ac50399cd688aea1260cc6eb0f918790cd1af7b,full,vllm,casperhansen/llama-3.3-70b-instruct-awq,"{   ""self_reported_group_ca"": 18,   ""self_reported_interpersonal_ca"": 12,   ""self_reported_band_group"": ""moderate"",   ""self_reported_band_interpersonal"": ""low"" }",,18,12,moderate,low
59bf206766decf1eb20587204ac50399cd688aea1260cc6eb0f918790cd1af7b__v3_rideshare,59bf206766decf1eb20587204ac50399cd688aea1260cc6eb0f918790cd1af7b,v3_rideshare,vllm,casperhansen/llama-3.3-70b-instruct-awq,"{   ""self_reported_group_ca"": 18,   ""self_reported_interpersonal_ca"": 12,   ""self_reported_band_group"": ""moderate"",   ""self_reported_band_interpersonal"": ""low"" }",,18,12,moderate,low
59bf206766decf1eb20587204ac50399cd688aea1260cc6eb0f918790cd1af7b__v3_public_transit,59bf206766decf1eb20587204ac50399cd688aea1260cc6eb0f918790cd1af7b,v3_public_transit,vllm,casperhansen/llama-3.3-70b-instruct-awq,"{   ""self_reported_group_ca"": 18,   ""self_reported_interpersonal_ca"": 12,   ""self_reported_band_group"": ""moderate"",   ""self_reported_band_interpersonal"": ""low"" }",,18,12,moderate,low
59bf206766decf1eb20587204ac50399cd688aea1260cc6eb0f918790cd1af7b__v3_voice,59bf206766decf1eb20587204ac50399cd688aea1260cc6eb0f918790cd1af7b,v3_voice,vllm,casperhansen/llama-3.3-70b-instruct-awq,"{   ""self_reported_group_ca"": 18,   ""self_reported_interpersonal_ca"": 12,   ""self_reported_band_group"": ""moderate"",   ""self_reported_band_interpersonal"": ""low"" }",,18,12,moderate,low
0b7b608e95ac791a2e561ebd34498c617e36ed73f4aff1a8e76c2392b5277447__demos,0b7b608e95ac791a2e561ebd34498c617e36ed73f4aff1a8e76c2392b5277447,demos,vllm,casperhansen/llama-3.3-70b-instruct-awq,"{   ""self_reported_group_ca"": 18,   ""self_reported_interpersonal_ca"": 12,   ""self_reported_band_group"": ""moderate"",   ""self_reported_band_interpersonal"": ""low"" }",,18,12,moderate,low
0b7b608e95ac791a2e561ebd34498c617e36ed73f4aff1a8e76c2392b5277447__employment,0b7b608e95ac791a2e561ebd34498c617e36ed73f4aff1a8e76c2392b5277447,employment,vllm,casperhansen/llama-3.3-70b-instruct-awq,"{   ""self_reported_group_ca"": 18,   ""self_reported_interpersonal_ca"": 12,   ""self_reported_band_group"": ""moderate"",   ""self_reported_band_interpersonal"": ""low"" }",,18,12,moderate,low
0b7b608e95ac791a2e561ebd34498c617e36ed73f4aff1a8e76c2392b5277447__geo,0b7b608e95ac791a2e561ebd34498c617e36ed73f4aff1a8e76c2392b5277447,geo,vllm,casperhansen/llama-3.3-70b-instruct-awq,"{   ""self_reported_group_ca"": 18,   ""self_reported_interpersonal_ca"": 12,   ""self_reported_band_group"": ""moderate"",   ""self_reported_band_interpersonal"": ""low"" }",,18,12,moderate,low
0b7b608e95ac791a2e561ebd34498c617e36ed73f4aff1a8e76c2392b5277447__transit,0b7b608e95ac791a2e561ebd34498c617e36ed73f4aff1a8e76c2392b5277447,transit,vllm,casperhansen/llama-3.3-70b-instruct-awq,"{   ""self_reported_group_ca"": 18,   ""self_reported_interpersonal_ca"": 12,   ""self_reported_band_group"": ""moderate"",   ""self_reported_band_interpersonal"": ""low"" }",,18,12,moderate,low
0b7b608e95ac791a2e561ebd34498c617e36ed73f4aff1a8e76c2392b5277447__full,0b7b608e95ac791a2e561ebd34498c617e36ed73f4aff1a8e76c2392b5277447,full,vllm,casperhansen/llama-3.3-70b-instruct-awq,"{   ""self_reported_group_ca"": 18,   ""self_reported_interpersonal_ca"": 12,   ""self_reported_band_group"": ""moderate"",   ""self_reported_band_interpersonal"": ""low"" }",,18,12,moderate,low
0b7b608e95ac791a2e561ebd34498c617e36ed73f4aff1a8e76c2392b5277447__v3_rideshare,0b7b608e95ac791a2e561ebd34498c617e36ed73f4aff1a8e76c2392b5277447,v3_rideshare,vllm,casperhansen/llama-3.3-70b-instruct-awq,"{   ""self_reported_group_ca"": 18,   ""self_reported_interpersonal_ca"": 12,   ""self_reported_band_group"": ""moderate"",   ""self_reported_band_interpersonal"": ""low"" }",,18,12,moderate,low
0b7b608e95ac791a2e561ebd34498c617e36ed73f4aff1a8e76c2392b5277447__v3_public_transit,0b7b608e95ac791a2e561ebd34498c617e36ed73f4aff1a8e76c2392b5277447,v3_public_transit,vllm,casperhansen/llama-3.3-70b-instruct-awq,"{   ""self_reported_group_ca"": 18,   ""self_reported_interpersonal_ca"": 12,   ""self_reported_band_group"": ""moderate"",   ""self_reported_band_interpersonal"": ""low"" }",,18,12,moderate,low
0b7b608e95ac791a2e561ebd34498c617e36ed73f4aff1a8e76c2392b5277447__v3_voice,0b7b608e95ac791a2e561ebd34498c617e36ed73f4aff1a8e76c2392b5277447,v3_voice,vllm,casperhansen/llama-3.3-70b-instruct-awq,"{   ""self_reported_group_ca"": 18,   ""self_reported_interpersonal_ca"": 12,   ""self_reported_band_group"": ""moderate"",   ""self_reported_band_interpersonal"": ""low"" }",,18,12,moderate,low
fb8e16c512cc50472676843fd43b3b3e722ab76eb2873211f28bba36b94af38d__demos,fb8e16c512cc50472676843fd43b3b3e722ab76eb2873211f28bba36b94af38d,demos,vllm,casperhansen/llama-3.3-70b-instruct-awq,"{   ""self_reported_group_ca"": 18,   ""self_reported_interpersonal_ca"": 12,   ""self_reported_band_group"": ""moderate"",   ""self_reported_band_interpersonal"": ""low"" }",,18,12,moderate,low
fb8e16c512cc50472676843fd43b3b3e722ab76eb2873211f28bba36b94af38d__employment,fb8e16c512cc50472676843fd43b3b3e722ab76eb2873211f28bba36b94af38d,employment,vllm,casperhansen/llama-3.3-70b-instruct-awq,"{   ""self_reported_group_ca"": 18,   ""self_reported_interpersonal_ca"": 12,   ""self_reported_band_group"": ""moderate"",   ""self_reported_band_interpersonal"": ""low"" }",,18,12,moderate,low
fb8e16c512cc50472676843fd43b3b3e722ab76eb2873211f28bba36b94af38d__geo,fb8e16c512cc50472676843fd43b3b3e722ab76eb2873211f28bba36b94af38d,geo,vllm,casperhansen/llama-3.3-70b-instruct-awq,"{   ""self_reported_group_ca"": 18,   ""self_reported_interpersonal_ca"": 12,   ""self_reported_band_group"": ""moderate"",   ""self_reported_band_interpersonal"": ""low"" }",,18,12,moderate,low
fb8e16c512cc50472676843fd43b3b3e722ab76eb2873211f28bba36b94af38d__transit,fb8e16c512cc50472676843fd43b3b3e722ab76eb2873211f28bba36b94af38d,transit,vllm,casperhansen/llama-3.3-70b-instruct-awq,"{   ""self_reported_group_ca"": 18,   ""self_reported_interpersonal_ca"": 12,   ""self_reported_band_group"": ""moderate"",   ""self_reported_band_interpersonal"": ""low"" }",,18,12,moderate,low
fb8e16c512cc50472676843fd43b3b3e722ab76eb2873211f28bba36b94af38d__full,fb8e16c512cc50472676843fd43b3b3e722ab76eb2873211f28bba36b94af38d,full,vllm,casperhansen/llama-3.3-70b-instruct-awq,"{   ""self_reported_group_ca"": 18,   ""self_reported_interpersonal_ca"": 12,   ""self_reported_band_group"": ""moderate"",   ""self_reported_band_interpersonal"": ""low"" }",,18,12,moderate,low
fb8e16c512cc50472676843fd43b3b3e722ab76eb2873211f28bba36b94af38d__v3_rideshare,fb8e16c512cc50472676843fd43b3b3e722ab76eb2873211f28bba36b94af38d,v3_rideshare,vllm,casperhansen/llama-3.3-70b-instruct-awq,"{   ""self_reported_group_ca"": 18,   ""self_reported_interpersonal_ca"": 12,   ""self_reported_band_group"": ""moderate"",   ""self_reported_band_interpersonal"": ""low"" }",,18,12,moderate,low
fb8e16c512cc50472676843fd43b3b3e722ab76eb2873211f28bba36b94af38d__v3_public_transit,fb8e16c512cc50472676843fd43b3b3e722ab76eb2873211f28bba36b94af38d,v3_public_transit,vllm,casperhansen/llama-3.3-70b-instruct-awq,"{   ""self_reported_group_ca"": 18,   ""self_reported_interpersonal_ca"": 12,   ""self_reported_band_group"": ""moderate"",   ""self_reported_band_interpersonal"": ""low"" }",,18,12,moderate,low
fb8e16c512cc50472676843fd43b3b3e722ab76eb2873211f28bba36b94af38d__v3_voice,fb8e16c512cc50472676843fd43b3b3e722ab76eb2873211f28bba36b94af38d,v3_voice,vllm,casperhansen/llama-3.3-70b-instruct-awq,"{   ""self_reported_group_ca"": 18,   ""self_reported_interpersonal_ca"": 12,   ""self_reported_band_group"": ""moderate"",   ""self_reported_band_interpersonal"": ""low"" }",,18,12,moderate,low
7baab1ca0bc909dbeab74231b3683f35fd6d416352d79b13fbe65bea9c535e12__demos,7baab1ca0bc909dbeab74231b3683f35fd6d416352d79b13fbe65bea9c535e12,demos,vllm,casperhansen/llama-3.3-70b-instruct-awq,"{   ""self_reported_group_ca"": 18,   ""self_reported_interpersonal_ca"": 12,   ""self_reported_band_group"": ""moderate"",   ""self_reported_band_interpersonal"": ""low"" }",,18,12,moderate,low
7baab1ca0bc909dbeab74231b3683f35fd6d416352d79b13fbe65bea9c535e12__employment,7baab1ca0bc909dbeab74231b3683f35fd6d416352d79b13fbe65bea9c535e12,employment,vllm,casperhansen/llama-3.3-70b-instruct-awq,"{   ""self_reported_group_ca"": 18,   ""self_reported_interpersonal_ca"": 12,   ""self_reported_band_group"": ""moderate"",   ""self_reported_band_interpersonal"": ""low"" }",,18,12,moderate,low
7baab1ca0bc909dbeab74231b3683f35fd6d416352d79b13fbe65bea9c535e12__geo,7baab1ca0bc909dbeab74231b3683f35fd6d416352d79b13fbe65bea9c535e12,geo,vllm,casperhansen/llama-3.3-70b-instruct-awq,"{   ""self_reported_group_ca"": 18,   ""self_reported_interpersonal_ca"": 12,   ""self_reported_band_group"": ""moderate"",   ""self_reported_band_interpersonal"": ""low"" }",,18,12,moderate,low
7baab1ca0bc909dbeab74231b3683f35fd6d416352d79b13fbe65bea9c535e12__transit,7baab1ca0bc909dbeab74231b3683f35fd6d416352d79b13fbe65bea9c535e12,transit,vllm,casperhansen/llama-3.3-70b-instruct-awq,"{   ""self_reported_group_ca"": 18,   ""self_reported_interpersonal_ca"": 12,   ""self_reported_band_group"": ""moderate"",   ""self_reported_band_interpersonal"": ""low"" }",,18,12,moderate,low
7baab1ca0bc909dbeab74231b3683f35fd6d416352d79b13fbe65bea9c535e12__full,7baab1ca0bc909dbeab74231b3683f35fd6d416352d79b13fbe65bea9c535e12,full,vllm,casperhansen/llama-3.3-70b-instruct-awq,"{   ""self_reported_group_ca"": 18,   ""self_reported_interpersonal_ca"": 12,   ""self_reported_band_group"": ""moderate"",   ""self_reported_band_interpersonal"": ""low"" }",,18,12,moderate,low
7baab1ca0bc909dbeab74231b3683f35fd6d416352d79b13fbe65bea9c535e12__v3_rideshare,7baab1ca0bc909dbeab74231b3683f35fd6d416352d79b13fbe65bea9c535e12,v3_rideshare,vllm,casperhansen/llama-3.3-70b-instruct-awq,"{   ""self_reported_group_ca"": 18,   ""self_reported_interpersonal_ca"": 12,   ""self_reported_band_group"": ""moderate"",   ""self_reported_band_interpersonal"": ""low"" }",,18,12,moderate,low
7baab1ca0bc909dbeab74231b3683f35fd6d416352d79b13fbe65bea9c535e12__v3_public_transit,7baab1ca0bc909dbeab74231b3683f35fd6d416352d79b13fbe65bea9c535e12,v3_public_transit,vllm,casperhansen/llama-3.3-70b-instruct-awq,"{   ""self_reported_group_ca"": 18,   ""self_reported_interpersonal_ca"": 12,   ""self_reported_band_group"": ""moderate"",   ""self_reported_band_interpersonal"": ""low"" }",,18,12,moderate,low
7baab1ca0bc909dbeab74231b3683f35fd6d416352d79b13fbe65bea9c535e12__v3_voice,7baab1ca0bc909dbeab74231b3683f35fd6d416352d79b13fbe65bea9c535e12,v3_voice,vllm,casperhansen/llama-3.3-70b-instruct-awq,"{   ""self_reported_group_ca"": 18,   ""self_reported_interpersonal_ca"": 12,   ""self_reported_band_group"": ""moderate"",   ""self_reported_band_interpersonal"": ""low"" }",,18,12,moderate,low
e0d1460f395fcd75a8fc7c195f0d6b86eed8f127c39c90034b0748bcd7bfe8dd__demos,e0d1460f395fcd75a8fc7c195f0d6b86eed8f127c39c90034b0748bcd7bfe8dd,demos,vllm,casperhansen/llama-3.3-70b-instruct-awq,"{   ""self_reported_group_ca"": 18,   ""self_reported_interpersonal_ca"": 12,   ""self_reported_band_group"": ""moderate"",   ""self_reported_band_interpersonal"": ""low"" }",,18,12,moderate,low
e0d1460f395fcd75a8fc7c195f0d6b86eed8f127c39c90034b0748bcd7bfe8dd__employment,e0d1460f395fcd75a8fc7c195f0d6b86eed8f127c39c90034b0748bcd7bfe8dd,employment,vllm,casperhansen/llama-3.3-70b-instruct-awq,"{   ""self_reported_group_ca"": 18,   ""self_reported_interpersonal_ca"": 12,   ""self_reported_band_group"": ""moderate"",   ""self_reported_band_interpersonal"": ""low"" }",,18,12,moderate,low
e0d1460f395fcd75a8fc7c195f0d6b86eed8f127c39c90034b0748bcd7bfe8dd__geo,e0d1460f395fcd75a8fc7c195f0d6b86eed8f127c39c90034b0748bcd7bfe8dd,geo,vllm,casperhansen/llama-3.3-70b-instruct-awq,"{   ""self_reported_group_ca"": 18,   ""self_reported_interpersonal_ca"": 12,   ""self_reported_band_group"": ""moderate"",   ""self_reported_band_interpersonal"": ""low"" }",,18,12,moderate,low
e0d1460f395fcd75a8fc7c195f0d6b86eed8f127c39c90034b0748bcd7bfe8dd__transit,e0d1460f395fcd75a8fc7c195f0d6b86eed8f127c39c90034b0748bcd7bfe8dd,transit,vllm,casperhansen/llama-3.3-70b-instruct-awq,"{   ""self_reported_group_ca"": 18,   ""self_reported_interpersonal_ca"": 12,   ""self_reported_band_group"": ""moderate"",   ""self_reported_band_interpersonal"": ""low"" }",,18,12,moderate,low
e0d1460f395fcd75a8fc7c195f0d6b86eed8f127c39c90034b0748bcd7bfe8dd__full,e0d1460f395fcd75a8fc7c195f0d6b86eed8f127c39c90034b0748bcd7bfe8dd,full,vllm,casperhansen/llama-3.3-70b-instruct-awq,"{   ""self_reported_group_ca"": 18,   ""self_reported_interpersonal_ca"": 12,   ""self_reported_band_group"": ""moderate"",   ""self_reported_band_interpersonal"": ""low"" }",,18,12,moderate,low
e0d1460f395fcd75a8fc7c195f0d6b86eed8f127c39c90034b0748bcd7bfe8dd__v3_rideshare,e0d1460f395fcd75a8fc7c195f0d6b86eed8f127c39c90034b0748bcd7bfe8dd,v3_rideshare,vllm,casperhansen/llama-3.3-70b-instruct-awq,"{   ""self_reported_group_ca"": 18,   ""self_reported_interpersonal_ca"": 12,   ""self_reported_band_group"": ""moderate"",   ""self_reported_band_interpersonal"": ""low"" }",,18,12,moderate,low
e0d1460f395fcd75a8fc7c195f0d6b86eed8f127c39c90034b0748bcd7bfe8dd__v3_public_transit,e0d1460f395fcd75a8fc7c195f0d6b86eed8f127c39c90034b0748bcd7bfe8dd,v3_public_transit,vllm,casperhansen/llama-3.3-70b-instruct-awq,"{   ""self_reported_group_ca"": 18,   ""self_reported_interpersonal_ca"": 12,   ""self_reported_band_group"": ""moderate"",   ""self_reported_band_interpersonal"": ""low"" }",,18,12,moderate,low
e0d1460f395fcd75a8fc7c195f0d6b86eed8f127c39c90034b0748bcd7bfe8dd__v3_voice,e0d1460f395fcd75a8fc7c195f0d6b86eed8f127c39c90034b0748bcd7bfe8dd,v3_voice,vllm,casperhansen/llama-3.3-70b-instruct-awq,"{   ""self_reported_group_ca"": 18,   ""self_reported_interpersonal_ca"": 12,   ""self_reported_band_group"": ""moderate"",   ""self_reported_band_interpersonal"": ""low"" }",,18,12,moderate,low
552bb67894d190042e297453b66c114ca555c85101cf0fd72646d863eb01ec18__demos,552bb67894d190042e297453b66c114ca555c85101cf0fd72646d863eb01ec18,demos,vllm,casperhansen/llama-3.3-70b-instruct-awq,"{   ""self_reported_group_ca"": 18,   ""self_reported_interpersonal_ca"": 12,   ""self_reported_band_group"": ""moderate"",   ""self_reported_band_interpersonal"": ""low"" }",,18,12,moderate,low
552bb67894d190042e297453b66c114ca555c85101cf0fd72646d863eb01ec18__employment,552bb67894d190042e297453b66c114ca555c85101cf0fd72646d863eb01ec18,employment,vllm,casperhansen/llama-3.3-70b-instruct-awq,"{   ""self_reported_group_ca"": 18,   ""self_reported_interpersonal_ca"": 12,   ""self_reported_band_group"": ""moderate"",   ""self_reported_band_interpersonal"": ""low"" }",,18,12,moderate,low
552bb67894d190042e297453b66c114ca555c85101cf0fd72646d863eb01ec18__geo,552bb67894d190042e297453b66c114ca555c85101cf0fd72646d863eb01ec18,geo,vllm,casperhansen/llama-3.3-70b-instruct-awq,"{   ""self_reported_group_ca"": 18,   ""self_reported_interpersonal_ca"": 12,   ""self_reported_band_group"": ""moderate"",   ""self_reported_band_interpersonal"": ""low"" }",,18,12,moderate,low
552bb67894d190042e297453b66c114ca555c85101cf0fd72646d863eb01ec18__transit,552bb67894d190042e297453b66c114ca555c85101cf0fd72646d863eb01ec18,transit,vllm,casperhansen/llama-3.3-70b-instruct-awq,"{   ""self_reported_group_ca"": 18,   ""self_reported_interpersonal_ca"": 12,   ""self_reported_band_group"": ""moderate"",   ""self_reported_band_interpersonal"": ""low"" }",,18,12,moderate,low
552bb67894d190042e297453b66c114ca555c85101cf0fd72646d863eb01ec18__full,552bb67894d190042e297453b66c114ca555c85101cf0fd72646d863eb01ec18,full,vllm,casperhansen/llama-3.3-70b-instruct-awq,"{   ""self_reported_group_ca"": 22,   ""self_reported_interpersonal_ca"": 18,   ""self_reported_band_group"": ""high"",   ""self_reported_band_interpersonal"": ""moderate"" }",,22,18,high,moderate
552bb67894d190042e297453b66c114ca555c85101cf0fd72646d863eb01ec18__v3_rideshare,552bb67894d190042e297453b66c114ca555c85101cf0fd72646d863eb01ec18,v3_rideshare,vllm,casperhansen/llama-3.3-70b-instruct-awq,"{   ""self_reported_group_ca"": 18,   ""self_reported_interpersonal_ca"": 12,   ""self_reported_band_group"": ""moderate"",   ""self_reported_band_interpersonal"": ""low"" }",,18,12,moderate,low
552bb67894d190042e297453b66c114ca555c85101cf0fd72646d863eb01ec18__v3_public_transit,552bb67894d190042e297453b66c114ca555c85101cf0fd72646d863eb01ec18,v3_public_transit,vllm,casperhansen/llama-3.3-70b-instruct-awq,"{   ""self_reported_group_ca"": 18,   ""self_reported_interpersonal_ca"": 12,   ""self_reported_band_group"": ""moderate"",   ""self_reported_band_interpersonal"": ""low"" }",,18,12,moderate,low
552bb67894d190042e297453b66c114ca555c85101cf0fd72646d863eb01ec18__v3_voice,552bb67894d190042e297453b66c114ca555c85101cf0fd72646d863eb01ec18,v3_voice,vllm,casperhansen/llama-3.3-70b-instruct-awq,"{   ""self_reported_group_ca"": 22,   ""self_reported_interpersonal_ca"": 18,   ""self_reported_band_group"": ""high"",   ""self_reported_band_interpersonal"": ""moderate"" }",,22,18,high,moderate
42be387ad79154b97cafefaaf464ac57dacca6663a0330a3ddb7073ab4d4bdfc__demos,42be387ad79154b97cafefaaf464ac57dacca6663a0330a3ddb7073ab4d4bdfc,demos,vllm,casperhansen/llama-3.3-70b-instruct-awq,"{   ""self_reported_group_ca"": 18,   ""self_reported_interpersonal_ca"": 12,   ""self_reported_band_group"": ""moderate"",   ""self_reported_band_interpersonal"": ""low"" }",,18,12,moderate,low
42be387ad79154b97cafefaaf464ac57dacca6663a0330a3ddb7073ab4d4bdfc__employment,42be387ad79154b97cafefaaf464ac57dacca6663a0330a3ddb7073ab4d4bdfc,employment,vllm,casperhansen/llama-3.3-70b-instruct-awq,"{   ""self_reported_group_ca"": 18,   ""self_reported_interpersonal_ca"": 12,   ""self_reported_band_group"": ""moderate"",   ""self_reported_band_interpersonal"": ""low"" }",,18,12,moderate,low
42be387ad79154b97cafefaaf464ac57dacca6663a0330a3ddb7073ab4d4bdfc__geo,42be387ad79154b97cafefaaf464ac57dacca6663a0330a3ddb7073ab4d4bdfc,geo,vllm,casperhansen/llama-3.3-70b-instruct-awq,"{   ""self_reported_group_ca"": 18,   ""self_reported_interpersonal_ca"": 12,   ""self_reported_band_group"": ""moderate"",   ""self_reported_band_interpersonal"": ""low"" }",,18,12,moderate,low
42be387ad79154b97cafefaaf464ac57dacca6663a0330a3ddb7073ab4d4bdfc__transit,42be387ad79154b97cafefaaf464ac57dacca6663a0330a3ddb7073ab4d4bdfc,transit,vllm,casperhansen/llama-3.3-70b-instruct-awq,"{   ""self_reported_group_ca"": 18,   ""self_reported_interpersonal_ca"": 12,   ""self_reported_band_group"": ""moderate"",   ""self_reported_band_interpersonal"": ""low"" }",,18,12,moderate,low
42be387ad79154b97cafefaaf464ac57dacca6663a0330a3ddb7073ab4d4bdfc__full,42be387ad79154b97cafefaaf464ac57dacca6663a0330a3ddb7073ab4d4bdfc,full,vllm,casperhansen/llama-3.3-70b-instruct-awq,"{   ""self_reported_group_ca"": 18,   ""self_reported_interpersonal_ca"": 12,   ""self_reported_band_group"": ""moderate"",   ""self_reported_band_interpersonal"": ""low"" }",,18,12,moderate,low
42be387ad79154b97cafefaaf464ac57dacca6663a0330a3ddb7073ab4d4bdfc__v3_rideshare,42be387ad79154b97cafefaaf464ac57dacca6663a0330a3ddb7073ab4d4bdfc,v3_rideshare,vllm,casperhansen/llama-3.3-70b-instruct-awq,"{   ""self_reported_group_ca"": 18,   ""self_reported_interpersonal_ca"": 12,   ""self_reported_band_group"": ""moderate"",   ""self_reported_band_interpersonal"": ""low"" }",,18,12,moderate,low
42be387ad79154b97cafefaaf464ac57dacca6663a0330a3ddb7073ab4d4bdfc__v3_public_transit,42be387ad79154b97cafefaaf464ac57dacca6663a0330a3ddb7073ab4d4bdfc,v3_public_transit,vllm,casperhansen/llama-3.3-70b-instruct-awq,"{   ""self_reported_group_ca"": 18,   ""self_reported_interpersonal_ca"": 12,   ""self_reported_band_group"": ""moderate"",   ""self_reported_band_interpersonal"": ""low"" }",,18,12,moderate,low
42be387ad79154b97cafefaaf464ac57dacca6663a0330a3ddb7073ab4d4bdfc__v3_voice,42be387ad79154b97cafefaaf464ac57dacca6663a0330a3ddb7073ab4d4bdfc,v3_voice,vllm,casperhansen/llama-3.3-70b-instruct-awq,"{   ""self_reported_group_ca"": 18,   ""self_reported_interpersonal_ca"": 12,   ""self_reported_band_group"": ""moderate"",   ""self_reported_band_interpersonal"": ""low"" }",,18,12,moderate,low
28367bc595c10685c5017797915166ee4da391772e4ffb91cff563f21955a25c__demos,28367bc595c10685c5017797915166ee4da391772e4ffb91cff563f21955a25c,demos,vllm,casperhansen/llama-3.3-70b-instruct-awq,"{   ""self_reported_group_ca"": 18,   ""self_reported_interpersonal_ca"": 12,   ""self_reported_band_group"": ""moderate"",   ""self_reported_band_interpersonal"": ""low"" }",,18,12,moderate,low
28367bc595c10685c5017797915166ee4da391772e4ffb91cff563f21955a25c__employment,28367bc595c10685c5017797915166ee4da391772e4ffb91cff563f21955a25c,employment,vllm,casperhansen/llama-3.3-70b-instruct-awq,"{   ""self_reported_group_ca"": 18,   ""self_reported_interpersonal_ca"": 12,   ""self_reported_band_group"": ""moderate"",   ""self_reported_band_interpersonal"": ""low"" }",,18,12,moderate,low
28367bc595c10685c5017797915166ee4da391772e4ffb91cff563f21955a25c__geo,28367bc595c10685c5017797915166ee4da391772e4ffb91cff563f21955a25c,geo,vllm,casperhansen/llama-3.3-70b-instruct-awq,"{   ""self_reported_group_ca"": 18,   ""self_reported_interpersonal_ca"": 12,   ""self_reported_band_group"": ""moderate"",   ""self_reported_band_interpersonal"": ""low"" }",,18,12,moderate,low
28367bc595c10685c5017797915166ee4da391772e4ffb91cff563f21955a25c__transit,28367bc595c10685c5017797915166ee4da391772e4ffb91cff563f21955a25c,transit,vllm,casperhansen/llama-3.3-70b-instruct-awq,"{   ""self_reported_group_ca"": 18,   ""self_reported_interpersonal_ca"": 12,   ""self_reported_band_group"": ""moderate"",   ""self_reported_band_interpersonal"": ""low"" }",,18,12,moderate,low
28367bc595c10685c5017797915166ee4da391772e4ffb91cff563f21955a25c__full,28367bc595c10685c5017797915166ee4da391772e4ffb91cff563f21955a25c,full,vllm,casperhansen/llama-3.3-70b-instruct-awq,"{   ""self_reported_group_ca"": 18,   ""self_reported_interpersonal_ca"": 12,   ""self_reported_band_group"": ""moderate"",   ""self_reported_band_interpersonal"": ""low"" }",,18,12,moderate,low
28367bc595c10685c5017797915166ee4da391772e4ffb91cff563f21955a25c__v3_rideshare,28367bc595c10685c5017797915166ee4da391772e4ffb91cff563f21955a25c,v3_rideshare,vllm,casperhansen/llama-3.3-70b-instruct-awq,"{   ""self_reported_group_ca"": 18,   ""self_reported_interpersonal_ca"": 12,   ""self_reported_band_group"": ""moderate"",   ""self_reported_band_interpersonal"": ""low"" }",,18,12,moderate,low
28367bc595c10685c5017797915166ee4da391772e4ffb91cff563f21955a25c__v3_public_transit,28367bc595c10685c5017797915166ee4da391772e4ffb91cff563f21955a25c,v3_public_transit,vllm,casperhansen/llama-3.3-70b-instruct-awq,"{   ""self_reported_group_ca"": 18,   ""self_reported_interpersonal_ca"": 12,   ""self_reported_band_group"": ""moderate"",   ""self_reported_band_interpersonal"": ""low"" }",,18,12,moderate,low
28367bc595c10685c5017797915166ee4da391772e4ffb91cff563f21955a25c__v3_voice,28367bc595c10685c5017797915166ee4da391772e4ffb91cff563f21955a25c,v3_voice,vllm,casperhansen/llama-3.3-70b-instruct-awq,"{   ""self_reported_group_ca"": 18,   ""self_reported_interpersonal_ca"": 12,   ""self_reported_band_group"": ""moderate"",   ""self_reported_band_interpersonal"": ""low"" }",,18,12,moderate,low
2431de6253439a2a8dd040736a49ecd2bad6ce5b0d1527b7ac8284b7ac40f022__demos,2431de6253439a2a8dd040736a49ecd2bad6ce5b0d1527b7ac8284b7ac40f022,demos,vllm,casperhansen/llama-3.3-70b-instruct-awq,"{   ""self_reported_group_ca"": 18,   ""self_reported_interpersonal_ca"": 12,   ""self_reported_band_group"": ""moderate"",   ""self_reported_band_interpersonal"": ""low"" }",,18,12,moderate,low
2431de6253439a2a8dd040736a49ecd2bad6ce5b0d1527b7ac8284b7ac40f022__employment,2431de6253439a2a8dd040736a49ecd2bad6ce5b0d1527b7ac8284b7ac40f022,employment,vllm,casperhansen/llama-3.3-70b-instruct-awq,"{   ""self_reported_group_ca"": 18,   ""self_reported_interpersonal_ca"": 12,   ""self_reported_band_group"": ""moderate"",   ""self_reported_band_interpersonal"": ""low"" }",,18,12,moderate,low
2431de6253439a2a8dd040736a49ecd2bad6ce5b0d1527b7ac8284b7ac40f022__geo,2431de6253439a2a8dd040736a49ecd2bad6ce5b0d1527b7ac8284b7ac40f022,geo,vllm,casperhansen/llama-3.3-70b-instruct-awq,"{   ""self_reported_group_ca"": 18,   ""self_reported_interpersonal_ca"": 12,   ""self_reported_band_group"": ""moderate"",   ""self_reported_band_interpersonal"": ""low"" }",,18,12,moderate,low
2431de6253439a2a8dd040736a49ecd2bad6ce5b0d1527b7ac8284b7ac40f022__transit,2431de6253439a2a8dd040736a49ecd2bad6ce5b0d1527b7ac8284b7ac40f022,transit,vllm,casperhansen/llama-3.3-70b-instruct-awq,"{   ""self_reported_group_ca"": 18,   ""self_reported_interpersonal_ca"": 12,   ""self_reported_band_group"": ""moderate"",   ""self_reported_band_interpersonal"": ""low"" }",,18,12,moderate,low
2431de6253439a2a8dd040736a49ecd2bad6ce5b0d1527b7ac8284b7ac40f022__full,2431de6253439a2a8dd040736a49ecd2bad6ce5b0d1527b7ac8284b7ac40f022,full,vllm,casperhansen/llama-3.3-70b-instruct-awq,"{   ""self_reported_group_ca"": 18,   ""self_reported_interpersonal_ca"": 12,   ""self_reported_band_group"": ""moderate"",   ""self_reported_band_interpersonal"": ""low"" }",,18,12,moderate,low
2431de6253439a2a8dd040736a49ecd2bad6ce5b0d1527b7ac8284b7ac40f022__v3_rideshare,2431de6253439a2a8dd040736a49ecd2bad6ce5b0d1527b7ac8284b7ac40f022,v3_rideshare,vllm,casperhansen/llama-3.3-70b-instruct-awq,"{   ""self_reported_group_ca"": 18,   ""self_reported_interpersonal_ca"": 12,   ""self_reported_band_group"": ""moderate"",   ""self_reported_band_interpersonal"": ""low"" }",,18,12,moderate,low
2431de6253439a2a8dd040736a49ecd2bad6ce5b0d1527b7ac8284b7ac40f022__v3_public_transit,2431de6253439a2a8dd040736a49ecd2bad6ce5b0d1527b7ac8284b7ac40f022,v3_public_transit,vllm,casperhansen/llama-3.3-70b-instruct-awq,"{   ""self_reported_group_ca"": 18,   ""self_reported_interpersonal_ca"": 12,   ""self_reported_band_group"": ""moderate"",   ""self_reported_band_interpersonal"": ""low"" }",,18,12,moderate,low
2431de6253439a2a8dd040736a49ecd2bad6ce5b0d1527b7ac8284b7ac40f022__v3_voice,2431de6253439a2a8dd040736a49ecd2bad6ce5b0d1527b7ac8284b7ac40f022,v3_voice,vllm,casperhansen/llama-3.3-70b-instruct-awq,"{   ""self_reported_group_ca"": 18,   ""self_reported_interpersonal_ca"": 12,   ""self_reported_band_group"": ""moderate"",   ""self_reported_band_interpersonal"": ""low"" }",,18,12,moderate,low
314d41b4f14c666f1d6082ec3e1d9127b12f1c0c921409a34cbbd26997f99e57__demos,314d41b4f14c666f1d6082ec3e1d9127b12f1c0c921409a34cbbd26997f99e57,demos,vllm,casperhansen/llama-3.3-70b-instruct-awq,"{   ""self_reported_group_ca"": 18,   ""self_reported_interpersonal_ca"": 12,   ""self_reported_band_group"": ""moderate"",   ""self_reported_band_interpersonal"": ""low"" }",,18,12,moderate,low
314d41b4f14c666f1d6082ec3e1d9127b12f1c0c921409a34cbbd26997f99e57__employment,314d41b4f14c666f1d6082ec3e1d9127b12f1c0c921409a34cbbd26997f99e57,employment,vllm,casperhansen/llama-3.3-70b-instruct-awq,"{   ""self_reported_group_ca"": 18,   ""self_reported_interpersonal_ca"": 12,   ""self_reported_band_group"": ""moderate"",   ""self_reported_band_interpersonal"": ""low"" }",,18,12,moderate,low
314d41b4f14c666f1d6082ec3e1d9127b12f1c0c921409a34cbbd26997f99e57__geo,314d41b4f14c666f1d6082ec3e1d9127b12f1c0c921409a34cbbd26997f99e57,geo,vllm,casperhansen/llama-3.3-70b-instruct-awq,"{   ""self_reported_group_ca"": 18,   ""self_reported_interpersonal_ca"": 12,   ""self_reported_band_group"": ""moderate"",   ""self_reported_band_interpersonal"": ""low"" }",,18,12,moderate,low
314d41b4f14c666f1d6082ec3e1d9127b12f1c0c921409a34cbbd26997f99e57__transit,314d41b4f14c666f1d6082ec3e1d9127b12f1c0c921409a34cbbd26997f99e57,transit,vllm,casperhansen/llama-3.3-70b-instruct-awq,"{   ""self_reported_group_ca"": 18,   ""self_reported_interpersonal_ca"": 12,   ""self_reported_band_group"": ""moderate"",   ""self_reported_band_interpersonal"": ""low"" }",,18,12,moderate,low
314d41b4f14c666f1d6082ec3e1d9127b12f1c0c921409a34cbbd26997f99e57__full,314d41b4f14c666f1d6082ec3e1d9127b12f1c0c921409a34cbbd26997f99e57,full,vllm,casperhansen/llama-3.3-70b-instruct-awq,"{   ""self_reported_group_ca"": 18,   ""self_reported_interpersonal_ca"": 12,   ""self_reported_band_group"": ""moderate"",   ""self_reported_band_interpersonal"": ""low"" }",,18,12,moderate,low
314d41b4f14c666f1d6082ec3e1d9127b12f1c0c921409a34cbbd26997f99e57__v3_rideshare,314d41b4f14c666f1d6082ec3e1d9127b12f1c0c921409a34cbbd26997f99e57,v3_rideshare,vllm,casperhansen/llama-3.3-70b-instruct-awq,"{   ""self_reported_group_ca"": 18,   ""self_reported_interpersonal_ca"": 12,   ""self_reported_band_group"": ""moderate"",   ""self_reported_band_interpersonal"": ""low"" }",,18,12,moderate,low
314d41b4f14c666f1d6082ec3e1d9127b12f1c0c921409a34cbbd26997f99e57__v3_public_transit,314d41b4f14c666f1d6082ec3e1d9127b12f1c0c921409a34cbbd26997f99e57,v3_public_transit,vllm,casperhansen/llama-3.3-70b-instruct-awq,"{   ""self_reported_group_ca"": 18,   ""self_reported_interpersonal_ca"": 12,   ""self_reported_band_group"": ""moderate"",   ""self_reported_band_interpersonal"": ""low"" }",,18,12,moderate,low
314d41b4f14c666f1d6082ec3e1d9127b12f1c0c921409a34cbbd26997f99e57__v3_voice,314d41b4f14c666f1d6082ec3e1d9127b12f1c0c921409a34cbbd26997f99e57,v3_voice,vllm,casperhansen/llama-3.3-70b-instruct-awq,"{   ""self_reported_group_ca"": 18,   ""self_reported_interpersonal_ca"": 12,   ""self_reported_band_group"": ""moderate"",   ""self_reported_band_interpersonal"": ""low"" }",,18,12,moderate,low
fd2146a6db13b5448283d92be645d200c305eeb1969770462866b704a64a7575__demos,fd2146a6db13b5448283d92be645d200c305eeb1969770462866b704a64a7575,demos,vllm,casperhansen/llama-3.3-70b-instruct-awq,"{   ""self_reported_group_ca"": 18,   ""self_reported_interpersonal_ca"": 12,   ""self_reported_band_group"": ""moderate"",   ""self_reported_band_interpersonal"": ""low"" }",,18,12,moderate,low
fd2146a6db13b5448283d92be645d200c305eeb1969770462866b704a64a7575__employment,fd2146a6db13b5448283d92be645d200c305eeb1969770462866b704a64a7575,employment,vllm,casperhansen/llama-3.3-70b-instruct-awq,"{   ""self_reported_group_ca"": 18,   ""self_reported_interpersonal_ca"": 12,   ""self_reported_band_group"": ""moderate"",   ""self_reported_band_interpersonal"": ""low"" }",,18,12,moderate,low
fd2146a6db13b5448283d92be645d200c305eeb1969770462866b704a64a7575__geo,fd2146a6db13b5448283d92be645d200c305eeb1969770462866b704a64a7575,geo,vllm,casperhansen/llama-3.3-70b-instruct-awq,"{   ""self_reported_group_ca"": 18,   ""self_reported_interpersonal_ca"": 12,   ""self_reported_band_group"": ""moderate"",   ""self_reported_band_interpersonal"": ""low"" }",,18,12,moderate,low
fd2146a6db13b5448283d92be645d200c305eeb1969770462866b704a64a7575__transit,fd2146a6db13b5448283d92be645d200c305eeb1969770462866b704a64a7575,transit,vllm,casperhansen/llama-3.3-70b-instruct-awq,"{   ""self_reported_group_ca"": 18,   ""self_reported_interpersonal_ca"": 12,   ""self_reported_band_group"": ""moderate"",   ""self_reported_band_interpersonal"": ""low"" }",,18,12,moderate,low
fd2146a6db13b5448283d92be645d200c305eeb1969770462866b704a64a7575__full,fd2146a6db13b5448283d92be645d200c305eeb1969770462866b704a64a7575,full,vllm,casperhansen/llama-3.3-70b-instruct-awq,"{   ""self_reported_group_ca"": 18,   ""self_reported_interpersonal_ca"": 12,   ""self_reported_band_group"": ""moderate"",   ""self_reported_band_interpersonal"": ""low"" }",,18,12,moderate,low
fd2146a6db13b5448283d92be645d200c305eeb1969770462866b704a64a7575__v3_rideshare,fd2146a6db13b5448283d92be645d200c305eeb1969770462866b704a64a7575,v3_rideshare,vllm,casperhansen/llama-3.3-70b-instruct-awq,"{   ""self_reported_group_ca"": 18,   ""self_reported_interpersonal_ca"": 12,   ""self_reported_band_group"": ""moderate"",   ""self_reported_band_interpersonal"": ""low"" }",,18,12,moderate,low
fd2146a6db13b5448283d92be645d200c305eeb1969770462866b704a64a7575__v3_public_transit,fd2146a6db13b5448283d92be645d200c305eeb1969770462866b704a64a7575,v3_public_transit,vllm,casperhansen/llama-3.3-70b-instruct-awq,"{   ""self_reported_group_ca"": 18,   ""self_reported_interpersonal_ca"": 12,   ""self_reported_band_group"": ""moderate"",   ""self_reported_band_interpersonal"": ""low"" }",,18,12,moderate,low
fd2146a6db13b5448283d92be645d200c305eeb1969770462866b704a64a7575__v3_voice,fd2146a6db13b5448283d92be645d200c305eeb1969770462866b704a64a7575,v3_voice,vllm,casperhansen/llama-3.3-70b-instruct-awq,"{   ""self_reported_group_ca"": 18,   ""self_reported_interpersonal_ca"": 12,   ""self_reported_band_group"": ""moderate"",   ""self_reported_band_interpersonal"": ""low"" }",,18,12,moderate,low
fd2ed0e2cec9ac66ee6b8ed3883614c761eec83d2cadcb5dccb9c99038851155__demos,fd2ed0e2cec9ac66ee6b8ed3883614c761eec83d2cadcb5dccb9c99038851155,demos,vllm,casperhansen/llama-3.3-70b-instruct-awq,"{   ""self_reported_group_ca"": 18,   ""self_reported_interpersonal_ca"": 12,   ""self_reported_band_group"": ""moderate"",   ""self_reported_band_interpersonal"": ""low"" }",,18,12,moderate,low
fd2ed0e2cec9ac66ee6b8ed3883614c761eec83d2cadcb5dccb9c99038851155__employment,fd2ed0e2cec9ac66ee6b8ed3883614c761eec83d2cadcb5dccb9c99038851155,employment,vllm,casperhansen/llama-3.3-70b-instruct-awq,"{   ""self_reported_group_ca"": 18,   ""self_reported_interpersonal_ca"": 12,   ""self_reported_band_group"": ""moderate"",   ""self_reported_band_interpersonal"": ""low"" }",,18,12,moderate,low
fd2ed0e2cec9ac66ee6b8ed3883614c761eec83d2cadcb5dccb9c99038851155__geo,fd2ed0e2cec9ac66ee6b8ed3883614c761eec83d2cadcb5dccb9c99038851155,geo,vllm,casperhansen/llama-3.3-70b-instruct-awq,"{   ""self_reported_group_ca"": 18,   ""self_reported_interpersonal_ca"": 12,   ""self_reported_band_group"": ""moderate"",   ""self_reported_band_interpersonal"": ""low"" }",,18,12,moderate,low
fd2ed0e2cec9ac66ee6b8ed3883614c761eec83d2cadcb5dccb9c99038851155__transit,fd2ed0e2cec9ac66ee6b8ed3883614c761eec83d2cadcb5dccb9c99038851155,transit,vllm,casperhansen/llama-3.3-70b-instruct-awq,"{   ""self_reported_group_ca"": 18,   ""self_reported_interpersonal_ca"": 12,   ""self_reported_band_group"": ""moderate"",   ""self_reported_band_interpersonal"": ""low"" }",,18,12,moderate,low
fd2ed0e2cec9ac66ee6b8ed3883614c761eec83d2cadcb5dccb9c99038851155__full,fd2ed0e2cec9ac66ee6b8ed3883614c761eec83d2cadcb5dccb9c99038851155,full,vllm,casperhansen/llama-3.3-70b-instruct-awq,"{   ""self_reported_group_ca"": 18,   ""self_reported_interpersonal_ca"": 12,   ""self_reported_band_group"": ""moderate"",   ""self_reported_band_interpersonal"": ""low"" }",,18,12,moderate,low
fd2ed0e2cec9ac66ee6b8ed3883614c761eec83d2cadcb5dccb9c99038851155__v3_rideshare,fd2ed0e2cec9ac66ee6b8ed3883614c761eec83d2cadcb5dccb9c99038851155,v3_rideshare,vllm,casperhansen/llama-3.3-70b-instruct-awq,"{   ""self_reported_group_ca"": 18,   ""self_reported_interpersonal_ca"": 12,   ""self_reported_band_group"": ""moderate"",   ""self_reported_band_interpersonal"": ""low"" }",,18,12,moderate,low
fd2ed0e2cec9ac66ee6b8ed3883614c761eec83d2cadcb5dccb9c99038851155__v3_public_transit,fd2ed0e2cec9ac66ee6b8ed3883614c761eec83d2cadcb5dccb9c99038851155,v3_public_transit,vllm,casperhansen/llama-3.3-70b-instruct-awq,"{   ""self_reported_group_ca"": 18,   ""self_reported_interpersonal_ca"": 12,   ""self_reported_band_group"": ""moderate"",   ""self_reported_band_interpersonal"": ""low"" }",,18,12,moderate,low
fd2ed0e2cec9ac66ee6b8ed3883614c761eec83d2cadcb5dccb9c99038851155__v3_voice,fd2ed0e2cec9ac66ee6b8ed3883614c761eec83d2cadcb5dccb9c99038851155,v3_voice,vllm,casperhansen/llama-3.3-70b-instruct-awq,"{   ""self_reported_group_ca"": 18,   ""self_reported_interpersonal_ca"": 12,   ""self_reported_band_group"": ""moderate"",   ""self_reported_band_interpersonal"": ""low"" }",,18,12,moderate,low
c4ed2a666807390541e3063ad6b6757a7308edb39efb3af0db88b611cd1ea83a__demos,c4ed2a666807390541e3063ad6b6757a7308edb39efb3af0db88b611cd1ea83a,demos,vllm,casperhansen/llama-3.3-70b-instruct-awq,"{   ""self_reported_group_ca"": 18,   ""self_reported_interpersonal_ca"": 12,   ""self_reported_band_group"": ""moderate"",   ""self_reported_band_interpersonal"": ""low"" }",,18,12,moderate,low
c4ed2a666807390541e3063ad6b6757a7308edb39efb3af0db88b611cd1ea83a__employment,c4ed2a666807390541e3063ad6b6757a7308edb39efb3af0db88b611cd1ea83a,employment,vllm,casperhansen/llama-3.3-70b-instruct-awq,"{   ""self_reported_group_ca"": 18,   ""self_reported_interpersonal_ca"": 12,   ""self_reported_band_group"": ""moderate"",   ""self_reported_band_interpersonal"": ""low"" }",,18,12,moderate,low
c4ed2a666807390541e3063ad6b6757a7308edb39efb3af0db88b611cd1ea83a__geo,c4ed2a666807390541e3063ad6b6757a7308edb39efb3af0db88b611cd1ea83a,geo,vllm,casperhansen/llama-3.3-70b-instruct-awq,"{   ""self_reported_group_ca"": 18,   ""self_reported_interpersonal_ca"": 12,   ""self_reported_band_group"": ""moderate"",   ""self_reported_band_interpersonal"": ""low"" }",,18,12,moderate,low
c4ed2a666807390541e3063ad6b6757a7308edb39efb3af0db88b611cd1ea83a__transit,c4ed2a666807390541e3063ad6b6757a7308edb39efb3af0db88b611cd1ea83a,transit,vllm,casperhansen/llama-3.3-70b-instruct-awq,"{   ""self_reported_group_ca"": 18,   ""self_reported_interpersonal_ca"": 12,   ""self_reported_band_group"": ""moderate"",   ""self_reported_band_interpersonal"": ""low"" }",,18,12,moderate,low
c4ed2a666807390541e3063ad6b6757a7308edb39efb3af0db88b611cd1ea83a__full,c4ed2a666807390541e3063ad6b6757a7308edb39efb3af0db88b611cd1ea83a,full,vllm,casperhansen/llama-3.3-70b-instruct-awq,"{   ""self_reported_group_ca"": 18,   ""self_reported_interpersonal_ca"": 12,   ""self_reported_band_group"": ""moderate"",   ""self_reported_band_interpersonal"": ""low"" }",,18,12,moderate,low
c4ed2a666807390541e3063ad6b6757a7308edb39efb3af0db88b611cd1ea83a__v3_rideshare,c4ed2a666807390541e3063ad6b6757a7308edb39efb3af0db88b611cd1ea83a,v3_rideshare,vllm,casperhansen/llama-3.3-70b-instruct-awq,"{   ""self_reported_group_ca"": 18,   ""self_reported_interpersonal_ca"": 12,   ""self_reported_band_group"": ""moderate"",   ""self_reported_band_interpersonal"": ""low"" }",,18,12,moderate,low
c4ed2a666807390541e3063ad6b6757a7308edb39efb3af0db88b611cd1ea83a__v3_public_transit,c4ed2a666807390541e3063ad6b6757a7308edb39efb3af0db88b611cd1ea83a,v3_public_transit,vllm,casperhansen/llama-3.3-70b-instruct-awq,"{   ""self_reported_group_ca"": 18,   ""self_reported_interpersonal_ca"": 12,   ""self_reported_band_group"": ""moderate"",   ""self_reported_band_interpersonal"": ""low"" }",,18,12,moderate,low
c4ed2a666807390541e3063ad6b6757a7308edb39efb3af0db88b611cd1ea83a__v3_voice,c4ed2a666807390541e3063ad6b6757a7308edb39efb3af0db88b611cd1ea83a,v3_voice,vllm,casperhansen/llama-3.3-70b-instruct-awq,"{   ""self_reported_group_ca"": 18,   ""self_reported_interpersonal_ca"": 12,   ""self_reported_band_group"": ""moderate"",   ""self_reported_band_interpersonal"": ""low"" }",,18,12,moderate,low
f9f9a78004affb6a32f1cb1195de363286b19c88822b1433b371a65c5ce8f059__demos,f9f9a78004affb6a32f1cb1195de363286b19c88822b1433b371a65c5ce8f059,demos,vllm,casperhansen/llama-3.3-70b-instruct-awq,"{   ""self_reported_group_ca"": 18,   ""self_reported_interpersonal_ca"": 12,   ""self_reported_band_group"": ""moderate"",   ""self_reported_band_interpersonal"": ""low"" }",,18,12,moderate,low
f9f9a78004affb6a32f1cb1195de363286b19c88822b1433b371a65c5ce8f059__employment,f9f9a78004affb6a32f1cb1195de363286b19c88822b1433b371a65c5ce8f059,employment,vllm,casperhansen/llama-3.3-70b-instruct-awq,"{   ""self_reported_group_ca"": 18,   ""self_reported_interpersonal_ca"": 12,   ""self_reported_band_group"": ""moderate"",   ""self_reported_band_interpersonal"": ""low"" }",,18,12,moderate,low
f9f9a78004affb6a32f1cb1195de363286b19c88822b1433b371a65c5ce8f059__geo,f9f9a78004affb6a32f1cb1195de363286b19c88822b1433b371a65c5ce8f059,geo,vllm,casperhansen/llama-3.3-70b-instruct-awq,"{   ""self_reported_group_ca"": 18,   ""self_reported_interpersonal_ca"": 12,   ""self_reported_band_group"": ""moderate"",   ""self_reported_band_interpersonal"": ""low"" }",,18,12,moderate,low
f9f9a78004affb6a32f1cb1195de363286b19c88822b1433b371a65c5ce8f059__transit,f9f9a78004affb6a32f1cb1195de363286b19c88822b1433b371a65c5ce8f059,transit,vllm,casperhansen/llama-3.3-70b-instruct-awq,"{   ""self_reported_group_ca"": 18,   ""self_reported_interpersonal_ca"": 12,   ""self_reported_band_group"": ""moderate"",   ""self_reported_band_interpersonal"": ""low"" }",,18,12,moderate,low
f9f9a78004affb6a32f1cb1195de363286b19c88822b1433b371a65c5ce8f059__full,f9f9a78004affb6a32f1cb1195de363286b19c88822b1433b371a65c5ce8f059,full,vllm,casperhansen/llama-3.3-70b-instruct-awq,"{   ""self_reported_group_ca"": 18,   ""self_reported_interpersonal_ca"": 12,   ""self_reported_band_group"": ""moderate"",   ""self_reported_band_interpersonal"": ""low"" }",,18,12,moderate,low
f9f9a78004affb6a32f1cb1195de363286b19c88822b1433b371a65c5ce8f059__v3_rideshare,f9f9a78004affb6a32f1cb1195de363286b19c88822b1433b371a65c5ce8f059,v3_rideshare,vllm,casperhansen/llama-3.3-70b-instruct-awq,"{   ""self_reported_group_ca"": 18,   ""self_reported_interpersonal_ca"": 12,   ""self_reported_band_group"": ""moderate"",   ""self_reported_band_interpersonal"": ""low"" }",,18,12,moderate,low
f9f9a78004affb6a32f1cb1195de363286b19c88822b1433b371a65c5ce8f059__v3_public_transit,f9f9a78004affb6a32f1cb1195de363286b19c88822b1433b371a65c5ce8f059,v3_public_transit,vllm,casperhansen/llama-3.3-70b-instruct-awq,"{   ""self_reported_group_ca"": 18,   ""self_reported_interpersonal_ca"": 12,   ""self_reported_band_group"": ""moderate"",   ""self_reported_band_interpersonal"": ""low"" }",,18,12,moderate,low
f9f9a78004affb6a32f1cb1195de363286b19c88822b1433b371a65c5ce8f059__v3_voice,f9f9a78004affb6a32f1cb1195de363286b19c88822b1433b371a65c5ce8f059,v3_voice,vllm,casperhansen/llama-3.3-70b-instruct-awq,"{   ""self_reported_group_ca"": 18,   ""self_reported_interpersonal_ca"": 12,   ""self_reported_band_group"": ""moderate"",   ""self_reported_band_interpersonal"": ""low"" }",,18,12,moderate,low
0249e61e3a173da6ac2e5417f91dd474d39bec678466a100bb57fde389020a6b__demos,0249e61e3a173da6ac2e5417f91dd474d39bec678466a100bb57fde389020a6b,demos,vllm,casperhansen/llama-3.3-70b-instruct-awq,"{   ""self_reported_group_ca"": 18,   ""self_reported_interpersonal_ca"": 12,   ""self_reported_band_group"": ""moderate"",   ""self_reported_band_interpersonal"": ""low"" }",,18,12,moderate,low
0249e61e3a173da6ac2e5417f91dd474d39bec678466a100bb57fde389020a6b__employment,0249e61e3a173da6ac2e5417f91dd474d39bec678466a100bb57fde389020a6b,employment,vllm,casperhansen/llama-3.3-70b-instruct-awq,"{   ""self_reported_group_ca"": 18,   ""self_reported_interpersonal_ca"": 12,   ""self_reported_band_group"": ""moderate"",   ""self_reported_band_interpersonal"": ""low"" }",,18,12,moderate,low
0249e61e3a173da6ac2e5417f91dd474d39bec678466a100bb57fde389020a6b__geo,0249e61e3a173da6ac2e5417f91dd474d39bec678466a100bb57fde389020a6b,geo,vllm,casperhansen/llama-3.3-70b-instruct-awq,"{   ""self_reported_group_ca"": 18,   ""self_reported_interpersonal_ca"": 12,   ""self_reported_band_group"": ""moderate"",   ""self_reported_band_interpersonal"": ""low"" }",,18,12,moderate,low
0249e61e3a173da6ac2e5417f91dd474d39bec678466a100bb57fde389020a6b__transit,0249e61e3a173da6ac2e5417f91dd474d39bec678466a100bb57fde389020a6b,transit,vllm,casperhansen/llama-3.3-70b-instruct-awq,"{   ""self_reported_group_ca"": 18,   ""self_reported_interpersonal_ca"": 12,   ""self_reported_band_group"": ""moderate"",   ""self_reported_band_interpersonal"": ""low"" }",,18,12,moderate,low
0249e61e3a173da6ac2e5417f91dd474d39bec678466a100bb57fde389020a6b__full,0249e61e3a173da6ac2e5417f91dd474d39bec678466a100bb57fde389020a6b,full,vllm,casperhansen/llama-3.3-70b-instruct-awq,"{   ""self_reported_group_ca"": 18,   ""self_reported_interpersonal_ca"": 12,   ""self_reported_band_group"": ""moderate"",   ""self_reported_band_interpersonal"": ""low"" }",,18,12,moderate,low
0249e61e3a173da6ac2e5417f91dd474d39bec678466a100bb57fde389020a6b__v3_rideshare,0249e61e3a173da6ac2e5417f91dd474d39bec678466a100bb57fde389020a6b,v3_rideshare,vllm,casperhansen/llama-3.3-70b-instruct-awq,"{   ""self_reported_group_ca"": 18,   ""self_reported_interpersonal_ca"": 12,   ""self_reported_band_group"": ""moderate"",   ""self_reported_band_interpersonal"": ""low"" }",,18,12,moderate,low
0249e61e3a173da6ac2e5417f91dd474d39bec678466a100bb57fde389020a6b__v3_public_transit,0249e61e3a173da6ac2e5417f91dd474d39bec678466a100bb57fde389020a6b,v3_public_transit,vllm,casperhansen/llama-3.3-70b-instruct-awq,"{   ""self_reported_group_ca"": 18,   ""self_reported_interpersonal_ca"": 12,   ""self_reported_band_group"": ""moderate"",   ""self_reported_band_interpersonal"": ""low"" }",,18,12,moderate,low
0249e61e3a173da6ac2e5417f91dd474d39bec678466a100bb57fde389020a6b__v3_voice,0249e61e3a173da6ac2e5417f91dd474d39bec678466a100bb57fde389020a6b,v3_voice,vllm,casperhansen/llama-3.3-70b-instruct-awq,"{   ""self_reported_group_ca"": 18,   ""self_reported_interpersonal_ca"": 12,   ""self_reported_band_group"": ""moderate"",   ""self_reported_band_interpersonal"": ""low"" }",,18,12,moderate,low
ced5fd157d4c771a0ea7d044ffbb1e09e8b725d0d7ca0d0d3bdd23a857d57db7__demos,ced5fd157d4c771a0ea7d044ffbb1e09e8b725d0d7ca0d0d3bdd23a857d57db7,demos,vllm,casperhansen/llama-3.3-70b-instruct-awq,"{   ""self_reported_group_ca"": 18,   ""self_reported_interpersonal_ca"": 12,   ""self_reported_band_group"": ""moderate"",   ""self_reported_band_interpersonal"": ""low"" }",,18,12,moderate,low
ced5fd157d4c771a0ea7d044ffbb1e09e8b725d0d7ca0d0d3bdd23a857d57db7__employment,ced5fd157d4c771a0ea7d044ffbb1e09e8b725d0d7ca0d0d3bdd23a857d57db7,employment,vllm,casperhansen/llama-3.3-70b-instruct-awq,"{   ""self_reported_group_ca"": 18,   ""self_reported_interpersonal_ca"": 12,   ""self_reported_band_group"": ""moderate"",   ""self_reported_band_interpersonal"": ""low"" }",,18,12,moderate,low
ced5fd157d4c771a0ea7d044ffbb1e09e8b725d0d7ca0d0d3bdd23a857d57db7__geo,ced5fd157d4c771a0ea7d044ffbb1e09e8b725d0d7ca0d0d3bdd23a857d57db7,geo,vllm,casperhansen/llama-3.3-70b-instruct-awq,"{   ""self_reported_group_ca"": 18,   ""self_reported_interpersonal_ca"": 12,   ""self_reported_band_group"": ""moderate"",   ""self_reported_band_interpersonal"": ""low"" }",,18,12,moderate,low
ced5fd157d4c771a0ea7d044ffbb1e09e8b725d0d7ca0d0d3bdd23a857d57db7__transit,ced5fd157d4c771a0ea7d044ffbb1e09e8b725d0d7ca0d0d3bdd23a857d57db7,transit,vllm,casperhansen/llama-3.3-70b-instruct-awq,"{   ""self_reported_group_ca"": 18,   ""self_reported_interpersonal_ca"": 12,   ""self_reported_band_group"": ""moderate"",   ""self_reported_band_interpersonal"": ""low"" }",,18,12,moderate,low
ced5fd157d4c771a0ea7d044ffbb1e09e8b725d0d7ca0d0d3bdd23a857d57db7__full,ced5fd157d4c771a0ea7d044ffbb1e09e8b725d0d7ca0d0d3bdd23a857d57db7,full,vllm,casperhansen/llama-3.3-70b-instruct-awq,"{   ""self_reported_group_ca"": 18,   ""self_reported_interpersonal_ca"": 12,   ""self_reported_band_group"": ""moderate"",   ""self_reported_band_interpersonal"": ""low"" }",,18,12,moderate,low
ced5fd157d4c771a0ea7d044ffbb1e09e8b725d0d7ca0d0d3bdd23a857d57db7__v3_rideshare,ced5fd157d4c771a0ea7d044ffbb1e09e8b725d0d7ca0d0d3bdd23a857d57db7,v3_rideshare,vllm,casperhansen/llama-3.3-70b-instruct-awq,"{   ""self_reported_group_ca"": 18,   ""self_reported_interpersonal_ca"": 12,   ""self_reported_band_group"": ""moderate"",   ""self_reported_band_interpersonal"": ""low"" }",,18,12,moderate,low
ced5fd157d4c771a0ea7d044ffbb1e09e8b725d0d7ca0d0d3bdd23a857d57db7__v3_public_transit,ced5fd157d4c771a0ea7d044ffbb1e09e8b725d0d7ca0d0d3bdd23a857d57db7,v3_public_transit,vllm,casperhansen/llama-3.3-70b-instruct-awq,"{   ""self_reported_group_ca"": 18,   ""self_reported_interpersonal_ca"": 12,   ""self_reported_band_group"": ""moderate"",   ""self_reported_band_interpersonal"": ""low"" }",,18,12,moderate,low
ced5fd157d4c771a0ea7d044ffbb1e09e8b725d0d7ca0d0d3bdd23a857d57db7__v3_voice,ced5fd157d4c771a0ea7d044ffbb1e09e8b725d0d7ca0d0d3bdd23a857d57db7,v3_voice,vllm,casperhansen/llama-3.3-70b-instruct-awq,"{   ""self_reported_group_ca"": 18,   ""self_reported_interpersonal_ca"": 12,   ""self_reported_band_group"": ""moderate"",   ""self_reported_band_interpersonal"": ""low"" }",,18,12,moderate,low
a222ac047214b42649c047abe2d18324a05559ab8586a2b693f6babda1797d08__demos,a222ac047214b42649c047abe2d18324a05559ab8586a2b693f6babda1797d08,demos,vllm,casperhansen/llama-3.3-70b-instruct-awq,"{   ""self_reported_group_ca"": 18,   ""self_reported_interpersonal_ca"": 12,   ""self_reported_band_group"": ""moderate"",   ""self_reported_band_interpersonal"": ""low"" }",,18,12,moderate,low
a222ac047214b42649c047abe2d18324a05559ab8586a2b693f6babda1797d08__employment,a222ac047214b42649c047abe2d18324a05559ab8586a2b693f6babda1797d08,employment,vllm,casperhansen/llama-3.3-70b-instruct-awq,"{   ""self_reported_group_ca"": 18,   ""self_reported_interpersonal_ca"": 12,   ""self_reported_band_group"": ""moderate"",   ""self_reported_band_interpersonal"": ""low"" }",,18,12,moderate,low
a222ac047214b42649c047abe2d18324a05559ab8586a2b693f6babda1797d08__geo,a222ac047214b42649c047abe2d18324a05559ab8586a2b693f6babda1797d08,geo,vllm,casperhansen/llama-3.3-70b-instruct-awq,"{   ""self_reported_group_ca"": 18,   ""self_reported_interpersonal_ca"": 12,   ""self_reported_band_group"": ""moderate"",   ""self_reported_band_interpersonal"": ""low"" }",,18,12,moderate,low
a222ac047214b42649c047abe2d18324a05559ab8586a2b693f6babda1797d08__transit,a222ac047214b42649c047abe2d18324a05559ab8586a2b693f6babda1797d08,transit,vllm,casperhansen/llama-3.3-70b-instruct-awq,"{   ""self_reported_group_ca"": 18,   ""self_reported_interpersonal_ca"": 12,   ""self_reported_band_group"": ""moderate"",   ""self_reported_band_interpersonal"": ""low"" }",,18,12,moderate,low
a222ac047214b42649c047abe2d18324a05559ab8586a2b693f6babda1797d08__full,a222ac047214b42649c047abe2d18324a05559ab8586a2b693f6babda1797d08,full,vllm,casperhansen/llama-3.3-70b-instruct-awq,"{   ""self_reported_group_ca"": 18,   ""self_reported_interpersonal_ca"": 12,   ""self_reported_band_group"": ""moderate"",   ""self_reported_band_interpersonal"": ""low"" }",,18,12,moderate,low
a222ac047214b42649c047abe2d18324a05559ab8586a2b693f6babda1797d08__v3_rideshare,a222ac047214b42649c047abe2d18324a05559ab8586a2b693f6babda1797d08,v3_rideshare,vllm,casperhansen/llama-3.3-70b-instruct-awq,"{   ""self_reported_group_ca"": 18,   ""self_reported_interpersonal_ca"": 12,   ""self_reported_band_group"": ""moderate"",   ""self_reported_band_interpersonal"": ""low"" }",,18,12,moderate,low
a222ac047214b42649c047abe2d18324a05559ab8586a2b693f6babda1797d08__v3_public_transit,a222ac047214b42649c047abe2d18324a05559ab8586a2b693f6babda1797d08,v3_public_transit,vllm,casperhansen/llama-3.3-70b-instruct-awq,"{   ""self_reported_group_ca"": 18,   ""self_reported_interpersonal_ca"": 12,   ""self_reported_band_group"": ""moderate"",   ""self_reported_band_interpersonal"": ""low"" }",,18,12,moderate,low
a222ac047214b42649c047abe2d18324a05559ab8586a2b693f6babda1797d08__v3_voice,a222ac047214b42649c047abe2d18324a05559ab8586a2b693f6babda1797d08,v3_voice,vllm,casperhansen/llama-3.3-70b-instruct-awq,"{   ""self_reported_group_ca"": 18,   ""self_reported_interpersonal_ca"": 12,   ""self_reported_band_group"": ""moderate"",   ""self_reported_band_interpersonal"": ""low"" }",,18,12,moderate,low
d65f865744801e9eeff43f199b7bd2fb93f8ccbbdee4767194ce570489a32e03__demos,d65f865744801e9eeff43f199b7bd2fb93f8ccbbdee4767194ce570489a32e03,demos,vllm,casperhansen/llama-3.3-70b-instruct-awq,"{   ""self_reported_group_ca"": 18,   ""self_reported_interpersonal_ca"": 12,   ""self_reported_band_group"": ""moderate"",   ""self_reported_band_interpersonal"": ""low"" }",,18,12,moderate,low
d65f865744801e9eeff43f199b7bd2fb93f8ccbbdee4767194ce570489a32e03__employment,d65f865744801e9eeff43f199b7bd2fb93f8ccbbdee4767194ce570489a32e03,employment,vllm,casperhansen/llama-3.3-70b-instruct-awq,"{   ""self_reported_group_ca"": 18,   ""self_reported_interpersonal_ca"": 12,   ""self_reported_band_group"": ""moderate"",   ""self_reported_band_interpersonal"": ""low"" }",,18,12,moderate,low
d65f865744801e9eeff43f199b7bd2fb93f8ccbbdee4767194ce570489a32e03__geo,d65f865744801e9eeff43f199b7bd2fb93f8ccbbdee4767194ce570489a32e03,geo,vllm,casperhansen/llama-3.3-70b-instruct-awq,"{   ""self_reported_group_ca"": 18,   ""self_reported_interpersonal_ca"": 12,   ""self_reported_band_group"": ""moderate"",   ""self_reported_band_interpersonal"": ""low"" }",,18,12,moderate,low
d65f865744801e9eeff43f199b7bd2fb93f8ccbbdee4767194ce570489a32e03__transit,d65f865744801e9eeff43f199b7bd2fb93f8ccbbdee4767194ce570489a32e03,transit,vllm,casperhansen/llama-3.3-70b-instruct-awq,"{   ""self_reported_group_ca"": 18,   ""self_reported_interpersonal_ca"": 12,   ""self_reported_band_group"": ""moderate"",   ""self_reported_band_interpersonal"": ""low"" }",,18,12,moderate,low
d65f865744801e9eeff43f199b7bd2fb93f8ccbbdee4767194ce570489a32e03__full,d65f865744801e9eeff43f199b7bd2fb93f8ccbbdee4767194ce570489a32e03,full,vllm,casperhansen/llama-3.3-70b-instruct-awq,"{   ""self_reported_group_ca"": 18,   ""self_reported_interpersonal_ca"": 12,   ""self_reported_band_group"": ""moderate"",   ""self_reported_band_interpersonal"": ""low"" }",,18,12,moderate,low
d65f865744801e9eeff43f199b7bd2fb93f8ccbbdee4767194ce570489a32e03__v3_rideshare,d65f865744801e9eeff43f199b7bd2fb93f8ccbbdee4767194ce570489a32e03,v3_rideshare,vllm,casperhansen/llama-3.3-70b-instruct-awq,"{   ""self_reported_group_ca"": 18,   ""self_reported_interpersonal_ca"": 12,   ""self_reported_band_group"": ""moderate"",   ""self_reported_band_interpersonal"": ""low"" }",,18,12,moderate,low
d65f865744801e9eeff43f199b7bd2fb93f8ccbbdee4767194ce570489a32e03__v3_public_transit,d65f865744801e9eeff43f199b7bd2fb93f8ccbbdee4767194ce570489a32e03,v3_public_transit,vllm,casperhansen/llama-3.3-70b-instruct-awq,"{   ""self_reported_group_ca"": 18,   ""self_reported_interpersonal_ca"": 12,   ""self_reported_band_group"": ""moderate"",   ""self_reported_band_interpersonal"": ""low"" }",,18,12,moderate,low
d65f865744801e9eeff43f199b7bd2fb93f8ccbbdee4767194ce570489a32e03__v3_voice,d65f865744801e9eeff43f199b7bd2fb93f8ccbbdee4767194ce570489a32e03,v3_voice,vllm,casperhansen/llama-3.3-70b-instruct-awq,"{   ""self_reported_group_ca"": 18,   ""self_reported_interpersonal_ca"": 12,   ""self_reported_band_group"": ""moderate"",   ""self_reported_band_interpersonal"": ""low"" }",,18,12,moderate,low
9a6fb92d35a4765ddfc9e2b056d69bd5381851997e60bb445dab9237ab164ea6__demos,9a6fb92d35a4765ddfc9e2b056d69bd5381851997e60bb445dab9237ab164ea6,demos,vllm,casperhansen/llama-3.3-70b-instruct-awq,"{   ""self_reported_group_ca"": 18,   ""self_reported_interpersonal_ca"": 12,   ""self_reported_band_group"": ""moderate"",   ""self_reported_band_interpersonal"": ""low"" }",,18,12,moderate,low
9a6fb92d35a4765ddfc9e2b056d69bd5381851997e60bb445dab9237ab164ea6__employment,9a6fb92d35a4765ddfc9e2b056d69bd5381851997e60bb445dab9237ab164ea6,employment,vllm,casperhansen/llama-3.3-70b-instruct-awq,"{   ""self_reported_group_ca"": 18,   ""self_reported_interpersonal_ca"": 12,   ""self_reported_band_group"": ""moderate"",   ""self_reported_band_interpersonal"": ""low"" }",,18,12,moderate,low
9a6fb92d35a4765ddfc9e2b056d69bd5381851997e60bb445dab9237ab164ea6__geo,9a6fb92d35a4765ddfc9e2b056d69bd5381851997e60bb445dab9237ab164ea6,geo,vllm,casperhansen/llama-3.3-70b-instruct-awq,"{   ""self_reported_group_ca"": 18,   ""self_reported_interpersonal_ca"": 12,   ""self_reported_band_group"": ""moderate"",   ""self_reported_band_interpersonal"": ""low"" }",,18,12,moderate,low
9a6fb92d35a4765ddfc9e2b056d69bd5381851997e60bb445dab9237ab164ea6__transit,9a6fb92d35a4765ddfc9e2b056d69bd5381851997e60bb445dab9237ab164ea6,transit,vllm,casperhansen/llama-3.3-70b-instruct-awq,"{   ""self_reported_group_ca"": 18,   ""self_reported_interpersonal_ca"": 12,   ""self_reported_band_group"": ""moderate"",   ""self_reported_band_interpersonal"": ""low"" }",,18,12,moderate,low
9a6fb92d35a4765ddfc9e2b056d69bd5381851997e60bb445dab9237ab164ea6__full,9a6fb92d35a4765ddfc9e2b056d69bd5381851997e60bb445dab9237ab164ea6,full,vllm,casperhansen/llama-3.3-70b-instruct-awq,"{   ""self_reported_group_ca"": 18,   ""self_reported_interpersonal_ca"": 12,   ""self_reported_band_group"": ""moderate"",   ""self_reported_band_interpersonal"": ""low"" }",,18,12,moderate,low
9a6fb92d35a4765ddfc9e2b056d69bd5381851997e60bb445dab9237ab164ea6__v3_rideshare,9a6fb92d35a4765ddfc9e2b056d69bd5381851997e60bb445dab9237ab164ea6,v3_rideshare,vllm,casperhansen/llama-3.3-70b-instruct-awq,"{   ""self_reported_group_ca"": 18,   ""self_reported_interpersonal_ca"": 12,   ""self_reported_band_group"": ""moderate"",   ""self_reported_band_interpersonal"": ""low"" }",,18,12,moderate,low
9a6fb92d35a4765ddfc9e2b056d69bd5381851997e60bb445dab9237ab164ea6__v3_public_transit,9a6fb92d35a4765ddfc9e2b056d69bd5381851997e60bb445dab9237ab164ea6,v3_public_transit,vllm,casperhansen/llama-3.3-70b-instruct-awq,"{   ""self_reported_group_ca"": 18,   ""self_reported_interpersonal_ca"": 12,   ""self_reported_band_group"": ""moderate"",   ""self_reported_band_interpersonal"": ""low"" }",,18,12,moderate,low
9a6fb92d35a4765ddfc9e2b056d69bd5381851997e60bb445dab9237ab164ea6__v3_voice,9a6fb92d35a4765ddfc9e2b056d69bd5381851997e60bb445dab9237ab164ea6,v3_voice,vllm,casperhansen/llama-3.3-70b-instruct-awq,"{   ""self_reported_group_ca"": 18,   ""self_reported_interpersonal_ca"": 12,   ""self_reported_band_group"": ""moderate"",   ""self_reported_band_interpersonal"": ""low"" }",,18,12,moderate,low
e6bb6f36c36988d766236dc0290b1fcd6d21fb54d4872706802b1989ed91234a__demos,e6bb6f36c36988d766236dc0290b1fcd6d21fb54d4872706802b1989ed91234a,demos,vllm,casperhansen/llama-3.3-70b-instruct-awq,"{   ""self_reported_group_ca"": 18,   ""self_reported_interpersonal_ca"": 12,   ""self_reported_band_group"": ""moderate"",   ""self_reported_band_interpersonal"": ""low"" }",,18,12,moderate,low
e6bb6f36c36988d766236dc0290b1fcd6d21fb54d4872706802b1989ed91234a__employment,e6bb6f36c36988d766236dc0290b1fcd6d21fb54d4872706802b1989ed91234a,employment,vllm,casperhansen/llama-3.3-70b-instruct-awq,"{   ""self_reported_group_ca"": 18,   ""self_reported_interpersonal_ca"": 12,   ""self_reported_band_group"": ""moderate"",   ""self_reported_band_interpersonal"": ""low"" }",,18,12,moderate,low
e6bb6f36c36988d766236dc0290b1fcd6d21fb54d4872706802b1989ed91234a__geo,e6bb6f36c36988d766236dc0290b1fcd6d21fb54d4872706802b1989ed91234a,geo,vllm,casperhansen/llama-3.3-70b-instruct-awq,"{   ""self_reported_group_ca"": 18,   ""self_reported_interpersonal_ca"": 12,   ""self_reported_band_group"": ""moderate"",   ""self_reported_band_interpersonal"": ""low"" }",,18,12,moderate,low
e6bb6f36c36988d766236dc0290b1fcd6d21fb54d4872706802b1989ed91234a__transit,e6bb6f36c36988d766236dc0290b1fcd6d21fb54d4872706802b1989ed91234a,transit,vllm,casperhansen/llama-3.3-70b-instruct-awq,"{   ""self_reported_group_ca"": 18,   ""self_reported_interpersonal_ca"": 12,   ""self_reported_band_group"": ""moderate"",   ""self_reported_band_interpersonal"": ""low"" }",,18,12,moderate,low
e6bb6f36c36988d766236dc0290b1fcd6d21fb54d4872706802b1989ed91234a__full,e6bb6f36c36988d766236dc0290b1fcd6d21fb54d4872706802b1989ed91234a,full,vllm,casperhansen/llama-3.3-70b-instruct-awq,"{   ""self_reported_group_ca"": 18,   ""self_reported_interpersonal_ca"": 12,   ""self_reported_band_group"": ""moderate"",   ""self_reported_band_interpersonal"": ""low"" }",,18,12,moderate,low
e6bb6f36c36988d766236dc0290b1fcd6d21fb54d4872706802b1989ed91234a__v3_rideshare,e6bb6f36c36988d766236dc0290b1fcd6d21fb54d4872706802b1989ed91234a,v3_rideshare,vllm,casperhansen/llama-3.3-70b-instruct-awq,"{   ""self_reported_group_ca"": 18,   ""self_reported_interpersonal_ca"": 12,   ""self_reported_band_group"": ""moderate"",   ""self_reported_band_interpersonal"": ""low"" }",,18,12,moderate,low
e6bb6f36c36988d766236dc0290b1fcd6d21fb54d4872706802b1989ed91234a__v3_public_transit,e6bb6f36c36988d766236dc0290b1fcd6d21fb54d4872706802b1989ed91234a,v3_public_transit,vllm,casperhansen/llama-3.3-70b-instruct-awq,"{   ""self_reported_group_ca"": 18,   ""self_reported_interpersonal_ca"": 12,   ""self_reported_band_group"": ""moderate"",   ""self_reported_band_interpersonal"": ""low"" }",,18,12,moderate,low
e6bb6f36c36988d766236dc0290b1fcd6d21fb54d4872706802b1989ed91234a__v3_voice,e6bb6f36c36988d766236dc0290b1fcd6d21fb54d4872706802b1989ed91234a,v3_voice,vllm,casperhansen/llama-3.3-70b-instruct-awq,"{   ""self_reported_group_ca"": 18,   ""self_reported_interpersonal_ca"": 12,   ""self_reported_band_group"": ""moderate"",   ""self_reported_band_interpersonal"": ""low"" }",,18,12,moderate,low
7176cbe5675119100c051cec9cf0ccc6ffeea0f58eaad99a7ad469bdbe59eefc__demos,7176cbe5675119100c051cec9cf0ccc6ffeea0f58eaad99a7ad469bdbe59eefc,demos,vllm,casperhansen/llama-3.3-70b-instruct-awq,"{   ""self_reported_group_ca"": 18,   ""self_reported_interpersonal_ca"": 12,   ""self_reported_band_group"": ""moderate"",   ""self_reported_band_interpersonal"": ""low"" }",,18,12,moderate,low
7176cbe5675119100c051cec9cf0ccc6ffeea0f58eaad99a7ad469bdbe59eefc__employment,7176cbe5675119100c051cec9cf0ccc6ffeea0f58eaad99a7ad469bdbe59eefc,employment,vllm,casperhansen/llama-3.3-70b-instruct-awq,"{   ""self_reported_group_ca"": 18,   ""self_reported_interpersonal_ca"": 12,   ""self_reported_band_group"": ""moderate"",   ""self_reported_band_interpersonal"": ""low"" }",,18,12,moderate,low
7176cbe5675119100c051cec9cf0ccc6ffeea0f58eaad99a7ad469bdbe59eefc__geo,7176cbe5675119100c051cec9cf0ccc6ffeea0f58eaad99a7ad469bdbe59eefc,geo,vllm,casperhansen/llama-3.3-70b-instruct-awq,"{   ""self_reported_group_ca"": 18,   ""self_reported_interpersonal_ca"": 12,   ""self_reported_band_group"": ""moderate"",   ""self_reported_band_interpersonal"": ""low"" }",,18,12,moderate,low
7176cbe5675119100c051cec9cf0ccc6ffeea0f58eaad99a7ad469bdbe59eefc__transit,7176cbe5675119100c051cec9cf0ccc6ffeea0f58eaad99a7ad469bdbe59eefc,transit,vllm,casperhansen/llama-3.3-70b-instruct-awq,"{   ""self_reported_group_ca"": 18,   ""self_reported_interpersonal_ca"": 12,   ""self_reported_band_group"": ""moderate"",   ""self_reported_band_interpersonal"": ""low"" }",,18,12,moderate,low
7176cbe5675119100c051cec9cf0ccc6ffeea0f58eaad99a7ad469bdbe59eefc__full,7176cbe5675119100c051cec9cf0ccc6ffeea0f58eaad99a7ad469bdbe59eefc,full,vllm,casperhansen/llama-3.3-70b-instruct-awq,"{   ""self_reported_group_ca"": 18,   ""self_reported_interpersonal_ca"": 12,   ""self_reported_band_group"": ""moderate"",   ""self_reported_band_interpersonal"": ""low"" }",,18,12,moderate,low
7176cbe5675119100c051cec9cf0ccc6ffeea0f58eaad99a7ad469bdbe59eefc__v3_rideshare,7176cbe5675119100c051cec9cf0ccc6ffeea0f58eaad99a7ad469bdbe59eefc,v3_rideshare,vllm,casperhansen/llama-3.3-70b-instruct-awq,"{   ""self_reported_group_ca"": 18,   ""self_reported_interpersonal_ca"": 12,   ""self_reported_band_group"": ""moderate"",   ""self_reported_band_interpersonal"": ""low"" }",,18,12,moderate,low
7176cbe5675119100c051cec9cf0ccc6ffeea0f58eaad99a7ad469bdbe59eefc__v3_public_transit,7176cbe5675119100c051cec9cf0ccc6ffeea0f58eaad99a7ad469bdbe59eefc,v3_public_transit,vllm,casperhansen/llama-3.3-70b-instruct-awq,"{   ""self_reported_group_ca"": 18,   ""self_reported_interpersonal_ca"": 12,   ""self_reported_band_group"": ""moderate"",   ""self_reported_band_interpersonal"": ""low"" }",,18,12,moderate,low
7176cbe5675119100c051cec9cf0ccc6ffeea0f58eaad99a7ad469bdbe59eefc__v3_voice,7176cbe5675119100c051cec9cf0ccc6ffeea0f58eaad99a7ad469bdbe59eefc,v3_voice,vllm,casperhansen/llama-3.3-70b-instruct-awq,"{   ""self_reported_group_ca"": 18,   ""self_reported_interpersonal_ca"": 12,   ""self_reported_band_group"": ""moderate"",   ""self_reported_band_interpersonal"": ""low"" }",,18,12,moderate,low
01ed97565030e4d13eba2ecba6f408ba9b1d77f47fa2cc7363c45f3f15796020__demos,01ed97565030e4d13eba2ecba6f408ba9b1d77f47fa2cc7363c45f3f15796020,demos,vllm,casperhansen/llama-3.3-70b-instruct-awq,"{   ""self_reported_group_ca"": 18,   ""self_reported_interpersonal_ca"": 12,   ""self_reported_band_group"": ""moderate"",   ""self_reported_band_interpersonal"": ""low"" }",,18,12,moderate,low
01ed97565030e4d13eba2ecba6f408ba9b1d77f47fa2cc7363c45f3f15796020__employment,01ed97565030e4d13eba2ecba6f408ba9b1d77f47fa2cc7363c45f3f15796020,employment,vllm,casperhansen/llama-3.3-70b-instruct-awq,"{   ""self_reported_group_ca"": 18,   ""self_reported_interpersonal_ca"": 12,   ""self_reported_band_group"": ""moderate"",   ""self_reported_band_interpersonal"": ""low"" }",,18,12,moderate,low
01ed97565030e4d13eba2ecba6f408ba9b1d77f47fa2cc7363c45f3f15796020__geo,01ed97565030e4d13eba2ecba6f408ba9b1d77f47fa2cc7363c45f3f15796020,geo,vllm,casperhansen/llama-3.3-70b-instruct-awq,"{   ""self_reported_group_ca"": 18,   ""self_reported_interpersonal_ca"": 12,   ""self_reported_band_group"": ""moderate"",   ""self_reported_band_interpersonal"": ""low"" }",,18,12,moderate,low
01ed97565030e4d13eba2ecba6f408ba9b1d77f47fa2cc7363c45f3f15796020__transit,01ed97565030e4d13eba2ecba6f408ba9b1d77f47fa2cc7363c45f3f15796020,transit,vllm,casperhansen/llama-3.3-70b-instruct-awq,"{   ""self_reported_group_ca"": 18,   ""self_reported_interpersonal_ca"": 12,   ""self_reported_band_group"": ""moderate"",   ""self_reported_band_interpersonal"": ""low"" }",,18,12,moderate,low
01ed97565030e4d13eba2ecba6f408ba9b1d77f47fa2cc7363c45f3f15796020__full,01ed97565030e4d13eba2ecba6f408ba9b1d77f47fa2cc7363c45f3f15796020,full,vllm,casperhansen/llama-3.3-70b-instruct-awq,"{   ""self_reported_group_ca"": 18,   ""self_reported_interpersonal_ca"": 12,   ""self_reported_band_group"": ""moderate"",   ""self_reported_band_interpersonal"": ""low"" }",,18,12,moderate,low
01ed97565030e4d13eba2ecba6f408ba9b1d77f47fa2cc7363c45f3f15796020__v3_rideshare,01ed97565030e4d13eba2ecba6f408ba9b1d77f47fa2cc7363c45f3f15796020,v3_rideshare,vllm,casperhansen/llama-3.3-70b-instruct-awq,"{   ""self_reported_group_ca"": 18,   ""self_reported_interpersonal_ca"": 12,   ""self_reported_band_group"": ""moderate"",   ""self_reported_band_interpersonal"": ""low"" }",,18,12,moderate,low
01ed97565030e4d13eba2ecba6f408ba9b1d77f47fa2cc7363c45f3f15796020__v3_public_transit,01ed97565030e4d13eba2ecba6f408ba9b1d77f47fa2cc7363c45f3f15796020,v3_public_transit,vllm,casperhansen/llama-3.3-70b-instruct-awq,"{   ""self_reported_group_ca"": 18,   ""self_reported_interpersonal_ca"": 12,   ""self_reported_band_group"": ""moderate"",   ""self_reported_band_interpersonal"": ""low"" }",,18,12,moderate,low
01ed97565030e4d13eba2ecba6f408ba9b1d77f47fa2cc7363c45f3f15796020__v3_voice,01ed97565030e4d13eba2ecba6f408ba9b1d77f47fa2cc7363c45f3f15796020,v3_voice,vllm,casperhansen/llama-3.3-70b-instruct-awq,"{   ""self_reported_group_ca"": 18,   ""self_reported_interpersonal_ca"": 12,   ""self_reported_band_group"": ""moderate"",   ""self_reported_band_interpersonal"": ""low"" }",,18,12,moderate,low
5651a3644c6d6b9d6ad01d4880b6599e3c7e2b821679f6100eba1a153142b3fe__demos,5651a3644c6d6b9d6ad01d4880b6599e3c7e2b821679f6100eba1a153142b3fe,demos,vllm,casperhansen/llama-3.3-70b-instruct-awq,"{   ""self_reported_group_ca"": 18,   ""self_reported_interpersonal_ca"": 12,   ""self_reported_band_group"": ""moderate"",   ""self_reported_band_interpersonal"": ""low"" }",,18,12,moderate,low
5651a3644c6d6b9d6ad01d4880b6599e3c7e2b821679f6100eba1a153142b3fe__employment,5651a3644c6d6b9d6ad01d4880b6599e3c7e2b821679f6100eba1a153142b3fe,employment,vllm,casperhansen/llama-3.3-70b-instruct-awq,"{   ""self_reported_group_ca"": 18,   ""self_reported_interpersonal_ca"": 12,   ""self_reported_band_group"": ""moderate"",   ""self_reported_band_interpersonal"": ""low"" }",,18,12,moderate,low
5651a3644c6d6b9d6ad01d4880b6599e3c7e2b821679f6100eba1a153142b3fe__geo,5651a3644c6d6b9d6ad01d4880b6599e3c7e2b821679f6100eba1a153142b3fe,geo,vllm,casperhansen/llama-3.3-70b-instruct-awq,"{   ""self_reported_group_ca"": 18,   ""self_reported_interpersonal_ca"": 12,   ""self_reported_band_group"": ""moderate"",   ""self_reported_band_interpersonal"": ""low"" }",,18,12,moderate,low
5651a3644c6d6b9d6ad01d4880b6599e3c7e2b821679f6100eba1a153142b3fe__transit,5651a3644c6d6b9d6ad01d4880b6599e3c7e2b821679f6100eba1a153142b3fe,transit,vllm,casperhansen/llama-3.3-70b-instruct-awq,"{   ""self_reported_group_ca"": 18,   ""self_reported_interpersonal_ca"": 12,   ""self_reported_band_group"": ""moderate"",   ""self_reported_band_interpersonal"": ""low"" }",,18,12,moderate,low
5651a3644c6d6b9d6ad01d4880b6599e3c7e2b821679f6100eba1a153142b3fe__full,5651a3644c6d6b9d6ad01d4880b6599e3c7e2b821679f6100eba1a153142b3fe,full,vllm,casperhansen/llama-3.3-70b-instruct-awq,"{   ""self_reported_group_ca"": 18,   ""self_reported_interpersonal_ca"": 12,   ""self_reported_band_group"": ""moderate"",   ""self_reported_band_interpersonal"": ""low"" }",,18,12,moderate,low
5651a3644c6d6b9d6ad01d4880b6599e3c7e2b821679f6100eba1a153142b3fe__v3_rideshare,5651a3644c6d6b9d6ad01d4880b6599e3c7e2b821679f6100eba1a153142b3fe,v3_rideshare,vllm,casperhansen/llama-3.3-70b-instruct-awq,"{   ""self_reported_group_ca"": 18,   ""self_reported_interpersonal_ca"": 12,   ""self_reported_band_group"": ""moderate"",   ""self_reported_band_interpersonal"": ""low"" }",,18,12,moderate,low
5651a3644c6d6b9d6ad01d4880b6599e3c7e2b821679f6100eba1a153142b3fe__v3_public_transit,5651a3644c6d6b9d6ad01d4880b6599e3c7e2b821679f6100eba1a153142b3fe,v3_public_transit,vllm,casperhansen/llama-3.3-70b-instruct-awq,"{   ""self_reported_group_ca"": 18,   ""self_reported_interpersonal_ca"": 12,   ""self_reported_band_group"": ""moderate"",   ""self_reported_band_interpersonal"": ""low"" }",,18,12,moderate,low
5651a3644c6d6b9d6ad01d4880b6599e3c7e2b821679f6100eba1a153142b3fe__v3_voice,5651a3644c6d6b9d6ad01d4880b6599e3c7e2b821679f6100eba1a153142b3fe,v3_voice,vllm,casperhansen/llama-3.3-70b-instruct-awq,"{   ""self_reported_group_ca"": 18,   ""self_reported_interpersonal_ca"": 12,   ""self_reported_band_group"": ""moderate"",   ""self_reported_band_interpersonal"": ""low"" }",,18,12,moderate,low
d1877c807e7cfbd218196d57f1dd184643863d06e6363579390683fd2ae81cc5__demos,d1877c807e7cfbd218196d57f1dd184643863d06e6363579390683fd2ae81cc5,demos,vllm,casperhansen/llama-3.3-70b-instruct-awq,"{   ""self_reported_group_ca"": 18,   ""self_reported_interpersonal_ca"": 12,   ""self_reported_band_group"": ""moderate"",   ""self_reported_band_interpersonal"": ""low"" }",,18,12,moderate,low
d1877c807e7cfbd218196d57f1dd184643863d06e6363579390683fd2ae81cc5__employment,d1877c807e7cfbd218196d57f1dd184643863d06e6363579390683fd2ae81cc5,employment,vllm,casperhansen/llama-3.3-70b-instruct-awq,"{   ""self_reported_group_ca"": 18,   ""self_reported_interpersonal_ca"": 12,   ""self_reported_band_group"": ""moderate"",   ""self_reported_band_interpersonal"": ""low"" }",,18,12,moderate,low
d1877c807e7cfbd218196d57f1dd184643863d06e6363579390683fd2ae81cc5__geo,d1877c807e7cfbd218196d57f1dd184643863d06e6363579390683fd2ae81cc5,geo,vllm,casperhansen/llama-3.3-70b-instruct-awq,"{   ""self_reported_group_ca"": 18,   ""self_reported_interpersonal_ca"": 12,   ""self_reported_band_group"": ""moderate"",   ""self_reported_band_interpersonal"": ""low"" }",,18,12,moderate,low
d1877c807e7cfbd218196d57f1dd184643863d06e6363579390683fd2ae81cc5__transit,d1877c807e7cfbd218196d57f1dd184643863d06e6363579390683fd2ae81cc5,transit,vllm,casperhansen/llama-3.3-70b-instruct-awq,"{   ""self_reported_group_ca"": 18,   ""self_reported_interpersonal_ca"": 12,   ""self_reported_band_group"": ""moderate"",   ""self_reported_band_interpersonal"": ""low"" }",,18,12,moderate,low
d1877c807e7cfbd218196d57f1dd184643863d06e6363579390683fd2ae81cc5__full,d1877c807e7cfbd218196d57f1dd184643863d06e6363579390683fd2ae81cc5,full,vllm,casperhansen/llama-3.3-70b-instruct-awq,"{   ""self_reported_group_ca"": 18,   ""self_reported_interpersonal_ca"": 12,   ""self_reported_band_group"": ""moderate"",   ""self_reported_band_interpersonal"": ""low"" }",,18,12,moderate,low
d1877c807e7cfbd218196d57f1dd184643863d06e6363579390683fd2ae81cc5__v3_rideshare,d1877c807e7cfbd218196d57f1dd184643863d06e6363579390683fd2ae81cc5,v3_rideshare,vllm,casperhansen/llama-3.3-70b-instruct-awq,"{   ""self_reported_group_ca"": 18,   ""self_reported_interpersonal_ca"": 12,   ""self_reported_band_group"": ""moderate"",   ""self_reported_band_interpersonal"": ""low"" }",,18,12,moderate,low
d1877c807e7cfbd218196d57f1dd184643863d06e6363579390683fd2ae81cc5__v3_public_transit,d1877c807e7cfbd218196d57f1dd184643863d06e6363579390683fd2ae81cc5,v3_public_transit,vllm,casperhansen/llama-3.3-70b-instruct-awq,"{   ""self_reported_group_ca"": 18,   ""self_reported_interpersonal_ca"": 12,   ""self_reported_band_group"": ""moderate"",   ""self_reported_band_interpersonal"": ""low"" }",,18,12,moderate,low
d1877c807e7cfbd218196d57f1dd184643863d06e6363579390683fd2ae81cc5__v3_voice,d1877c807e7cfbd218196d57f1dd184643863d06e6363579390683fd2ae81cc5,v3_voice,vllm,casperhansen/llama-3.3-70b-instruct-awq,"{   ""self_reported_group_ca"": 18,   ""self_reported_interpersonal_ca"": 12,   ""self_reported_band_group"": ""moderate"",   ""self_reported_band_interpersonal"": ""low"" }",,18,12,moderate,low
a08338b44f7708b19fd1f8bb6ef8842b1473b9b189e97f264cb66f7e87caa68c__demos,a08338b44f7708b19fd1f8bb6ef8842b1473b9b189e97f264cb66f7e87caa68c,demos,vllm,casperhansen/llama-3.3-70b-instruct-awq,"{   ""self_reported_group_ca"": 18,   ""self_reported_interpersonal_ca"": 12,   ""self_reported_band_group"": ""moderate"",   ""self_reported_band_interpersonal"": ""low"" }",,18,12,moderate,low
a08338b44f7708b19fd1f8bb6ef8842b1473b9b189e97f264cb66f7e87caa68c__employment,a08338b44f7708b19fd1f8bb6ef8842b1473b9b189e97f264cb66f7e87caa68c,employment,vllm,casperhansen/llama-3.3-70b-instruct-awq,"{   ""self_reported_group_ca"": 18,   ""self_reported_interpersonal_ca"": 12,   ""self_reported_band_group"": ""moderate"",   ""self_reported_band_interpersonal"": ""low"" }",,18,12,moderate,low
a08338b44f7708b19fd1f8bb6ef8842b1473b9b189e97f264cb66f7e87caa68c__geo,a08338b44f7708b19fd1f8bb6ef8842b1473b9b189e97f264cb66f7e87caa68c,geo,vllm,casperhansen/llama-3.3-70b-instruct-awq,"{   ""self_reported_group_ca"": 18,   ""self_reported_interpersonal_ca"": 12,   ""self_reported_band_group"": ""moderate"",   ""self_reported_band_interpersonal"": ""low"" }",,18,12,moderate,low
a08338b44f7708b19fd1f8bb6ef8842b1473b9b189e97f264cb66f7e87caa68c__transit,a08338b44f7708b19fd1f8bb6ef8842b1473b9b189e97f264cb66f7e87caa68c,transit,vllm,casperhansen/llama-3.3-70b-instruct-awq,"{   ""self_reported_group_ca"": 18,   ""self_reported_interpersonal_ca"": 12,   ""self_reported_band_group"": ""moderate"",   ""self_reported_band_interpersonal"": ""low"" }",,18,12,moderate,low
a08338b44f7708b19fd1f8bb6ef8842b1473b9b189e97f264cb66f7e87caa68c__full,a08338b44f7708b19fd1f8bb6ef8842b1473b9b189e97f264cb66f7e87caa68c,full,vllm,casperhansen/llama-3.3-70b-instruct-awq,"{   ""self_reported_group_ca"": 18,   ""self_reported_interpersonal_ca"": 12,   ""self_reported_band_group"": ""moderate"",   ""self_reported_band_interpersonal"": ""low"" }",,18,12,moderate,low
a08338b44f7708b19fd1f8bb6ef8842b1473b9b189e97f264cb66f7e87caa68c__v3_rideshare,a08338b44f7708b19fd1f8bb6ef8842b1473b9b189e97f264cb66f7e87caa68c,v3_rideshare,vllm,casperhansen/llama-3.3-70b-instruct-awq,"{   ""self_reported_group_ca"": 18,   ""self_reported_interpersonal_ca"": 12,   ""self_reported_band_group"": ""moderate"",   ""self_reported_band_interpersonal"": ""low"" }",,18,12,moderate,low
a08338b44f7708b19fd1f8bb6ef8842b1473b9b189e97f264cb66f7e87caa68c__v3_public_transit,a08338b44f7708b19fd1f8bb6ef8842b1473b9b189e97f264cb66f7e87caa68c,v3_public_transit,vllm,casperhansen/llama-3.3-70b-instruct-awq,"{   ""self_reported_group_ca"": 18,   ""self_reported_interpersonal_ca"": 12,   ""self_reported_band_group"": ""moderate"",   ""self_reported_band_interpersonal"": ""low"" }",,18,12,moderate,low
a08338b44f7708b19fd1f8bb6ef8842b1473b9b189e97f264cb66f7e87caa68c__v3_voice,a08338b44f7708b19fd1f8bb6ef8842b1473b9b189e97f264cb66f7e87caa68c,v3_voice,vllm,casperhansen/llama-3.3-70b-instruct-awq,"{   ""self_reported_group_ca"": 18,   ""self_reported_interpersonal_ca"": 12,   ""self_reported_band_group"": ""moderate"",   ""self_reported_band_interpersonal"": ""low"" }",,18,12,moderate,low
5b283a19c4dc3709e8dcd905f86fb60ecbfaeba073a36fd5a513e96bdc840449__demos,5b283a19c4dc3709e8dcd905f86fb60ecbfaeba073a36fd5a513e96bdc840449,demos,vllm,casperhansen/llama-3.3-70b-instruct-awq,"{   ""self_reported_group_ca"": 18,   ""self_reported_interpersonal_ca"": 12,   ""self_reported_band_group"": ""moderate"",   ""self_reported_band_interpersonal"": ""low"" }",,18,12,moderate,low
5b283a19c4dc3709e8dcd905f86fb60ecbfaeba073a36fd5a513e96bdc840449__employment,5b283a19c4dc3709e8dcd905f86fb60ecbfaeba073a36fd5a513e96bdc840449,employment,vllm,casperhansen/llama-3.3-70b-instruct-awq,"{   ""self_reported_group_ca"": 18,   ""self_reported_interpersonal_ca"": 12,   ""self_reported_band_group"": ""moderate"",   ""self_reported_band_interpersonal"": ""low"" }",,18,12,moderate,low
5b283a19c4dc3709e8dcd905f86fb60ecbfaeba073a36fd5a513e96bdc840449__geo,5b283a19c4dc3709e8dcd905f86fb60ecbfaeba073a36fd5a513e96bdc840449,geo,vllm,casperhansen/llama-3.3-70b-instruct-awq,"{   ""self_reported_group_ca"": 18,   ""self_reported_interpersonal_ca"": 12,   ""self_reported_band_group"": ""moderate"",   ""self_reported_band_interpersonal"": ""low"" }",,18,12,moderate,low
5b283a19c4dc3709e8dcd905f86fb60ecbfaeba073a36fd5a513e96bdc840449__transit,5b283a19c4dc3709e8dcd905f86fb60ecbfaeba073a36fd5a513e96bdc840449,transit,vllm,casperhansen/llama-3.3-70b-instruct-awq,"{   ""self_reported_group_ca"": 18,   ""self_reported_interpersonal_ca"": 12,   ""self_reported_band_group"": ""moderate"",   ""self_reported_band_interpersonal"": ""low"" }",,18,12,moderate,low
5b283a19c4dc3709e8dcd905f86fb60ecbfaeba073a36fd5a513e96bdc840449__full,5b283a19c4dc3709e8dcd905f86fb60ecbfaeba073a36fd5a513e96bdc840449,full,vllm,casperhansen/llama-3.3-70b-instruct-awq,"{   ""self_reported_group_ca"": 18,   ""self_reported_interpersonal_ca"": 12,   ""self_reported_band_group"": ""moderate"",   ""self_reported_band_interpersonal"": ""low"" }",,18,12,moderate,low
5b283a19c4dc3709e8dcd905f86fb60ecbfaeba073a36fd5a513e96bdc840449__v3_rideshare,5b283a19c4dc3709e8dcd905f86fb60ecbfaeba073a36fd5a513e96bdc840449,v3_rideshare,vllm,casperhansen/llama-3.3-70b-instruct-awq,"{   ""self_reported_group_ca"": 18,   ""self_reported_interpersonal_ca"": 12,   ""self_reported_band_group"": ""moderate"",   ""self_reported_band_interpersonal"": ""low"" }",,18,12,moderate,low
5b283a19c4dc3709e8dcd905f86fb60ecbfaeba073a36fd5a513e96bdc840449__v3_public_transit,5b283a19c4dc3709e8dcd905f86fb60ecbfaeba073a36fd5a513e96bdc840449,v3_public_transit,vllm,casperhansen/llama-3.3-70b-instruct-awq,"{   ""self_reported_group_ca"": 18,   ""self_reported_interpersonal_ca"": 12,   ""self_reported_band_group"": ""moderate"",   ""self_reported_band_interpersonal"": ""low"" }",,18,12,moderate,low
5b283a19c4dc3709e8dcd905f86fb60ecbfaeba073a36fd5a513e96bdc840449__v3_voice,5b283a19c4dc3709e8dcd905f86fb60ecbfaeba073a36fd5a513e96bdc840449,v3_voice,vllm,casperhansen/llama-3.3-70b-instruct-awq,"{   ""self_reported_group_ca"": 18,   ""self_reported_interpersonal_ca"": 12,   ""self_reported_band_group"": ""moderate"",   ""self_reported_band_interpersonal"": ""low"" }",,18,12,moderate,low
fb7b411a0e83ac6fb85bf20c0e62e0f4d1942343126a2d697631c6c3f394df98__demos,fb7b411a0e83ac6fb85bf20c0e62e0f4d1942343126a2d697631c6c3f394df98,demos,vllm,casperhansen/llama-3.3-70b-instruct-awq,"{   ""self_reported_group_ca"": 18,   ""self_reported_interpersonal_ca"": 12,   ""self_reported_band_group"": ""moderate"",   ""self_reported_band_interpersonal"": ""low"" }",,18,12,moderate,low
fb7b411a0e83ac6fb85bf20c0e62e0f4d1942343126a2d697631c6c3f394df98__employment,fb7b411a0e83ac6fb85bf20c0e62e0f4d1942343126a2d697631c6c3f394df98,employment,vllm,casperhansen/llama-3.3-70b-instruct-awq,"{   ""self_reported_group_ca"": 18,   ""self_reported_interpersonal_ca"": 12,   ""self_reported_band_group"": ""moderate"",   ""self_reported_band_interpersonal"": ""low"" }",,18,12,moderate,low
fb7b411a0e83ac6fb85bf20c0e62e0f4d1942343126a2d697631c6c3f394df98__geo,fb7b411a0e83ac6fb85bf20c0e62e0f4d1942343126a2d697631c6c3f394df98,geo,vllm,casperhansen/llama-3.3-70b-instruct-awq,"{   ""self_reported_group_ca"": 18,   ""self_reported_interpersonal_ca"": 12,   ""self_reported_band_group"": ""moderate"",   ""self_reported_band_interpersonal"": ""low"" }",,18,12,moderate,low
fb7b411a0e83ac6fb85bf20c0e62e0f4d1942343126a2d697631c6c3f394df98__transit,fb7b411a0e83ac6fb85bf20c0e62e0f4d1942343126a2d697631c6c3f394df98,transit,vllm,casperhansen/llama-3.3-70b-instruct-awq,"{   ""self_reported_group_ca"": 18,   ""self_reported_interpersonal_ca"": 12,   ""self_reported_band_group"": ""moderate"",   ""self_reported_band_interpersonal"": ""low"" }",,18,12,moderate,low
fb7b411a0e83ac6fb85bf20c0e62e0f4d1942343126a2d697631c6c3f394df98__full,fb7b411a0e83ac6fb85bf20c0e62e0f4d1942343126a2d697631c6c3f394df98,full,vllm,casperhansen/llama-3.3-70b-instruct-awq,"{   ""self_reported_group_ca"": 18,   ""self_reported_interpersonal_ca"": 12,   ""self_reported_band_group"": ""moderate"",   ""self_reported_band_interpersonal"": ""low"" }",,18,12,moderate,low
fb7b411a0e83ac6fb85bf20c0e62e0f4d1942343126a2d697631c6c3f394df98__v3_rideshare,fb7b411a0e83ac6fb85bf20c0e62e0f4d1942343126a2d697631c6c3f394df98,v3_rideshare,vllm,casperhansen/llama-3.3-70b-instruct-awq,"{   ""self_reported_group_ca"": 18,   ""self_reported_interpersonal_ca"": 12,   ""self_reported_band_group"": ""moderate"",   ""self_reported_band_interpersonal"": ""low"" }",,18,12,moderate,low
fb7b411a0e83ac6fb85bf20c0e62e0f4d1942343126a2d697631c6c3f394df98__v3_public_transit,fb7b411a0e83ac6fb85bf20c0e62e0f4d1942343126a2d697631c6c3f394df98,v3_public_transit,vllm,casperhansen/llama-3.3-70b-instruct-awq,"{   ""self_reported_group_ca"": 18,   ""self_reported_interpersonal_ca"": 12,   ""self_reported_band_group"": ""moderate"",   ""self_reported_band_interpersonal"": ""low"" }",,18,12,moderate,low
fb7b411a0e83ac6fb85bf20c0e62e0f4d1942343126a2d697631c6c3f394df98__v3_voice,fb7b411a0e83ac6fb85bf20c0e62e0f4d1942343126a2d697631c6c3f394df98,v3_voice,vllm,casperhansen/llama-3.3-70b-instruct-awq,"{   ""self_reported_group_ca"": 18,   ""self_reported_interpersonal_ca"": 12,   ""self_reported_band_group"": ""moderate"",   ""self_reported_band_interpersonal"": ""low"" }",,18,12,moderate,low
706d491160251e65c2e6100abb167a5ea5e5164111af26d27502e02e1ebad036__demos,706d491160251e65c2e6100abb167a5ea5e5164111af26d27502e02e1ebad036,demos,vllm,casperhansen/llama-3.3-70b-instruct-awq,"{   ""self_reported_group_ca"": 18,   ""self_reported_interpersonal_ca"": 12,   ""self_reported_band_group"": ""moderate"",   ""self_reported_band_interpersonal"": ""low"" }",,18,12,moderate,low
706d491160251e65c2e6100abb167a5ea5e5164111af26d27502e02e1ebad036__employment,706d491160251e65c2e6100abb167a5ea5e5164111af26d27502e02e1ebad036,employment,vllm,casperhansen/llama-3.3-70b-instruct-awq,"{   ""self_reported_group_ca"": 18,   ""self_reported_interpersonal_ca"": 12,   ""self_reported_band_group"": ""moderate"",   ""self_reported_band_interpersonal"": ""low"" }",,18,12,moderate,low
706d491160251e65c2e6100abb167a5ea5e5164111af26d27502e02e1ebad036__geo,706d491160251e65c2e6100abb167a5ea5e5164111af26d27502e02e1ebad036,geo,vllm,casperhansen/llama-3.3-70b-instruct-awq,"{   ""self_reported_group_ca"": 18,   ""self_reported_interpersonal_ca"": 12,   ""self_reported_band_group"": ""moderate"",   ""self_reported_band_interpersonal"": ""low"" }",,18,12,moderate,low
706d491160251e65c2e6100abb167a5ea5e5164111af26d27502e02e1ebad036__transit,706d491160251e65c2e6100abb167a5ea5e5164111af26d27502e02e1ebad036,transit,vllm,casperhansen/llama-3.3-70b-instruct-awq,"{   ""self_reported_group_ca"": 18,   ""self_reported_interpersonal_ca"": 12,   ""self_reported_band_group"": ""moderate"",   ""self_reported_band_interpersonal"": ""low"" }",,18,12,moderate,low
706d491160251e65c2e6100abb167a5ea5e5164111af26d27502e02e1ebad036__full,706d491160251e65c2e6100abb167a5ea5e5164111af26d27502e02e1ebad036,full,vllm,casperhansen/llama-3.3-70b-instruct-awq,"{   ""self_reported_group_ca"": 18,   ""self_reported_interpersonal_ca"": 12,   ""self_reported_band_group"": ""moderate"",   ""self_reported_band_interpersonal"": ""low"" }",,18,12,moderate,low
706d491160251e65c2e6100abb167a5ea5e5164111af26d27502e02e1ebad036__v3_rideshare,706d491160251e65c2e6100abb167a5ea5e5164111af26d27502e02e1ebad036,v3_rideshare,vllm,casperhansen/llama-3.3-70b-instruct-awq,"{   ""self_reported_group_ca"": 18,   ""self_reported_interpersonal_ca"": 12,   ""self_reported_band_group"": ""moderate"",   ""self_reported_band_interpersonal"": ""low"" }",,18,12,moderate,low
706d491160251e65c2e6100abb167a5ea5e5164111af26d27502e02e1ebad036__v3_public_transit,706d491160251e65c2e6100abb167a5ea5e5164111af26d27502e02e1ebad036,v3_public_transit,vllm,casperhansen/llama-3.3-70b-instruct-awq,"{   ""self_reported_group_ca"": 18,   ""self_reported_interpersonal_ca"": 12,   ""self_reported_band_group"": ""moderate"",   ""self_reported_band_interpersonal"": ""low"" }",,18,12,moderate,low
706d491160251e65c2e6100abb167a5ea5e5164111af26d27502e02e1ebad036__v3_voice,706d491160251e65c2e6100abb167a5ea5e5164111af26d27502e02e1ebad036,v3_voice,vllm,casperhansen/llama-3.3-70b-instruct-awq,"{   ""self_reported_group_ca"": 18,   ""self_reported_interpersonal_ca"": 12,   ""self_reported_band_group"": ""moderate"",   ""self_reported_band_interpersonal"": ""low"" }",,18,12,moderate,low
2bc2ff887a983471845d3d81ac8964e332a97099ecae176666c0ee714e2e35a6__demos,2bc2ff887a983471845d3d81ac8964e332a97099ecae176666c0ee714e2e35a6,demos,vllm,casperhansen/llama-3.3-70b-instruct-awq,"{   ""self_reported_group_ca"": 18,   ""self_reported_interpersonal_ca"": 12,   ""self_reported_band_group"": ""moderate"",   ""self_reported_band_interpersonal"": ""low"" }",,18,12,moderate,low
2bc2ff887a983471845d3d81ac8964e332a97099ecae176666c0ee714e2e35a6__employment,2bc2ff887a983471845d3d81ac8964e332a97099ecae176666c0ee714e2e35a6,employment,vllm,casperhansen/llama-3.3-70b-instruct-awq,"{   ""self_reported_group_ca"": 18,   ""self_reported_interpersonal_ca"": 12,   ""self_reported_band_group"": ""moderate"",   ""self_reported_band_interpersonal"": ""low"" }",,18,12,moderate,low
2bc2ff887a983471845d3d81ac8964e332a97099ecae176666c0ee714e2e35a6__geo,2bc2ff887a983471845d3d81ac8964e332a97099ecae176666c0ee714e2e35a6,geo,vllm,casperhansen/llama-3.3-70b-instruct-awq,"{   ""self_reported_group_ca"": 18,   ""self_reported_interpersonal_ca"": 12,   ""self_reported_band_group"": ""moderate"",   ""self_reported_band_interpersonal"": ""low"" }",,18,12,moderate,low
2bc2ff887a983471845d3d81ac8964e332a97099ecae176666c0ee714e2e35a6__transit,2bc2ff887a983471845d3d81ac8964e332a97099ecae176666c0ee714e2e35a6,transit,vllm,casperhansen/llama-3.3-70b-instruct-awq,"{   ""self_reported_group_ca"": 18,   ""self_reported_interpersonal_ca"": 12,   ""self_reported_band_group"": ""moderate"",   ""self_reported_band_interpersonal"": ""low"" }",,18,12,moderate,low
2bc2ff887a983471845d3d81ac8964e332a97099ecae176666c0ee714e2e35a6__full,2bc2ff887a983471845d3d81ac8964e332a97099ecae176666c0ee714e2e35a6,full,vllm,casperhansen/llama-3.3-70b-instruct-awq,"{   ""self_reported_group_ca"": 18,   ""self_reported_interpersonal_ca"": 12,   ""self_reported_band_group"": ""moderate"",   ""self_reported_band_interpersonal"": ""low"" }",,18,12,moderate,low
2bc2ff887a983471845d3d81ac8964e332a97099ecae176666c0ee714e2e35a6__v3_rideshare,2bc2ff887a983471845d3d81ac8964e332a97099ecae176666c0ee714e2e35a6,v3_rideshare,vllm,casperhansen/llama-3.3-70b-instruct-awq,"{   ""self_reported_group_ca"": 18,   ""self_reported_interpersonal_ca"": 12,   ""self_reported_band_group"": ""moderate"",   ""self_reported_band_interpersonal"": ""low"" }",,18,12,moderate,low
2bc2ff887a983471845d3d81ac8964e332a97099ecae176666c0ee714e2e35a6__v3_public_transit,2bc2ff887a983471845d3d81ac8964e332a97099ecae176666c0ee714e2e35a6,v3_public_transit,vllm,casperhansen/llama-3.3-70b-instruct-awq,"{   ""self_reported_group_ca"": 18,   ""self_reported_interpersonal_ca"": 12,   ""self_reported_band_group"": ""moderate"",   ""self_reported_band_interpersonal"": ""low"" }",,18,12,moderate,low
2bc2ff887a983471845d3d81ac8964e332a97099ecae176666c0ee714e2e35a6__v3_voice,2bc2ff887a983471845d3d81ac8964e332a97099ecae176666c0ee714e2e35a6,v3_voice,vllm,casperhansen/llama-3.3-70b-instruct-awq,"{   ""self_reported_group_ca"": 18,   ""self_reported_interpersonal_ca"": 12,   ""self_reported_band_group"": ""moderate"",   ""self_reported_band_interpersonal"": ""low"" }",,18,12,moderate,low
96c3fb9271fa667eb5ace8a2b2082e34ec0fbfd6b738717ccb3a8ca47a760a1d__demos,96c3fb9271fa667eb5ace8a2b2082e34ec0fbfd6b738717ccb3a8ca47a760a1d,demos,vllm,casperhansen/llama-3.3-70b-instruct-awq,"{   ""self_reported_group_ca"": 18,   ""self_reported_interpersonal_ca"": 12,   ""self_reported_band_group"": ""moderate"",   ""self_reported_band_interpersonal"": ""low"" }",,18,12,moderate,low
96c3fb9271fa667eb5ace8a2b2082e34ec0fbfd6b738717ccb3a8ca47a760a1d__employment,96c3fb9271fa667eb5ace8a2b2082e34ec0fbfd6b738717ccb3a8ca47a760a1d,employment,vllm,casperhansen/llama-3.3-70b-instruct-awq,"{   ""self_reported_group_ca"": 18,   ""self_reported_interpersonal_ca"": 12,   ""self_reported_band_group"": ""moderate"",   ""self_reported_band_interpersonal"": ""low"" }",,18,12,moderate,low
96c3fb9271fa667eb5ace8a2b2082e34ec0fbfd6b738717ccb3a8ca47a760a1d__geo,96c3fb9271fa667eb5ace8a2b2082e34ec0fbfd6b738717ccb3a8ca47a760a1d,geo,vllm,casperhansen/llama-3.3-70b-instruct-awq,"{   ""self_reported_group_ca"": 18,   ""self_reported_interpersonal_ca"": 12,   ""self_reported_band_group"": ""moderate"",   ""self_reported_band_interpersonal"": ""low"" }",,18,12,moderate,low
96c3fb9271fa667eb5ace8a2b2082e34ec0fbfd6b738717ccb3a8ca47a760a1d__transit,96c3fb9271fa667eb5ace8a2b2082e34ec0fbfd6b738717ccb3a8ca47a760a1d,transit,vllm,casperhansen/llama-3.3-70b-instruct-awq,"{   ""self_reported_group_ca"": 18,   ""self_reported_interpersonal_ca"": 12,   ""self_reported_band_group"": ""moderate"",   ""self_reported_band_interpersonal"": ""low"" }",,18,12,moderate,low
96c3fb9271fa667eb5ace8a2b2082e34ec0fbfd6b738717ccb3a8ca47a760a1d__full,96c3fb9271fa667eb5ace8a2b2082e34ec0fbfd6b738717ccb3a8ca47a760a1d,full,vllm,casperhansen/llama-3.3-70b-instruct-awq,"{   ""self_reported_group_ca"": 18,   ""self_reported_interpersonal_ca"": 12,   ""self_reported_band_group"": ""moderate"",   ""self_reported_band_interpersonal"": ""low"" }",,18,12,moderate,low
96c3fb9271fa667eb5ace8a2b2082e34ec0fbfd6b738717ccb3a8ca47a760a1d__v3_rideshare,96c3fb9271fa667eb5ace8a2b2082e34ec0fbfd6b738717ccb3a8ca47a760a1d,v3_rideshare,vllm,casperhansen/llama-3.3-70b-instruct-awq,"{   ""self_reported_group_ca"": 18,   ""self_reported_interpersonal_ca"": 12,   ""self_reported_band_group"": ""moderate"",   ""self_reported_band_interpersonal"": ""low"" }",,18,12,moderate,low
96c3fb9271fa667eb5ace8a2b2082e34ec0fbfd6b738717ccb3a8ca47a760a1d__v3_public_transit,96c3fb9271fa667eb5ace8a2b2082e34ec0fbfd6b738717ccb3a8ca47a760a1d,v3_public_transit,vllm,casperhansen/llama-3.3-70b-instruct-awq,"{   ""self_reported_group_ca"": 18,   ""self_reported_interpersonal_ca"": 12,   ""self_reported_band_group"": ""moderate"",   ""self_reported_band_interpersonal"": ""low"" }",,18,12,moderate,low
96c3fb9271fa667eb5ace8a2b2082e34ec0fbfd6b738717ccb3a8ca47a760a1d__v3_voice,96c3fb9271fa667eb5ace8a2b2082e34ec0fbfd6b738717ccb3a8ca47a760a1d,v3_voice,vllm,casperhansen/llama-3.3-70b-instruct-awq,"{   ""self_reported_group_ca"": 16,   ""self_reported_interpersonal_ca"": 10,   ""self_reported_band_group"": ""moderate"",   ""self_reported_band_interpersonal"": ""low"" }",,16,10,moderate,low
247752584b0f1056a1252063ca44aec54c1542e029709ec4d018d3b509f2abe0__demos,247752584b0f1056a1252063ca44aec54c1542e029709ec4d018d3b509f2abe0,demos,vllm,casperhansen/llama-3.3-70b-instruct-awq,"{   ""self_reported_group_ca"": 18,   ""self_reported_interpersonal_ca"": 12,   ""self_reported_band_group"": ""moderate"",   ""self_reported_band_interpersonal"": ""low"" }",,18,12,moderate,low
247752584b0f1056a1252063ca44aec54c1542e029709ec4d018d3b509f2abe0__employment,247752584b0f1056a1252063ca44aec54c1542e029709ec4d018d3b509f2abe0,employment,vllm,casperhansen/llama-3.3-70b-instruct-awq,"{   ""self_reported_group_ca"": 18,   ""self_reported_interpersonal_ca"": 12,   ""self_reported_band_group"": ""moderate"",   ""self_reported_band_interpersonal"": ""low"" }",,18,12,moderate,low
247752584b0f1056a1252063ca44aec54c1542e029709ec4d018d3b509f2abe0__geo,247752584b0f1056a1252063ca44aec54c1542e029709ec4d018d3b509f2abe0,geo,vllm,casperhansen/llama-3.3-70b-instruct-awq,"{   ""self_reported_group_ca"": 18,   ""self_reported_interpersonal_ca"": 12,   ""self_reported_band_group"": ""moderate"",   ""self_reported_band_interpersonal"": ""low"" }",,18,12,moderate,low
247752584b0f1056a1252063ca44aec54c1542e029709ec4d018d3b509f2abe0__transit,247752584b0f1056a1252063ca44aec54c1542e029709ec4d018d3b509f2abe0,transit,vllm,casperhansen/llama-3.3-70b-instruct-awq,"{   ""self_reported_group_ca"": 18,   ""self_reported_interpersonal_ca"": 12,   ""self_reported_band_group"": ""moderate"",   ""self_reported_band_interpersonal"": ""low"" }",,18,12,moderate,low
247752584b0f1056a1252063ca44aec54c1542e029709ec4d018d3b509f2abe0__full,247752584b0f1056a1252063ca44aec54c1542e029709ec4d018d3b509f2abe0,full,vllm,casperhansen/llama-3.3-70b-instruct-awq,"{   ""self_reported_group_ca"": 18,   ""self_reported_interpersonal_ca"": 12,   ""self_reported_band_group"": ""moderate"",   ""self_reported_band_interpersonal"": ""low"" }",,18,12,moderate,low
247752584b0f1056a1252063ca44aec54c1542e029709ec4d018d3b509f2abe0__v3_rideshare,247752584b0f1056a1252063ca44aec54c1542e029709ec4d018d3b509f2abe0,v3_rideshare,vllm,casperhansen/llama-3.3-70b-instruct-awq,"{   ""self_reported_group_ca"": 18,   ""self_reported_interpersonal_ca"": 12,   ""self_reported_band_group"": ""moderate"",   ""self_reported_band_interpersonal"": ""low"" }",,18,12,moderate,low
247752584b0f1056a1252063ca44aec54c1542e029709ec4d018d3b509f2abe0__v3_public_transit,247752584b0f1056a1252063ca44aec54c1542e029709ec4d018d3b509f2abe0,v3_public_transit,vllm,casperhansen/llama-3.3-70b-instruct-awq,"{   ""self_reported_group_ca"": 18,   ""self_reported_interpersonal_ca"": 12,   ""self_reported_band_group"": ""moderate"",   ""self_reported_band_interpersonal"": ""low"" }",,18,12,moderate,low
247752584b0f1056a1252063ca44aec54c1542e029709ec4d018d3b509f2abe0__v3_voice,247752584b0f1056a1252063ca44aec54c1542e029709ec4d018d3b509f2abe0,v3_voice,vllm,casperhansen/llama-3.3-70b-instruct-awq,"{   ""self_reported_group_ca"": 18,   ""self_reported_interpersonal_ca"": 12,   ""self_reported_band_group"": ""moderate"",   ""self_reported_band_interpersonal"": ""low"" }",,18,12,moderate,low
492e95559cabe4d9449360b650f08bafb7a10486536308ce7d5bd5057e8d206c__demos,492e95559cabe4d9449360b650f08bafb7a10486536308ce7d5bd5057e8d206c,demos,vllm,casperhansen/llama-3.3-70b-instruct-awq,"{   ""self_reported_group_ca"": 18,   ""self_reported_interpersonal_ca"": 12,   ""self_reported_band_group"": ""moderate"",   ""self_reported_band_interpersonal"": ""low"" }",,18,12,moderate,low
492e95559cabe4d9449360b650f08bafb7a10486536308ce7d5bd5057e8d206c__employment,492e95559cabe4d9449360b650f08bafb7a10486536308ce7d5bd5057e8d206c,employment,vllm,casperhansen/llama-3.3-70b-instruct-awq,"{   ""self_reported_group_ca"": 18,   ""self_reported_interpersonal_ca"": 12,   ""self_reported_band_group"": ""moderate"",   ""self_reported_band_interpersonal"": ""low"" }",,18,12,moderate,low
492e95559cabe4d9449360b650f08bafb7a10486536308ce7d5bd5057e8d206c__geo,492e95559cabe4d9449360b650f08bafb7a10486536308ce7d5bd5057e8d206c,geo,vllm,casperhansen/llama-3.3-70b-instruct-awq,"{   ""self_reported_group_ca"": 18,   ""self_reported_interpersonal_ca"": 12,   ""self_reported_band_group"": ""moderate"",   ""self_reported_band_interpersonal"": ""low"" }",,18,12,moderate,low
492e95559cabe4d9449360b650f08bafb7a10486536308ce7d5bd5057e8d206c__transit,492e95559cabe4d9449360b650f08bafb7a10486536308ce7d5bd5057e8d206c,transit,vllm,casperhansen/llama-3.3-70b-instruct-awq,"{   ""self_reported_group_ca"": 18,   ""self_reported_interpersonal_ca"": 12,   ""self_reported_band_group"": ""moderate"",   ""self_reported_band_interpersonal"": ""low"" }",,18,12,moderate,low
492e95559cabe4d9449360b650f08bafb7a10486536308ce7d5bd5057e8d206c__full,492e95559cabe4d9449360b650f08bafb7a10486536308ce7d5bd5057e8d206c,full,vllm,casperhansen/llama-3.3-70b-instruct-awq,"{   ""self_reported_group_ca"": 18,   ""self_reported_interpersonal_ca"": 12,   ""self_reported_band_group"": ""moderate"",   ""self_reported_band_interpersonal"": ""low"" }",,18,12,moderate,low
492e95559cabe4d9449360b650f08bafb7a10486536308ce7d5bd5057e8d206c__v3_rideshare,492e95559cabe4d9449360b650f08bafb7a10486536308ce7d5bd5057e8d206c,v3_rideshare,vllm,casperhansen/llama-3.3-70b-instruct-awq,"{   ""self_reported_group_ca"": 18,   ""self_reported_interpersonal_ca"": 12,   ""self_reported_band_group"": ""moderate"",   ""self_reported_band_interpersonal"": ""low"" }",,18,12,moderate,low
492e95559cabe4d9449360b650f08bafb7a10486536308ce7d5bd5057e8d206c__v3_public_transit,492e95559cabe4d9449360b650f08bafb7a10486536308ce7d5bd5057e8d206c,v3_public_transit,vllm,casperhansen/llama-3.3-70b-instruct-awq,"{   ""self_reported_group_ca"": 18,   ""self_reported_interpersonal_ca"": 12,   ""self_reported_band_group"": ""moderate"",   ""self_reported_band_interpersonal"": ""low"" }",,18,12,moderate,low
492e95559cabe4d9449360b650f08bafb7a10486536308ce7d5bd5057e8d206c__v3_voice,492e95559cabe4d9449360b650f08bafb7a10486536308ce7d5bd5057e8d206c,v3_voice,vllm,casperhansen/llama-3.3-70b-instruct-awq,"{   ""self_reported_group_ca"": 18,   ""self_reported_interpersonal_ca"": 12,   ""self_reported_band_group"": ""moderate"",   ""self_reported_band_interpersonal"": ""low"" }",,18,12,moderate,low
f5a66297007dc67c8321d56e0778fd9da5683c56fce8d5f619c6d0504fd77540__demos,f5a66297007dc67c8321d56e0778fd9da5683c56fce8d5f619c6d0504fd77540,demos,vllm,casperhansen/llama-3.3-70b-instruct-awq,"{   ""self_reported_group_ca"": 18,   ""self_reported_interpersonal_ca"": 12,   ""self_reported_band_group"": ""moderate"",   ""self_reported_band_interpersonal"": ""low"" }",,18,12,moderate,low
f5a66297007dc67c8321d56e0778fd9da5683c56fce8d5f619c6d0504fd77540__employment,f5a66297007dc67c8321d56e0778fd9da5683c56fce8d5f619c6d0504fd77540,employment,vllm,casperhansen/llama-3.3-70b-instruct-awq,"{   ""self_reported_group_ca"": 18,   ""self_reported_interpersonal_ca"": 12,   ""self_reported_band_group"": ""moderate"",   ""self_reported_band_interpersonal"": ""low"" }",,18,12,moderate,low
f5a66297007dc67c8321d56e0778fd9da5683c56fce8d5f619c6d0504fd77540__geo,f5a66297007dc67c8321d56e0778fd9da5683c56fce8d5f619c6d0504fd77540,geo,vllm,casperhansen/llama-3.3-70b-instruct-awq,"{   ""self_reported_group_ca"": 18,   ""self_reported_interpersonal_ca"": 12,   ""self_reported_band_group"": ""moderate"",   ""self_reported_band_interpersonal"": ""low"" }",,18,12,moderate,low
f5a66297007dc67c8321d56e0778fd9da5683c56fce8d5f619c6d0504fd77540__transit,f5a66297007dc67c8321d56e0778fd9da5683c56fce8d5f619c6d0504fd77540,transit,vllm,casperhansen/llama-3.3-70b-instruct-awq,"{   ""self_reported_group_ca"": 18,   ""self_reported_interpersonal_ca"": 12,   ""self_reported_band_group"": ""moderate"",   ""self_reported_band_interpersonal"": ""low"" }",,18,12,moderate,low
f5a66297007dc67c8321d56e0778fd9da5683c56fce8d5f619c6d0504fd77540__full,f5a66297007dc67c8321d56e0778fd9da5683c56fce8d5f619c6d0504fd77540,full,vllm,casperhansen/llama-3.3-70b-instruct-awq,"{   ""self_reported_group_ca"": 18,   ""self_reported_interpersonal_ca"": 12,   ""self_reported_band_group"": ""moderate"",   ""self_reported_band_interpersonal"": ""low"" }",,18,12,moderate,low
f5a66297007dc67c8321d56e0778fd9da5683c56fce8d5f619c6d0504fd77540__v3_rideshare,f5a66297007dc67c8321d56e0778fd9da5683c56fce8d5f619c6d0504fd77540,v3_rideshare,vllm,casperhansen/llama-3.3-70b-instruct-awq,"{   ""self_reported_group_ca"": 18,   ""self_reported_interpersonal_ca"": 12,   ""self_reported_band_group"": ""moderate"",   ""self_reported_band_interpersonal"": ""low"" }",,18,12,moderate,low
f5a66297007dc67c8321d56e0778fd9da5683c56fce8d5f619c6d0504fd77540__v3_public_transit,f5a66297007dc67c8321d56e0778fd9da5683c56fce8d5f619c6d0504fd77540,v3_public_transit,vllm,casperhansen/llama-3.3-70b-instruct-awq,"{   ""self_reported_group_ca"": 18,   ""self_reported_interpersonal_ca"": 12,   ""self_reported_band_group"": ""moderate"",   ""self_reported_band_interpersonal"": ""low"" }",,18,12,moderate,low
f5a66297007dc67c8321d56e0778fd9da5683c56fce8d5f619c6d0504fd77540__v3_voice,f5a66297007dc67c8321d56e0778fd9da5683c56fce8d5f619c6d0504fd77540,v3_voice,vllm,casperhansen/llama-3.3-70b-instruct-awq,"{   ""self_reported_group_ca"": 18,   ""self_reported_interpersonal_ca"": 12,   ""self_reported_band_group"": ""moderate"",   ""self_reported_band_interpersonal"": ""low"" }",,18,12,moderate,low
21e912ebf7857c343510fd53b5c3fbf79f5ce4b4804d22d7525d783be87a0cec__demos,21e912ebf7857c343510fd53b5c3fbf79f5ce4b4804d22d7525d783be87a0cec,demos,vllm,casperhansen/llama-3.3-70b-instruct-awq,"{   ""self_reported_group_ca"": 18,   ""self_reported_interpersonal_ca"": 12,   ""self_reported_band_group"": ""moderate"",   ""self_reported_band_interpersonal"": ""low"" }",,18,12,moderate,low
21e912ebf7857c343510fd53b5c3fbf79f5ce4b4804d22d7525d783be87a0cec__employment,21e912ebf7857c343510fd53b5c3fbf79f5ce4b4804d22d7525d783be87a0cec,employment,vllm,casperhansen/llama-3.3-70b-instruct-awq,"{   ""self_reported_group_ca"": 18,   ""self_reported_interpersonal_ca"": 12,   ""self_reported_band_group"": ""moderate"",   ""self_reported_band_interpersonal"": ""low"" }",,18,12,moderate,low
21e912ebf7857c343510fd53b5c3fbf79f5ce4b4804d22d7525d783be87a0cec__geo,21e912ebf7857c343510fd53b5c3fbf79f5ce4b4804d22d7525d783be87a0cec,geo,vllm,casperhansen/llama-3.3-70b-instruct-awq,"{   ""self_reported_group_ca"": 18,   ""self_reported_interpersonal_ca"": 12,   ""self_reported_band_group"": ""moderate"",   ""self_reported_band_interpersonal"": ""low"" }",,18,12,moderate,low
21e912ebf7857c343510fd53b5c3fbf79f5ce4b4804d22d7525d783be87a0cec__transit,21e912ebf7857c343510fd53b5c3fbf79f5ce4b4804d22d7525d783be87a0cec,transit,vllm,casperhansen/llama-3.3-70b-instruct-awq,"{   ""self_reported_group_ca"": 18,   ""self_reported_interpersonal_ca"": 12,   ""self_reported_band_group"": ""moderate"",   ""self_reported_band_interpersonal"": ""low"" }",,18,12,moderate,low
21e912ebf7857c343510fd53b5c3fbf79f5ce4b4804d22d7525d783be87a0cec__full,21e912ebf7857c343510fd53b5c3fbf79f5ce4b4804d22d7525d783be87a0cec,full,vllm,casperhansen/llama-3.3-70b-instruct-awq,"{   ""self_reported_group_ca"": 18,   ""self_reported_interpersonal_ca"": 12,   ""self_reported_band_group"": ""moderate"",   ""self_reported_band_interpersonal"": ""low"" }",,18,12,moderate,low
21e912ebf7857c343510fd53b5c3fbf79f5ce4b4804d22d7525d783be87a0cec__v3_rideshare,21e912ebf7857c343510fd53b5c3fbf79f5ce4b4804d22d7525d783be87a0cec,v3_rideshare,vllm,casperhansen/llama-3.3-70b-instruct-awq,"{   ""self_reported_group_ca"": 18,   ""self_reported_interpersonal_ca"": 12,   ""self_reported_band_group"": ""moderate"",   ""self_reported_band_interpersonal"": ""low"" }",,18,12,moderate,low
21e912ebf7857c343510fd53b5c3fbf79f5ce4b4804d22d7525d783be87a0cec__v3_public_transit,21e912ebf7857c343510fd53b5c3fbf79f5ce4b4804d22d7525d783be87a0cec,v3_public_transit,vllm,casperhansen/llama-3.3-70b-instruct-awq,"{   ""self_reported_group_ca"": 18,   ""self_reported_interpersonal_ca"": 12,   ""self_reported_band_group"": ""moderate"",   ""self_reported_band_interpersonal"": ""low"" }",,18,12,moderate,low
21e912ebf7857c343510fd53b5c3fbf79f5ce4b4804d22d7525d783be87a0cec__v3_voice,21e912ebf7857c343510fd53b5c3fbf79f5ce4b4804d22d7525d783be87a0cec,v3_voice,vllm,casperhansen/llama-3.3-70b-instruct-awq,"{   ""self_reported_group_ca"": 18,   ""self_reported_interpersonal_ca"": 12,   ""self_reported_band_group"": ""moderate"",   ""self_reported_band_interpersonal"": ""low"" }",,18,12,moderate,low
3eebe5b3376e12915fe73703356e0637dadaaac3df3ff282b440816b09209668__demos,3eebe5b3376e12915fe73703356e0637dadaaac3df3ff282b440816b09209668,demos,vllm,casperhansen/llama-3.3-70b-instruct-awq,"{   ""self_reported_group_ca"": 18,   ""self_reported_interpersonal_ca"": 12,   ""self_reported_band_group"": ""moderate"",   ""self_reported_band_interpersonal"": ""low"" }",,18,12,moderate,low
3eebe5b3376e12915fe73703356e0637dadaaac3df3ff282b440816b09209668__employment,3eebe5b3376e12915fe73703356e0637dadaaac3df3ff282b440816b09209668,employment,vllm,casperhansen/llama-3.3-70b-instruct-awq,"{   ""self_reported_group_ca"": 18,   ""self_reported_interpersonal_ca"": 12,   ""self_reported_band_group"": ""moderate"",   ""self_reported_band_interpersonal"": ""low"" }",,18,12,moderate,low
3eebe5b3376e12915fe73703356e0637dadaaac3df3ff282b440816b09209668__geo,3eebe5b3376e12915fe73703356e0637dadaaac3df3ff282b440816b09209668,geo,vllm,casperhansen/llama-3.3-70b-instruct-awq,"{   ""self_reported_group_ca"": 18,   ""self_reported_interpersonal_ca"": 12,   ""self_reported_band_group"": ""moderate"",   ""self_reported_band_interpersonal"": ""low"" }",,18,12,moderate,low
3eebe5b3376e12915fe73703356e0637dadaaac3df3ff282b440816b09209668__transit,3eebe5b3376e12915fe73703356e0637dadaaac3df3ff282b440816b09209668,transit,vllm,casperhansen/llama-3.3-70b-instruct-awq,"{   ""self_reported_group_ca"": 18,   ""self_reported_interpersonal_ca"": 12,   ""self_reported_band_group"": ""moderate"",   ""self_reported_band_interpersonal"": ""low"" }",,18,12,moderate,low
3eebe5b3376e12915fe73703356e0637dadaaac3df3ff282b440816b09209668__full,3eebe5b3376e12915fe73703356e0637dadaaac3df3ff282b440816b09209668,full,vllm,casperhansen/llama-3.3-70b-instruct-awq,"{   ""self_reported_group_ca"": 18,   ""self_reported_interpersonal_ca"": 12,   ""self_reported_band_group"": ""moderate"",   ""self_reported_band_interpersonal"": ""low"" }",,18,12,moderate,low
3eebe5b3376e12915fe73703356e0637dadaaac3df3ff282b440816b09209668__v3_rideshare,3eebe5b3376e12915fe73703356e0637dadaaac3df3ff282b440816b09209668,v3_rideshare,vllm,casperhansen/llama-3.3-70b-instruct-awq,"{   ""self_reported_group_ca"": 18,   ""self_reported_interpersonal_ca"": 12,   ""self_reported_band_group"": ""moderate"",   ""self_reported_band_interpersonal"": ""low"" }",,18,12,moderate,low
3eebe5b3376e12915fe73703356e0637dadaaac3df3ff282b440816b09209668__v3_public_transit,3eebe5b3376e12915fe73703356e0637dadaaac3df3ff282b440816b09209668,v3_public_transit,vllm,casperhansen/llama-3.3-70b-instruct-awq,"{   ""self_reported_group_ca"": 18,   ""self_reported_interpersonal_ca"": 12,   ""self_reported_band_group"": ""moderate"",   ""self_reported_band_interpersonal"": ""low"" }",,18,12,moderate,low
3eebe5b3376e12915fe73703356e0637dadaaac3df3ff282b440816b09209668__v3_voice,3eebe5b3376e12915fe73703356e0637dadaaac3df3ff282b440816b09209668,v3_voice,vllm,casperhansen/llama-3.3-70b-instruct-awq,"{   ""self_reported_group_ca"": 18,   ""self_reported_interpersonal_ca"": 12,   ""self_reported_band_group"": ""moderate"",   ""self_reported_band_interpersonal"": ""low"" }",,18,12,moderate,low
24aec908fc451525c562f3c971195b9b6b62b596a3e9dc18f5531b440898d4ab__demos,24aec908fc451525c562f3c971195b9b6b62b596a3e9dc18f5531b440898d4ab,demos,vllm,casperhansen/llama-3.3-70b-instruct-awq,"{   ""self_reported_group_ca"": 18,   ""self_reported_interpersonal_ca"": 12,   ""self_reported_band_group"": ""moderate"",   ""self_reported_band_interpersonal"": ""low"" }",,18,12,moderate,low
24aec908fc451525c562f3c971195b9b6b62b596a3e9dc18f5531b440898d4ab__employment,24aec908fc451525c562f3c971195b9b6b62b596a3e9dc18f5531b440898d4ab,employment,vllm,casperhansen/llama-3.3-70b-instruct-awq,"{   ""self_reported_group_ca"": 18,   ""self_reported_interpersonal_ca"": 12,   ""self_reported_band_group"": ""moderate"",   ""self_reported_band_interpersonal"": ""low"" }",,18,12,moderate,low
24aec908fc451525c562f3c971195b9b6b62b596a3e9dc18f5531b440898d4ab__geo,24aec908fc451525c562f3c971195b9b6b62b596a3e9dc18f5531b440898d4ab,geo,vllm,casperhansen/llama-3.3-70b-instruct-awq,"{   ""self_reported_group_ca"": 18,   ""self_reported_interpersonal_ca"": 12,   ""self_reported_band_group"": ""moderate"",   ""self_reported_band_interpersonal"": ""low"" }",,18,12,moderate,low
24aec908fc451525c562f3c971195b9b6b62b596a3e9dc18f5531b440898d4ab__transit,24aec908fc451525c562f3c971195b9b6b62b596a3e9dc18f5531b440898d4ab,transit,vllm,casperhansen/llama-3.3-70b-instruct-awq,"{   ""self_reported_group_ca"": 18,   ""self_reported_interpersonal_ca"": 12,   ""self_reported_band_group"": ""moderate"",   ""self_reported_band_interpersonal"": ""low"" }",,18,12,moderate,low
24aec908fc451525c562f3c971195b9b6b62b596a3e9dc18f5531b440898d4ab__full,24aec908fc451525c562f3c971195b9b6b62b596a3e9dc18f5531b440898d4ab,full,vllm,casperhansen/llama-3.3-70b-instruct-awq,"{   ""self_reported_group_ca"": 18,   ""self_reported_interpersonal_ca"": 12,   ""self_reported_band_group"": ""moderate"",   ""self_reported_band_interpersonal"": ""low"" }",,18,12,moderate,low
24aec908fc451525c562f3c971195b9b6b62b596a3e9dc18f5531b440898d4ab__v3_rideshare,24aec908fc451525c562f3c971195b9b6b62b596a3e9dc18f5531b440898d4ab,v3_rideshare,vllm,casperhansen/llama-3.3-70b-instruct-awq,"{   ""self_reported_group_ca"": 18,   ""self_reported_interpersonal_ca"": 12,   ""self_reported_band_group"": ""moderate"",   ""self_reported_band_interpersonal"": ""low"" }",,18,12,moderate,low
24aec908fc451525c562f3c971195b9b6b62b596a3e9dc18f5531b440898d4ab__v3_public_transit,24aec908fc451525c562f3c971195b9b6b62b596a3e9dc18f5531b440898d4ab,v3_public_transit,vllm,casperhansen/llama-3.3-70b-instruct-awq,"{   ""self_reported_group_ca"": 18,   ""self_reported_interpersonal_ca"": 12,   ""self_reported_band_group"": ""moderate"",   ""self_reported_band_interpersonal"": ""low"" }",,18,12,moderate,low
24aec908fc451525c562f3c971195b9b6b62b596a3e9dc18f5531b440898d4ab__v3_voice,24aec908fc451525c562f3c971195b9b6b62b596a3e9dc18f5531b440898d4ab,v3_voice,vllm,casperhansen/llama-3.3-70b-instruct-awq,"{   ""self_reported_group_ca"": 18,   ""self_reported_interpersonal_ca"": 12,   ""self_reported_band_group"": ""moderate"",   ""self_reported_band_interpersonal"": ""low"" }",,18,12,moderate,low
6de01ad713f78e3f71a356e1ddf72747325b0da002f0ae18dd9f59fe8b4c7783__demos,6de01ad713f78e3f71a356e1ddf72747325b0da002f0ae18dd9f59fe8b4c7783,demos,vllm,casperhansen/llama-3.3-70b-instruct-awq,"{   ""self_reported_group_ca"": 18,   ""self_reported_interpersonal_ca"": 12,   ""self_reported_band_group"": ""moderate"",   ""self_reported_band_interpersonal"": ""low"" }",,18,12,moderate,low
6de01ad713f78e3f71a356e1ddf72747325b0da002f0ae18dd9f59fe8b4c7783__employment,6de01ad713f78e3f71a356e1ddf72747325b0da002f0ae18dd9f59fe8b4c7783,employment,vllm,casperhansen/llama-3.3-70b-instruct-awq,"{   ""self_reported_group_ca"": 18,   ""self_reported_interpersonal_ca"": 12,   ""self_reported_band_group"": ""moderate"",   ""self_reported_band_interpersonal"": ""low"" }",,18,12,moderate,low
6de01ad713f78e3f71a356e1ddf72747325b0da002f0ae18dd9f59fe8b4c7783__geo,6de01ad713f78e3f71a356e1ddf72747325b0da002f0ae18dd9f59fe8b4c7783,geo,vllm,casperhansen/llama-3.3-70b-instruct-awq,"{   ""self_reported_group_ca"": 18,   ""self_reported_interpersonal_ca"": 12,   ""self_reported_band_group"": ""moderate"",   ""self_reported_band_interpersonal"": ""low"" }",,18,12,moderate,low
6de01ad713f78e3f71a356e1ddf72747325b0da002f0ae18dd9f59fe8b4c7783__transit,6de01ad713f78e3f71a356e1ddf72747325b0da002f0ae18dd9f59fe8b4c7783,transit,vllm,casperhansen/llama-3.3-70b-instruct-awq,"{   ""self_reported_group_ca"": 18,   ""self_reported_interpersonal_ca"": 12,   ""self_reported_band_group"": ""moderate"",   ""self_reported_band_interpersonal"": ""low"" }",,18,12,moderate,low
6de01ad713f78e3f71a356e1ddf72747325b0da002f0ae18dd9f59fe8b4c7783__full,6de01ad713f78e3f71a356e1ddf72747325b0da002f0ae18dd9f59fe8b4c7783,full,vllm,casperhansen/llama-3.3-70b-instruct-awq,"{   ""self_reported_group_ca"": 18,   ""self_reported_interpersonal_ca"": 12,   ""self_reported_band_group"": ""moderate"",   ""self_reported_band_interpersonal"": ""low"" }",,18,12,moderate,low
6de01ad713f78e3f71a356e1ddf72747325b0da002f0ae18dd9f59fe8b4c7783__v3_rideshare,6de01ad713f78e3f71a356e1ddf72747325b0da002f0ae18dd9f59fe8b4c7783,v3_rideshare,vllm,casperhansen/llama-3.3-70b-instruct-awq,"{   ""self_reported_group_ca"": 18,   ""self_reported_interpersonal_ca"": 12,   ""self_reported_band_group"": ""moderate"",   ""self_reported_band_interpersonal"": ""low"" }",,18,12,moderate,low
6de01ad713f78e3f71a356e1ddf72747325b0da002f0ae18dd9f59fe8b4c7783__v3_public_transit,6de01ad713f78e3f71a356e1ddf72747325b0da002f0ae18dd9f59fe8b4c7783,v3_public_transit,vllm,casperhansen/llama-3.3-70b-instruct-awq,"{   ""self_reported_group_ca"": 18,   ""self_reported_interpersonal_ca"": 12,   ""self_reported_band_group"": ""moderate"",   ""self_reported_band_interpersonal"": ""low"" }",,18,12,moderate,low
6de01ad713f78e3f71a356e1ddf72747325b0da002f0ae18dd9f59fe8b4c7783__v3_voice,6de01ad713f78e3f71a356e1ddf72747325b0da002f0ae18dd9f59fe8b4c7783,v3_voice,vllm,casperhansen/llama-3.3-70b-instruct-awq,"{   ""self_reported_group_ca"": 18,   ""self_reported_interpersonal_ca"": 12,   ""self_reported_band_group"": ""moderate"",   ""self_reported_band_interpersonal"": ""low"" }",,18,12,moderate,low
7e302e00ae17d666575bc5cf542a77f3597bcc9b8647aa3077ce0e248c42b8aa__demos,7e302e00ae17d666575bc5cf542a77f3597bcc9b8647aa3077ce0e248c42b8aa,demos,vllm,casperhansen/llama-3.3-70b-instruct-awq,"{   ""self_reported_group_ca"": 18,   ""self_reported_interpersonal_ca"": 12,   ""self_reported_band_group"": ""moderate"",   ""self_reported_band_interpersonal"": ""low"" }",,18,12,moderate,low
7e302e00ae17d666575bc5cf542a77f3597bcc9b8647aa3077ce0e248c42b8aa__employment,7e302e00ae17d666575bc5cf542a77f3597bcc9b8647aa3077ce0e248c42b8aa,employment,vllm,casperhansen/llama-3.3-70b-instruct-awq,"{   ""self_reported_group_ca"": 18,   ""self_reported_interpersonal_ca"": 12,   ""self_reported_band_group"": ""moderate"",   ""self_reported_band_interpersonal"": ""low"" }",,18,12,moderate,low
7e302e00ae17d666575bc5cf542a77f3597bcc9b8647aa3077ce0e248c42b8aa__geo,7e302e00ae17d666575bc5cf542a77f3597bcc9b8647aa3077ce0e248c42b8aa,geo,vllm,casperhansen/llama-3.3-70b-instruct-awq,"{   ""self_reported_group_ca"": 18,   ""self_reported_interpersonal_ca"": 12,   ""self_reported_band_group"": ""moderate"",   ""self_reported_band_interpersonal"": ""low"" }",,18,12,moderate,low
7e302e00ae17d666575bc5cf542a77f3597bcc9b8647aa3077ce0e248c42b8aa__transit,7e302e00ae17d666575bc5cf542a77f3597bcc9b8647aa3077ce0e248c42b8aa,transit,vllm,casperhansen/llama-3.3-70b-instruct-awq,"{   ""self_reported_group_ca"": 18,   ""self_reported_interpersonal_ca"": 12,   ""self_reported_band_group"": ""moderate"",   ""self_reported_band_interpersonal"": ""low"" }",,18,12,moderate,low
7e302e00ae17d666575bc5cf542a77f3597bcc9b8647aa3077ce0e248c42b8aa__full,7e302e00ae17d666575bc5cf542a77f3597bcc9b8647aa3077ce0e248c42b8aa,full,vllm,casperhansen/llama-3.3-70b-instruct-awq,"{   ""self_reported_group_ca"": 18,   ""self_reported_interpersonal_ca"": 12,   ""self_reported_band_group"": ""moderate"",   ""self_reported_band_interpersonal"": ""low"" }",,18,12,moderate,low
7e302e00ae17d666575bc5cf542a77f3597bcc9b8647aa3077ce0e248c42b8aa__v3_rideshare,7e302e00ae17d666575bc5cf542a77f3597bcc9b8647aa3077ce0e248c42b8aa,v3_rideshare,vllm,casperhansen/llama-3.3-70b-instruct-awq,"{   ""self_reported_group_ca"": 18,   ""self_reported_interpersonal_ca"": 12,   ""self_reported_band_group"": ""moderate"",   ""self_reported_band_interpersonal"": ""low"" }",,18,12,moderate,low
7e302e00ae17d666575bc5cf542a77f3597bcc9b8647aa3077ce0e248c42b8aa__v3_public_transit,7e302e00ae17d666575bc5cf542a77f3597bcc9b8647aa3077ce0e248c42b8aa,v3_public_transit,vllm,casperhansen/llama-3.3-70b-instruct-awq,"{   ""self_reported_group_ca"": 18,   ""self_reported_interpersonal_ca"": 12,   ""self_reported_band_group"": ""moderate"",   ""self_reported_band_interpersonal"": ""low"" }",,18,12,moderate,low
7e302e00ae17d666575bc5cf542a77f3597bcc9b8647aa3077ce0e248c42b8aa__v3_voice,7e302e00ae17d666575bc5cf542a77f3597bcc9b8647aa3077ce0e248c42b8aa,v3_voice,vllm,casperhansen/llama-3.3-70b-instruct-awq,"{   ""self_reported_group_ca"": 18,   ""self_reported_interpersonal_ca"": 12,   ""self_reported_band_group"": ""moderate"",   ""self_reported_band_interpersonal"": ""low"" }",,18,12,moderate,low
4e8344dc173b5b2cb43965d938d7c40cdab36337a287acae508bb41b28d6db27__demos,4e8344dc173b5b2cb43965d938d7c40cdab36337a287acae508bb41b28d6db27,demos,vllm,casperhansen/llama-3.3-70b-instruct-awq,"{   ""self_reported_group_ca"": 18,   ""self_reported_interpersonal_ca"": 12,   ""self_reported_band_group"": ""moderate"",   ""self_reported_band_interpersonal"": ""low"" }",,18,12,moderate,low
4e8344dc173b5b2cb43965d938d7c40cdab36337a287acae508bb41b28d6db27__employment,4e8344dc173b5b2cb43965d938d7c40cdab36337a287acae508bb41b28d6db27,employment,vllm,casperhansen/llama-3.3-70b-instruct-awq,"{   ""self_reported_group_ca"": 18,   ""self_reported_interpersonal_ca"": 12,   ""self_reported_band_group"": ""moderate"",   ""self_reported_band_interpersonal"": ""low"" }",,18,12,moderate,low
4e8344dc173b5b2cb43965d938d7c40cdab36337a287acae508bb41b28d6db27__geo,4e8344dc173b5b2cb43965d938d7c40cdab36337a287acae508bb41b28d6db27,geo,vllm,casperhansen/llama-3.3-70b-instruct-awq,"{   ""self_reported_group_ca"": 18,   ""self_reported_interpersonal_ca"": 12,   ""self_reported_band_group"": ""moderate"",   ""self_reported_band_interpersonal"": ""low"" }",,18,12,moderate,low
4e8344dc173b5b2cb43965d938d7c40cdab36337a287acae508bb41b28d6db27__transit,4e8344dc173b5b2cb43965d938d7c40cdab36337a287acae508bb41b28d6db27,transit,vllm,casperhansen/llama-3.3-70b-instruct-awq,"{   ""self_reported_group_ca"": 18,   ""self_reported_interpersonal_ca"": 12,   ""self_reported_band_group"": ""moderate"",   ""self_reported_band_interpersonal"": ""low"" }",,18,12,moderate,low
4e8344dc173b5b2cb43965d938d7c40cdab36337a287acae508bb41b28d6db27__full,4e8344dc173b5b2cb43965d938d7c40cdab36337a287acae508bb41b28d6db27,full,vllm,casperhansen/llama-3.3-70b-instruct-awq,"{   ""self_reported_group_ca"": 18,   ""self_reported_interpersonal_ca"": 12,   ""self_reported_band_group"": ""moderate"",   ""self_reported_band_interpersonal"": ""low"" }",,18,12,moderate,low
4e8344dc173b5b2cb43965d938d7c40cdab36337a287acae508bb41b28d6db27__v3_rideshare,4e8344dc173b5b2cb43965d938d7c40cdab36337a287acae508bb41b28d6db27,v3_rideshare,vllm,casperhansen/llama-3.3-70b-instruct-awq,"{   ""self_reported_group_ca"": 18,   ""self_reported_interpersonal_ca"": 12,   ""self_reported_band_group"": ""moderate"",   ""self_reported_band_interpersonal"": ""low"" }",,18,12,moderate,low
4e8344dc173b5b2cb43965d938d7c40cdab36337a287acae508bb41b28d6db27__v3_public_transit,4e8344dc173b5b2cb43965d938d7c40cdab36337a287acae508bb41b28d6db27,v3_public_transit,vllm,casperhansen/llama-3.3-70b-instruct-awq,"{   ""self_reported_group_ca"": 18,   ""self_reported_interpersonal_ca"": 12,   ""self_reported_band_group"": ""moderate"",   ""self_reported_band_interpersonal"": ""low"" }",,18,12,moderate,low
4e8344dc173b5b2cb43965d938d7c40cdab36337a287acae508bb41b28d6db27__v3_voice,4e8344dc173b5b2cb43965d938d7c40cdab36337a287acae508bb41b28d6db27,v3_voice,vllm,casperhansen/llama-3.3-70b-instruct-awq,"{   ""self_reported_group_ca"": 18,   ""self_reported_interpersonal_ca"": 12,   ""self_reported_band_group"": ""moderate"",   ""self_reported_band_interpersonal"": ""low"" }",,18,12,moderate,low
78658c9aa04078524d959ce38d2eacab4775d10f6612ff2d75d9773a56af4e9e__demos,78658c9aa04078524d959ce38d2eacab4775d10f6612ff2d75d9773a56af4e9e,demos,vllm,casperhansen/llama-3.3-70b-instruct-awq,"{   ""self_reported_group_ca"": 18,   ""self_reported_interpersonal_ca"": 12,   ""self_reported_band_group"": ""moderate"",   ""self_reported_band_interpersonal"": ""low"" }",,18,12,moderate,low
78658c9aa04078524d959ce38d2eacab4775d10f6612ff2d75d9773a56af4e9e__employment,78658c9aa04078524d959ce38d2eacab4775d10f6612ff2d75d9773a56af4e9e,employment,vllm,casperhansen/llama-3.3-70b-instruct-awq,"{   ""self_reported_group_ca"": 18,   ""self_reported_interpersonal_ca"": 12,   ""self_reported_band_group"": ""moderate"",   ""self_reported_band_interpersonal"": ""low"" }",,18,12,moderate,low
78658c9aa04078524d959ce38d2eacab4775d10f6612ff2d75d9773a56af4e9e__geo,78658c9aa04078524d959ce38d2eacab4775d10f6612ff2d75d9773a56af4e9e,geo,vllm,casperhansen/llama-3.3-70b-instruct-awq,"{   ""self_reported_group_ca"": 18,   ""self_reported_interpersonal_ca"": 12,   ""self_reported_band_group"": ""moderate"",   ""self_reported_band_interpersonal"": ""low"" }",,18,12,moderate,low
78658c9aa04078524d959ce38d2eacab4775d10f6612ff2d75d9773a56af4e9e__transit,78658c9aa04078524d959ce38d2eacab4775d10f6612ff2d75d9773a56af4e9e,transit,vllm,casperhansen/llama-3.3-70b-instruct-awq,"{   ""self_reported_group_ca"": 18,   ""self_reported_interpersonal_ca"": 12,   ""self_reported_band_group"": ""moderate"",   ""self_reported_band_interpersonal"": ""low"" }",,18,12,moderate,low
78658c9aa04078524d959ce38d2eacab4775d10f6612ff2d75d9773a56af4e9e__full,78658c9aa04078524d959ce38d2eacab4775d10f6612ff2d75d9773a56af4e9e,full,vllm,casperhansen/llama-3.3-70b-instruct-awq,"{   ""self_reported_group_ca"": 18,   ""self_reported_interpersonal_ca"": 12,   ""self_reported_band_group"": ""moderate"",   ""self_reported_band_interpersonal"": ""low"" }",,18,12,moderate,low
78658c9aa04078524d959ce38d2eacab4775d10f6612ff2d75d9773a56af4e9e__v3_rideshare,78658c9aa04078524d959ce38d2eacab4775d10f6612ff2d75d9773a56af4e9e,v3_rideshare,vllm,casperhansen/llama-3.3-70b-instruct-awq,"{   ""self_reported_group_ca"": 18,   ""self_reported_interpersonal_ca"": 12,   ""self_reported_band_group"": ""moderate"",   ""self_reported_band_interpersonal"": ""low"" }",,18,12,moderate,low
78658c9aa04078524d959ce38d2eacab4775d10f6612ff2d75d9773a56af4e9e__v3_public_transit,78658c9aa04078524d959ce38d2eacab4775d10f6612ff2d75d9773a56af4e9e,v3_public_transit,vllm,casperhansen/llama-3.3-70b-instruct-awq,"{   ""self_reported_group_ca"": 18,   ""self_reported_interpersonal_ca"": 12,   ""self_reported_band_group"": ""moderate"",   ""self_reported_band_interpersonal"": ""low"" }",,18,12,moderate,low
78658c9aa04078524d959ce38d2eacab4775d10f6612ff2d75d9773a56af4e9e__v3_voice,78658c9aa04078524d959ce38d2eacab4775d10f6612ff2d75d9773a56af4e9e,v3_voice,vllm,casperhansen/llama-3.3-70b-instruct-awq,"{   ""self_reported_group_ca"": 18,   ""self_reported_interpersonal_ca"": 12,   ""self_reported_band_group"": ""moderate"",   ""self_reported_band_interpersonal"": ""low"" }",,18,12,moderate,low
d4821a24190df96e427e943fe9db9c04b08efa1ea1abb786ab05620d0b4d9932__demos,d4821a24190df96e427e943fe9db9c04b08efa1ea1abb786ab05620d0b4d9932,demos,vllm,casperhansen/llama-3.3-70b-instruct-awq,"{   ""self_reported_group_ca"": 18,   ""self_reported_interpersonal_ca"": 12,   ""self_reported_band_group"": ""moderate"",   ""self_reported_band_interpersonal"": ""low"" }",,18,12,moderate,low
d4821a24190df96e427e943fe9db9c04b08efa1ea1abb786ab05620d0b4d9932__employment,d4821a24190df96e427e943fe9db9c04b08efa1ea1abb786ab05620d0b4d9932,employment,vllm,casperhansen/llama-3.3-70b-instruct-awq,"{   ""self_reported_group_ca"": 18,   ""self_reported_interpersonal_ca"": 12,   ""self_reported_band_group"": ""moderate"",   ""self_reported_band_interpersonal"": ""low"" }",,18,12,moderate,low
d4821a24190df96e427e943fe9db9c04b08efa1ea1abb786ab05620d0b4d9932__geo,d4821a24190df96e427e943fe9db9c04b08efa1ea1abb786ab05620d0b4d9932,geo,vllm,casperhansen/llama-3.3-70b-instruct-awq,"{   ""self_reported_group_ca"": 18,   ""self_reported_interpersonal_ca"": 12,   ""self_reported_band_group"": ""moderate"",   ""self_reported_band_interpersonal"": ""low"" }",,18,12,moderate,low
d4821a24190df96e427e943fe9db9c04b08efa1ea1abb786ab05620d0b4d9932__transit,d4821a24190df96e427e943fe9db9c04b08efa1ea1abb786ab05620d0b4d9932,transit,vllm,casperhansen/llama-3.3-70b-instruct-awq,"{   ""self_reported_group_ca"": 18,   ""self_reported_interpersonal_ca"": 12,   ""self_reported_band_group"": ""moderate"",   ""self_reported_band_interpersonal"": ""low"" }",,18,12,moderate,low
d4821a24190df96e427e943fe9db9c04b08efa1ea1abb786ab05620d0b4d9932__full,d4821a24190df96e427e943fe9db9c04b08efa1ea1abb786ab05620d0b4d9932,full,vllm,casperhansen/llama-3.3-70b-instruct-awq,"{   ""self_reported_group_ca"": 18,   ""self_reported_interpersonal_ca"": 12,   ""self_reported_band_group"": ""moderate"",   ""self_reported_band_interpersonal"": ""low"" }",,18,12,moderate,low
d4821a24190df96e427e943fe9db9c04b08efa1ea1abb786ab05620d0b4d9932__v3_rideshare,d4821a24190df96e427e943fe9db9c04b08efa1ea1abb786ab05620d0b4d9932,v3_rideshare,vllm,casperhansen/llama-3.3-70b-instruct-awq,"{   ""self_reported_group_ca"": 18,   ""self_reported_interpersonal_ca"": 12,   ""self_reported_band_group"": ""moderate"",   ""self_reported_band_interpersonal"": ""low"" }",,18,12,moderate,low
d4821a24190df96e427e943fe9db9c04b08efa1ea1abb786ab05620d0b4d9932__v3_public_transit,d4821a24190df96e427e943fe9db9c04b08efa1ea1abb786ab05620d0b4d9932,v3_public_transit,vllm,casperhansen/llama-3.3-70b-instruct-awq,"{   ""self_reported_group_ca"": 18,   ""self_reported_interpersonal_ca"": 12,   ""self_reported_band_group"": ""moderate"",   ""self_reported_band_interpersonal"": ""low"" }",,18,12,moderate,low
d4821a24190df96e427e943fe9db9c04b08efa1ea1abb786ab05620d0b4d9932__v3_voice,d4821a24190df96e427e943fe9db9c04b08efa1ea1abb786ab05620d0b4d9932,v3_voice,vllm,casperhansen/llama-3.3-70b-instruct-awq,"{   ""self_reported_group_ca"": 18,   ""self_reported_interpersonal_ca"": 12,   ""self_reported_band_group"": ""moderate"",   ""self_reported_band_interpersonal"": ""low"" }",,18,12,moderate,low
67fe6359a2e5c6fd5f148e8483ded2a4551cb32f1fab7c6cd15cf89369e338e0__demos,67fe6359a2e5c6fd5f148e8483ded2a4551cb32f1fab7c6cd15cf89369e338e0,demos,vllm,casperhansen/llama-3.3-70b-instruct-awq,"{   ""self_reported_group_ca"": 18,   ""self_reported_interpersonal_ca"": 12,   ""self_reported_band_group"": ""moderate"",   ""self_reported_band_interpersonal"": ""low"" }",,18,12,moderate,low
67fe6359a2e5c6fd5f148e8483ded2a4551cb32f1fab7c6cd15cf89369e338e0__employment,67fe6359a2e5c6fd5f148e8483ded2a4551cb32f1fab7c6cd15cf89369e338e0,employment,vllm,casperhansen/llama-3.3-70b-instruct-awq,"{   ""self_reported_group_ca"": 18,   ""self_reported_interpersonal_ca"": 12,   ""self_reported_band_group"": ""moderate"",   ""self_reported_band_interpersonal"": ""low"" }",,18,12,moderate,low
67fe6359a2e5c6fd5f148e8483ded2a4551cb32f1fab7c6cd15cf89369e338e0__geo,67fe6359a2e5c6fd5f148e8483ded2a4551cb32f1fab7c6cd15cf89369e338e0,geo,vllm,casperhansen/llama-3.3-70b-instruct-awq,"{   ""self_reported_group_ca"": 18,   ""self_reported_interpersonal_ca"": 12,   ""self_reported_band_group"": ""moderate"",   ""self_reported_band_interpersonal"": ""low"" }",,18,12,moderate,low
67fe6359a2e5c6fd5f148e8483ded2a4551cb32f1fab7c6cd15cf89369e338e0__transit,67fe6359a2e5c6fd5f148e8483ded2a4551cb32f1fab7c6cd15cf89369e338e0,transit,vllm,casperhansen/llama-3.3-70b-instruct-awq,"{   ""self_reported_group_ca"": 18,   ""self_reported_interpersonal_ca"": 12,   ""self_reported_band_group"": ""moderate"",   ""self_reported_band_interpersonal"": ""low"" }",,18,12,moderate,low
67fe6359a2e5c6fd5f148e8483ded2a4551cb32f1fab7c6cd15cf89369e338e0__full,67fe6359a2e5c6fd5f148e8483ded2a4551cb32f1fab7c6cd15cf89369e338e0,full,vllm,casperhansen/llama-3.3-70b-instruct-awq,"{   ""self_reported_group_ca"": 18,   ""self_reported_interpersonal_ca"": 12,   ""self_reported_band_group"": ""moderate"",   ""self_reported_band_interpersonal"": ""low"" }",,18,12,moderate,low
67fe6359a2e5c6fd5f148e8483ded2a4551cb32f1fab7c6cd15cf89369e338e0__v3_rideshare,67fe6359a2e5c6fd5f148e8483ded2a4551cb32f1fab7c6cd15cf89369e338e0,v3_rideshare,vllm,casperhansen/llama-3.3-70b-instruct-awq,"{   ""self_reported_group_ca"": 18,   ""self_reported_interpersonal_ca"": 12,   ""self_reported_band_group"": ""moderate"",   ""self_reported_band_interpersonal"": ""low"" }",,18,12,moderate,low
67fe6359a2e5c6fd5f148e8483ded2a4551cb32f1fab7c6cd15cf89369e338e0__v3_public_transit,67fe6359a2e5c6fd5f148e8483ded2a4551cb32f1fab7c6cd15cf89369e338e0,v3_public_transit,vllm,casperhansen/llama-3.3-70b-instruct-awq,"{   ""self_reported_group_ca"": 18,   ""self_reported_interpersonal_ca"": 12,   ""self_reported_band_group"": ""moderate"",   ""self_reported_band_interpersonal"": ""low"" }",,18,12,moderate,low
67fe6359a2e5c6fd5f148e8483ded2a4551cb32f1fab7c6cd15cf89369e338e0__v3_voice,67fe6359a2e5c6fd5f148e8483ded2a4551cb32f1fab7c6cd15cf89369e338e0,v3_voice,vllm,casperhansen/llama-3.3-70b-instruct-awq,"{   ""self_reported_group_ca"": 18,   ""self_reported_interpersonal_ca"": 12,   ""self_reported_band_group"": ""moderate"",   ""self_reported_band_interpersonal"": ""low"" }",,18,12,moderate,low
bd6ad80b197d5bb5e3abd72993d5e117c08534f069529a84724f79e3a0ca4872__demos,bd6ad80b197d5bb5e3abd72993d5e117c08534f069529a84724f79e3a0ca4872,demos,vllm,casperhansen/llama-3.3-70b-instruct-awq,"{   ""self_reported_group_ca"": 18,   ""self_reported_interpersonal_ca"": 12,   ""self_reported_band_group"": ""moderate"",   ""self_reported_band_interpersonal"": ""low"" }",,18,12,moderate,low
bd6ad80b197d5bb5e3abd72993d5e117c08534f069529a84724f79e3a0ca4872__employment,bd6ad80b197d5bb5e3abd72993d5e117c08534f069529a84724f79e3a0ca4872,employment,vllm,casperhansen/llama-3.3-70b-instruct-awq,"{   ""self_reported_group_ca"": 18,   ""self_reported_interpersonal_ca"": 12,   ""self_reported_band_group"": ""moderate"",   ""self_reported_band_interpersonal"": ""low"" }",,18,12,moderate,low
bd6ad80b197d5bb5e3abd72993d5e117c08534f069529a84724f79e3a0ca4872__geo,bd6ad80b197d5bb5e3abd72993d5e117c08534f069529a84724f79e3a0ca4872,geo,vllm,casperhansen/llama-3.3-70b-instruct-awq,"{   ""self_reported_group_ca"": 18,   ""self_reported_interpersonal_ca"": 12,   ""self_reported_band_group"": ""moderate"",   ""self_reported_band_interpersonal"": ""low"" }",,18,12,moderate,low
bd6ad80b197d5bb5e3abd72993d5e117c08534f069529a84724f79e3a0ca4872__transit,bd6ad80b197d5bb5e3abd72993d5e117c08534f069529a84724f79e3a0ca4872,transit,vllm,casperhansen/llama-3.3-70b-instruct-awq,"{   ""self_reported_group_ca"": 18,   ""self_reported_interpersonal_ca"": 12,   ""self_reported_band_group"": ""moderate"",   ""self_reported_band_interpersonal"": ""low"" }",,18,12,moderate,low
bd6ad80b197d5bb5e3abd72993d5e117c08534f069529a84724f79e3a0ca4872__full,bd6ad80b197d5bb5e3abd72993d5e117c08534f069529a84724f79e3a0ca4872,full,vllm,casperhansen/llama-3.3-70b-instruct-awq,"{   ""self_reported_group_ca"": 18,   ""self_reported_interpersonal_ca"": 12,   ""self_reported_band_group"": ""moderate"",   ""self_reported_band_interpersonal"": ""low"" }",,18,12,moderate,low
bd6ad80b197d5bb5e3abd72993d5e117c08534f069529a84724f79e3a0ca4872__v3_rideshare,bd6ad80b197d5bb5e3abd72993d5e117c08534f069529a84724f79e3a0ca4872,v3_rideshare,vllm,casperhansen/llama-3.3-70b-instruct-awq,"{   ""self_reported_group_ca"": 18,   ""self_reported_interpersonal_ca"": 12,   ""self_reported_band_group"": ""moderate"",   ""self_reported_band_interpersonal"": ""low"" }",,18,12,moderate,low
bd6ad80b197d5bb5e3abd72993d5e117c08534f069529a84724f79e3a0ca4872__v3_public_transit,bd6ad80b197d5bb5e3abd72993d5e117c08534f069529a84724f79e3a0ca4872,v3_public_transit,vllm,casperhansen/llama-3.3-70b-instruct-awq,"{   ""self_reported_group_ca"": 18,   ""self_reported_interpersonal_ca"": 12,   ""self_reported_band_group"": ""moderate"",   ""self_reported_band_interpersonal"": ""low"" }",,18,12,moderate,low
bd6ad80b197d5bb5e3abd72993d5e117c08534f069529a84724f79e3a0ca4872__v3_voice,bd6ad80b197d5bb5e3abd72993d5e117c08534f069529a84724f79e3a0ca4872,v3_voice,vllm,casperhansen/llama-3.3-70b-instruct-awq,"{   ""self_reported_group_ca"": 18,   ""self_reported_interpersonal_ca"": 12,   ""self_reported_band_group"": ""moderate"",   ""self_reported_band_interpersonal"": ""low"" }",,18,12,moderate,low
5f010025a6a64bd5ca93b493dcf7106bb485dbdba82367e3af21ffe3425dce14__demos,5f010025a6a64bd5ca93b493dcf7106bb485dbdba82367e3af21ffe3425dce14,demos,vllm,casperhansen/llama-3.3-70b-instruct-awq,"{   ""self_reported_group_ca"": 18,   ""self_reported_interpersonal_ca"": 12,   ""self_reported_band_group"": ""moderate"",   ""self_reported_band_interpersonal"": ""low"" }",,18,12,moderate,low
5f010025a6a64bd5ca93b493dcf7106bb485dbdba82367e3af21ffe3425dce14__employment,5f010025a6a64bd5ca93b493dcf7106bb485dbdba82367e3af21ffe3425dce14,employment,vllm,casperhansen/llama-3.3-70b-instruct-awq,"{   ""self_reported_group_ca"": 18,   ""self_reported_interpersonal_ca"": 12,   ""self_reported_band_group"": ""moderate"",   ""self_reported_band_interpersonal"": ""low"" }",,18,12,moderate,low
5f010025a6a64bd5ca93b493dcf7106bb485dbdba82367e3af21ffe3425dce14__geo,5f010025a6a64bd5ca93b493dcf7106bb485dbdba82367e3af21ffe3425dce14,geo,vllm,casperhansen/llama-3.3-70b-instruct-awq,"{   ""self_reported_group_ca"": 18,   ""self_reported_interpersonal_ca"": 12,   ""self_reported_band_group"": ""moderate"",   ""self_reported_band_interpersonal"": ""low"" }",,18,12,moderate,low
5f010025a6a64bd5ca93b493dcf7106bb485dbdba82367e3af21ffe3425dce14__transit,5f010025a6a64bd5ca93b493dcf7106bb485dbdba82367e3af21ffe3425dce14,transit,vllm,casperhansen/llama-3.3-70b-instruct-awq,"{   ""self_reported_group_ca"": 18,   ""self_reported_interpersonal_ca"": 12,   ""self_reported_band_group"": ""moderate"",   ""self_reported_band_interpersonal"": ""low"" }",,18,12,moderate,low
5f010025a6a64bd5ca93b493dcf7106bb485dbdba82367e3af21ffe3425dce14__full,5f010025a6a64bd5ca93b493dcf7106bb485dbdba82367e3af21ffe3425dce14,full,vllm,casperhansen/llama-3.3-70b-instruct-awq,"{   ""self_reported_group_ca"": 18,   ""self_reported_interpersonal_ca"": 12,   ""self_reported_band_group"": ""moderate"",   ""self_reported_band_interpersonal"": ""low"" }",,18,12,moderate,low
5f010025a6a64bd5ca93b493dcf7106bb485dbdba82367e3af21ffe3425dce14__v3_rideshare,5f010025a6a64bd5ca93b493dcf7106bb485dbdba82367e3af21ffe3425dce14,v3_rideshare,vllm,casperhansen/llama-3.3-70b-instruct-awq,"{   ""self_reported_group_ca"": 18,   ""self_reported_interpersonal_ca"": 12,   ""self_reported_band_group"": ""moderate"",   ""self_reported_band_interpersonal"": ""low"" }",,18,12,moderate,low
5f010025a6a64bd5ca93b493dcf7106bb485dbdba82367e3af21ffe3425dce14__v3_public_transit,5f010025a6a64bd5ca93b493dcf7106bb485dbdba82367e3af21ffe3425dce14,v3_public_transit,vllm,casperhansen/llama-3.3-70b-instruct-awq,"{   ""self_reported_group_ca"": 18,   ""self_reported_interpersonal_ca"": 12,   ""self_reported_band_group"": ""moderate"",   ""self_reported_band_interpersonal"": ""low"" }",,18,12,moderate,low
5f010025a6a64bd5ca93b493dcf7106bb485dbdba82367e3af21ffe3425dce14__v3_voice,5f010025a6a64bd5ca93b493dcf7106bb485dbdba82367e3af21ffe3425dce14,v3_voice,vllm,casperhansen/llama-3.3-70b-instruct-awq,"{   ""self_reported_group_ca"": 18,   ""self_reported_interpersonal_ca"": 12,   ""self_reported_band_group"": ""moderate"",   ""self_reported_band_interpersonal"": ""low"" }",,18,12,moderate,low
e5e4aa2160893c19db0f744bd4d5c0b16f613355754865fc64cb74a3ce757e6e__demos,e5e4aa2160893c19db0f744bd4d5c0b16f613355754865fc64cb74a3ce757e6e,demos,vllm,casperhansen/llama-3.3-70b-instruct-awq,"{   ""self_reported_group_ca"": 18,   ""self_reported_interpersonal_ca"": 12,   ""self_reported_band_group"": ""moderate"",   ""self_reported_band_interpersonal"": ""low"" }",,18,12,moderate,low
e5e4aa2160893c19db0f744bd4d5c0b16f613355754865fc64cb74a3ce757e6e__employment,e5e4aa2160893c19db0f744bd4d5c0b16f613355754865fc64cb74a3ce757e6e,employment,vllm,casperhansen/llama-3.3-70b-instruct-awq,"{   ""self_reported_group_ca"": 18,   ""self_reported_interpersonal_ca"": 12,   ""self_reported_band_group"": ""moderate"",   ""self_reported_band_interpersonal"": ""low"" }",,18,12,moderate,low
e5e4aa2160893c19db0f744bd4d5c0b16f613355754865fc64cb74a3ce757e6e__geo,e5e4aa2160893c19db0f744bd4d5c0b16f613355754865fc64cb74a3ce757e6e,geo,vllm,casperhansen/llama-3.3-70b-instruct-awq,"{   ""self_reported_group_ca"": 18,   ""self_reported_interpersonal_ca"": 12,   ""self_reported_band_group"": ""moderate"",   ""self_reported_band_interpersonal"": ""low"" }",,18,12,moderate,low
e5e4aa2160893c19db0f744bd4d5c0b16f613355754865fc64cb74a3ce757e6e__transit,e5e4aa2160893c19db0f744bd4d5c0b16f613355754865fc64cb74a3ce757e6e,transit,vllm,casperhansen/llama-3.3-70b-instruct-awq,"{   ""self_reported_group_ca"": 18,   ""self_reported_interpersonal_ca"": 12,   ""self_reported_band_group"": ""moderate"",   ""self_reported_band_interpersonal"": ""low"" }",,18,12,moderate,low
e5e4aa2160893c19db0f744bd4d5c0b16f613355754865fc64cb74a3ce757e6e__full,e5e4aa2160893c19db0f744bd4d5c0b16f613355754865fc64cb74a3ce757e6e,full,vllm,casperhansen/llama-3.3-70b-instruct-awq,"{   ""self_reported_group_ca"": 18,   ""self_reported_interpersonal_ca"": 12,   ""self_reported_band_group"": ""moderate"",   ""self_reported_band_interpersonal"": ""low"" }",,18,12,moderate,low
e5e4aa2160893c19db0f744bd4d5c0b16f613355754865fc64cb74a3ce757e6e__v3_rideshare,e5e4aa2160893c19db0f744bd4d5c0b16f613355754865fc64cb74a3ce757e6e,v3_rideshare,vllm,casperhansen/llama-3.3-70b-instruct-awq,"{   ""self_reported_group_ca"": 18,   ""self_reported_interpersonal_ca"": 12,   ""self_reported_band_group"": ""moderate"",   ""self_reported_band_interpersonal"": ""low"" }",,18,12,moderate,low
e5e4aa2160893c19db0f744bd4d5c0b16f613355754865fc64cb74a3ce757e6e__v3_public_transit,e5e4aa2160893c19db0f744bd4d5c0b16f613355754865fc64cb74a3ce757e6e,v3_public_transit,vllm,casperhansen/llama-3.3-70b-instruct-awq,"{   ""self_reported_group_ca"": 18,   ""self_reported_interpersonal_ca"": 12,   ""self_reported_band_group"": ""moderate"",   ""self_reported_band_interpersonal"": ""low"" }",,18,12,moderate,low
e5e4aa2160893c19db0f744bd4d5c0b16f613355754865fc64cb74a3ce757e6e__v3_voice,e5e4aa2160893c19db0f744bd4d5c0b16f613355754865fc64cb74a3ce757e6e,v3_voice,vllm,casperhansen/llama-3.3-70b-instruct-awq,"{   ""self_reported_group_ca"": 18,   ""self_reported_interpersonal_ca"": 12,   ""self_reported_band_group"": ""moderate"",   ""self_reported_band_interpersonal"": ""low"" }",,18,12,moderate,low
1e6048b8cb2fd2e0a5c12087943eba1ffa4676d5ec322bfa2489419dc52076a7__demos,1e6048b8cb2fd2e0a5c12087943eba1ffa4676d5ec322bfa2489419dc52076a7,demos,vllm,casperhansen/llama-3.3-70b-instruct-awq,"{   ""self_reported_group_ca"": 18,   ""self_reported_interpersonal_ca"": 12,   ""self_reported_band_group"": ""moderate"",   ""self_reported_band_interpersonal"": ""low"" }",,18,12,moderate,low
1e6048b8cb2fd2e0a5c12087943eba1ffa4676d5ec322bfa2489419dc52076a7__employment,1e6048b8cb2fd2e0a5c12087943eba1ffa4676d5ec322bfa2489419dc52076a7,employment,vllm,casperhansen/llama-3.3-70b-instruct-awq,"{   ""self_reported_group_ca"": 18,   ""self_reported_interpersonal_ca"": 12,   ""self_reported_band_group"": ""moderate"",   ""self_reported_band_interpersonal"": ""low"" }",,18,12,moderate,low
1e6048b8cb2fd2e0a5c12087943eba1ffa4676d5ec322bfa2489419dc52076a7__geo,1e6048b8cb2fd2e0a5c12087943eba1ffa4676d5ec322bfa2489419dc52076a7,geo,vllm,casperhansen/llama-3.3-70b-instruct-awq,"{   ""self_reported_group_ca"": 18,   ""self_reported_interpersonal_ca"": 12,   ""self_reported_band_group"": ""moderate"",   ""self_reported_band_interpersonal"": ""low"" }",,18,12,moderate,low
1e6048b8cb2fd2e0a5c12087943eba1ffa4676d5ec322bfa2489419dc52076a7__transit,1e6048b8cb2fd2e0a5c12087943eba1ffa4676d5ec322bfa2489419dc52076a7,transit,vllm,casperhansen/llama-3.3-70b-instruct-awq,"{   ""self_reported_group_ca"": 18,   ""self_reported_interpersonal_ca"": 12,   ""self_reported_band_group"": ""moderate"",   ""self_reported_band_interpersonal"": ""low"" }",,18,12,moderate,low
1e6048b8cb2fd2e0a5c12087943eba1ffa4676d5ec322bfa2489419dc52076a7__full,1e6048b8cb2fd2e0a5c12087943eba1ffa4676d5ec322bfa2489419dc52076a7,full,vllm,casperhansen/llama-3.3-70b-instruct-awq,"{   ""self_reported_group_ca"": 18,   ""self_reported_interpersonal_ca"": 12,   ""self_reported_band_group"": ""moderate"",   ""self_reported_band_interpersonal"": ""low"" }",,18,12,moderate,low
1e6048b8cb2fd2e0a5c12087943eba1ffa4676d5ec322bfa2489419dc52076a7__v3_rideshare,1e6048b8cb2fd2e0a5c12087943eba1ffa4676d5ec322bfa2489419dc52076a7,v3_rideshare,vllm,casperhansen/llama-3.3-70b-instruct-awq,"{   ""self_reported_group_ca"": 18,   ""self_reported_interpersonal_ca"": 12,   ""self_reported_band_group"": ""moderate"",   ""self_reported_band_interpersonal"": ""low"" }",,18,12,moderate,low
1e6048b8cb2fd2e0a5c12087943eba1ffa4676d5ec322bfa2489419dc52076a7__v3_public_transit,1e6048b8cb2fd2e0a5c12087943eba1ffa4676d5ec322bfa2489419dc52076a7,v3_public_transit,vllm,casperhansen/llama-3.3-70b-instruct-awq,"{   ""self_reported_group_ca"": 18,   ""self_reported_interpersonal_ca"": 12,   ""self_reported_band_group"": ""moderate"",   ""self_reported_band_interpersonal"": ""low"" }",,18,12,moderate,low
1e6048b8cb2fd2e0a5c12087943eba1ffa4676d5ec322bfa2489419dc52076a7__v3_voice,1e6048b8cb2fd2e0a5c12087943eba1ffa4676d5ec322bfa2489419dc52076a7,v3_voice,vllm,casperhansen/llama-3.3-70b-instruct-awq,"{   ""self_reported_group_ca"": 18,   ""self_reported_interpersonal_ca"": 12,   ""self_reported_band_group"": ""moderate"",   ""self_reported_band_interpersonal"": ""low"" }",,18,12,moderate,low
45d70188554e33e9b8f141f040769b3c4f0cfc25febe2cbb4cf137a2e9ca0113__demos,45d70188554e33e9b8f141f040769b3c4f0cfc25febe2cbb4cf137a2e9ca0113,demos,vllm,casperhansen/llama-3.3-70b-instruct-awq,"{   ""self_reported_group_ca"": 18,   ""self_reported_interpersonal_ca"": 12,   ""self_reported_band_group"": ""moderate"",   ""self_reported_band_interpersonal"": ""low"" }",,18,12,moderate,low
45d70188554e33e9b8f141f040769b3c4f0cfc25febe2cbb4cf137a2e9ca0113__employment,45d70188554e33e9b8f141f040769b3c4f0cfc25febe2cbb4cf137a2e9ca0113,employment,vllm,casperhansen/llama-3.3-70b-instruct-awq,"{   ""self_reported_group_ca"": 18,   ""self_reported_interpersonal_ca"": 12,   ""self_reported_band_group"": ""moderate"",   ""self_reported_band_interpersonal"": ""low"" }",,18,12,moderate,low
45d70188554e33e9b8f141f040769b3c4f0cfc25febe2cbb4cf137a2e9ca0113__geo,45d70188554e33e9b8f141f040769b3c4f0cfc25febe2cbb4cf137a2e9ca0113,geo,vllm,casperhansen/llama-3.3-70b-instruct-awq,"{   ""self_reported_group_ca"": 18,   ""self_reported_interpersonal_ca"": 12,   ""self_reported_band_group"": ""moderate"",   ""self_reported_band_interpersonal"": ""low"" }",,18,12,moderate,low
45d70188554e33e9b8f141f040769b3c4f0cfc25febe2cbb4cf137a2e9ca0113__transit,45d70188554e33e9b8f141f040769b3c4f0cfc25febe2cbb4cf137a2e9ca0113,transit,vllm,casperhansen/llama-3.3-70b-instruct-awq,"{   ""self_reported_group_ca"": 18,   ""self_reported_interpersonal_ca"": 12,   ""self_reported_band_group"": ""moderate"",   ""self_reported_band_interpersonal"": ""low"" }",,18,12,moderate,low
45d70188554e33e9b8f141f040769b3c4f0cfc25febe2cbb4cf137a2e9ca0113__full,45d70188554e33e9b8f141f040769b3c4f0cfc25febe2cbb4cf137a2e9ca0113,full,vllm,casperhansen/llama-3.3-70b-instruct-awq,"{   ""self_reported_group_ca"": 18,   ""self_reported_interpersonal_ca"": 12,   ""self_reported_band_group"": ""moderate"",   ""self_reported_band_interpersonal"": ""low"" }",,18,12,moderate,low
45d70188554e33e9b8f141f040769b3c4f0cfc25febe2cbb4cf137a2e9ca0113__v3_rideshare,45d70188554e33e9b8f141f040769b3c4f0cfc25febe2cbb4cf137a2e9ca0113,v3_rideshare,vllm,casperhansen/llama-3.3-70b-instruct-awq,"{   ""self_reported_group_ca"": 18,   ""self_reported_interpersonal_ca"": 12,   ""self_reported_band_group"": ""moderate"",   ""self_reported_band_interpersonal"": ""low"" }",,18,12,moderate,low
45d70188554e33e9b8f141f040769b3c4f0cfc25febe2cbb4cf137a2e9ca0113__v3_public_transit,45d70188554e33e9b8f141f040769b3c4f0cfc25febe2cbb4cf137a2e9ca0113,v3_public_transit,vllm,casperhansen/llama-3.3-70b-instruct-awq,"{   ""self_reported_group_ca"": 18,   ""self_reported_interpersonal_ca"": 12,   ""self_reported_band_group"": ""moderate"",   ""self_reported_band_interpersonal"": ""low"" }",,18,12,moderate,low
45d70188554e33e9b8f141f040769b3c4f0cfc25febe2cbb4cf137a2e9ca0113__v3_voice,45d70188554e33e9b8f141f040769b3c4f0cfc25febe2cbb4cf137a2e9ca0113,v3_voice,vllm,casperhansen/llama-3.3-70b-instruct-awq,"{   ""self_reported_group_ca"": 18,   ""self_reported_interpersonal_ca"": 12,   ""self_reported_band_group"": ""moderate"",   ""self_reported_band_interpersonal"": ""low"" }",,18,12,moderate,low
88e271cadaeae900779984cbe96fac749c1d624d58c222819024cedd0e6b711c__demos,88e271cadaeae900779984cbe96fac749c1d624d58c222819024cedd0e6b711c,demos,vllm,casperhansen/llama-3.3-70b-instruct-awq,"{   ""self_reported_group_ca"": 18,   ""self_reported_interpersonal_ca"": 12,   ""self_reported_band_group"": ""moderate"",   ""self_reported_band_interpersonal"": ""low"" }",,18,12,moderate,low
88e271cadaeae900779984cbe96fac749c1d624d58c222819024cedd0e6b711c__employment,88e271cadaeae900779984cbe96fac749c1d624d58c222819024cedd0e6b711c,employment,vllm,casperhansen/llama-3.3-70b-instruct-awq,"{   ""self_reported_group_ca"": 18,   ""self_reported_interpersonal_ca"": 12,   ""self_reported_band_group"": ""moderate"",   ""self_reported_band_interpersonal"": ""low"" }",,18,12,moderate,low
88e271cadaeae900779984cbe96fac749c1d624d58c222819024cedd0e6b711c__geo,88e271cadaeae900779984cbe96fac749c1d624d58c222819024cedd0e6b711c,geo,vllm,casperhansen/llama-3.3-70b-instruct-awq,"{   ""self_reported_group_ca"": 18,   ""self_reported_interpersonal_ca"": 12,   ""self_reported_band_group"": ""moderate"",   ""self_reported_band_interpersonal"": ""low"" }",,18,12,moderate,low
88e271cadaeae900779984cbe96fac749c1d624d58c222819024cedd0e6b711c__transit,88e271cadaeae900779984cbe96fac749c1d624d58c222819024cedd0e6b711c,transit,vllm,casperhansen/llama-3.3-70b-instruct-awq,"{   ""self_reported_group_ca"": 18,   ""self_reported_interpersonal_ca"": 12,   ""self_reported_band_group"": ""moderate"",   ""self_reported_band_interpersonal"": ""low"" }",,18,12,moderate,low
88e271cadaeae900779984cbe96fac749c1d624d58c222819024cedd0e6b711c__full,88e271cadaeae900779984cbe96fac749c1d624d58c222819024cedd0e6b711c,full,vllm,casperhansen/llama-3.3-70b-instruct-awq,"{   ""self_reported_group_ca"": 24,   ""self_reported_interpersonal_ca"": 22,   ""self_reported_band_group"": ""high"",   ""self_reported_band_interpersonal"": ""high"" }",,24,22,high,high
88e271cadaeae900779984cbe96fac749c1d624d58c222819024cedd0e6b711c__v3_rideshare,88e271cadaeae900779984cbe96fac749c1d624d58c222819024cedd0e6b711c,v3_rideshare,vllm,casperhansen/llama-3.3-70b-instruct-awq,"{   ""self_reported_group_ca"": 18,   ""self_reported_interpersonal_ca"": 12,   ""self_reported_band_group"": ""moderate"",   ""self_reported_band_interpersonal"": ""low"" }",,18,12,moderate,low
88e271cadaeae900779984cbe96fac749c1d624d58c222819024cedd0e6b711c__v3_public_transit,88e271cadaeae900779984cbe96fac749c1d624d58c222819024cedd0e6b711c,v3_public_transit,vllm,casperhansen/llama-3.3-70b-instruct-awq,"{   ""self_reported_group_ca"": 18,   ""self_reported_interpersonal_ca"": 12,   ""self_reported_band_group"": ""moderate"",   ""self_reported_band_interpersonal"": ""low"" }",,18,12,moderate,low
88e271cadaeae900779984cbe96fac749c1d624d58c222819024cedd0e6b711c__v3_voice,88e271cadaeae900779984cbe96fac749c1d624d58c222819024cedd0e6b711c,v3_voice,vllm,casperhansen/llama-3.3-70b-instruct-awq,"{   ""self_reported_group_ca"": 24,   ""self_reported_interpersonal_ca"": 22,   ""self_reported_band_group"": ""high"",   ""self_reported_band_interpersonal"": ""high"" }",,24,22,high,high
6f9e371b4c6344b508682fe9372a27453abe9dffde0b9aa6a603d539ff78271e__demos,6f9e371b4c6344b508682fe9372a27453abe9dffde0b9aa6a603d539ff78271e,demos,vllm,casperhansen/llama-3.3-70b-instruct-awq,"{   ""self_reported_group_ca"": 22,   ""self_reported_interpersonal_ca"": 18,   ""self_reported_band_group"": ""high"",   ""self_reported_band_interpersonal"": ""moderate"" }",,22,18,high,moderate
6f9e371b4c6344b508682fe9372a27453abe9dffde0b9aa6a603d539ff78271e__employment,6f9e371b4c6344b508682fe9372a27453abe9dffde0b9aa6a603d539ff78271e,employment,vllm,casperhansen/llama-3.3-70b-instruct-awq,"{   ""self_reported_group_ca"": 22,   ""self_reported_interpersonal_ca"": 18,   ""self_reported_band_group"": ""high"",   ""self_reported_band_interpersonal"": ""moderate"" }",,22,18,high,moderate
6f9e371b4c6344b508682fe9372a27453abe9dffde0b9aa6a603d539ff78271e__geo,6f9e371b4c6344b508682fe9372a27453abe9dffde0b9aa6a603d539ff78271e,geo,vllm,casperhansen/llama-3.3-70b-instruct-awq,"{   ""self_reported_group_ca"": 22,   ""self_reported_interpersonal_ca"": 18,   ""self_reported_band_group"": ""high"",   ""self_reported_band_interpersonal"": ""moderate"" }",,22,18,high,moderate
6f9e371b4c6344b508682fe9372a27453abe9dffde0b9aa6a603d539ff78271e__transit,6f9e371b4c6344b508682fe9372a27453abe9dffde0b9aa6a603d539ff78271e,transit,vllm,casperhansen/llama-3.3-70b-instruct-awq,"{   ""self_reported_group_ca"": 22,   ""self_reported_interpersonal_ca"": 18,   ""self_reported_band_group"": ""high"",   ""self_reported_band_interpersonal"": ""moderate"" }",,22,18,high,moderate
6f9e371b4c6344b508682fe9372a27453abe9dffde0b9aa6a603d539ff78271e__full,6f9e371b4c6344b508682fe9372a27453abe9dffde0b9aa6a603d539ff78271e,full,vllm,casperhansen/llama-3.3-70b-instruct-awq,"{   ""self_reported_group_ca"": 22,   ""self_reported_interpersonal_ca"": 18,   ""self_reported_band_group"": ""high"",   ""self_reported_band_interpersonal"": ""moderate"" }",,22,18,high,moderate
6f9e371b4c6344b508682fe9372a27453abe9dffde0b9aa6a603d539ff78271e__v3_rideshare,6f9e371b4c6344b508682fe9372a27453abe9dffde0b9aa6a603d539ff78271e,v3_rideshare,vllm,casperhansen/llama-3.3-70b-instruct-awq,"{   ""self_reported_group_ca"": 22,   ""self_reported_interpersonal_ca"": 18,   ""self_reported_band_group"": ""high"",   ""self_reported_band_interpersonal"": ""moderate"" }",,22,18,high,moderate
6f9e371b4c6344b508682fe9372a27453abe9dffde0b9aa6a603d539ff78271e__v3_public_transit,6f9e371b4c6344b508682fe9372a27453abe9dffde0b9aa6a603d539ff78271e,v3_public_transit,vllm,casperhansen/llama-3.3-70b-instruct-awq,"{   ""self_reported_group_ca"": 22,   ""self_reported_interpersonal_ca"": 18,   ""self_reported_band_group"": ""high"",   ""self_reported_band_interpersonal"": ""moderate"" }",,22,18,high,moderate
6f9e371b4c6344b508682fe9372a27453abe9dffde0b9aa6a603d539ff78271e__v3_voice,6f9e371b4c6344b508682fe9372a27453abe9dffde0b9aa6a603d539ff78271e,v3_voice,vllm,casperhansen/llama-3.3-70b-instruct-awq,"{   ""self_reported_group_ca"": 22,   ""self_reported_interpersonal_ca"": 18,   ""self_reported_band_group"": ""high"",   ""self_reported_band_interpersonal"": ""moderate"" }",,22,18,high,moderate
2698ceeea3b488344028f36ddea21d6f10eb7e9f6f52b45b600f3cb73c5a653e__demos,2698ceeea3b488344028f36ddea21d6f10eb7e9f6f52b45b600f3cb73c5a653e,demos,vllm,casperhansen/llama-3.3-70b-instruct-awq,"{   ""self_reported_group_ca"": 18,   ""self_reported_interpersonal_ca"": 12,   ""self_reported_band_group"": ""moderate"",   ""self_reported_band_interpersonal"": ""low"" }",,18,12,moderate,low
2698ceeea3b488344028f36ddea21d6f10eb7e9f6f52b45b600f3cb73c5a653e__employment,2698ceeea3b488344028f36ddea21d6f10eb7e9f6f52b45b600f3cb73c5a653e,employment,vllm,casperhansen/llama-3.3-70b-instruct-awq,"{   ""self_reported_group_ca"": 18,   ""self_reported_interpersonal_ca"": 12,   ""self_reported_band_group"": ""moderate"",   ""self_reported_band_interpersonal"": ""low"" }",,18,12,moderate,low
2698ceeea3b488344028f36ddea21d6f10eb7e9f6f52b45b600f3cb73c5a653e__geo,2698ceeea3b488344028f36ddea21d6f10eb7e9f6f52b45b600f3cb73c5a653e,geo,vllm,casperhansen/llama-3.3-70b-instruct-awq,"{   ""self_reported_group_ca"": 18,   ""self_reported_interpersonal_ca"": 12,   ""self_reported_band_group"": ""moderate"",   ""self_reported_band_interpersonal"": ""low"" }",,18,12,moderate,low
2698ceeea3b488344028f36ddea21d6f10eb7e9f6f52b45b600f3cb73c5a653e__transit,2698ceeea3b488344028f36ddea21d6f10eb7e9f6f52b45b600f3cb73c5a653e,transit,vllm,casperhansen/llama-3.3-70b-instruct-awq,"{   ""self_reported_group_ca"": 18,   ""self_reported_interpersonal_ca"": 12,   ""self_reported_band_group"": ""moderate"",   ""self_reported_band_interpersonal"": ""low"" }",,18,12,moderate,low
2698ceeea3b488344028f36ddea21d6f10eb7e9f6f52b45b600f3cb73c5a653e__full,2698ceeea3b488344028f36ddea21d6f10eb7e9f6f52b45b600f3cb73c5a653e,full,vllm,casperhansen/llama-3.3-70b-instruct-awq,"{   ""self_reported_group_ca"": 18,   ""self_reported_interpersonal_ca"": 12,   ""self_reported_band_group"": ""moderate"",   ""self_reported_band_interpersonal"": ""low"" }",,18,12,moderate,low
2698ceeea3b488344028f36ddea21d6f10eb7e9f6f52b45b600f3cb73c5a653e__v3_rideshare,2698ceeea3b488344028f36ddea21d6f10eb7e9f6f52b45b600f3cb73c5a653e,v3_rideshare,vllm,casperhansen/llama-3.3-70b-instruct-awq,"{   ""self_reported_group_ca"": 18,   ""self_reported_interpersonal_ca"": 12,   ""self_reported_band_group"": ""moderate"",   ""self_reported_band_interpersonal"": ""low"" }",,18,12,moderate,low
2698ceeea3b488344028f36ddea21d6f10eb7e9f6f52b45b600f3cb73c5a653e__v3_public_transit,2698ceeea3b488344028f36ddea21d6f10eb7e9f6f52b45b600f3cb73c5a653e,v3_public_transit,vllm,casperhansen/llama-3.3-70b-instruct-awq,"{   ""self_reported_group_ca"": 18,   ""self_reported_interpersonal_ca"": 12,   ""self_reported_band_group"": ""moderate"",   ""self_reported_band_interpersonal"": ""low"" }",,18,12,moderate,low
2698ceeea3b488344028f36ddea21d6f10eb7e9f6f52b45b600f3cb73c5a653e__v3_voice,2698ceeea3b488344028f36ddea21d6f10eb7e9f6f52b45b600f3cb73c5a653e,v3_voice,vllm,casperhansen/llama-3.3-70b-instruct-awq,"{   ""self_reported_group_ca"": 18,   ""self_reported_interpersonal_ca"": 12,   ""self_reported_band_group"": ""moderate"",   ""self_reported_band_interpersonal"": ""low"" }",,18,12,moderate,low
824e6158f3fe9ca2d5f5a900c63904b01bc648d6a92dda58f6b1ebd2c38cd08a__demos,824e6158f3fe9ca2d5f5a900c63904b01bc648d6a92dda58f6b1ebd2c38cd08a,demos,vllm,casperhansen/llama-3.3-70b-instruct-awq,"{   ""self_reported_group_ca"": 18,   ""self_reported_interpersonal_ca"": 12,   ""self_reported_band_group"": ""moderate"",   ""self_reported_band_interpersonal"": ""low"" }",,18,12,moderate,low
824e6158f3fe9ca2d5f5a900c63904b01bc648d6a92dda58f6b1ebd2c38cd08a__employment,824e6158f3fe9ca2d5f5a900c63904b01bc648d6a92dda58f6b1ebd2c38cd08a,employment,vllm,casperhansen/llama-3.3-70b-instruct-awq,"{   ""self_reported_group_ca"": 18,   ""self_reported_interpersonal_ca"": 12,   ""self_reported_band_group"": ""moderate"",   ""self_reported_band_interpersonal"": ""low"" }",,18,12,moderate,low
824e6158f3fe9ca2d5f5a900c63904b01bc648d6a92dda58f6b1ebd2c38cd08a__geo,824e6158f3fe9ca2d5f5a900c63904b01bc648d6a92dda58f6b1ebd2c38cd08a,geo,vllm,casperhansen/llama-3.3-70b-instruct-awq,"{   ""self_reported_group_ca"": 18,   ""self_reported_interpersonal_ca"": 12,   ""self_reported_band_group"": ""moderate"",   ""self_reported_band_interpersonal"": ""low"" }",,18,12,moderate,low
824e6158f3fe9ca2d5f5a900c63904b01bc648d6a92dda58f6b1ebd2c38cd08a__transit,824e6158f3fe9ca2d5f5a900c63904b01bc648d6a92dda58f6b1ebd2c38cd08a,transit,vllm,casperhansen/llama-3.3-70b-instruct-awq,"{   ""self_reported_group_ca"": 18,   ""self_reported_interpersonal_ca"": 12,   ""self_reported_band_group"": ""moderate"",   ""self_reported_band_interpersonal"": ""low"" }",,18,12,moderate,low
824e6158f3fe9ca2d5f5a900c63904b01bc648d6a92dda58f6b1ebd2c38cd08a__full,824e6158f3fe9ca2d5f5a900c63904b01bc648d6a92dda58f6b1ebd2c38cd08a,full,vllm,casperhansen/llama-3.3-70b-instruct-awq,"{   ""self_reported_group_ca"": 18,   ""self_reported_interpersonal_ca"": 12,   ""self_reported_band_group"": ""moderate"",   ""self_reported_band_interpersonal"": ""low"" }",,18,12,moderate,low
824e6158f3fe9ca2d5f5a900c63904b01bc648d6a92dda58f6b1ebd2c38cd08a__v3_rideshare,824e6158f3fe9ca2d5f5a900c63904b01bc648d6a92dda58f6b1ebd2c38cd08a,v3_rideshare,vllm,casperhansen/llama-3.3-70b-instruct-awq,"{   ""self_reported_group_ca"": 18,   ""self_reported_interpersonal_ca"": 12,   ""self_reported_band_group"": ""moderate"",   ""self_reported_band_interpersonal"": ""low"" }",,18,12,moderate,low
824e6158f3fe9ca2d5f5a900c63904b01bc648d6a92dda58f6b1ebd2c38cd08a__v3_public_transit,824e6158f3fe9ca2d5f5a900c63904b01bc648d6a92dda58f6b1ebd2c38cd08a,v3_public_transit,vllm,casperhansen/llama-3.3-70b-instruct-awq,"{   ""self_reported_group_ca"": 18,   ""self_reported_interpersonal_ca"": 12,   ""self_reported_band_group"": ""moderate"",   ""self_reported_band_interpersonal"": ""low"" }",,18,12,moderate,low
824e6158f3fe9ca2d5f5a900c63904b01bc648d6a92dda58f6b1ebd2c38cd08a__v3_voice,824e6158f3fe9ca2d5f5a900c63904b01bc648d6a92dda58f6b1ebd2c38cd08a,v3_voice,vllm,casperhansen/llama-3.3-70b-instruct-awq,"{   ""self_reported_group_ca"": 18,   ""self_reported_interpersonal_ca"": 12,   ""self_reported_band_group"": ""moderate"",   ""self_reported_band_interpersonal"": ""low"" }",,18,12,moderate,low
69a1e323f9ecf1f1a5394acbbb885e0746fa5239d75444deebcf14de1a4b3e05__demos,69a1e323f9ecf1f1a5394acbbb885e0746fa5239d75444deebcf14de1a4b3e05,demos,vllm,casperhansen/llama-3.3-70b-instruct-awq,"{   ""self_reported_group_ca"": 18,   ""self_reported_interpersonal_ca"": 12,   ""self_reported_band_group"": ""moderate"",   ""self_reported_band_interpersonal"": ""low"" }",,18,12,moderate,low
69a1e323f9ecf1f1a5394acbbb885e0746fa5239d75444deebcf14de1a4b3e05__employment,69a1e323f9ecf1f1a5394acbbb885e0746fa5239d75444deebcf14de1a4b3e05,employment,vllm,casperhansen/llama-3.3-70b-instruct-awq,"{   ""self_reported_group_ca"": 18,   ""self_reported_interpersonal_ca"": 12,   ""self_reported_band_group"": ""moderate"",   ""self_reported_band_interpersonal"": ""low"" }",,18,12,moderate,low
69a1e323f9ecf1f1a5394acbbb885e0746fa5239d75444deebcf14de1a4b3e05__geo,69a1e323f9ecf1f1a5394acbbb885e0746fa5239d75444deebcf14de1a4b3e05,geo,vllm,casperhansen/llama-3.3-70b-instruct-awq,"{   ""self_reported_group_ca"": 18,   ""self_reported_interpersonal_ca"": 12,   ""self_reported_band_group"": ""moderate"",   ""self_reported_band_interpersonal"": ""low"" }",,18,12,moderate,low
69a1e323f9ecf1f1a5394acbbb885e0746fa5239d75444deebcf14de1a4b3e05__transit,69a1e323f9ecf1f1a5394acbbb885e0746fa5239d75444deebcf14de1a4b3e05,transit,vllm,casperhansen/llama-3.3-70b-instruct-awq,"{   ""self_reported_group_ca"": 18,   ""self_reported_interpersonal_ca"": 12,   ""self_reported_band_group"": ""moderate"",   ""self_reported_band_interpersonal"": ""low"" }",,18,12,moderate,low
69a1e323f9ecf1f1a5394acbbb885e0746fa5239d75444deebcf14de1a4b3e05__full,69a1e323f9ecf1f1a5394acbbb885e0746fa5239d75444deebcf14de1a4b3e05,full,vllm,casperhansen/llama-3.3-70b-instruct-awq,"{   ""self_reported_group_ca"": 18,   ""self_reported_interpersonal_ca"": 12,   ""self_reported_band_group"": ""moderate"",   ""self_reported_band_interpersonal"": ""low"" }",,18,12,moderate,low
69a1e323f9ecf1f1a5394acbbb885e0746fa5239d75444deebcf14de1a4b3e05__v3_rideshare,69a1e323f9ecf1f1a5394acbbb885e0746fa5239d75444deebcf14de1a4b3e05,v3_rideshare,vllm,casperhansen/llama-3.3-70b-instruct-awq,"{   ""self_reported_group_ca"": 18,   ""self_reported_interpersonal_ca"": 12,   ""self_reported_band_group"": ""moderate"",   ""self_reported_band_interpersonal"": ""low"" }",,18,12,moderate,low
69a1e323f9ecf1f1a5394acbbb885e0746fa5239d75444deebcf14de1a4b3e05__v3_public_transit,69a1e323f9ecf1f1a5394acbbb885e0746fa5239d75444deebcf14de1a4b3e05,v3_public_transit,vllm,casperhansen/llama-3.3-70b-instruct-awq,"{   ""self_reported_group_ca"": 18,   ""self_reported_interpersonal_ca"": 12,   ""self_reported_band_group"": ""moderate"",   ""self_reported_band_interpersonal"": ""low"" }",,18,12,moderate,low
69a1e323f9ecf1f1a5394acbbb885e0746fa5239d75444deebcf14de1a4b3e05__v3_voice,69a1e323f9ecf1f1a5394acbbb885e0746fa5239d75444deebcf14de1a4b3e05,v3_voice,vllm,casperhansen/llama-3.3-70b-instruct-awq,"{   ""self_reported_group_ca"": 18,   ""self_reported_interpersonal_ca"": 12,   ""self_reported_band_group"": ""moderate"",   ""self_reported_band_interpersonal"": ""low"" }",,18,12,moderate,low
ba5a07538964cca5db14208b6d3a24e9cb0a1d5c04256021e270169f603810df__demos,ba5a07538964cca5db14208b6d3a24e9cb0a1d5c04256021e270169f603810df,demos,vllm,casperhansen/llama-3.3-70b-instruct-awq,"{   ""self_reported_group_ca"": 18,   ""self_reported_interpersonal_ca"": 12,   ""self_reported_band_group"": ""moderate"",   ""self_reported_band_interpersonal"": ""low"" }",,18,12,moderate,low
ba5a07538964cca5db14208b6d3a24e9cb0a1d5c04256021e270169f603810df__employment,ba5a07538964cca5db14208b6d3a24e9cb0a1d5c04256021e270169f603810df,employment,vllm,casperhansen/llama-3.3-70b-instruct-awq,"{   ""self_reported_group_ca"": 18,   ""self_reported_interpersonal_ca"": 12,   ""self_reported_band_group"": ""moderate"",   ""self_reported_band_interpersonal"": ""low"" }",,18,12,moderate,low
ba5a07538964cca5db14208b6d3a24e9cb0a1d5c04256021e270169f603810df__geo,ba5a07538964cca5db14208b6d3a24e9cb0a1d5c04256021e270169f603810df,geo,vllm,casperhansen/llama-3.3-70b-instruct-awq,"{   ""self_reported_group_ca"": 18,   ""self_reported_interpersonal_ca"": 12,   ""self_reported_band_group"": ""moderate"",   ""self_reported_band_interpersonal"": ""low"" }",,18,12,moderate,low
ba5a07538964cca5db14208b6d3a24e9cb0a1d5c04256021e270169f603810df__transit,ba5a07538964cca5db14208b6d3a24e9cb0a1d5c04256021e270169f603810df,transit,vllm,casperhansen/llama-3.3-70b-instruct-awq,"{   ""self_reported_group_ca"": 18,   ""self_reported_interpersonal_ca"": 12,   ""self_reported_band_group"": ""moderate"",   ""self_reported_band_interpersonal"": ""low"" }",,18,12,moderate,low
ba5a07538964cca5db14208b6d3a24e9cb0a1d5c04256021e270169f603810df__full,ba5a07538964cca5db14208b6d3a24e9cb0a1d5c04256021e270169f603810df,full,vllm,casperhansen/llama-3.3-70b-instruct-awq,"{   ""self_reported_group_ca"": 18,   ""self_reported_interpersonal_ca"": 12,   ""self_reported_band_group"": ""moderate"",   ""self_reported_band_interpersonal"": ""low"" }",,18,12,moderate,low
ba5a07538964cca5db14208b6d3a24e9cb0a1d5c04256021e270169f603810df__v3_rideshare,ba5a07538964cca5db14208b6d3a24e9cb0a1d5c04256021e270169f603810df,v3_rideshare,vllm,casperhansen/llama-3.3-70b-instruct-awq,"{   ""self_reported_group_ca"": 18,   ""self_reported_interpersonal_ca"": 12,   ""self_reported_band_group"": ""moderate"",   ""self_reported_band_interpersonal"": ""low"" }",,18,12,moderate,low
ba5a07538964cca5db14208b6d3a24e9cb0a1d5c04256021e270169f603810df__v3_public_transit,ba5a07538964cca5db14208b6d3a24e9cb0a1d5c04256021e270169f603810df,v3_public_transit,vllm,casperhansen/llama-3.3-70b-instruct-awq,"{   ""self_reported_group_ca"": 18,   ""self_reported_interpersonal_ca"": 12,   ""self_reported_band_group"": ""moderate"",   ""self_reported_band_interpersonal"": ""low"" }",,18,12,moderate,low
ba5a07538964cca5db14208b6d3a24e9cb0a1d5c04256021e270169f603810df__v3_voice,ba5a07538964cca5db14208b6d3a24e9cb0a1d5c04256021e270169f603810df,v3_voice,vllm,casperhansen/llama-3.3-70b-instruct-awq,"{   ""self_reported_group_ca"": 18,   ""self_reported_interpersonal_ca"": 12,   ""self_reported_band_group"": ""moderate"",   ""self_reported_band_interpersonal"": ""low"" }",,18,12,moderate,low
601b400556a75119b237646aa088198be8ba185f5a5b3c81c3588416142acd70__demos,601b400556a75119b237646aa088198be8ba185f5a5b3c81c3588416142acd70,demos,vllm,casperhansen/llama-3.3-70b-instruct-awq,"{   ""self_reported_group_ca"": 18,   ""self_reported_interpersonal_ca"": 12,   ""self_reported_band_group"": ""moderate"",   ""self_reported_band_interpersonal"": ""low"" }",,18,12,moderate,low
601b400556a75119b237646aa088198be8ba185f5a5b3c81c3588416142acd70__employment,601b400556a75119b237646aa088198be8ba185f5a5b3c81c3588416142acd70,employment,vllm,casperhansen/llama-3.3-70b-instruct-awq,"{   ""self_reported_group_ca"": 18,   ""self_reported_interpersonal_ca"": 12,   ""self_reported_band_group"": ""moderate"",   ""self_reported_band_interpersonal"": ""low"" }",,18,12,moderate,low
601b400556a75119b237646aa088198be8ba185f5a5b3c81c3588416142acd70__geo,601b400556a75119b237646aa088198be8ba185f5a5b3c81c3588416142acd70,geo,vllm,casperhansen/llama-3.3-70b-instruct-awq,"{   ""self_reported_group_ca"": 18,   ""self_reported_interpersonal_ca"": 12,   ""self_reported_band_group"": ""moderate"",   ""self_reported_band_interpersonal"": ""low"" }",,18,12,moderate,low
601b400556a75119b237646aa088198be8ba185f5a5b3c81c3588416142acd70__transit,601b400556a75119b237646aa088198be8ba185f5a5b3c81c3588416142acd70,transit,vllm,casperhansen/llama-3.3-70b-instruct-awq,"{   ""self_reported_group_ca"": 18,   ""self_reported_interpersonal_ca"": 12,   ""self_reported_band_group"": ""moderate"",   ""self_reported_band_interpersonal"": ""low"" }",,18,12,moderate,low
601b400556a75119b237646aa088198be8ba185f5a5b3c81c3588416142acd70__full,601b400556a75119b237646aa088198be8ba185f5a5b3c81c3588416142acd70,full,vllm,casperhansen/llama-3.3-70b-instruct-awq,"{   ""self_reported_group_ca"": 18,   ""self_reported_interpersonal_ca"": 12,   ""self_reported_band_group"": ""moderate"",   ""self_reported_band_interpersonal"": ""low"" }",,18,12,moderate,low
601b400556a75119b237646aa088198be8ba185f5a5b3c81c3588416142acd70__v3_rideshare,601b400556a75119b237646aa088198be8ba185f5a5b3c81c3588416142acd70,v3_rideshare,vllm,casperhansen/llama-3.3-70b-instruct-awq,"{   ""self_reported_group_ca"": 18,   ""self_reported_interpersonal_ca"": 12,   ""self_reported_band_group"": ""moderate"",   ""self_reported_band_interpersonal"": ""low"" }",,18,12,moderate,low
601b400556a75119b237646aa088198be8ba185f5a5b3c81c3588416142acd70__v3_public_transit,601b400556a75119b237646aa088198be8ba185f5a5b3c81c3588416142acd70,v3_public_transit,vllm,casperhansen/llama-3.3-70b-instruct-awq,"{   ""self_reported_group_ca"": 18,   ""self_reported_interpersonal_ca"": 12,   ""self_reported_band_group"": ""moderate"",   ""self_reported_band_interpersonal"": ""low"" }",,18,12,moderate,low
601b400556a75119b237646aa088198be8ba185f5a5b3c81c3588416142acd70__v3_voice,601b400556a75119b237646aa088198be8ba185f5a5b3c81c3588416142acd70,v3_voice,vllm,casperhansen/llama-3.3-70b-instruct-awq,"{   ""self_reported_group_ca"": 18,   ""self_reported_interpersonal_ca"": 12,   ""self_reported_band_group"": ""moderate"",   ""self_reported_band_interpersonal"": ""low"" }",,18,12,moderate,low
3427b7819bdc9a2b33bd933d622d2f83bd873de9a0e6438f57132ada28bd48d3__demos,3427b7819bdc9a2b33bd933d622d2f83bd873de9a0e6438f57132ada28bd48d3,demos,vllm,casperhansen/llama-3.3-70b-instruct-awq,"{   ""self_reported_group_ca"": 18,   ""self_reported_interpersonal_ca"": 12,   ""self_reported_band_group"": ""moderate"",   ""self_reported_band_interpersonal"": ""low"" }",,18,12,moderate,low
3427b7819bdc9a2b33bd933d622d2f83bd873de9a0e6438f57132ada28bd48d3__employment,3427b7819bdc9a2b33bd933d622d2f83bd873de9a0e6438f57132ada28bd48d3,employment,vllm,casperhansen/llama-3.3-70b-instruct-awq,"{   ""self_reported_group_ca"": 18,   ""self_reported_interpersonal_ca"": 12,   ""self_reported_band_group"": ""moderate"",   ""self_reported_band_interpersonal"": ""low"" }",,18,12,moderate,low
3427b7819bdc9a2b33bd933d622d2f83bd873de9a0e6438f57132ada28bd48d3__geo,3427b7819bdc9a2b33bd933d622d2f83bd873de9a0e6438f57132ada28bd48d3,geo,vllm,casperhansen/llama-3.3-70b-instruct-awq,"{   ""self_reported_group_ca"": 18,   ""self_reported_interpersonal_ca"": 12,   ""self_reported_band_group"": ""moderate"",   ""self_reported_band_interpersonal"": ""low"" }",,18,12,moderate,low
3427b7819bdc9a2b33bd933d622d2f83bd873de9a0e6438f57132ada28bd48d3__transit,3427b7819bdc9a2b33bd933d622d2f83bd873de9a0e6438f57132ada28bd48d3,transit,vllm,casperhansen/llama-3.3-70b-instruct-awq,"{   ""self_reported_group_ca"": 18,   ""self_reported_interpersonal_ca"": 12,   ""self_reported_band_group"": ""moderate"",   ""self_reported_band_interpersonal"": ""low"" }",,18,12,moderate,low
3427b7819bdc9a2b33bd933d622d2f83bd873de9a0e6438f57132ada28bd48d3__full,3427b7819bdc9a2b33bd933d622d2f83bd873de9a0e6438f57132ada28bd48d3,full,vllm,casperhansen/llama-3.3-70b-instruct-awq,"{   ""self_reported_group_ca"": 18,   ""self_reported_interpersonal_ca"": 12,   ""self_reported_band_group"": ""moderate"",   ""self_reported_band_interpersonal"": ""low"" }",,18,12,moderate,low
3427b7819bdc9a2b33bd933d622d2f83bd873de9a0e6438f57132ada28bd48d3__v3_rideshare,3427b7819bdc9a2b33bd933d622d2f83bd873de9a0e6438f57132ada28bd48d3,v3_rideshare,vllm,casperhansen/llama-3.3-70b-instruct-awq,"{   ""self_reported_group_ca"": 18,   ""self_reported_interpersonal_ca"": 12,   ""self_reported_band_group"": ""moderate"",   ""self_reported_band_interpersonal"": ""low"" }",,18,12,moderate,low
3427b7819bdc9a2b33bd933d622d2f83bd873de9a0e6438f57132ada28bd48d3__v3_public_transit,3427b7819bdc9a2b33bd933d622d2f83bd873de9a0e6438f57132ada28bd48d3,v3_public_transit,vllm,casperhansen/llama-3.3-70b-instruct-awq,"{   ""self_reported_group_ca"": 18,   ""self_reported_interpersonal_ca"": 12,   ""self_reported_band_group"": ""moderate"",   ""self_reported_band_interpersonal"": ""low"" }",,18,12,moderate,low
3427b7819bdc9a2b33bd933d622d2f83bd873de9a0e6438f57132ada28bd48d3__v3_voice,3427b7819bdc9a2b33bd933d622d2f83bd873de9a0e6438f57132ada28bd48d3,v3_voice,vllm,casperhansen/llama-3.3-70b-instruct-awq,"{   ""self_reported_group_ca"": 18,   ""self_reported_interpersonal_ca"": 12,   ""self_reported_band_group"": ""moderate"",   ""self_reported_band_interpersonal"": ""low"" }",,18,12,moderate,low
5b63c889cdfa49c22fc68663ef6c7b84e08c9a4af3bd10dbc1807ae9d71838a5__demos,5b63c889cdfa49c22fc68663ef6c7b84e08c9a4af3bd10dbc1807ae9d71838a5,demos,vllm,casperhansen/llama-3.3-70b-instruct-awq,"{   ""self_reported_group_ca"": 18,   ""self_reported_interpersonal_ca"": 12,   ""self_reported_band_group"": ""moderate"",   ""self_reported_band_interpersonal"": ""low"" }",,18,12,moderate,low
5b63c889cdfa49c22fc68663ef6c7b84e08c9a4af3bd10dbc1807ae9d71838a5__employment,5b63c889cdfa49c22fc68663ef6c7b84e08c9a4af3bd10dbc1807ae9d71838a5,employment,vllm,casperhansen/llama-3.3-70b-instruct-awq,"{   ""self_reported_group_ca"": 18,   ""self_reported_interpersonal_ca"": 12,   ""self_reported_band_group"": ""moderate"",   ""self_reported_band_interpersonal"": ""low"" }",,18,12,moderate,low
5b63c889cdfa49c22fc68663ef6c7b84e08c9a4af3bd10dbc1807ae9d71838a5__geo,5b63c889cdfa49c22fc68663ef6c7b84e08c9a4af3bd10dbc1807ae9d71838a5,geo,vllm,casperhansen/llama-3.3-70b-instruct-awq,"{   ""self_reported_group_ca"": 18,   ""self_reported_interpersonal_ca"": 12,   ""self_reported_band_group"": ""moderate"",   ""self_reported_band_interpersonal"": ""low"" }",,18,12,moderate,low
5b63c889cdfa49c22fc68663ef6c7b84e08c9a4af3bd10dbc1807ae9d71838a5__transit,5b63c889cdfa49c22fc68663ef6c7b84e08c9a4af3bd10dbc1807ae9d71838a5,transit,vllm,casperhansen/llama-3.3-70b-instruct-awq,"{   ""self_reported_group_ca"": 18,   ""self_reported_interpersonal_ca"": 12,   ""self_reported_band_group"": ""moderate"",   ""self_reported_band_interpersonal"": ""low"" }",,18,12,moderate,low
5b63c889cdfa49c22fc68663ef6c7b84e08c9a4af3bd10dbc1807ae9d71838a5__full,5b63c889cdfa49c22fc68663ef6c7b84e08c9a4af3bd10dbc1807ae9d71838a5,full,vllm,casperhansen/llama-3.3-70b-instruct-awq,"{   ""self_reported_group_ca"": 18,   ""self_reported_interpersonal_ca"": 12,   ""self_reported_band_group"": ""moderate"",   ""self_reported_band_interpersonal"": ""low"" }",,18,12,moderate,low
5b63c889cdfa49c22fc68663ef6c7b84e08c9a4af3bd10dbc1807ae9d71838a5__v3_rideshare,5b63c889cdfa49c22fc68663ef6c7b84e08c9a4af3bd10dbc1807ae9d71838a5,v3_rideshare,vllm,casperhansen/llama-3.3-70b-instruct-awq,"{   ""self_reported_group_ca"": 18,   ""self_reported_interpersonal_ca"": 12,   ""self_reported_band_group"": ""moderate"",   ""self_reported_band_interpersonal"": ""low"" }",,18,12,moderate,low
5b63c889cdfa49c22fc68663ef6c7b84e08c9a4af3bd10dbc1807ae9d71838a5__v3_public_transit,5b63c889cdfa49c22fc68663ef6c7b84e08c9a4af3bd10dbc1807ae9d71838a5,v3_public_transit,vllm,casperhansen/llama-3.3-70b-instruct-awq,"{   ""self_reported_group_ca"": 18,   ""self_reported_interpersonal_ca"": 12,   ""self_reported_band_group"": ""moderate"",   ""self_reported_band_interpersonal"": ""low"" }",,18,12,moderate,low
5b63c889cdfa49c22fc68663ef6c7b84e08c9a4af3bd10dbc1807ae9d71838a5__v3_voice,5b63c889cdfa49c22fc68663ef6c7b84e08c9a4af3bd10dbc1807ae9d71838a5,v3_voice,vllm,casperhansen/llama-3.3-70b-instruct-awq,"{   ""self_reported_group_ca"": 18,   ""self_reported_interpersonal_ca"": 12,   ""self_reported_band_group"": ""moderate"",   ""self_reported_band_interpersonal"": ""low"" }",,18,12,moderate,low
eb3fb8ec6b1b1d4188b8311ad1b26ab7b1059c5e1f7200b2bad3857aaa6bc319__demos,eb3fb8ec6b1b1d4188b8311ad1b26ab7b1059c5e1f7200b2bad3857aaa6bc319,demos,vllm,casperhansen/llama-3.3-70b-instruct-awq,"{   ""self_reported_group_ca"": 18,   ""self_reported_interpersonal_ca"": 12,   ""self_reported_band_group"": ""moderate"",   ""self_reported_band_interpersonal"": ""low"" }",,18,12,moderate,low
eb3fb8ec6b1b1d4188b8311ad1b26ab7b1059c5e1f7200b2bad3857aaa6bc319__employment,eb3fb8ec6b1b1d4188b8311ad1b26ab7b1059c5e1f7200b2bad3857aaa6bc319,employment,vllm,casperhansen/llama-3.3-70b-instruct-awq,"{   ""self_reported_group_ca"": 18,   ""self_reported_interpersonal_ca"": 12,   ""self_reported_band_group"": ""moderate"",   ""self_reported_band_interpersonal"": ""low"" }",,18,12,moderate,low
eb3fb8ec6b1b1d4188b8311ad1b26ab7b1059c5e1f7200b2bad3857aaa6bc319__geo,eb3fb8ec6b1b1d4188b8311ad1b26ab7b1059c5e1f7200b2bad3857aaa6bc319,geo,vllm,casperhansen/llama-3.3-70b-instruct-awq,"{   ""self_reported_group_ca"": 18,   ""self_reported_interpersonal_ca"": 12,   ""self_reported_band_group"": ""moderate"",   ""self_reported_band_interpersonal"": ""low"" }",,18,12,moderate,low
eb3fb8ec6b1b1d4188b8311ad1b26ab7b1059c5e1f7200b2bad3857aaa6bc319__transit,eb3fb8ec6b1b1d4188b8311ad1b26ab7b1059c5e1f7200b2bad3857aaa6bc319,transit,vllm,casperhansen/llama-3.3-70b-instruct-awq,"{   ""self_reported_group_ca"": 18,   ""self_reported_interpersonal_ca"": 12,   ""self_reported_band_group"": ""moderate"",   ""self_reported_band_interpersonal"": ""low"" }",,18,12,moderate,low
eb3fb8ec6b1b1d4188b8311ad1b26ab7b1059c5e1f7200b2bad3857aaa6bc319__full,eb3fb8ec6b1b1d4188b8311ad1b26ab7b1059c5e1f7200b2bad3857aaa6bc319,full,vllm,casperhansen/llama-3.3-70b-instruct-awq,"{   ""self_reported_group_ca"": 18,   ""self_reported_interpersonal_ca"": 12,   ""self_reported_band_group"": ""moderate"",   ""self_reported_band_interpersonal"": ""low"" }",,18,12,moderate,low
eb3fb8ec6b1b1d4188b8311ad1b26ab7b1059c5e1f7200b2bad3857aaa6bc319__v3_rideshare,eb3fb8ec6b1b1d4188b8311ad1b26ab7b1059c5e1f7200b2bad3857aaa6bc319,v3_rideshare,vllm,casperhansen/llama-3.3-70b-instruct-awq,"{   ""self_reported_group_ca"": 18,   ""self_reported_interpersonal_ca"": 12,   ""self_reported_band_group"": ""moderate"",   ""self_reported_band_interpersonal"": ""low"" }",,18,12,moderate,low
eb3fb8ec6b1b1d4188b8311ad1b26ab7b1059c5e1f7200b2bad3857aaa6bc319__v3_public_transit,eb3fb8ec6b1b1d4188b8311ad1b26ab7b1059c5e1f7200b2bad3857aaa6bc319,v3_public_transit,vllm,casperhansen/llama-3.3-70b-instruct-awq,"{   ""self_reported_group_ca"": 18,   ""self_reported_interpersonal_ca"": 12,   ""self_reported_band_group"": ""moderate"",   ""self_reported_band_interpersonal"": ""low"" }",,18,12,moderate,low
eb3fb8ec6b1b1d4188b8311ad1b26ab7b1059c5e1f7200b2bad3857aaa6bc319__v3_voice,eb3fb8ec6b1b1d4188b8311ad1b26ab7b1059c5e1f7200b2bad3857aaa6bc319,v3_voice,vllm,casperhansen/llama-3.3-70b-instruct-awq,"{   ""self_reported_group_ca"": 18,   ""self_reported_interpersonal_ca"": 12,   ""self_reported_band_group"": ""moderate"",   ""self_reported_band_interpersonal"": ""low"" }",,18,12,moderate,low
e21f07493dd1dcc3623d141df8b718e376a303a6bb6a8932af1e4417297a9942__demos,e21f07493dd1dcc3623d141df8b718e376a303a6bb6a8932af1e4417297a9942,demos,vllm,casperhansen/llama-3.3-70b-instruct-awq,"{   ""self_reported_group_ca"": 18,   ""self_reported_interpersonal_ca"": 12,   ""self_reported_band_group"": ""moderate"",   ""self_reported_band_interpersonal"": ""low"" }",,18,12,moderate,low
e21f07493dd1dcc3623d141df8b718e376a303a6bb6a8932af1e4417297a9942__employment,e21f07493dd1dcc3623d141df8b718e376a303a6bb6a8932af1e4417297a9942,employment,vllm,casperhansen/llama-3.3-70b-instruct-awq,"{   ""self_reported_group_ca"": 18,   ""self_reported_interpersonal_ca"": 12,   ""self_reported_band_group"": ""moderate"",   ""self_reported_band_interpersonal"": ""low"" }",,18,12,moderate,low
e21f07493dd1dcc3623d141df8b718e376a303a6bb6a8932af1e4417297a9942__geo,e21f07493dd1dcc3623d141df8b718e376a303a6bb6a8932af1e4417297a9942,geo,vllm,casperhansen/llama-3.3-70b-instruct-awq,"{   ""self_reported_group_ca"": 18,   ""self_reported_interpersonal_ca"": 12,   ""self_reported_band_group"": ""moderate"",   ""self_reported_band_interpersonal"": ""low"" }",,18,12,moderate,low
e21f07493dd1dcc3623d141df8b718e376a303a6bb6a8932af1e4417297a9942__transit,e21f07493dd1dcc3623d141df8b718e376a303a6bb6a8932af1e4417297a9942,transit,vllm,casperhansen/llama-3.3-70b-instruct-awq,"{   ""self_reported_group_ca"": 18,   ""self_reported_interpersonal_ca"": 12,   ""self_reported_band_group"": ""moderate"",   ""self_reported_band_interpersonal"": ""low"" }",,18,12,moderate,low
e21f07493dd1dcc3623d141df8b718e376a303a6bb6a8932af1e4417297a9942__full,e21f07493dd1dcc3623d141df8b718e376a303a6bb6a8932af1e4417297a9942,full,vllm,casperhansen/llama-3.3-70b-instruct-awq,"{   ""self_reported_group_ca"": 18,   ""self_reported_interpersonal_ca"": 12,   ""self_reported_band_group"": ""moderate"",   ""self_reported_band_interpersonal"": ""low"" }",,18,12,moderate,low
e21f07493dd1dcc3623d141df8b718e376a303a6bb6a8932af1e4417297a9942__v3_rideshare,e21f07493dd1dcc3623d141df8b718e376a303a6bb6a8932af1e4417297a9942,v3_rideshare,vllm,casperhansen/llama-3.3-70b-instruct-awq,"{   ""self_reported_group_ca"": 18,   ""self_reported_interpersonal_ca"": 12,   ""self_reported_band_group"": ""moderate"",   ""self_reported_band_interpersonal"": ""low"" }",,18,12,moderate,low
e21f07493dd1dcc3623d141df8b718e376a303a6bb6a8932af1e4417297a9942__v3_public_transit,e21f07493dd1dcc3623d141df8b718e376a303a6bb6a8932af1e4417297a9942,v3_public_transit,vllm,casperhansen/llama-3.3-70b-instruct-awq,"{   ""self_reported_group_ca"": 18,   ""self_reported_interpersonal_ca"": 12,   ""self_reported_band_group"": ""moderate"",   ""self_reported_band_interpersonal"": ""low"" }",,18,12,moderate,low
e21f07493dd1dcc3623d141df8b718e376a303a6bb6a8932af1e4417297a9942__v3_voice,e21f07493dd1dcc3623d141df8b718e376a303a6bb6a8932af1e4417297a9942,v3_voice,vllm,casperhansen/llama-3.3-70b-instruct-awq,"{   ""self_reported_group_ca"": 18,   ""self_reported_interpersonal_ca"": 12,   ""self_reported_band_group"": ""moderate"",   ""self_reported_band_interpersonal"": ""low"" }",,18,12,moderate,low
5afc1630f8d98f719050c5da87a28bb1e43c7c9a735e2d28236346006d90b84c__demos,5afc1630f8d98f719050c5da87a28bb1e43c7c9a735e2d28236346006d90b84c,demos,vllm,casperhansen/llama-3.3-70b-instruct-awq,"{   ""self_reported_group_ca"": 18,   ""self_reported_interpersonal_ca"": 12,   ""self_reported_band_group"": ""moderate"",   ""self_reported_band_interpersonal"": ""low"" }",,18,12,moderate,low
5afc1630f8d98f719050c5da87a28bb1e43c7c9a735e2d28236346006d90b84c__employment,5afc1630f8d98f719050c5da87a28bb1e43c7c9a735e2d28236346006d90b84c,employment,vllm,casperhansen/llama-3.3-70b-instruct-awq,"{   ""self_reported_group_ca"": 18,   ""self_reported_interpersonal_ca"": 12,   ""self_reported_band_group"": ""moderate"",   ""self_reported_band_interpersonal"": ""low"" }",,18,12,moderate,low
5afc1630f8d98f719050c5da87a28bb1e43c7c9a735e2d28236346006d90b84c__geo,5afc1630f8d98f719050c5da87a28bb1e43c7c9a735e2d28236346006d90b84c,geo,vllm,casperhansen/llama-3.3-70b-instruct-awq,"{   ""self_reported_group_ca"": 18,   ""self_reported_interpersonal_ca"": 12,   ""self_reported_band_group"": ""moderate"",   ""self_reported_band_interpersonal"": ""low"" }",,18,12,moderate,low
5afc1630f8d98f719050c5da87a28bb1e43c7c9a735e2d28236346006d90b84c__transit,5afc1630f8d98f719050c5da87a28bb1e43c7c9a735e2d28236346006d90b84c,transit,vllm,casperhansen/llama-3.3-70b-instruct-awq,"{   ""self_reported_group_ca"": 18,   ""self_reported_interpersonal_ca"": 12,   ""self_reported_band_group"": ""moderate"",   ""self_reported_band_interpersonal"": ""low"" }",,18,12,moderate,low
5afc1630f8d98f719050c5da87a28bb1e43c7c9a735e2d28236346006d90b84c__full,5afc1630f8d98f719050c5da87a28bb1e43c7c9a735e2d28236346006d90b84c,full,vllm,casperhansen/llama-3.3-70b-instruct-awq,"{   ""self_reported_group_ca"": 18,   ""self_reported_interpersonal_ca"": 12,   ""self_reported_band_group"": ""moderate"",   ""self_reported_band_interpersonal"": ""low"" }",,18,12,moderate,low
5afc1630f8d98f719050c5da87a28bb1e43c7c9a735e2d28236346006d90b84c__v3_rideshare,5afc1630f8d98f719050c5da87a28bb1e43c7c9a735e2d28236346006d90b84c,v3_rideshare,vllm,casperhansen/llama-3.3-70b-instruct-awq,"{   ""self_reported_group_ca"": 18,   ""self_reported_interpersonal_ca"": 12,   ""self_reported_band_group"": ""moderate"",   ""self_reported_band_interpersonal"": ""low"" }",,18,12,moderate,low
5afc1630f8d98f719050c5da87a28bb1e43c7c9a735e2d28236346006d90b84c__v3_public_transit,5afc1630f8d98f719050c5da87a28bb1e43c7c9a735e2d28236346006d90b84c,v3_public_transit,vllm,casperhansen/llama-3.3-70b-instruct-awq,"{   ""self_reported_group_ca"": 18,   ""self_reported_interpersonal_ca"": 12,   ""self_reported_band_group"": ""moderate"",   ""self_reported_band_interpersonal"": ""low"" }",,18,12,moderate,low
5afc1630f8d98f719050c5da87a28bb1e43c7c9a735e2d28236346006d90b84c__v3_voice,5afc1630f8d98f719050c5da87a28bb1e43c7c9a735e2d28236346006d90b84c,v3_voice,vllm,casperhansen/llama-3.3-70b-instruct-awq,"{   ""self_reported_group_ca"": 18,   ""self_reported_interpersonal_ca"": 12,   ""self_reported_band_group"": ""moderate"",   ""self_reported_band_interpersonal"": ""low"" }",,18,12,moderate,low
257a851f7e92bf8d22dd89f8a8265b75669dd7176d03a05bc400e037eabb3008__demos,257a851f7e92bf8d22dd89f8a8265b75669dd7176d03a05bc400e037eabb3008,demos,vllm,casperhansen/llama-3.3-70b-instruct-awq,"{   ""self_reported_group_ca"": 18,   ""self_reported_interpersonal_ca"": 12,   ""self_reported_band_group"": ""moderate"",   ""self_reported_band_interpersonal"": ""low"" }",,18,12,moderate,low
257a851f7e92bf8d22dd89f8a8265b75669dd7176d03a05bc400e037eabb3008__employment,257a851f7e92bf8d22dd89f8a8265b75669dd7176d03a05bc400e037eabb3008,employment,vllm,casperhansen/llama-3.3-70b-instruct-awq,"{   ""self_reported_group_ca"": 18,   ""self_reported_interpersonal_ca"": 12,   ""self_reported_band_group"": ""moderate"",   ""self_reported_band_interpersonal"": ""low"" }",,18,12,moderate,low
257a851f7e92bf8d22dd89f8a8265b75669dd7176d03a05bc400e037eabb3008__geo,257a851f7e92bf8d22dd89f8a8265b75669dd7176d03a05bc400e037eabb3008,geo,vllm,casperhansen/llama-3.3-70b-instruct-awq,"{   ""self_reported_group_ca"": 18,   ""self_reported_interpersonal_ca"": 12,   ""self_reported_band_group"": ""moderate"",   ""self_reported_band_interpersonal"": ""low"" }",,18,12,moderate,low
257a851f7e92bf8d22dd89f8a8265b75669dd7176d03a05bc400e037eabb3008__transit,257a851f7e92bf8d22dd89f8a8265b75669dd7176d03a05bc400e037eabb3008,transit,vllm,casperhansen/llama-3.3-70b-instruct-awq,"{   ""self_reported_group_ca"": 18,   ""self_reported_interpersonal_ca"": 12,   ""self_reported_band_group"": ""moderate"",   ""self_reported_band_interpersonal"": ""low"" }",,18,12,moderate,low
257a851f7e92bf8d22dd89f8a8265b75669dd7176d03a05bc400e037eabb3008__full,257a851f7e92bf8d22dd89f8a8265b75669dd7176d03a05bc400e037eabb3008,full,vllm,casperhansen/llama-3.3-70b-instruct-awq,"{   ""self_reported_group_ca"": 18,   ""self_reported_interpersonal_ca"": 12,   ""self_reported_band_group"": ""moderate"",   ""self_reported_band_interpersonal"": ""low"" }",,18,12,moderate,low
257a851f7e92bf8d22dd89f8a8265b75669dd7176d03a05bc400e037eabb3008__v3_rideshare,257a851f7e92bf8d22dd89f8a8265b75669dd7176d03a05bc400e037eabb3008,v3_rideshare,vllm,casperhansen/llama-3.3-70b-instruct-awq,"{   ""self_reported_group_ca"": 18,   ""self_reported_interpersonal_ca"": 12,   ""self_reported_band_group"": ""moderate"",   ""self_reported_band_interpersonal"": ""low"" }",,18,12,moderate,low
257a851f7e92bf8d22dd89f8a8265b75669dd7176d03a05bc400e037eabb3008__v3_public_transit,257a851f7e92bf8d22dd89f8a8265b75669dd7176d03a05bc400e037eabb3008,v3_public_transit,vllm,casperhansen/llama-3.3-70b-instruct-awq,"{   ""self_reported_group_ca"": 18,   ""self_reported_interpersonal_ca"": 12,   ""self_reported_band_group"": ""moderate"",   ""self_reported_band_interpersonal"": ""low"" }",,18,12,moderate,low
257a851f7e92bf8d22dd89f8a8265b75669dd7176d03a05bc400e037eabb3008__v3_voice,257a851f7e92bf8d22dd89f8a8265b75669dd7176d03a05bc400e037eabb3008,v3_voice,vllm,casperhansen/llama-3.3-70b-instruct-awq,"{   ""self_reported_group_ca"": 18,   ""self_reported_interpersonal_ca"": 12,   ""self_reported_band_group"": ""moderate"",   ""self_reported_band_interpersonal"": ""low"" }",,18,12,moderate,low
2834e540961043a0d0aa22f0c7156d20e977eb35ef6e33bbbae534115d72cf4c__demos,2834e540961043a0d0aa22f0c7156d20e977eb35ef6e33bbbae534115d72cf4c,demos,vllm,casperhansen/llama-3.3-70b-instruct-awq,"{   ""self_reported_group_ca"": 22,   ""self_reported_interpersonal_ca"": 18,   ""self_reported_band_group"": ""high"",   ""self_reported_band_interpersonal"": ""moderate"" }",,22,18,high,moderate
2834e540961043a0d0aa22f0c7156d20e977eb35ef6e33bbbae534115d72cf4c__employment,2834e540961043a0d0aa22f0c7156d20e977eb35ef6e33bbbae534115d72cf4c,employment,vllm,casperhansen/llama-3.3-70b-instruct-awq,"{   ""self_reported_group_ca"": 22,   ""self_reported_interpersonal_ca"": 18,   ""self_reported_band_group"": ""high"",   ""self_reported_band_interpersonal"": ""moderate"" }",,22,18,high,moderate
2834e540961043a0d0aa22f0c7156d20e977eb35ef6e33bbbae534115d72cf4c__geo,2834e540961043a0d0aa22f0c7156d20e977eb35ef6e33bbbae534115d72cf4c,geo,vllm,casperhansen/llama-3.3-70b-instruct-awq,"{   ""self_reported_group_ca"": 22,   ""self_reported_interpersonal_ca"": 18,   ""self_reported_band_group"": ""high"",   ""self_reported_band_interpersonal"": ""moderate"" }",,22,18,high,moderate
2834e540961043a0d0aa22f0c7156d20e977eb35ef6e33bbbae534115d72cf4c__transit,2834e540961043a0d0aa22f0c7156d20e977eb35ef6e33bbbae534115d72cf4c,transit,vllm,casperhansen/llama-3.3-70b-instruct-awq,"{   ""self_reported_group_ca"": 22,   ""self_reported_interpersonal_ca"": 18,   ""self_reported_band_group"": ""high"",   ""self_reported_band_interpersonal"": ""moderate"" }",,22,18,high,moderate
2834e540961043a0d0aa22f0c7156d20e977eb35ef6e33bbbae534115d72cf4c__full,2834e540961043a0d0aa22f0c7156d20e977eb35ef6e33bbbae534115d72cf4c,full,vllm,casperhansen/llama-3.3-70b-instruct-awq,"{   ""self_reported_group_ca"": 18,   ""self_reported_interpersonal_ca"": 12,   ""self_reported_band_group"": ""moderate"",   ""self_reported_band_interpersonal"": ""low"" }",,18,12,moderate,low
2834e540961043a0d0aa22f0c7156d20e977eb35ef6e33bbbae534115d72cf4c__v3_rideshare,2834e540961043a0d0aa22f0c7156d20e977eb35ef6e33bbbae534115d72cf4c,v3_rideshare,vllm,casperhansen/llama-3.3-70b-instruct-awq,"{   ""self_reported_group_ca"": 22,   ""self_reported_interpersonal_ca"": 18,   ""self_reported_band_group"": ""high"",   ""self_reported_band_interpersonal"": ""moderate"" }",,22,18,high,moderate
2834e540961043a0d0aa22f0c7156d20e977eb35ef6e33bbbae534115d72cf4c__v3_public_transit,2834e540961043a0d0aa22f0c7156d20e977eb35ef6e33bbbae534115d72cf4c,v3_public_transit,vllm,casperhansen/llama-3.3-70b-instruct-awq,"{   ""self_reported_group_ca"": 22,   ""self_reported_interpersonal_ca"": 18,   ""self_reported_band_group"": ""high"",   ""self_reported_band_interpersonal"": ""moderate"" }",,22,18,high,moderate
2834e540961043a0d0aa22f0c7156d20e977eb35ef6e33bbbae534115d72cf4c__v3_voice,2834e540961043a0d0aa22f0c7156d20e977eb35ef6e33bbbae534115d72cf4c,v3_voice,vllm,casperhansen/llama-3.3-70b-instruct-awq,"{   ""self_reported_group_ca"": 18,   ""self_reported_interpersonal_ca"": 12,   ""self_reported_band_group"": ""moderate"",   ""self_reported_band_interpersonal"": ""low"" }",,18,12,moderate,low
de0e2dc1ec48e5b0096010c8f913793ee29d7a025d9b11685c4c6e00fd91b2c6__demos,de0e2dc1ec48e5b0096010c8f913793ee29d7a025d9b11685c4c6e00fd91b2c6,demos,vllm,casperhansen/llama-3.3-70b-instruct-awq,"{   ""self_reported_group_ca"": 18,   ""self_reported_interpersonal_ca"": 12,   ""self_reported_band_group"": ""moderate"",   ""self_reported_band_interpersonal"": ""low"" }",,18,12,moderate,low
de0e2dc1ec48e5b0096010c8f913793ee29d7a025d9b11685c4c6e00fd91b2c6__employment,de0e2dc1ec48e5b0096010c8f913793ee29d7a025d9b11685c4c6e00fd91b2c6,employment,vllm,casperhansen/llama-3.3-70b-instruct-awq,"{   ""self_reported_group_ca"": 18,   ""self_reported_interpersonal_ca"": 12,   ""self_reported_band_group"": ""moderate"",   ""self_reported_band_interpersonal"": ""low"" }",,18,12,moderate,low
de0e2dc1ec48e5b0096010c8f913793ee29d7a025d9b11685c4c6e00fd91b2c6__geo,de0e2dc1ec48e5b0096010c8f913793ee29d7a025d9b11685c4c6e00fd91b2c6,geo,vllm,casperhansen/llama-3.3-70b-instruct-awq,"{   ""self_reported_group_ca"": 18,   ""self_reported_interpersonal_ca"": 12,   ""self_reported_band_group"": ""moderate"",   ""self_reported_band_interpersonal"": ""low"" }",,18,12,moderate,low
de0e2dc1ec48e5b0096010c8f913793ee29d7a025d9b11685c4c6e00fd91b2c6__transit,de0e2dc1ec48e5b0096010c8f913793ee29d7a025d9b11685c4c6e00fd91b2c6,transit,vllm,casperhansen/llama-3.3-70b-instruct-awq,"{   ""self_reported_group_ca"": 18,   ""self_reported_interpersonal_ca"": 12,   ""self_reported_band_group"": ""moderate"",   ""self_reported_band_interpersonal"": ""low"" }",,18,12,moderate,low
de0e2dc1ec48e5b0096010c8f913793ee29d7a025d9b11685c4c6e00fd91b2c6__full,de0e2dc1ec48e5b0096010c8f913793ee29d7a025d9b11685c4c6e00fd91b2c6,full,vllm,casperhansen/llama-3.3-70b-instruct-awq,"{   ""self_reported_group_ca"": 18,   ""self_reported_interpersonal_ca"": 12,   ""self_reported_band_group"": ""moderate"",   ""self_reported_band_interpersonal"": ""low"" }",,18,12,moderate,low
de0e2dc1ec48e5b0096010c8f913793ee29d7a025d9b11685c4c6e00fd91b2c6__v3_rideshare,de0e2dc1ec48e5b0096010c8f913793ee29d7a025d9b11685c4c6e00fd91b2c6,v3_rideshare,vllm,casperhansen/llama-3.3-70b-instruct-awq,"{   ""self_reported_group_ca"": 18,   ""self_reported_interpersonal_ca"": 12,   ""self_reported_band_group"": ""moderate"",   ""self_reported_band_interpersonal"": ""low"" }",,18,12,moderate,low
de0e2dc1ec48e5b0096010c8f913793ee29d7a025d9b11685c4c6e00fd91b2c6__v3_public_transit,de0e2dc1ec48e5b0096010c8f913793ee29d7a025d9b11685c4c6e00fd91b2c6,v3_public_transit,vllm,casperhansen/llama-3.3-70b-instruct-awq,"{   ""self_reported_group_ca"": 18,   ""self_reported_interpersonal_ca"": 12,   ""self_reported_band_group"": ""moderate"",   ""self_reported_band_interpersonal"": ""low"" }",,18,12,moderate,low
de0e2dc1ec48e5b0096010c8f913793ee29d7a025d9b11685c4c6e00fd91b2c6__v3_voice,de0e2dc1ec48e5b0096010c8f913793ee29d7a025d9b11685c4c6e00fd91b2c6,v3_voice,vllm,casperhansen/llama-3.3-70b-instruct-awq,"{   ""self_reported_group_ca"": 18,   ""self_reported_interpersonal_ca"": 12,   ""self_reported_band_group"": ""moderate"",   ""self_reported_band_interpersonal"": ""low"" }",,18,12,moderate,low
0424a1fe863ac20a26a5fb9a66f0bb9528170412fbca70b5f5a01052ab761f26__demos,0424a1fe863ac20a26a5fb9a66f0bb9528170412fbca70b5f5a01052ab761f26,demos,vllm,casperhansen/llama-3.3-70b-instruct-awq,"{   ""self_reported_group_ca"": 18,   ""self_reported_interpersonal_ca"": 12,   ""self_reported_band_group"": ""moderate"",   ""self_reported_band_interpersonal"": ""low"" }",,18,12,moderate,low
0424a1fe863ac20a26a5fb9a66f0bb9528170412fbca70b5f5a01052ab761f26__employment,0424a1fe863ac20a26a5fb9a66f0bb9528170412fbca70b5f5a01052ab761f26,employment,vllm,casperhansen/llama-3.3-70b-instruct-awq,"{   ""self_reported_group_ca"": 18,   ""self_reported_interpersonal_ca"": 12,   ""self_reported_band_group"": ""moderate"",   ""self_reported_band_interpersonal"": ""low"" }",,18,12,moderate,low
0424a1fe863ac20a26a5fb9a66f0bb9528170412fbca70b5f5a01052ab761f26__geo,0424a1fe863ac20a26a5fb9a66f0bb9528170412fbca70b5f5a01052ab761f26,geo,vllm,casperhansen/llama-3.3-70b-instruct-awq,"{   ""self_reported_group_ca"": 18,   ""self_reported_interpersonal_ca"": 12,   ""self_reported_band_group"": ""moderate"",   ""self_reported_band_interpersonal"": ""low"" }",,18,12,moderate,low
0424a1fe863ac20a26a5fb9a66f0bb9528170412fbca70b5f5a01052ab761f26__transit,0424a1fe863ac20a26a5fb9a66f0bb9528170412fbca70b5f5a01052ab761f26,transit,vllm,casperhansen/llama-3.3-70b-instruct-awq,"{   ""self_reported_group_ca"": 18,   ""self_reported_interpersonal_ca"": 12,   ""self_reported_band_group"": ""moderate"",   ""self_reported_band_interpersonal"": ""low"" }",,18,12,moderate,low
0424a1fe863ac20a26a5fb9a66f0bb9528170412fbca70b5f5a01052ab761f26__full,0424a1fe863ac20a26a5fb9a66f0bb9528170412fbca70b5f5a01052ab761f26,full,vllm,casperhansen/llama-3.3-70b-instruct-awq,"{   ""self_reported_group_ca"": 18,   ""self_reported_interpersonal_ca"": 12,   ""self_reported_band_group"": ""moderate"",   ""self_reported_band_interpersonal"": ""low"" }",,18,12,moderate,low
0424a1fe863ac20a26a5fb9a66f0bb9528170412fbca70b5f5a01052ab761f26__v3_rideshare,0424a1fe863ac20a26a5fb9a66f0bb9528170412fbca70b5f5a01052ab761f26,v3_rideshare,vllm,casperhansen/llama-3.3-70b-instruct-awq,"{   ""self_reported_group_ca"": 18,   ""self_reported_interpersonal_ca"": 12,   ""self_reported_band_group"": ""moderate"",   ""self_reported_band_interpersonal"": ""low"" }",,18,12,moderate,low
0424a1fe863ac20a26a5fb9a66f0bb9528170412fbca70b5f5a01052ab761f26__v3_public_transit,0424a1fe863ac20a26a5fb9a66f0bb9528170412fbca70b5f5a01052ab761f26,v3_public_transit,vllm,casperhansen/llama-3.3-70b-instruct-awq,"{   ""self_reported_group_ca"": 18,   ""self_reported_interpersonal_ca"": 12,   ""self_reported_band_group"": ""moderate"",   ""self_reported_band_interpersonal"": ""low"" }",,18,12,moderate,low
0424a1fe863ac20a26a5fb9a66f0bb9528170412fbca70b5f5a01052ab761f26__v3_voice,0424a1fe863ac20a26a5fb9a66f0bb9528170412fbca70b5f5a01052ab761f26,v3_voice,vllm,casperhansen/llama-3.3-70b-instruct-awq,"{   ""self_reported_group_ca"": 18,   ""self_reported_interpersonal_ca"": 12,   ""self_reported_band_group"": ""moderate"",   ""self_reported_band_interpersonal"": ""low"" }",,18,12,moderate,low
4c996e124e4b93ec09b007d5e70fe8d5036b517c3009cd610cda7a9c0c982328__demos,4c996e124e4b93ec09b007d5e70fe8d5036b517c3009cd610cda7a9c0c982328,demos,vllm,casperhansen/llama-3.3-70b-instruct-awq,"{   ""self_reported_group_ca"": 18,   ""self_reported_interpersonal_ca"": 12,   ""self_reported_band_group"": ""moderate"",   ""self_reported_band_interpersonal"": ""low"" }",,18,12,moderate,low
4c996e124e4b93ec09b007d5e70fe8d5036b517c3009cd610cda7a9c0c982328__employment,4c996e124e4b93ec09b007d5e70fe8d5036b517c3009cd610cda7a9c0c982328,employment,vllm,casperhansen/llama-3.3-70b-instruct-awq,"{   ""self_reported_group_ca"": 18,   ""self_reported_interpersonal_ca"": 12,   ""self_reported_band_group"": ""moderate"",   ""self_reported_band_interpersonal"": ""low"" }",,18,12,moderate,low
4c996e124e4b93ec09b007d5e70fe8d5036b517c3009cd610cda7a9c0c982328__geo,4c996e124e4b93ec09b007d5e70fe8d5036b517c3009cd610cda7a9c0c982328,geo,vllm,casperhansen/llama-3.3-70b-instruct-awq,"{   ""self_reported_group_ca"": 18,   ""self_reported_interpersonal_ca"": 12,   ""self_reported_band_group"": ""moderate"",   ""self_reported_band_interpersonal"": ""low"" }",,18,12,moderate,low
4c996e124e4b93ec09b007d5e70fe8d5036b517c3009cd610cda7a9c0c982328__transit,4c996e124e4b93ec09b007d5e70fe8d5036b517c3009cd610cda7a9c0c982328,transit,vllm,casperhansen/llama-3.3-70b-instruct-awq,"{   ""self_reported_group_ca"": 18,   ""self_reported_interpersonal_ca"": 12,   ""self_reported_band_group"": ""moderate"",   ""self_reported_band_interpersonal"": ""low"" }",,18,12,moderate,low
4c996e124e4b93ec09b007d5e70fe8d5036b517c3009cd610cda7a9c0c982328__full,4c996e124e4b93ec09b007d5e70fe8d5036b517c3009cd610cda7a9c0c982328,full,vllm,casperhansen/llama-3.3-70b-instruct-awq,"{   ""self_reported_group_ca"": 18,   ""self_reported_interpersonal_ca"": 12,   ""self_reported_band_group"": ""moderate"",   ""self_reported_band_interpersonal"": ""low"" }",,18,12,moderate,low
4c996e124e4b93ec09b007d5e70fe8d5036b517c3009cd610cda7a9c0c982328__v3_rideshare,4c996e124e4b93ec09b007d5e70fe8d5036b517c3009cd610cda7a9c0c982328,v3_rideshare,vllm,casperhansen/llama-3.3-70b-instruct-awq,"{   ""self_reported_group_ca"": 18,   ""self_reported_interpersonal_ca"": 12,   ""self_reported_band_group"": ""moderate"",   ""self_reported_band_interpersonal"": ""low"" }",,18,12,moderate,low
4c996e124e4b93ec09b007d5e70fe8d5036b517c3009cd610cda7a9c0c982328__v3_public_transit,4c996e124e4b93ec09b007d5e70fe8d5036b517c3009cd610cda7a9c0c982328,v3_public_transit,vllm,casperhansen/llama-3.3-70b-instruct-awq,"{   ""self_reported_group_ca"": 18,   ""self_reported_interpersonal_ca"": 12,   ""self_reported_band_group"": ""moderate"",   ""self_reported_band_interpersonal"": ""low"" }",,18,12,moderate,low
4c996e124e4b93ec09b007d5e70fe8d5036b517c3009cd610cda7a9c0c982328__v3_voice,4c996e124e4b93ec09b007d5e70fe8d5036b517c3009cd610cda7a9c0c982328,v3_voice,vllm,casperhansen/llama-3.3-70b-instruct-awq,"{   ""self_reported_group_ca"": 18,   ""self_reported_interpersonal_ca"": 12,   ""self_reported_band_group"": ""moderate"",   ""self_reported_band_interpersonal"": ""low"" }",,18,12,moderate,low
5a505b34a0db74683762d7eb6a42d436782a7504e2906a1f455c68ec96426651__demos,5a505b34a0db74683762d7eb6a42d436782a7504e2906a1f455c68ec96426651,demos,vllm,casperhansen/llama-3.3-70b-instruct-awq,"{   ""self_reported_group_ca"": 18,   ""self_reported_interpersonal_ca"": 12,   ""self_reported_band_group"": ""moderate"",   ""self_reported_band_interpersonal"": ""low"" }",,18,12,moderate,low
5a505b34a0db74683762d7eb6a42d436782a7504e2906a1f455c68ec96426651__employment,5a505b34a0db74683762d7eb6a42d436782a7504e2906a1f455c68ec96426651,employment,vllm,casperhansen/llama-3.3-70b-instruct-awq,"{   ""self_reported_group_ca"": 18,   ""self_reported_interpersonal_ca"": 12,   ""self_reported_band_group"": ""moderate"",   ""self_reported_band_interpersonal"": ""low"" }",,18,12,moderate,low
5a505b34a0db74683762d7eb6a42d436782a7504e2906a1f455c68ec96426651__geo,5a505b34a0db74683762d7eb6a42d436782a7504e2906a1f455c68ec96426651,geo,vllm,casperhansen/llama-3.3-70b-instruct-awq,"{   ""self_reported_group_ca"": 18,   ""self_reported_interpersonal_ca"": 12,   ""self_reported_band_group"": ""moderate"",   ""self_reported_band_interpersonal"": ""low"" }",,18,12,moderate,low
5a505b34a0db74683762d7eb6a42d436782a7504e2906a1f455c68ec96426651__transit,5a505b34a0db74683762d7eb6a42d436782a7504e2906a1f455c68ec96426651,transit,vllm,casperhansen/llama-3.3-70b-instruct-awq,"{   ""self_reported_group_ca"": 18,   ""self_reported_interpersonal_ca"": 12,   ""self_reported_band_group"": ""moderate"",   ""self_reported_band_interpersonal"": ""low"" }",,18,12,moderate,low
5a505b34a0db74683762d7eb6a42d436782a7504e2906a1f455c68ec96426651__full,5a505b34a0db74683762d7eb6a42d436782a7504e2906a1f455c68ec96426651,full,vllm,casperhansen/llama-3.3-70b-instruct-awq,"{   ""self_reported_group_ca"": 18,   ""self_reported_interpersonal_ca"": 12,   ""self_reported_band_group"": ""moderate"",   ""self_reported_band_interpersonal"": ""low"" }",,18,12,moderate,low
5a505b34a0db74683762d7eb6a42d436782a7504e2906a1f455c68ec96426651__v3_rideshare,5a505b34a0db74683762d7eb6a42d436782a7504e2906a1f455c68ec96426651,v3_rideshare,vllm,casperhansen/llama-3.3-70b-instruct-awq,"{   ""self_reported_group_ca"": 18,   ""self_reported_interpersonal_ca"": 12,   ""self_reported_band_group"": ""moderate"",   ""self_reported_band_interpersonal"": ""low"" }",,18,12,moderate,low
5a505b34a0db74683762d7eb6a42d436782a7504e2906a1f455c68ec96426651__v3_public_transit,5a505b34a0db74683762d7eb6a42d436782a7504e2906a1f455c68ec96426651,v3_public_transit,vllm,casperhansen/llama-3.3-70b-instruct-awq,"{   ""self_reported_group_ca"": 18,   ""self_reported_interpersonal_ca"": 12,   ""self_reported_band_group"": ""moderate"",   ""self_reported_band_interpersonal"": ""low"" }",,18,12,moderate,low
5a505b34a0db74683762d7eb6a42d436782a7504e2906a1f455c68ec96426651__v3_voice,5a505b34a0db74683762d7eb6a42d436782a7504e2906a1f455c68ec96426651,v3_voice,vllm,casperhansen/llama-3.3-70b-instruct-awq,"{   ""self_reported_group_ca"": 18,   ""self_reported_interpersonal_ca"": 12,   ""self_reported_band_group"": ""moderate"",   ""self_reported_band_interpersonal"": ""low"" }",,18,12,moderate,low
37dda8998fc22f8d83e1b881b0e110ce99610c6e2d978653649e5d1f7bc1ac56__demos,37dda8998fc22f8d83e1b881b0e110ce99610c6e2d978653649e5d1f7bc1ac56,demos,vllm,casperhansen/llama-3.3-70b-instruct-awq,"{   ""self_reported_group_ca"": 18,   ""self_reported_interpersonal_ca"": 12,   ""self_reported_band_group"": ""moderate"",   ""self_reported_band_interpersonal"": ""low"" }",,18,12,moderate,low
37dda8998fc22f8d83e1b881b0e110ce99610c6e2d978653649e5d1f7bc1ac56__employment,37dda8998fc22f8d83e1b881b0e110ce99610c6e2d978653649e5d1f7bc1ac56,employment,vllm,casperhansen/llama-3.3-70b-instruct-awq,"{   ""self_reported_group_ca"": 18,   ""self_reported_interpersonal_ca"": 12,   ""self_reported_band_group"": ""moderate"",   ""self_reported_band_interpersonal"": ""low"" }",,18,12,moderate,low
37dda8998fc22f8d83e1b881b0e110ce99610c6e2d978653649e5d1f7bc1ac56__geo,37dda8998fc22f8d83e1b881b0e110ce99610c6e2d978653649e5d1f7bc1ac56,geo,vllm,casperhansen/llama-3.3-70b-instruct-awq,"{   ""self_reported_group_ca"": 18,   ""self_reported_interpersonal_ca"": 12,   ""self_reported_band_group"": ""moderate"",   ""self_reported_band_interpersonal"": ""low"" }",,18,12,moderate,low
37dda8998fc22f8d83e1b881b0e110ce99610c6e2d978653649e5d1f7bc1ac56__transit,37dda8998fc22f8d83e1b881b0e110ce99610c6e2d978653649e5d1f7bc1ac56,transit,vllm,casperhansen/llama-3.3-70b-instruct-awq,"{   ""self_reported_group_ca"": 18,   ""self_reported_interpersonal_ca"": 12,   ""self_reported_band_group"": ""moderate"",   ""self_reported_band_interpersonal"": ""low"" }",,18,12,moderate,low
37dda8998fc22f8d83e1b881b0e110ce99610c6e2d978653649e5d1f7bc1ac56__full,37dda8998fc22f8d83e1b881b0e110ce99610c6e2d978653649e5d1f7bc1ac56,full,vllm,casperhansen/llama-3.3-70b-instruct-awq,"{   ""self_reported_group_ca"": 18,   ""self_reported_interpersonal_ca"": 12,   ""self_reported_band_group"": ""moderate"",   ""self_reported_band_interpersonal"": ""low"" }",,18,12,moderate,low
37dda8998fc22f8d83e1b881b0e110ce99610c6e2d978653649e5d1f7bc1ac56__v3_rideshare,37dda8998fc22f8d83e1b881b0e110ce99610c6e2d978653649e5d1f7bc1ac56,v3_rideshare,vllm,casperhansen/llama-3.3-70b-instruct-awq,"{   ""self_reported_group_ca"": 18,   ""self_reported_interpersonal_ca"": 12,   ""self_reported_band_group"": ""moderate"",   ""self_reported_band_interpersonal"": ""low"" }",,18,12,moderate,low
37dda8998fc22f8d83e1b881b0e110ce99610c6e2d978653649e5d1f7bc1ac56__v3_public_transit,37dda8998fc22f8d83e1b881b0e110ce99610c6e2d978653649e5d1f7bc1ac56,v3_public_transit,vllm,casperhansen/llama-3.3-70b-instruct-awq,"{   ""self_reported_group_ca"": 18,   ""self_reported_interpersonal_ca"": 12,   ""self_reported_band_group"": ""moderate"",   ""self_reported_band_interpersonal"": ""low"" }",,18,12,moderate,low
37dda8998fc22f8d83e1b881b0e110ce99610c6e2d978653649e5d1f7bc1ac56__v3_voice,37dda8998fc22f8d83e1b881b0e110ce99610c6e2d978653649e5d1f7bc1ac56,v3_voice,vllm,casperhansen/llama-3.3-70b-instruct-awq,"{   ""self_reported_group_ca"": 18,   ""self_reported_interpersonal_ca"": 12,   ""self_reported_band_group"": ""moderate"",   ""self_reported_band_interpersonal"": ""low"" }",,18,12,moderate,low
8bf270eafbb0894e4b0c7cbb3c4ad83eaaf59cf0b82ac087702d3c3b78bd3d7c__demos,8bf270eafbb0894e4b0c7cbb3c4ad83eaaf59cf0b82ac087702d3c3b78bd3d7c,demos,vllm,casperhansen/llama-3.3-70b-instruct-awq,"{   ""self_reported_group_ca"": 18,   ""self_reported_interpersonal_ca"": 12,   ""self_reported_band_group"": ""moderate"",   ""self_reported_band_interpersonal"": ""low"" }",,18,12,moderate,low
8bf270eafbb0894e4b0c7cbb3c4ad83eaaf59cf0b82ac087702d3c3b78bd3d7c__employment,8bf270eafbb0894e4b0c7cbb3c4ad83eaaf59cf0b82ac087702d3c3b78bd3d7c,employment,vllm,casperhansen/llama-3.3-70b-instruct-awq,"{   ""self_reported_group_ca"": 18,   ""self_reported_interpersonal_ca"": 12,   ""self_reported_band_group"": ""moderate"",   ""self_reported_band_interpersonal"": ""low"" }",,18,12,moderate,low
8bf270eafbb0894e4b0c7cbb3c4ad83eaaf59cf0b82ac087702d3c3b78bd3d7c__geo,8bf270eafbb0894e4b0c7cbb3c4ad83eaaf59cf0b82ac087702d3c3b78bd3d7c,geo,vllm,casperhansen/llama-3.3-70b-instruct-awq,"{   ""self_reported_group_ca"": 18,   ""self_reported_interpersonal_ca"": 12,   ""self_reported_band_group"": ""moderate"",   ""self_reported_band_interpersonal"": ""low"" }",,18,12,moderate,low
8bf270eafbb0894e4b0c7cbb3c4ad83eaaf59cf0b82ac087702d3c3b78bd3d7c__transit,8bf270eafbb0894e4b0c7cbb3c4ad83eaaf59cf0b82ac087702d3c3b78bd3d7c,transit,vllm,casperhansen/llama-3.3-70b-instruct-awq,"{   ""self_reported_group_ca"": 18,   ""self_reported_interpersonal_ca"": 12,   ""self_reported_band_group"": ""moderate"",   ""self_reported_band_interpersonal"": ""low"" }",,18,12,moderate,low
8bf270eafbb0894e4b0c7cbb3c4ad83eaaf59cf0b82ac087702d3c3b78bd3d7c__full,8bf270eafbb0894e4b0c7cbb3c4ad83eaaf59cf0b82ac087702d3c3b78bd3d7c,full,vllm,casperhansen/llama-3.3-70b-instruct-awq,"{   ""self_reported_group_ca"": 18,   ""self_reported_interpersonal_ca"": 12,   ""self_reported_band_group"": ""moderate"",   ""self_reported_band_interpersonal"": ""low"" }",,18,12,moderate,low
8bf270eafbb0894e4b0c7cbb3c4ad83eaaf59cf0b82ac087702d3c3b78bd3d7c__v3_rideshare,8bf270eafbb0894e4b0c7cbb3c4ad83eaaf59cf0b82ac087702d3c3b78bd3d7c,v3_rideshare,vllm,casperhansen/llama-3.3-70b-instruct-awq,"{   ""self_reported_group_ca"": 18,   ""self_reported_interpersonal_ca"": 12,   ""self_reported_band_group"": ""moderate"",   ""self_reported_band_interpersonal"": ""low"" }",,18,12,moderate,low
8bf270eafbb0894e4b0c7cbb3c4ad83eaaf59cf0b82ac087702d3c3b78bd3d7c__v3_public_transit,8bf270eafbb0894e4b0c7cbb3c4ad83eaaf59cf0b82ac087702d3c3b78bd3d7c,v3_public_transit,vllm,casperhansen/llama-3.3-70b-instruct-awq,"{   ""self_reported_group_ca"": 18,   ""self_reported_interpersonal_ca"": 12,   ""self_reported_band_group"": ""moderate"",   ""self_reported_band_interpersonal"": ""low"" }",,18,12,moderate,low
8bf270eafbb0894e4b0c7cbb3c4ad83eaaf59cf0b82ac087702d3c3b78bd3d7c__v3_voice,8bf270eafbb0894e4b0c7cbb3c4ad83eaaf59cf0b82ac087702d3c3b78bd3d7c,v3_voice,vllm,casperhansen/llama-3.3-70b-instruct-awq,"{   ""self_reported_group_ca"": 18,   ""self_reported_interpersonal_ca"": 12,   ""self_reported_band_group"": ""moderate"",   ""self_reported_band_interpersonal"": ""low"" }",,18,12,moderate,low
95589e45838f097214c07c089ccbc4ab8c006c5ff052d1200354c96adfc97a19__demos,95589e45838f097214c07c089ccbc4ab8c006c5ff052d1200354c96adfc97a19,demos,vllm,casperhansen/llama-3.3-70b-instruct-awq,"{   ""self_reported_group_ca"": 18,   ""self_reported_interpersonal_ca"": 12,   ""self_reported_band_group"": ""moderate"",   ""self_reported_band_interpersonal"": ""low"" }",,18,12,moderate,low
95589e45838f097214c07c089ccbc4ab8c006c5ff052d1200354c96adfc97a19__employment,95589e45838f097214c07c089ccbc4ab8c006c5ff052d1200354c96adfc97a19,employment,vllm,casperhansen/llama-3.3-70b-instruct-awq,"{   ""self_reported_group_ca"": 18,   ""self_reported_interpersonal_ca"": 12,   ""self_reported_band_group"": ""moderate"",   ""self_reported_band_interpersonal"": ""low"" }",,18,12,moderate,low
95589e45838f097214c07c089ccbc4ab8c006c5ff052d1200354c96adfc97a19__geo,95589e45838f097214c07c089ccbc4ab8c006c5ff052d1200354c96adfc97a19,geo,vllm,casperhansen/llama-3.3-70b-instruct-awq,"{   ""self_reported_group_ca"": 18,   ""self_reported_interpersonal_ca"": 12,   ""self_reported_band_group"": ""moderate"",   ""self_reported_band_interpersonal"": ""low"" }",,18,12,moderate,low
95589e45838f097214c07c089ccbc4ab8c006c5ff052d1200354c96adfc97a19__transit,95589e45838f097214c07c089ccbc4ab8c006c5ff052d1200354c96adfc97a19,transit,vllm,casperhansen/llama-3.3-70b-instruct-awq,"{   ""self_reported_group_ca"": 18,   ""self_reported_interpersonal_ca"": 12,   ""self_reported_band_group"": ""moderate"",   ""self_reported_band_interpersonal"": ""low"" }",,18,12,moderate,low
95589e45838f097214c07c089ccbc4ab8c006c5ff052d1200354c96adfc97a19__full,95589e45838f097214c07c089ccbc4ab8c006c5ff052d1200354c96adfc97a19,full,vllm,casperhansen/llama-3.3-70b-instruct-awq,"{   ""self_reported_group_ca"": 18,   ""self_reported_interpersonal_ca"": 12,   ""self_reported_band_group"": ""moderate"",   ""self_reported_band_interpersonal"": ""low"" }",,18,12,moderate,low
95589e45838f097214c07c089ccbc4ab8c006c5ff052d1200354c96adfc97a19__v3_rideshare,95589e45838f097214c07c089ccbc4ab8c006c5ff052d1200354c96adfc97a19,v3_rideshare,vllm,casperhansen/llama-3.3-70b-instruct-awq,"{   ""self_reported_group_ca"": 18,   ""self_reported_interpersonal_ca"": 12,   ""self_reported_band_group"": ""moderate"",   ""self_reported_band_interpersonal"": ""low"" }",,18,12,moderate,low
95589e45838f097214c07c089ccbc4ab8c006c5ff052d1200354c96adfc97a19__v3_public_transit,95589e45838f097214c07c089ccbc4ab8c006c5ff052d1200354c96adfc97a19,v3_public_transit,vllm,casperhansen/llama-3.3-70b-instruct-awq,"{   ""self_reported_group_ca"": 18,   ""self_reported_interpersonal_ca"": 12,   ""self_reported_band_group"": ""moderate"",   ""self_reported_band_interpersonal"": ""low"" }",,18,12,moderate,low
95589e45838f097214c07c089ccbc4ab8c006c5ff052d1200354c96adfc97a19__v3_voice,95589e45838f097214c07c089ccbc4ab8c006c5ff052d1200354c96adfc97a19,v3_voice,vllm,casperhansen/llama-3.3-70b-instruct-awq,"{   ""self_reported_group_ca"": 18,   ""self_reported_interpersonal_ca"": 12,   ""self_reported_band_group"": ""moderate"",   ""self_reported_band_interpersonal"": ""low"" }",,18,12,moderate,low
9a0ceca8a9f30fe906cd4ab97ddb01effcd8f777ccc65f7d8d47fc390980799b__demos,9a0ceca8a9f30fe906cd4ab97ddb01effcd8f777ccc65f7d8d47fc390980799b,demos,vllm,casperhansen/llama-3.3-70b-instruct-awq,"{   ""self_reported_group_ca"": 18,   ""self_reported_interpersonal_ca"": 12,   ""self_reported_band_group"": ""moderate"",   ""self_reported_band_interpersonal"": ""low"" }",,18,12,moderate,low
9a0ceca8a9f30fe906cd4ab97ddb01effcd8f777ccc65f7d8d47fc390980799b__employment,9a0ceca8a9f30fe906cd4ab97ddb01effcd8f777ccc65f7d8d47fc390980799b,employment,vllm,casperhansen/llama-3.3-70b-instruct-awq,"{   ""self_reported_group_ca"": 18,   ""self_reported_interpersonal_ca"": 12,   ""self_reported_band_group"": ""moderate"",   ""self_reported_band_interpersonal"": ""low"" }",,18,12,moderate,low
9a0ceca8a9f30fe906cd4ab97ddb01effcd8f777ccc65f7d8d47fc390980799b__geo,9a0ceca8a9f30fe906cd4ab97ddb01effcd8f777ccc65f7d8d47fc390980799b,geo,vllm,casperhansen/llama-3.3-70b-instruct-awq,"{   ""self_reported_group_ca"": 18,   ""self_reported_interpersonal_ca"": 12,   ""self_reported_band_group"": ""moderate"",   ""self_reported_band_interpersonal"": ""low"" }",,18,12,moderate,low
9a0ceca8a9f30fe906cd4ab97ddb01effcd8f777ccc65f7d8d47fc390980799b__transit,9a0ceca8a9f30fe906cd4ab97ddb01effcd8f777ccc65f7d8d47fc390980799b,transit,vllm,casperhansen/llama-3.3-70b-instruct-awq,"{   ""self_reported_group_ca"": 18,   ""self_reported_interpersonal_ca"": 12,   ""self_reported_band_group"": ""moderate"",   ""self_reported_band_interpersonal"": ""low"" }",,18,12,moderate,low
9a0ceca8a9f30fe906cd4ab97ddb01effcd8f777ccc65f7d8d47fc390980799b__full,9a0ceca8a9f30fe906cd4ab97ddb01effcd8f777ccc65f7d8d47fc390980799b,full,vllm,casperhansen/llama-3.3-70b-instruct-awq,"{   ""self_reported_group_ca"": 18,   ""self_reported_interpersonal_ca"": 12,   ""self_reported_band_group"": ""moderate"",   ""self_reported_band_interpersonal"": ""low"" }",,18,12,moderate,low
9a0ceca8a9f30fe906cd4ab97ddb01effcd8f777ccc65f7d8d47fc390980799b__v3_rideshare,9a0ceca8a9f30fe906cd4ab97ddb01effcd8f777ccc65f7d8d47fc390980799b,v3_rideshare,vllm,casperhansen/llama-3.3-70b-instruct-awq,"{   ""self_reported_group_ca"": 18,   ""self_reported_interpersonal_ca"": 12,   ""self_reported_band_group"": ""moderate"",   ""self_reported_band_interpersonal"": ""low"" }",,18,12,moderate,low
9a0ceca8a9f30fe906cd4ab97ddb01effcd8f777ccc65f7d8d47fc390980799b__v3_public_transit,9a0ceca8a9f30fe906cd4ab97ddb01effcd8f777ccc65f7d8d47fc390980799b,v3_public_transit,vllm,casperhansen/llama-3.3-70b-instruct-awq,"{   ""self_reported_group_ca"": 18,   ""self_reported_interpersonal_ca"": 12,   ""self_reported_band_group"": ""moderate"",   ""self_reported_band_interpersonal"": ""low"" }",,18,12,moderate,low
9a0ceca8a9f30fe906cd4ab97ddb01effcd8f777ccc65f7d8d47fc390980799b__v3_voice,9a0ceca8a9f30fe906cd4ab97ddb01effcd8f777ccc65f7d8d47fc390980799b,v3_voice,vllm,casperhansen/llama-3.3-70b-instruct-awq,"{   ""self_reported_group_ca"": 18,   ""self_reported_interpersonal_ca"": 12,   ""self_reported_band_group"": ""moderate"",   ""self_reported_band_interpersonal"": ""low"" }",,18,12,moderate,low
3930f2834318026ee6c78f6f37a83fcee45b5c9cd0d56e9b3787737169f3cc64__demos,3930f2834318026ee6c78f6f37a83fcee45b5c9cd0d56e9b3787737169f3cc64,demos,vllm,casperhansen/llama-3.3-70b-instruct-awq,"{   ""self_reported_group_ca"": 18,   ""self_reported_interpersonal_ca"": 12,   ""self_reported_band_group"": ""moderate"",   ""self_reported_band_interpersonal"": ""low"" }",,18,12,moderate,low
3930f2834318026ee6c78f6f37a83fcee45b5c9cd0d56e9b3787737169f3cc64__employment,3930f2834318026ee6c78f6f37a83fcee45b5c9cd0d56e9b3787737169f3cc64,employment,vllm,casperhansen/llama-3.3-70b-instruct-awq,"{   ""self_reported_group_ca"": 18,   ""self_reported_interpersonal_ca"": 12,   ""self_reported_band_group"": ""moderate"",   ""self_reported_band_interpersonal"": ""low"" }",,18,12,moderate,low
3930f2834318026ee6c78f6f37a83fcee45b5c9cd0d56e9b3787737169f3cc64__geo,3930f2834318026ee6c78f6f37a83fcee45b5c9cd0d56e9b3787737169f3cc64,geo,vllm,casperhansen/llama-3.3-70b-instruct-awq,"{   ""self_reported_group_ca"": 18,   ""self_reported_interpersonal_ca"": 12,   ""self_reported_band_group"": ""moderate"",   ""self_reported_band_interpersonal"": ""low"" }",,18,12,moderate,low
3930f2834318026ee6c78f6f37a83fcee45b5c9cd0d56e9b3787737169f3cc64__transit,3930f2834318026ee6c78f6f37a83fcee45b5c9cd0d56e9b3787737169f3cc64,transit,vllm,casperhansen/llama-3.3-70b-instruct-awq,"{   ""self_reported_group_ca"": 18,   ""self_reported_interpersonal_ca"": 12,   ""self_reported_band_group"": ""moderate"",   ""self_reported_band_interpersonal"": ""low"" }",,18,12,moderate,low
3930f2834318026ee6c78f6f37a83fcee45b5c9cd0d56e9b3787737169f3cc64__full,3930f2834318026ee6c78f6f37a83fcee45b5c9cd0d56e9b3787737169f3cc64,full,vllm,casperhansen/llama-3.3-70b-instruct-awq,"{   ""self_reported_group_ca"": 18,   ""self_reported_interpersonal_ca"": 12,   ""self_reported_band_group"": ""moderate"",   ""self_reported_band_interpersonal"": ""low"" }",,18,12,moderate,low
3930f2834318026ee6c78f6f37a83fcee45b5c9cd0d56e9b3787737169f3cc64__v3_rideshare,3930f2834318026ee6c78f6f37a83fcee45b5c9cd0d56e9b3787737169f3cc64,v3_rideshare,vllm,casperhansen/llama-3.3-70b-instruct-awq,"{   ""self_reported_group_ca"": 18,   ""self_reported_interpersonal_ca"": 12,   ""self_reported_band_group"": ""moderate"",   ""self_reported_band_interpersonal"": ""low"" }",,18,12,moderate,low
3930f2834318026ee6c78f6f37a83fcee45b5c9cd0d56e9b3787737169f3cc64__v3_public_transit,3930f2834318026ee6c78f6f37a83fcee45b5c9cd0d56e9b3787737169f3cc64,v3_public_transit,vllm,casperhansen/llama-3.3-70b-instruct-awq,"{   ""self_reported_group_ca"": 18,   ""self_reported_interpersonal_ca"": 12,   ""self_reported_band_group"": ""moderate"",   ""self_reported_band_interpersonal"": ""low"" }",,18,12,moderate,low
3930f2834318026ee6c78f6f37a83fcee45b5c9cd0d56e9b3787737169f3cc64__v3_voice,3930f2834318026ee6c78f6f37a83fcee45b5c9cd0d56e9b3787737169f3cc64,v3_voice,vllm,casperhansen/llama-3.3-70b-instruct-awq,"{   ""self_reported_group_ca"": 18,   ""self_reported_interpersonal_ca"": 12,   ""self_reported_band_group"": ""moderate"",   ""self_reported_band_interpersonal"": ""low"" }",,18,12,moderate,low
7eeadc2fe43a88ca42bcae1c060c01ea940649834194677d36307aa85e12a7c1__demos,7eeadc2fe43a88ca42bcae1c060c01ea940649834194677d36307aa85e12a7c1,demos,vllm,casperhansen/llama-3.3-70b-instruct-awq,"{   ""self_reported_group_ca"": 18,   ""self_reported_interpersonal_ca"": 12,   ""self_reported_band_group"": ""moderate"",   ""self_reported_band_interpersonal"": ""low"" }",,18,12,moderate,low
7eeadc2fe43a88ca42bcae1c060c01ea940649834194677d36307aa85e12a7c1__employment,7eeadc2fe43a88ca42bcae1c060c01ea940649834194677d36307aa85e12a7c1,employment,vllm,casperhansen/llama-3.3-70b-instruct-awq,"{   ""self_reported_group_ca"": 18,   ""self_reported_interpersonal_ca"": 12,   ""self_reported_band_group"": ""moderate"",   ""self_reported_band_interpersonal"": ""low"" }",,18,12,moderate,low
7eeadc2fe43a88ca42bcae1c060c01ea940649834194677d36307aa85e12a7c1__geo,7eeadc2fe43a88ca42bcae1c060c01ea940649834194677d36307aa85e12a7c1,geo,vllm,casperhansen/llama-3.3-70b-instruct-awq,"{   ""self_reported_group_ca"": 18,   ""self_reported_interpersonal_ca"": 12,   ""self_reported_band_group"": ""moderate"",   ""self_reported_band_interpersonal"": ""low"" }",,18,12,moderate,low
7eeadc2fe43a88ca42bcae1c060c01ea940649834194677d36307aa85e12a7c1__transit,7eeadc2fe43a88ca42bcae1c060c01ea940649834194677d36307aa85e12a7c1,transit,vllm,casperhansen/llama-3.3-70b-instruct-awq,"{   ""self_reported_group_ca"": 18,   ""self_reported_interpersonal_ca"": 12,   ""self_reported_band_group"": ""moderate"",   ""self_reported_band_interpersonal"": ""low"" }",,18,12,moderate,low
7eeadc2fe43a88ca42bcae1c060c01ea940649834194677d36307aa85e12a7c1__full,7eeadc2fe43a88ca42bcae1c060c01ea940649834194677d36307aa85e12a7c1,full,vllm,casperhansen/llama-3.3-70b-instruct-awq,"{   ""self_reported_group_ca"": 18,   ""self_reported_interpersonal_ca"": 12,   ""self_reported_band_group"": ""moderate"",   ""self_reported_band_interpersonal"": ""low"" }",,18,12,moderate,low
7eeadc2fe43a88ca42bcae1c060c01ea940649834194677d36307aa85e12a7c1__v3_rideshare,7eeadc2fe43a88ca42bcae1c060c01ea940649834194677d36307aa85e12a7c1,v3_rideshare,vllm,casperhansen/llama-3.3-70b-instruct-awq,"{   ""self_reported_group_ca"": 18,   ""self_reported_interpersonal_ca"": 12,   ""self_reported_band_group"": ""moderate"",   ""self_reported_band_interpersonal"": ""low"" }",,18,12,moderate,low
7eeadc2fe43a88ca42bcae1c060c01ea940649834194677d36307aa85e12a7c1__v3_public_transit,7eeadc2fe43a88ca42bcae1c060c01ea940649834194677d36307aa85e12a7c1,v3_public_transit,vllm,casperhansen/llama-3.3-70b-instruct-awq,"{   ""self_reported_group_ca"": 18,   ""self_reported_interpersonal_ca"": 12,   ""self_reported_band_group"": ""moderate"",   ""self_reported_band_interpersonal"": ""low"" }",,18,12,moderate,low
7eeadc2fe43a88ca42bcae1c060c01ea940649834194677d36307aa85e12a7c1__v3_voice,7eeadc2fe43a88ca42bcae1c060c01ea940649834194677d36307aa85e12a7c1,v3_voice,vllm,casperhansen/llama-3.3-70b-instruct-awq,"{   ""self_reported_group_ca"": 18,   ""self_reported_interpersonal_ca"": 12,   ""self_reported_band_group"": ""moderate"",   ""self_reported_band_interpersonal"": ""low"" }",,18,12,moderate,low
b98ca5b4373bfb40622d4b1690415a2ebfe94072d7603629c180c154064a7222__demos,b98ca5b4373bfb40622d4b1690415a2ebfe94072d7603629c180c154064a7222,demos,vllm,casperhansen/llama-3.3-70b-instruct-awq,"{   ""self_reported_group_ca"": 18,   ""self_reported_interpersonal_ca"": 12,   ""self_reported_band_group"": ""moderate"",   ""self_reported_band_interpersonal"": ""low"" }",,18,12,moderate,low
b98ca5b4373bfb40622d4b1690415a2ebfe94072d7603629c180c154064a7222__employment,b98ca5b4373bfb40622d4b1690415a2ebfe94072d7603629c180c154064a7222,employment,vllm,casperhansen/llama-3.3-70b-instruct-awq,"{   ""self_reported_group_ca"": 18,   ""self_reported_interpersonal_ca"": 12,   ""self_reported_band_group"": ""moderate"",   ""self_reported_band_interpersonal"": ""low"" }",,18,12,moderate,low
b98ca5b4373bfb40622d4b1690415a2ebfe94072d7603629c180c154064a7222__geo,b98ca5b4373bfb40622d4b1690415a2ebfe94072d7603629c180c154064a7222,geo,vllm,casperhansen/llama-3.3-70b-instruct-awq,"{   ""self_reported_group_ca"": 18,   ""self_reported_interpersonal_ca"": 12,   ""self_reported_band_group"": ""moderate"",   ""self_reported_band_interpersonal"": ""low"" }",,18,12,moderate,low
b98ca5b4373bfb40622d4b1690415a2ebfe94072d7603629c180c154064a7222__transit,b98ca5b4373bfb40622d4b1690415a2ebfe94072d7603629c180c154064a7222,transit,vllm,casperhansen/llama-3.3-70b-instruct-awq,"{   ""self_reported_group_ca"": 18,   ""self_reported_interpersonal_ca"": 12,   ""self_reported_band_group"": ""moderate"",   ""self_reported_band_interpersonal"": ""low"" }",,18,12,moderate,low
b98ca5b4373bfb40622d4b1690415a2ebfe94072d7603629c180c154064a7222__full,b98ca5b4373bfb40622d4b1690415a2ebfe94072d7603629c180c154064a7222,full,vllm,casperhansen/llama-3.3-70b-instruct-awq,"{   ""self_reported_group_ca"": 18,   ""self_reported_interpersonal_ca"": 12,   ""self_reported_band_group"": ""moderate"",   ""self_reported_band_interpersonal"": ""low"" }",,18,12,moderate,low
b98ca5b4373bfb40622d4b1690415a2ebfe94072d7603629c180c154064a7222__v3_rideshare,b98ca5b4373bfb40622d4b1690415a2ebfe94072d7603629c180c154064a7222,v3_rideshare,vllm,casperhansen/llama-3.3-70b-instruct-awq,"{   ""self_reported_group_ca"": 18,   ""self_reported_interpersonal_ca"": 12,   ""self_reported_band_group"": ""moderate"",   ""self_reported_band_interpersonal"": ""low"" }",,18,12,moderate,low
b98ca5b4373bfb40622d4b1690415a2ebfe94072d7603629c180c154064a7222__v3_public_transit,b98ca5b4373bfb40622d4b1690415a2ebfe94072d7603629c180c154064a7222,v3_public_transit,vllm,casperhansen/llama-3.3-70b-instruct-awq,"{   ""self_reported_group_ca"": 18,   ""self_reported_interpersonal_ca"": 12,   ""self_reported_band_group"": ""moderate"",   ""self_reported_band_interpersonal"": ""low"" }",,18,12,moderate,low
b98ca5b4373bfb40622d4b1690415a2ebfe94072d7603629c180c154064a7222__v3_voice,b98ca5b4373bfb40622d4b1690415a2ebfe94072d7603629c180c154064a7222,v3_voice,vllm,casperhansen/llama-3.3-70b-instruct-awq,"{   ""self_reported_group_ca"": 18,   ""self_reported_interpersonal_ca"": 12,   ""self_reported_band_group"": ""moderate"",   ""self_reported_band_interpersonal"": ""low"" }",,18,12,moderate,low
789fce3a683622fa8b6746497f41ded72a9777ff72da69bc013d31718c974d3a__demos,789fce3a683622fa8b6746497f41ded72a9777ff72da69bc013d31718c974d3a,demos,vllm,casperhansen/llama-3.3-70b-instruct-awq,"{   ""self_reported_group_ca"": 18,   ""self_reported_interpersonal_ca"": 12,   ""self_reported_band_group"": ""moderate"",   ""self_reported_band_interpersonal"": ""low"" }",,18,12,moderate,low
789fce3a683622fa8b6746497f41ded72a9777ff72da69bc013d31718c974d3a__employment,789fce3a683622fa8b6746497f41ded72a9777ff72da69bc013d31718c974d3a,employment,vllm,casperhansen/llama-3.3-70b-instruct-awq,"{   ""self_reported_group_ca"": 18,   ""self_reported_interpersonal_ca"": 12,   ""self_reported_band_group"": ""moderate"",   ""self_reported_band_interpersonal"": ""low"" }",,18,12,moderate,low
789fce3a683622fa8b6746497f41ded72a9777ff72da69bc013d31718c974d3a__geo,789fce3a683622fa8b6746497f41ded72a9777ff72da69bc013d31718c974d3a,geo,vllm,casperhansen/llama-3.3-70b-instruct-awq,"{   ""self_reported_group_ca"": 18,   ""self_reported_interpersonal_ca"": 12,   ""self_reported_band_group"": ""moderate"",   ""self_reported_band_interpersonal"": ""low"" }",,18,12,moderate,low
789fce3a683622fa8b6746497f41ded72a9777ff72da69bc013d31718c974d3a__transit,789fce3a683622fa8b6746497f41ded72a9777ff72da69bc013d31718c974d3a,transit,vllm,casperhansen/llama-3.3-70b-instruct-awq,"{   ""self_reported_group_ca"": 18,   ""self_reported_interpersonal_ca"": 12,   ""self_reported_band_group"": ""moderate"",   ""self_reported_band_interpersonal"": ""low"" }",,18,12,moderate,low
789fce3a683622fa8b6746497f41ded72a9777ff72da69bc013d31718c974d3a__full,789fce3a683622fa8b6746497f41ded72a9777ff72da69bc013d31718c974d3a,full,vllm,casperhansen/llama-3.3-70b-instruct-awq,"{   ""self_reported_group_ca"": 18,   ""self_reported_interpersonal_ca"": 12,   ""self_reported_band_group"": ""moderate"",   ""self_reported_band_interpersonal"": ""low"" }",,18,12,moderate,low
789fce3a683622fa8b6746497f41ded72a9777ff72da69bc013d31718c974d3a__v3_rideshare,789fce3a683622fa8b6746497f41ded72a9777ff72da69bc013d31718c974d3a,v3_rideshare,vllm,casperhansen/llama-3.3-70b-instruct-awq,"{   ""self_reported_group_ca"": 18,   ""self_reported_interpersonal_ca"": 12,   ""self_reported_band_group"": ""moderate"",   ""self_reported_band_interpersonal"": ""low"" }",,18,12,moderate,low
789fce3a683622fa8b6746497f41ded72a9777ff72da69bc013d31718c974d3a__v3_public_transit,789fce3a683622fa8b6746497f41ded72a9777ff72da69bc013d31718c974d3a,v3_public_transit,vllm,casperhansen/llama-3.3-70b-instruct-awq,"{   ""self_reported_group_ca"": 18,   ""self_reported_interpersonal_ca"": 12,   ""self_reported_band_group"": ""moderate"",   ""self_reported_band_interpersonal"": ""low"" }",,18,12,moderate,low
789fce3a683622fa8b6746497f41ded72a9777ff72da69bc013d31718c974d3a__v3_voice,789fce3a683622fa8b6746497f41ded72a9777ff72da69bc013d31718c974d3a,v3_voice,vllm,casperhansen/llama-3.3-70b-instruct-awq,"{   ""self_reported_group_ca"": 18,   ""self_reported_interpersonal_ca"": 12,   ""self_reported_band_group"": ""moderate"",   ""self_reported_band_interpersonal"": ""low"" }",,18,12,moderate,low
c011fa7a1c3ad51f1715a364f23b83fe587648f7e6b10b83ca8366383f48817b__demos,c011fa7a1c3ad51f1715a364f23b83fe587648f7e6b10b83ca8366383f48817b,demos,vllm,casperhansen/llama-3.3-70b-instruct-awq,"{   ""self_reported_group_ca"": 18,   ""self_reported_interpersonal_ca"": 12,   ""self_reported_band_group"": ""moderate"",   ""self_reported_band_interpersonal"": ""low"" }",,18,12,moderate,low
c011fa7a1c3ad51f1715a364f23b83fe587648f7e6b10b83ca8366383f48817b__employment,c011fa7a1c3ad51f1715a364f23b83fe587648f7e6b10b83ca8366383f48817b,employment,vllm,casperhansen/llama-3.3-70b-instruct-awq,"{   ""self_reported_group_ca"": 18,   ""self_reported_interpersonal_ca"": 12,   ""self_reported_band_group"": ""moderate"",   ""self_reported_band_interpersonal"": ""low"" }",,18,12,moderate,low
c011fa7a1c3ad51f1715a364f23b83fe587648f7e6b10b83ca8366383f48817b__geo,c011fa7a1c3ad51f1715a364f23b83fe587648f7e6b10b83ca8366383f48817b,geo,vllm,casperhansen/llama-3.3-70b-instruct-awq,"{   ""self_reported_group_ca"": 18,   ""self_reported_interpersonal_ca"": 12,   ""self_reported_band_group"": ""moderate"",   ""self_reported_band_interpersonal"": ""low"" }",,18,12,moderate,low
c011fa7a1c3ad51f1715a364f23b83fe587648f7e6b10b83ca8366383f48817b__transit,c011fa7a1c3ad51f1715a364f23b83fe587648f7e6b10b83ca8366383f48817b,transit,vllm,casperhansen/llama-3.3-70b-instruct-awq,"{   ""self_reported_group_ca"": 18,   ""self_reported_interpersonal_ca"": 12,   ""self_reported_band_group"": ""moderate"",   ""self_reported_band_interpersonal"": ""low"" }",,18,12,moderate,low
c011fa7a1c3ad51f1715a364f23b83fe587648f7e6b10b83ca8366383f48817b__full,c011fa7a1c3ad51f1715a364f23b83fe587648f7e6b10b83ca8366383f48817b,full,vllm,casperhansen/llama-3.3-70b-instruct-awq,"{   ""self_reported_group_ca"": 18,   ""self_reported_interpersonal_ca"": 12,   ""self_reported_band_group"": ""moderate"",   ""self_reported_band_interpersonal"": ""low"" }",,18,12,moderate,low
c011fa7a1c3ad51f1715a364f23b83fe587648f7e6b10b83ca8366383f48817b__v3_rideshare,c011fa7a1c3ad51f1715a364f23b83fe587648f7e6b10b83ca8366383f48817b,v3_rideshare,vllm,casperhansen/llama-3.3-70b-instruct-awq,"{   ""self_reported_group_ca"": 18,   ""self_reported_interpersonal_ca"": 12,   ""self_reported_band_group"": ""moderate"",   ""self_reported_band_interpersonal"": ""low"" }",,18,12,moderate,low
c011fa7a1c3ad51f1715a364f23b83fe587648f7e6b10b83ca8366383f48817b__v3_public_transit,c011fa7a1c3ad51f1715a364f23b83fe587648f7e6b10b83ca8366383f48817b,v3_public_transit,vllm,casperhansen/llama-3.3-70b-instruct-awq,"{   ""self_reported_group_ca"": 18,   ""self_reported_interpersonal_ca"": 12,   ""self_reported_band_group"": ""moderate"",   ""self_reported_band_interpersonal"": ""low"" }",,18,12,moderate,low
c011fa7a1c3ad51f1715a364f23b83fe587648f7e6b10b83ca8366383f48817b__v3_voice,c011fa7a1c3ad51f1715a364f23b83fe587648f7e6b10b83ca8366383f48817b,v3_voice,vllm,casperhansen/llama-3.3-70b-instruct-awq,"{   ""self_reported_group_ca"": 18,   ""self_reported_interpersonal_ca"": 12,   ""self_reported_band_group"": ""moderate"",   ""self_reported_band_interpersonal"": ""low"" }",,18,12,moderate,low
1bebab78b372c7d756eb323cf750c7b97ecd336ccc29da840f155e22fc4e5200__demos,1bebab78b372c7d756eb323cf750c7b97ecd336ccc29da840f155e22fc4e5200,demos,vllm,casperhansen/llama-3.3-70b-instruct-awq,"{   ""self_reported_group_ca"": 18,   ""self_reported_interpersonal_ca"": 12,   ""self_reported_band_group"": ""moderate"",   ""self_reported_band_interpersonal"": ""low"" }",,18,12,moderate,low
1bebab78b372c7d756eb323cf750c7b97ecd336ccc29da840f155e22fc4e5200__employment,1bebab78b372c7d756eb323cf750c7b97ecd336ccc29da840f155e22fc4e5200,employment,vllm,casperhansen/llama-3.3-70b-instruct-awq,"{   ""self_reported_group_ca"": 18,   ""self_reported_interpersonal_ca"": 12,   ""self_reported_band_group"": ""moderate"",   ""self_reported_band_interpersonal"": ""low"" }",,18,12,moderate,low
1bebab78b372c7d756eb323cf750c7b97ecd336ccc29da840f155e22fc4e5200__geo,1bebab78b372c7d756eb323cf750c7b97ecd336ccc29da840f155e22fc4e5200,geo,vllm,casperhansen/llama-3.3-70b-instruct-awq,"{   ""self_reported_group_ca"": 18,   ""self_reported_interpersonal_ca"": 12,   ""self_reported_band_group"": ""moderate"",   ""self_reported_band_interpersonal"": ""low"" }",,18,12,moderate,low
1bebab78b372c7d756eb323cf750c7b97ecd336ccc29da840f155e22fc4e5200__transit,1bebab78b372c7d756eb323cf750c7b97ecd336ccc29da840f155e22fc4e5200,transit,vllm,casperhansen/llama-3.3-70b-instruct-awq,"{   ""self_reported_group_ca"": 18,   ""self_reported_interpersonal_ca"": 12,   ""self_reported_band_group"": ""moderate"",   ""self_reported_band_interpersonal"": ""low"" }",,18,12,moderate,low
1bebab78b372c7d756eb323cf750c7b97ecd336ccc29da840f155e22fc4e5200__full,1bebab78b372c7d756eb323cf750c7b97ecd336ccc29da840f155e22fc4e5200,full,vllm,casperhansen/llama-3.3-70b-instruct-awq,"{   ""self_reported_group_ca"": 18,   ""self_reported_interpersonal_ca"": 22,   ""self_reported_band_group"": ""moderate"",   ""self_reported_band_interpersonal"": ""high"" }",,18,22,moderate,high
1bebab78b372c7d756eb323cf750c7b97ecd336ccc29da840f155e22fc4e5200__v3_rideshare,1bebab78b372c7d756eb323cf750c7b97ecd336ccc29da840f155e22fc4e5200,v3_rideshare,vllm,casperhansen/llama-3.3-70b-instruct-awq,"{   ""self_reported_group_ca"": 18,   ""self_reported_interpersonal_ca"": 12,   ""self_reported_band_group"": ""moderate"",   ""self_reported_band_interpersonal"": ""low"" }",,18,12,moderate,low
1bebab78b372c7d756eb323cf750c7b97ecd336ccc29da840f155e22fc4e5200__v3_public_transit,1bebab78b372c7d756eb323cf750c7b97ecd336ccc29da840f155e22fc4e5200,v3_public_transit,vllm,casperhansen/llama-3.3-70b-instruct-awq,"{   ""self_reported_group_ca"": 18,   ""self_reported_interpersonal_ca"": 12,   ""self_reported_band_group"": ""moderate"",   ""self_reported_band_interpersonal"": ""low"" }",,18,12,moderate,low
1bebab78b372c7d756eb323cf750c7b97ecd336ccc29da840f155e22fc4e5200__v3_voice,1bebab78b372c7d756eb323cf750c7b97ecd336ccc29da840f155e22fc4e5200,v3_voice,vllm,casperhansen/llama-3.3-70b-instruct-awq,"{   ""self_reported_group_ca"": 18,   ""self_reported_interpersonal_ca"": 22,   ""self_reported_band_group"": ""moderate"",   ""self_reported_band_interpersonal"": ""high"" }",,18,22,moderate,high
ca7e199d6281489dd6b9675cb7effec47eaceae0834240c687e2a7dbf6063fdc__demos,ca7e199d6281489dd6b9675cb7effec47eaceae0834240c687e2a7dbf6063fdc,demos,vllm,casperhansen/llama-3.3-70b-instruct-awq,"{   ""self_reported_group_ca"": 18,   ""self_reported_interpersonal_ca"": 12,   ""self_reported_band_group"": ""moderate"",   ""self_reported_band_interpersonal"": ""low"" }",,18,12,moderate,low
ca7e199d6281489dd6b9675cb7effec47eaceae0834240c687e2a7dbf6063fdc__employment,ca7e199d6281489dd6b9675cb7effec47eaceae0834240c687e2a7dbf6063fdc,employment,vllm,casperhansen/llama-3.3-70b-instruct-awq,"{   ""self_reported_group_ca"": 18,   ""self_reported_interpersonal_ca"": 12,   ""self_reported_band_group"": ""moderate"",   ""self_reported_band_interpersonal"": ""low"" }",,18,12,moderate,low
ca7e199d6281489dd6b9675cb7effec47eaceae0834240c687e2a7dbf6063fdc__geo,ca7e199d6281489dd6b9675cb7effec47eaceae0834240c687e2a7dbf6063fdc,geo,vllm,casperhansen/llama-3.3-70b-instruct-awq,"{   ""self_reported_group_ca"": 18,   ""self_reported_interpersonal_ca"": 12,   ""self_reported_band_group"": ""moderate"",   ""self_reported_band_interpersonal"": ""low"" }",,18,12,moderate,low
ca7e199d6281489dd6b9675cb7effec47eaceae0834240c687e2a7dbf6063fdc__transit,ca7e199d6281489dd6b9675cb7effec47eaceae0834240c687e2a7dbf6063fdc,transit,vllm,casperhansen/llama-3.3-70b-instruct-awq,"{   ""self_reported_group_ca"": 18,   ""self_reported_interpersonal_ca"": 12,   ""self_reported_band_group"": ""moderate"",   ""self_reported_band_interpersonal"": ""low"" }",,18,12,moderate,low
ca7e199d6281489dd6b9675cb7effec47eaceae0834240c687e2a7dbf6063fdc__full,ca7e199d6281489dd6b9675cb7effec47eaceae0834240c687e2a7dbf6063fdc,full,vllm,casperhansen/llama-3.3-70b-instruct-awq,"{   ""self_reported_group_ca"": 18,   ""self_reported_interpersonal_ca"": 12,   ""self_reported_band_group"": ""moderate"",   ""self_reported_band_interpersonal"": ""low"" }",,18,12,moderate,low
ca7e199d6281489dd6b9675cb7effec47eaceae0834240c687e2a7dbf6063fdc__v3_rideshare,ca7e199d6281489dd6b9675cb7effec47eaceae0834240c687e2a7dbf6063fdc,v3_rideshare,vllm,casperhansen/llama-3.3-70b-instruct-awq,"{   ""self_reported_group_ca"": 18,   ""self_reported_interpersonal_ca"": 12,   ""self_reported_band_group"": ""moderate"",   ""self_reported_band_interpersonal"": ""low"" }",,18,12,moderate,low
ca7e199d6281489dd6b9675cb7effec47eaceae0834240c687e2a7dbf6063fdc__v3_public_transit,ca7e199d6281489dd6b9675cb7effec47eaceae0834240c687e2a7dbf6063fdc,v3_public_transit,vllm,casperhansen/llama-3.3-70b-instruct-awq,"{   ""self_reported_group_ca"": 18,   ""self_reported_interpersonal_ca"": 12,   ""self_reported_band_group"": ""moderate"",   ""self_reported_band_interpersonal"": ""low"" }",,18,12,moderate,low
ca7e199d6281489dd6b9675cb7effec47eaceae0834240c687e2a7dbf6063fdc__v3_voice,ca7e199d6281489dd6b9675cb7effec47eaceae0834240c687e2a7dbf6063fdc,v3_voice,vllm,casperhansen/llama-3.3-70b-instruct-awq,"{   ""self_reported_group_ca"": 18,   ""self_reported_interpersonal_ca"": 12,   ""self_reported_band_group"": ""moderate"",   ""self_reported_band_interpersonal"": ""low"" }",,18,12,moderate,low
9c877156fed133764fd93ac9c6f5878f744da84538c8e117200a2793b8b5a982__demos,9c877156fed133764fd93ac9c6f5878f744da84538c8e117200a2793b8b5a982,demos,vllm,casperhansen/llama-3.3-70b-instruct-awq,"{   ""self_reported_group_ca"": 18,   ""self_reported_interpersonal_ca"": 12,   ""self_reported_band_group"": ""moderate"",   ""self_reported_band_interpersonal"": ""low"" }",,18,12,moderate,low
9c877156fed133764fd93ac9c6f5878f744da84538c8e117200a2793b8b5a982__employment,9c877156fed133764fd93ac9c6f5878f744da84538c8e117200a2793b8b5a982,employment,vllm,casperhansen/llama-3.3-70b-instruct-awq,"{   ""self_reported_group_ca"": 18,   ""self_reported_interpersonal_ca"": 12,   ""self_reported_band_group"": ""moderate"",   ""self_reported_band_interpersonal"": ""low"" }",,18,12,moderate,low
9c877156fed133764fd93ac9c6f5878f744da84538c8e117200a2793b8b5a982__geo,9c877156fed133764fd93ac9c6f5878f744da84538c8e117200a2793b8b5a982,geo,vllm,casperhansen/llama-3.3-70b-instruct-awq,"{   ""self_reported_group_ca"": 18,   ""self_reported_interpersonal_ca"": 12,   ""self_reported_band_group"": ""moderate"",   ""self_reported_band_interpersonal"": ""low"" }",,18,12,moderate,low
9c877156fed133764fd93ac9c6f5878f744da84538c8e117200a2793b8b5a982__transit,9c877156fed133764fd93ac9c6f5878f744da84538c8e117200a2793b8b5a982,transit,vllm,casperhansen/llama-3.3-70b-instruct-awq,"{   ""self_reported_group_ca"": 18,   ""self_reported_interpersonal_ca"": 12,   ""self_reported_band_group"": ""moderate"",   ""self_reported_band_interpersonal"": ""low"" }",,18,12,moderate,low
9c877156fed133764fd93ac9c6f5878f744da84538c8e117200a2793b8b5a982__full,9c877156fed133764fd93ac9c6f5878f744da84538c8e117200a2793b8b5a982,full,vllm,casperhansen/llama-3.3-70b-instruct-awq,"{   ""self_reported_group_ca"": 18,   ""self_reported_interpersonal_ca"": 12,   ""self_reported_band_group"": ""moderate"",   ""self_reported_band_interpersonal"": ""low"" }",,18,12,moderate,low
9c877156fed133764fd93ac9c6f5878f744da84538c8e117200a2793b8b5a982__v3_rideshare,9c877156fed133764fd93ac9c6f5878f744da84538c8e117200a2793b8b5a982,v3_rideshare,vllm,casperhansen/llama-3.3-70b-instruct-awq,"{   ""self_reported_group_ca"": 18,   ""self_reported_interpersonal_ca"": 12,   ""self_reported_band_group"": ""moderate"",   ""self_reported_band_interpersonal"": ""low"" }",,18,12,moderate,low
9c877156fed133764fd93ac9c6f5878f744da84538c8e117200a2793b8b5a982__v3_public_transit,9c877156fed133764fd93ac9c6f5878f744da84538c8e117200a2793b8b5a982,v3_public_transit,vllm,casperhansen/llama-3.3-70b-instruct-awq,"{   ""self_reported_group_ca"": 18,   ""self_reported_interpersonal_ca"": 12,   ""self_reported_band_group"": ""moderate"",   ""self_reported_band_interpersonal"": ""low"" }",,18,12,moderate,low
9c877156fed133764fd93ac9c6f5878f744da84538c8e117200a2793b8b5a982__v3_voice,9c877156fed133764fd93ac9c6f5878f744da84538c8e117200a2793b8b5a982,v3_voice,vllm,casperhansen/llama-3.3-70b-instruct-awq,"{   ""self_reported_group_ca"": 18,   ""self_reported_interpersonal_ca"": 12,   ""self_reported_band_group"": ""moderate"",   ""self_reported_band_interpersonal"": ""low"" }",,18,12,moderate,low
da80c6ab9ad9ac3ae33a1edfd4ca1f2234b28adfaa50c5809b161e6f4e9db2f3__demos,da80c6ab9ad9ac3ae33a1edfd4ca1f2234b28adfaa50c5809b161e6f4e9db2f3,demos,vllm,casperhansen/llama-3.3-70b-instruct-awq,"{   ""self_reported_group_ca"": 18,   ""self_reported_interpersonal_ca"": 12,   ""self_reported_band_group"": ""moderate"",   ""self_reported_band_interpersonal"": ""low"" }",,18,12,moderate,low
da80c6ab9ad9ac3ae33a1edfd4ca1f2234b28adfaa50c5809b161e6f4e9db2f3__employment,da80c6ab9ad9ac3ae33a1edfd4ca1f2234b28adfaa50c5809b161e6f4e9db2f3,employment,vllm,casperhansen/llama-3.3-70b-instruct-awq,"{   ""self_reported_group_ca"": 18,   ""self_reported_interpersonal_ca"": 12,   ""self_reported_band_group"": ""moderate"",   ""self_reported_band_interpersonal"": ""low"" }",,18,12,moderate,low
da80c6ab9ad9ac3ae33a1edfd4ca1f2234b28adfaa50c5809b161e6f4e9db2f3__geo,da80c6ab9ad9ac3ae33a1edfd4ca1f2234b28adfaa50c5809b161e6f4e9db2f3,geo,vllm,casperhansen/llama-3.3-70b-instruct-awq,"{   ""self_reported_group_ca"": 18,   ""self_reported_interpersonal_ca"": 12,   ""self_reported_band_group"": ""moderate"",   ""self_reported_band_interpersonal"": ""low"" }",,18,12,moderate,low
da80c6ab9ad9ac3ae33a1edfd4ca1f2234b28adfaa50c5809b161e6f4e9db2f3__transit,da80c6ab9ad9ac3ae33a1edfd4ca1f2234b28adfaa50c5809b161e6f4e9db2f3,transit,vllm,casperhansen/llama-3.3-70b-instruct-awq,"{   ""self_reported_group_ca"": 18,   ""self_reported_interpersonal_ca"": 12,   ""self_reported_band_group"": ""moderate"",   ""self_reported_band_interpersonal"": ""low"" }",,18,12,moderate,low
da80c6ab9ad9ac3ae33a1edfd4ca1f2234b28adfaa50c5809b161e6f4e9db2f3__full,da80c6ab9ad9ac3ae33a1edfd4ca1f2234b28adfaa50c5809b161e6f4e9db2f3,full,vllm,casperhansen/llama-3.3-70b-instruct-awq,"{   ""self_reported_group_ca"": 18,   ""self_reported_interpersonal_ca"": 12,   ""self_reported_band_group"": ""moderate"",   ""self_reported_band_interpersonal"": ""low"" }",,18,12,moderate,low
da80c6ab9ad9ac3ae33a1edfd4ca1f2234b28adfaa50c5809b161e6f4e9db2f3__v3_rideshare,da80c6ab9ad9ac3ae33a1edfd4ca1f2234b28adfaa50c5809b161e6f4e9db2f3,v3_rideshare,vllm,casperhansen/llama-3.3-70b-instruct-awq,"{   ""self_reported_group_ca"": 18,   ""self_reported_interpersonal_ca"": 12,   ""self_reported_band_group"": ""moderate"",   ""self_reported_band_interpersonal"": ""low"" }",,18,12,moderate,low
da80c6ab9ad9ac3ae33a1edfd4ca1f2234b28adfaa50c5809b161e6f4e9db2f3__v3_public_transit,da80c6ab9ad9ac3ae33a1edfd4ca1f2234b28adfaa50c5809b161e6f4e9db2f3,v3_public_transit,vllm,casperhansen/llama-3.3-70b-instruct-awq,"{   ""self_reported_group_ca"": 18,   ""self_reported_interpersonal_ca"": 12,   ""self_reported_band_group"": ""moderate"",   ""self_reported_band_interpersonal"": ""low"" }",,18,12,moderate,low
da80c6ab9ad9ac3ae33a1edfd4ca1f2234b28adfaa50c5809b161e6f4e9db2f3__v3_voice,da80c6ab9ad9ac3ae33a1edfd4ca1f2234b28adfaa50c5809b161e6f4e9db2f3,v3_voice,vllm,casperhansen/llama-3.3-70b-instruct-awq,"{   ""self_reported_group_ca"": 18,   ""self_reported_interpersonal_ca"": 12,   ""self_reported_band_group"": ""moderate"",   ""self_reported_band_interpersonal"": ""low"" }",,18,12,moderate,low
5db6bc6e5109e296d47c1254d3693d0269a21bb64359f25b9013517834d551ad__demos,5db6bc6e5109e296d47c1254d3693d0269a21bb64359f25b9013517834d551ad,demos,vllm,casperhansen/llama-3.3-70b-instruct-awq,"{   ""self_reported_group_ca"": 18,   ""self_reported_interpersonal_ca"": 12,   ""self_reported_band_group"": ""moderate"",   ""self_reported_band_interpersonal"": ""low"" }",,18,12,moderate,low
5db6bc6e5109e296d47c1254d3693d0269a21bb64359f25b9013517834d551ad__employment,5db6bc6e5109e296d47c1254d3693d0269a21bb64359f25b9013517834d551ad,employment,vllm,casperhansen/llama-3.3-70b-instruct-awq,"{   ""self_reported_group_ca"": 18,   ""self_reported_interpersonal_ca"": 12,   ""self_reported_band_group"": ""moderate"",   ""self_reported_band_interpersonal"": ""low"" }",,18,12,moderate,low
5db6bc6e5109e296d47c1254d3693d0269a21bb64359f25b9013517834d551ad__geo,5db6bc6e5109e296d47c1254d3693d0269a21bb64359f25b9013517834d551ad,geo,vllm,casperhansen/llama-3.3-70b-instruct-awq,"{   ""self_reported_group_ca"": 18,   ""self_reported_interpersonal_ca"": 12,   ""self_reported_band_group"": ""moderate"",   ""self_reported_band_interpersonal"": ""low"" }",,18,12,moderate,low
5db6bc6e5109e296d47c1254d3693d0269a21bb64359f25b9013517834d551ad__transit,5db6bc6e5109e296d47c1254d3693d0269a21bb64359f25b9013517834d551ad,transit,vllm,casperhansen/llama-3.3-70b-instruct-awq,"{   ""self_reported_group_ca"": 18,   ""self_reported_interpersonal_ca"": 12,   ""self_reported_band_group"": ""moderate"",   ""self_reported_band_interpersonal"": ""low"" }",,18,12,moderate,low
5db6bc6e5109e296d47c1254d3693d0269a21bb64359f25b9013517834d551ad__full,5db6bc6e5109e296d47c1254d3693d0269a21bb64359f25b9013517834d551ad,full,vllm,casperhansen/llama-3.3-70b-instruct-awq,"{   ""self_reported_group_ca"": 18,   ""self_reported_interpersonal_ca"": 12,   ""self_reported_band_group"": ""moderate"",   ""self_reported_band_interpersonal"": ""low"" }",,18,12,moderate,low
5db6bc6e5109e296d47c1254d3693d0269a21bb64359f25b9013517834d551ad__v3_rideshare,5db6bc6e5109e296d47c1254d3693d0269a21bb64359f25b9013517834d551ad,v3_rideshare,vllm,casperhansen/llama-3.3-70b-instruct-awq,"{   ""self_reported_group_ca"": 18,   ""self_reported_interpersonal_ca"": 12,   ""self_reported_band_group"": ""moderate"",   ""self_reported_band_interpersonal"": ""low"" }",,18,12,moderate,low
5db6bc6e5109e296d47c1254d3693d0269a21bb64359f25b9013517834d551ad__v3_public_transit,5db6bc6e5109e296d47c1254d3693d0269a21bb64359f25b9013517834d551ad,v3_public_transit,vllm,casperhansen/llama-3.3-70b-instruct-awq,"{   ""self_reported_group_ca"": 18,   ""self_reported_interpersonal_ca"": 12,   ""self_reported_band_group"": ""moderate"",   ""self_reported_band_interpersonal"": ""low"" }",,18,12,moderate,low
5db6bc6e5109e296d47c1254d3693d0269a21bb64359f25b9013517834d551ad__v3_voice,5db6bc6e5109e296d47c1254d3693d0269a21bb64359f25b9013517834d551ad,v3_voice,vllm,casperhansen/llama-3.3-70b-instruct-awq,"{   ""self_reported_group_ca"": 18,   ""self_reported_interpersonal_ca"": 12,   ""self_reported_band_group"": ""moderate"",   ""self_reported_band_interpersonal"": ""low"" }",,18,12,moderate,low
5c983274017a8cdedc3d7e32040d89e6d17f0ed582410ecbaf0c1c08aeb9ca3d__demos,5c983274017a8cdedc3d7e32040d89e6d17f0ed582410ecbaf0c1c08aeb9ca3d,demos,vllm,casperhansen/llama-3.3-70b-instruct-awq,"{   ""self_reported_group_ca"": 18,   ""self_reported_interpersonal_ca"": 12,   ""self_reported_band_group"": ""moderate"",   ""self_reported_band_interpersonal"": ""low"" }",,18,12,moderate,low
5c983274017a8cdedc3d7e32040d89e6d17f0ed582410ecbaf0c1c08aeb9ca3d__employment,5c983274017a8cdedc3d7e32040d89e6d17f0ed582410ecbaf0c1c08aeb9ca3d,employment,vllm,casperhansen/llama-3.3-70b-instruct-awq,"{   ""self_reported_group_ca"": 18,   ""self_reported_interpersonal_ca"": 12,   ""self_reported_band_group"": ""moderate"",   ""self_reported_band_interpersonal"": ""low"" }",,18,12,moderate,low
5c983274017a8cdedc3d7e32040d89e6d17f0ed582410ecbaf0c1c08aeb9ca3d__geo,5c983274017a8cdedc3d7e32040d89e6d17f0ed582410ecbaf0c1c08aeb9ca3d,geo,vllm,casperhansen/llama-3.3-70b-instruct-awq,"{   ""self_reported_group_ca"": 18,   ""self_reported_interpersonal_ca"": 12,   ""self_reported_band_group"": ""moderate"",   ""self_reported_band_interpersonal"": ""low"" }",,18,12,moderate,low
5c983274017a8cdedc3d7e32040d89e6d17f0ed582410ecbaf0c1c08aeb9ca3d__transit,5c983274017a8cdedc3d7e32040d89e6d17f0ed582410ecbaf0c1c08aeb9ca3d,transit,vllm,casperhansen/llama-3.3-70b-instruct-awq,"{   ""self_reported_group_ca"": 18,   ""self_reported_interpersonal_ca"": 12,   ""self_reported_band_group"": ""moderate"",   ""self_reported_band_interpersonal"": ""low"" }",,18,12,moderate,low
5c983274017a8cdedc3d7e32040d89e6d17f0ed582410ecbaf0c1c08aeb9ca3d__full,5c983274017a8cdedc3d7e32040d89e6d17f0ed582410ecbaf0c1c08aeb9ca3d,full,vllm,casperhansen/llama-3.3-70b-instruct-awq,"{   ""self_reported_group_ca"": 18,   ""self_reported_interpersonal_ca"": 12,   ""self_reported_band_group"": ""moderate"",   ""self_reported_band_interpersonal"": ""low"" }",,18,12,moderate,low
5c983274017a8cdedc3d7e32040d89e6d17f0ed582410ecbaf0c1c08aeb9ca3d__v3_rideshare,5c983274017a8cdedc3d7e32040d89e6d17f0ed582410ecbaf0c1c08aeb9ca3d,v3_rideshare,vllm,casperhansen/llama-3.3-70b-instruct-awq,"{   ""self_reported_group_ca"": 18,   ""self_reported_interpersonal_ca"": 12,   ""self_reported_band_group"": ""moderate"",   ""self_reported_band_interpersonal"": ""low"" }",,18,12,moderate,low
5c983274017a8cdedc3d7e32040d89e6d17f0ed582410ecbaf0c1c08aeb9ca3d__v3_public_transit,5c983274017a8cdedc3d7e32040d89e6d17f0ed582410ecbaf0c1c08aeb9ca3d,v3_public_transit,vllm,casperhansen/llama-3.3-70b-instruct-awq,"{   ""self_reported_group_ca"": 18,   ""self_reported_interpersonal_ca"": 12,   ""self_reported_band_group"": ""moderate"",   ""self_reported_band_interpersonal"": ""low"" }",,18,12,moderate,low
5c983274017a8cdedc3d7e32040d89e6d17f0ed582410ecbaf0c1c08aeb9ca3d__v3_voice,5c983274017a8cdedc3d7e32040d89e6d17f0ed582410ecbaf0c1c08aeb9ca3d,v3_voice,vllm,casperhansen/llama-3.3-70b-instruct-awq,"{   ""self_reported_group_ca"": 18,   ""self_reported_interpersonal_ca"": 12,   ""self_reported_band_group"": ""moderate"",   ""self_reported_band_interpersonal"": ""low"" }",,18,12,moderate,low
07f5fb1f13ca54c4656dedc37180539cbd5ea3323ec2bd908295fb5b23c478b0__demos,07f5fb1f13ca54c4656dedc37180539cbd5ea3323ec2bd908295fb5b23c478b0,demos,vllm,casperhansen/llama-3.3-70b-instruct-awq,"{   ""self_reported_group_ca"": 18,   ""self_reported_interpersonal_ca"": 12,   ""self_reported_band_group"": ""moderate"",   ""self_reported_band_interpersonal"": ""low"" }",,18,12,moderate,low
07f5fb1f13ca54c4656dedc37180539cbd5ea3323ec2bd908295fb5b23c478b0__employment,07f5fb1f13ca54c4656dedc37180539cbd5ea3323ec2bd908295fb5b23c478b0,employment,vllm,casperhansen/llama-3.3-70b-instruct-awq,"{   ""self_reported_group_ca"": 18,   ""self_reported_interpersonal_ca"": 12,   ""self_reported_band_group"": ""moderate"",   ""self_reported_band_interpersonal"": ""low"" }",,18,12,moderate,low
07f5fb1f13ca54c4656dedc37180539cbd5ea3323ec2bd908295fb5b23c478b0__geo,07f5fb1f13ca54c4656dedc37180539cbd5ea3323ec2bd908295fb5b23c478b0,geo,vllm,casperhansen/llama-3.3-70b-instruct-awq,"{   ""self_reported_group_ca"": 18,   ""self_reported_interpersonal_ca"": 12,   ""self_reported_band_group"": ""moderate"",   ""self_reported_band_interpersonal"": ""low"" }",,18,12,moderate,low
07f5fb1f13ca54c4656dedc37180539cbd5ea3323ec2bd908295fb5b23c478b0__transit,07f5fb1f13ca54c4656dedc37180539cbd5ea3323ec2bd908295fb5b23c478b0,transit,vllm,casperhansen/llama-3.3-70b-instruct-awq,"{   ""self_reported_group_ca"": 18,   ""self_reported_interpersonal_ca"": 12,   ""self_reported_band_group"": ""moderate"",   ""self_reported_band_interpersonal"": ""low"" }",,18,12,moderate,low
07f5fb1f13ca54c4656dedc37180539cbd5ea3323ec2bd908295fb5b23c478b0__full,07f5fb1f13ca54c4656dedc37180539cbd5ea3323ec2bd908295fb5b23c478b0,full,vllm,casperhansen/llama-3.3-70b-instruct-awq,"{   ""self_reported_group_ca"": 18,   ""self_reported_interpersonal_ca"": 12,   ""self_reported_band_group"": ""moderate"",   ""self_reported_band_interpersonal"": ""low"" }",,18,12,moderate,low
07f5fb1f13ca54c4656dedc37180539cbd5ea3323ec2bd908295fb5b23c478b0__v3_rideshare,07f5fb1f13ca54c4656dedc37180539cbd5ea3323ec2bd908295fb5b23c478b0,v3_rideshare,vllm,casperhansen/llama-3.3-70b-instruct-awq,"{   ""self_reported_group_ca"": 18,   ""self_reported_interpersonal_ca"": 12,   ""self_reported_band_group"": ""moderate"",   ""self_reported_band_interpersonal"": ""low"" }",,18,12,moderate,low
07f5fb1f13ca54c4656dedc37180539cbd5ea3323ec2bd908295fb5b23c478b0__v3_public_transit,07f5fb1f13ca54c4656dedc37180539cbd5ea3323ec2bd908295fb5b23c478b0,v3_public_transit,vllm,casperhansen/llama-3.3-70b-instruct-awq,"{   ""self_reported_group_ca"": 18,   ""self_reported_interpersonal_ca"": 12,   ""self_reported_band_group"": ""moderate"",   ""self_reported_band_interpersonal"": ""low"" }",,18,12,moderate,low
07f5fb1f13ca54c4656dedc37180539cbd5ea3323ec2bd908295fb5b23c478b0__v3_voice,07f5fb1f13ca54c4656dedc37180539cbd5ea3323ec2bd908295fb5b23c478b0,v3_voice,vllm,casperhansen/llama-3.3-70b-instruct-awq,"{   ""self_reported_group_ca"": 18,   ""self_reported_interpersonal_ca"": 12,   ""self_reported_band_group"": ""moderate"",   ""self_reported_band_interpersonal"": ""low"" }",,18,12,moderate,low
b46b19189df611ea38d8c74ac82ea8f8a9bc11ba8918b8f73ebcbcdf50407bfd__demos,b46b19189df611ea38d8c74ac82ea8f8a9bc11ba8918b8f73ebcbcdf50407bfd,demos,vllm,casperhansen/llama-3.3-70b-instruct-awq,"{   ""self_reported_group_ca"": 18,   ""self_reported_interpersonal_ca"": 12,   ""self_reported_band_group"": ""moderate"",   ""self_reported_band_interpersonal"": ""low"" }",,18,12,moderate,low
b46b19189df611ea38d8c74ac82ea8f8a9bc11ba8918b8f73ebcbcdf50407bfd__employment,b46b19189df611ea38d8c74ac82ea8f8a9bc11ba8918b8f73ebcbcdf50407bfd,employment,vllm,casperhansen/llama-3.3-70b-instruct-awq,"{   ""self_reported_group_ca"": 18,   ""self_reported_interpersonal_ca"": 12,   ""self_reported_band_group"": ""moderate"",   ""self_reported_band_interpersonal"": ""low"" }",,18,12,moderate,low
b46b19189df611ea38d8c74ac82ea8f8a9bc11ba8918b8f73ebcbcdf50407bfd__geo,b46b19189df611ea38d8c74ac82ea8f8a9bc11ba8918b8f73ebcbcdf50407bfd,geo,vllm,casperhansen/llama-3.3-70b-instruct-awq,"{   ""self_reported_group_ca"": 18,   ""self_reported_interpersonal_ca"": 12,   ""self_reported_band_group"": ""moderate"",   ""self_reported_band_interpersonal"": ""low"" }",,18,12,moderate,low
b46b19189df611ea38d8c74ac82ea8f8a9bc11ba8918b8f73ebcbcdf50407bfd__transit,b46b19189df611ea38d8c74ac82ea8f8a9bc11ba8918b8f73ebcbcdf50407bfd,transit,vllm,casperhansen/llama-3.3-70b-instruct-awq,"{   ""self_reported_group_ca"": 18,   ""self_reported_interpersonal_ca"": 12,   ""self_reported_band_group"": ""moderate"",   ""self_reported_band_interpersonal"": ""low"" }",,18,12,moderate,low
b46b19189df611ea38d8c74ac82ea8f8a9bc11ba8918b8f73ebcbcdf50407bfd__full,b46b19189df611ea38d8c74ac82ea8f8a9bc11ba8918b8f73ebcbcdf50407bfd,full,vllm,casperhansen/llama-3.3-70b-instruct-awq,"{   ""self_reported_group_ca"": 18,   ""self_reported_interpersonal_ca"": 12,   ""self_reported_band_group"": ""moderate"",   ""self_reported_band_interpersonal"": ""low"" }",,18,12,moderate,low
b46b19189df611ea38d8c74ac82ea8f8a9bc11ba8918b8f73ebcbcdf50407bfd__v3_rideshare,b46b19189df611ea38d8c74ac82ea8f8a9bc11ba8918b8f73ebcbcdf50407bfd,v3_rideshare,vllm,casperhansen/llama-3.3-70b-instruct-awq,"{   ""self_reported_group_ca"": 18,   ""self_reported_interpersonal_ca"": 12,   ""self_reported_band_group"": ""moderate"",   ""self_reported_band_interpersonal"": ""low"" }",,18,12,moderate,low
b46b19189df611ea38d8c74ac82ea8f8a9bc11ba8918b8f73ebcbcdf50407bfd__v3_public_transit,b46b19189df611ea38d8c74ac82ea8f8a9bc11ba8918b8f73ebcbcdf50407bfd,v3_public_transit,vllm,casperhansen/llama-3.3-70b-instruct-awq,"{   ""self_reported_group_ca"": 18,   ""self_reported_interpersonal_ca"": 12,   ""self_reported_band_group"": ""moderate"",   ""self_reported_band_interpersonal"": ""low"" }",,18,12,moderate,low
b46b19189df611ea38d8c74ac82ea8f8a9bc11ba8918b8f73ebcbcdf50407bfd__v3_voice,b46b19189df611ea38d8c74ac82ea8f8a9bc11ba8918b8f73ebcbcdf50407bfd,v3_voice,vllm,casperhansen/llama-3.3-70b-instruct-awq,"{   ""self_reported_group_ca"": 18,   ""self_reported_interpersonal_ca"": 12,   ""self_reported_band_group"": ""moderate"",   ""self_reported_band_interpersonal"": ""low"" }",,18,12,moderate,low
4c702f1bd58b7e542476873c4b41f6170fdb954822b14b84236e7194735b41ee__demos,4c702f1bd58b7e542476873c4b41f6170fdb954822b14b84236e7194735b41ee,demos,vllm,casperhansen/llama-3.3-70b-instruct-awq,"{   ""self_reported_group_ca"": 18,   ""self_reported_interpersonal_ca"": 12,   ""self_reported_band_group"": ""moderate"",   ""self_reported_band_interpersonal"": ""low"" }",,18,12,moderate,low
4c702f1bd58b7e542476873c4b41f6170fdb954822b14b84236e7194735b41ee__employment,4c702f1bd58b7e542476873c4b41f6170fdb954822b14b84236e7194735b41ee,employment,vllm,casperhansen/llama-3.3-70b-instruct-awq,"{   ""self_reported_group_ca"": 18,   ""self_reported_interpersonal_ca"": 12,   ""self_reported_band_group"": ""moderate"",   ""self_reported_band_interpersonal"": ""low"" }",,18,12,moderate,low
4c702f1bd58b7e542476873c4b41f6170fdb954822b14b84236e7194735b41ee__geo,4c702f1bd58b7e542476873c4b41f6170fdb954822b14b84236e7194735b41ee,geo,vllm,casperhansen/llama-3.3-70b-instruct-awq,"{   ""self_reported_group_ca"": 18,   ""self_reported_interpersonal_ca"": 12,   ""self_reported_band_group"": ""moderate"",   ""self_reported_band_interpersonal"": ""low"" }",,18,12,moderate,low
4c702f1bd58b7e542476873c4b41f6170fdb954822b14b84236e7194735b41ee__transit,4c702f1bd58b7e542476873c4b41f6170fdb954822b14b84236e7194735b41ee,transit,vllm,casperhansen/llama-3.3-70b-instruct-awq,"{   ""self_reported_group_ca"": 18,   ""self_reported_interpersonal_ca"": 12,   ""self_reported_band_group"": ""moderate"",   ""self_reported_band_interpersonal"": ""low"" }",,18,12,moderate,low
4c702f1bd58b7e542476873c4b41f6170fdb954822b14b84236e7194735b41ee__full,4c702f1bd58b7e542476873c4b41f6170fdb954822b14b84236e7194735b41ee,full,vllm,casperhansen/llama-3.3-70b-instruct-awq,"{   ""self_reported_group_ca"": 18,   ""self_reported_interpersonal_ca"": 12,   ""self_reported_band_group"": ""moderate"",   ""self_reported_band_interpersonal"": ""low"" }",,18,12,moderate,low
4c702f1bd58b7e542476873c4b41f6170fdb954822b14b84236e7194735b41ee__v3_rideshare,4c702f1bd58b7e542476873c4b41f6170fdb954822b14b84236e7194735b41ee,v3_rideshare,vllm,casperhansen/llama-3.3-70b-instruct-awq,"{   ""self_reported_group_ca"": 18,   ""self_reported_interpersonal_ca"": 12,   ""self_reported_band_group"": ""moderate"",   ""self_reported_band_interpersonal"": ""low"" }",,18,12,moderate,low
4c702f1bd58b7e542476873c4b41f6170fdb954822b14b84236e7194735b41ee__v3_public_transit,4c702f1bd58b7e542476873c4b41f6170fdb954822b14b84236e7194735b41ee,v3_public_transit,vllm,casperhansen/llama-3.3-70b-instruct-awq,"{   ""self_reported_group_ca"": 18,   ""self_reported_interpersonal_ca"": 12,   ""self_reported_band_group"": ""moderate"",   ""self_reported_band_interpersonal"": ""low"" }",,18,12,moderate,low
4c702f1bd58b7e542476873c4b41f6170fdb954822b14b84236e7194735b41ee__v3_voice,4c702f1bd58b7e542476873c4b41f6170fdb954822b14b84236e7194735b41ee,v3_voice,vllm,casperhansen/llama-3.3-70b-instruct-awq,"{   ""self_reported_group_ca"": 16,   ""self_reported_interpersonal_ca"": 10,   ""self_reported_band_group"": ""moderate"",   ""self_reported_band_interpersonal"": ""low"" }",,16,10,moderate,low
37da04b700fbd436f4ad6baa1e67584ae8dc1bf2116c2449aff7e888942c6e5c__demos,37da04b700fbd436f4ad6baa1e67584ae8dc1bf2116c2449aff7e888942c6e5c,demos,vllm,casperhansen/llama-3.3-70b-instruct-awq,"{   ""self_reported_group_ca"": 18,   ""self_reported_interpersonal_ca"": 12,   ""self_reported_band_group"": ""moderate"",   ""self_reported_band_interpersonal"": ""low"" }",,18,12,moderate,low
37da04b700fbd436f4ad6baa1e67584ae8dc1bf2116c2449aff7e888942c6e5c__employment,37da04b700fbd436f4ad6baa1e67584ae8dc1bf2116c2449aff7e888942c6e5c,employment,vllm,casperhansen/llama-3.3-70b-instruct-awq,"{   ""self_reported_group_ca"": 18,   ""self_reported_interpersonal_ca"": 12,   ""self_reported_band_group"": ""moderate"",   ""self_reported_band_interpersonal"": ""low"" }",,18,12,moderate,low
37da04b700fbd436f4ad6baa1e67584ae8dc1bf2116c2449aff7e888942c6e5c__geo,37da04b700fbd436f4ad6baa1e67584ae8dc1bf2116c2449aff7e888942c6e5c,geo,vllm,casperhansen/llama-3.3-70b-instruct-awq,"{   ""self_reported_group_ca"": 18,   ""self_reported_interpersonal_ca"": 12,   ""self_reported_band_group"": ""moderate"",   ""self_reported_band_interpersonal"": ""low"" }",,18,12,moderate,low
37da04b700fbd436f4ad6baa1e67584ae8dc1bf2116c2449aff7e888942c6e5c__transit,37da04b700fbd436f4ad6baa1e67584ae8dc1bf2116c2449aff7e888942c6e5c,transit,vllm,casperhansen/llama-3.3-70b-instruct-awq,"{   ""self_reported_group_ca"": 18,   ""self_reported_interpersonal_ca"": 12,   ""self_reported_band_group"": ""moderate"",   ""self_reported_band_interpersonal"": ""low"" }",,18,12,moderate,low
37da04b700fbd436f4ad6baa1e67584ae8dc1bf2116c2449aff7e888942c6e5c__full,37da04b700fbd436f4ad6baa1e67584ae8dc1bf2116c2449aff7e888942c6e5c,full,vllm,casperhansen/llama-3.3-70b-instruct-awq,"{   ""self_reported_group_ca"": 22,   ""self_reported_interpersonal_ca"": 18,   ""self_reported_band_group"": ""high"",   ""self_reported_band_interpersonal"": ""moderate"" }",,22,18,high,moderate
37da04b700fbd436f4ad6baa1e67584ae8dc1bf2116c2449aff7e888942c6e5c__v3_rideshare,37da04b700fbd436f4ad6baa1e67584ae8dc1bf2116c2449aff7e888942c6e5c,v3_rideshare,vllm,casperhansen/llama-3.3-70b-instruct-awq,"{   ""self_reported_group_ca"": 18,   ""self_reported_interpersonal_ca"": 12,   ""self_reported_band_group"": ""moderate"",   ""self_reported_band_interpersonal"": ""low"" }",,18,12,moderate,low
37da04b700fbd436f4ad6baa1e67584ae8dc1bf2116c2449aff7e888942c6e5c__v3_public_transit,37da04b700fbd436f4ad6baa1e67584ae8dc1bf2116c2449aff7e888942c6e5c,v3_public_transit,vllm,casperhansen/llama-3.3-70b-instruct-awq,"{   ""self_reported_group_ca"": 18,   ""self_reported_interpersonal_ca"": 12,   ""self_reported_band_group"": ""moderate"",   ""self_reported_band_interpersonal"": ""low"" }",,18,12,moderate,low
37da04b700fbd436f4ad6baa1e67584ae8dc1bf2116c2449aff7e888942c6e5c__v3_voice,37da04b700fbd436f4ad6baa1e67584ae8dc1bf2116c2449aff7e888942c6e5c,v3_voice,vllm,casperhansen/llama-3.3-70b-instruct-awq,"{   ""self_reported_group_ca"": 22,   ""self_reported_interpersonal_ca"": 18,   ""self_reported_band_group"": ""high"",   ""self_reported_band_interpersonal"": ""moderate"" }",,22,18,high,moderate
d37d0766146900c6ea0144a12b8c8e0b63c95cd13436ef243274ba9d1f6415ee__demos,d37d0766146900c6ea0144a12b8c8e0b63c95cd13436ef243274ba9d1f6415ee,demos,vllm,casperhansen/llama-3.3-70b-instruct-awq,"{   ""self_reported_group_ca"": 18,   ""self_reported_interpersonal_ca"": 12,   ""self_reported_band_group"": ""moderate"",   ""self_reported_band_interpersonal"": ""low"" }",,18,12,moderate,low
d37d0766146900c6ea0144a12b8c8e0b63c95cd13436ef243274ba9d1f6415ee__employment,d37d0766146900c6ea0144a12b8c8e0b63c95cd13436ef243274ba9d1f6415ee,employment,vllm,casperhansen/llama-3.3-70b-instruct-awq,"{   ""self_reported_group_ca"": 18,   ""self_reported_interpersonal_ca"": 12,   ""self_reported_band_group"": ""moderate"",   ""self_reported_band_interpersonal"": ""low"" }",,18,12,moderate,low
d37d0766146900c6ea0144a12b8c8e0b63c95cd13436ef243274ba9d1f6415ee__geo,d37d0766146900c6ea0144a12b8c8e0b63c95cd13436ef243274ba9d1f6415ee,geo,vllm,casperhansen/llama-3.3-70b-instruct-awq,"{   ""self_reported_group_ca"": 18,   ""self_reported_interpersonal_ca"": 12,   ""self_reported_band_group"": ""moderate"",   ""self_reported_band_interpersonal"": ""low"" }",,18,12,moderate,low
d37d0766146900c6ea0144a12b8c8e0b63c95cd13436ef243274ba9d1f6415ee__transit,d37d0766146900c6ea0144a12b8c8e0b63c95cd13436ef243274ba9d1f6415ee,transit,vllm,casperhansen/llama-3.3-70b-instruct-awq,"{   ""self_reported_group_ca"": 18,   ""self_reported_interpersonal_ca"": 12,   ""self_reported_band_group"": ""moderate"",   ""self_reported_band_interpersonal"": ""low"" }",,18,12,moderate,low
d37d0766146900c6ea0144a12b8c8e0b63c95cd13436ef243274ba9d1f6415ee__full,d37d0766146900c6ea0144a12b8c8e0b63c95cd13436ef243274ba9d1f6415ee,full,vllm,casperhansen/llama-3.3-70b-instruct-awq,"{   ""self_reported_group_ca"": 18,   ""self_reported_interpersonal_ca"": 12,   ""self_reported_band_group"": ""moderate"",   ""self_reported_band_interpersonal"": ""low"" }",,18,12,moderate,low
d37d0766146900c6ea0144a12b8c8e0b63c95cd13436ef243274ba9d1f6415ee__v3_rideshare,d37d0766146900c6ea0144a12b8c8e0b63c95cd13436ef243274ba9d1f6415ee,v3_rideshare,vllm,casperhansen/llama-3.3-70b-instruct-awq,"{   ""self_reported_group_ca"": 18,   ""self_reported_interpersonal_ca"": 12,   ""self_reported_band_group"": ""moderate"",   ""self_reported_band_interpersonal"": ""low"" }",,18,12,moderate,low
d37d0766146900c6ea0144a12b8c8e0b63c95cd13436ef243274ba9d1f6415ee__v3_public_transit,d37d0766146900c6ea0144a12b8c8e0b63c95cd13436ef243274ba9d1f6415ee,v3_public_transit,vllm,casperhansen/llama-3.3-70b-instruct-awq,"{   ""self_reported_group_ca"": 18,   ""self_reported_interpersonal_ca"": 12,   ""self_reported_band_group"": ""moderate"",   ""self_reported_band_interpersonal"": ""low"" }",,18,12,moderate,low
d37d0766146900c6ea0144a12b8c8e0b63c95cd13436ef243274ba9d1f6415ee__v3_voice,d37d0766146900c6ea0144a12b8c8e0b63c95cd13436ef243274ba9d1f6415ee,v3_voice,vllm,casperhansen/llama-3.3-70b-instruct-awq,"{   ""self_reported_group_ca"": 18,   ""self_reported_interpersonal_ca"": 12,   ""self_reported_band_group"": ""moderate"",   ""self_reported_band_interpersonal"": ""low"" }",,18,12,moderate,low
1399df779cf74485248614c2917af8b3625885fff62a644f7120d283bd93832a__demos,1399df779cf74485248614c2917af8b3625885fff62a644f7120d283bd93832a,demos,vllm,casperhansen/llama-3.3-70b-instruct-awq,"{   ""self_reported_group_ca"": 18,   ""self_reported_interpersonal_ca"": 12,   ""self_reported_band_group"": ""moderate"",   ""self_reported_band_interpersonal"": ""low"" }",,18,12,moderate,low
1399df779cf74485248614c2917af8b3625885fff62a644f7120d283bd93832a__employment,1399df779cf74485248614c2917af8b3625885fff62a644f7120d283bd93832a,employment,vllm,casperhansen/llama-3.3-70b-instruct-awq,"{   ""self_reported_group_ca"": 18,   ""self_reported_interpersonal_ca"": 12,   ""self_reported_band_group"": ""moderate"",   ""self_reported_band_interpersonal"": ""low"" }",,18,12,moderate,low
1399df779cf74485248614c2917af8b3625885fff62a644f7120d283bd93832a__geo,1399df779cf74485248614c2917af8b3625885fff62a644f7120d283bd93832a,geo,vllm,casperhansen/llama-3.3-70b-instruct-awq,"{   ""self_reported_group_ca"": 18,   ""self_reported_interpersonal_ca"": 12,   ""self_reported_band_group"": ""moderate"",   ""self_reported_band_interpersonal"": ""low"" }",,18,12,moderate,low
1399df779cf74485248614c2917af8b3625885fff62a644f7120d283bd93832a__transit,1399df779cf74485248614c2917af8b3625885fff62a644f7120d283bd93832a,transit,vllm,casperhansen/llama-3.3-70b-instruct-awq,"{   ""self_reported_group_ca"": 18,   ""self_reported_interpersonal_ca"": 12,   ""self_reported_band_group"": ""moderate"",   ""self_reported_band_interpersonal"": ""low"" }",,18,12,moderate,low
1399df779cf74485248614c2917af8b3625885fff62a644f7120d283bd93832a__full,1399df779cf74485248614c2917af8b3625885fff62a644f7120d283bd93832a,full,vllm,casperhansen/llama-3.3-70b-instruct-awq,"{   ""self_reported_group_ca"": 18,   ""self_reported_interpersonal_ca"": 12,   ""self_reported_band_group"": ""moderate"",   ""self_reported_band_interpersonal"": ""low"" }",,18,12,moderate,low
1399df779cf74485248614c2917af8b3625885fff62a644f7120d283bd93832a__v3_rideshare,1399df779cf74485248614c2917af8b3625885fff62a644f7120d283bd93832a,v3_rideshare,vllm,casperhansen/llama-3.3-70b-instruct-awq,"{   ""self_reported_group_ca"": 18,   ""self_reported_interpersonal_ca"": 12,   ""self_reported_band_group"": ""moderate"",   ""self_reported_band_interpersonal"": ""low"" }",,18,12,moderate,low
1399df779cf74485248614c2917af8b3625885fff62a644f7120d283bd93832a__v3_public_transit,1399df779cf74485248614c2917af8b3625885fff62a644f7120d283bd93832a,v3_public_transit,vllm,casperhansen/llama-3.3-70b-instruct-awq,"{   ""self_reported_group_ca"": 18,   ""self_reported_interpersonal_ca"": 12,   ""self_reported_band_group"": ""moderate"",   ""self_reported_band_interpersonal"": ""low"" }",,18,12,moderate,low
1399df779cf74485248614c2917af8b3625885fff62a644f7120d283bd93832a__v3_voice,1399df779cf74485248614c2917af8b3625885fff62a644f7120d283bd93832a,v3_voice,vllm,casperhansen/llama-3.3-70b-instruct-awq,"{   ""self_reported_group_ca"": 18,   ""self_reported_interpersonal_ca"": 12,   ""self_reported_band_group"": ""moderate"",   ""self_reported_band_interpersonal"": ""low"" }",,18,12,moderate,low
6a554c1a5b94a6468e92ee4b1c1e1d989244da092ea44259df405928e7b44ad4__demos,6a554c1a5b94a6468e92ee4b1c1e1d989244da092ea44259df405928e7b44ad4,demos,vllm,casperhansen/llama-3.3-70b-instruct-awq,"{   ""self_reported_group_ca"": 18,   ""self_reported_interpersonal_ca"": 12,   ""self_reported_band_group"": ""moderate"",   ""self_reported_band_interpersonal"": ""low"" }",,18,12,moderate,low
6a554c1a5b94a6468e92ee4b1c1e1d989244da092ea44259df405928e7b44ad4__employment,6a554c1a5b94a6468e92ee4b1c1e1d989244da092ea44259df405928e7b44ad4,employment,vllm,casperhansen/llama-3.3-70b-instruct-awq,"{   ""self_reported_group_ca"": 18,   ""self_reported_interpersonal_ca"": 12,   ""self_reported_band_group"": ""moderate"",   ""self_reported_band_interpersonal"": ""low"" }",,18,12,moderate,low
6a554c1a5b94a6468e92ee4b1c1e1d989244da092ea44259df405928e7b44ad4__geo,6a554c1a5b94a6468e92ee4b1c1e1d989244da092ea44259df405928e7b44ad4,geo,vllm,casperhansen/llama-3.3-70b-instruct-awq,"{   ""self_reported_group_ca"": 18,   ""self_reported_interpersonal_ca"": 12,   ""self_reported_band_group"": ""moderate"",   ""self_reported_band_interpersonal"": ""low"" }",,18,12,moderate,low
6a554c1a5b94a6468e92ee4b1c1e1d989244da092ea44259df405928e7b44ad4__transit,6a554c1a5b94a6468e92ee4b1c1e1d989244da092ea44259df405928e7b44ad4,transit,vllm,casperhansen/llama-3.3-70b-instruct-awq,"{   ""self_reported_group_ca"": 18,   ""self_reported_interpersonal_ca"": 12,   ""self_reported_band_group"": ""moderate"",   ""self_reported_band_interpersonal"": ""low"" }",,18,12,moderate,low
6a554c1a5b94a6468e92ee4b1c1e1d989244da092ea44259df405928e7b44ad4__full,6a554c1a5b94a6468e92ee4b1c1e1d989244da092ea44259df405928e7b44ad4,full,vllm,casperhansen/llama-3.3-70b-instruct-awq,"{   ""self_reported_group_ca"": 18,   ""self_reported_interpersonal_ca"": 12,   ""self_reported_band_group"": ""moderate"",   ""self_reported_band_interpersonal"": ""low"" }",,18,12,moderate,low
6a554c1a5b94a6468e92ee4b1c1e1d989244da092ea44259df405928e7b44ad4__v3_rideshare,6a554c1a5b94a6468e92ee4b1c1e1d989244da092ea44259df405928e7b44ad4,v3_rideshare,vllm,casperhansen/llama-3.3-70b-instruct-awq,"{   ""self_reported_group_ca"": 18,   ""self_reported_interpersonal_ca"": 12,   ""self_reported_band_group"": ""moderate"",   ""self_reported_band_interpersonal"": ""low"" }",,18,12,moderate,low
6a554c1a5b94a6468e92ee4b1c1e1d989244da092ea44259df405928e7b44ad4__v3_public_transit,6a554c1a5b94a6468e92ee4b1c1e1d989244da092ea44259df405928e7b44ad4,v3_public_transit,vllm,casperhansen/llama-3.3-70b-instruct-awq,"{   ""self_reported_group_ca"": 18,   ""self_reported_interpersonal_ca"": 12,   ""self_reported_band_group"": ""moderate"",   ""self_reported_band_interpersonal"": ""low"" }",,18,12,moderate,low
6a554c1a5b94a6468e92ee4b1c1e1d989244da092ea44259df405928e7b44ad4__v3_voice,6a554c1a5b94a6468e92ee4b1c1e1d989244da092ea44259df405928e7b44ad4,v3_voice,vllm,casperhansen/llama-3.3-70b-instruct-awq,"{   ""self_reported_group_ca"": 18,   ""self_reported_interpersonal_ca"": 12,   ""self_reported_band_group"": ""moderate"",   ""self_reported_band_interpersonal"": ""low"" }",,18,12,moderate,low
2828945aea524a25580d7edb649a259cb519addf15fac1da06e5a334aebf3904__demos,2828945aea524a25580d7edb649a259cb519addf15fac1da06e5a334aebf3904,demos,vllm,casperhansen/llama-3.3-70b-instruct-awq,"{   ""self_reported_group_ca"": 18,   ""self_reported_interpersonal_ca"": 12,   ""self_reported_band_group"": ""moderate"",   ""self_reported_band_interpersonal"": ""low"" }",,18,12,moderate,low
2828945aea524a25580d7edb649a259cb519addf15fac1da06e5a334aebf3904__employment,2828945aea524a25580d7edb649a259cb519addf15fac1da06e5a334aebf3904,employment,vllm,casperhansen/llama-3.3-70b-instruct-awq,"{   ""self_reported_group_ca"": 18,   ""self_reported_interpersonal_ca"": 12,   ""self_reported_band_group"": ""moderate"",   ""self_reported_band_interpersonal"": ""low"" }",,18,12,moderate,low
2828945aea524a25580d7edb649a259cb519addf15fac1da06e5a334aebf3904__geo,2828945aea524a25580d7edb649a259cb519addf15fac1da06e5a334aebf3904,geo,vllm,casperhansen/llama-3.3-70b-instruct-awq,"{   ""self_reported_group_ca"": 18,   ""self_reported_interpersonal_ca"": 12,   ""self_reported_band_group"": ""moderate"",   ""self_reported_band_interpersonal"": ""low"" }",,18,12,moderate,low
2828945aea524a25580d7edb649a259cb519addf15fac1da06e5a334aebf3904__transit,2828945aea524a25580d7edb649a259cb519addf15fac1da06e5a334aebf3904,transit,vllm,casperhansen/llama-3.3-70b-instruct-awq,"{   ""self_reported_group_ca"": 18,   ""self_reported_interpersonal_ca"": 12,   ""self_reported_band_group"": ""moderate"",   ""self_reported_band_interpersonal"": ""low"" }",,18,12,moderate,low
2828945aea524a25580d7edb649a259cb519addf15fac1da06e5a334aebf3904__full,2828945aea524a25580d7edb649a259cb519addf15fac1da06e5a334aebf3904,full,vllm,casperhansen/llama-3.3-70b-instruct-awq,"{   ""self_reported_group_ca"": 18,   ""self_reported_interpersonal_ca"": 12,   ""self_reported_band_group"": ""moderate"",   ""self_reported_band_interpersonal"": ""low"" }",,18,12,moderate,low
2828945aea524a25580d7edb649a259cb519addf15fac1da06e5a334aebf3904__v3_rideshare,2828945aea524a25580d7edb649a259cb519addf15fac1da06e5a334aebf3904,v3_rideshare,vllm,casperhansen/llama-3.3-70b-instruct-awq,"{   ""self_reported_group_ca"": 18,   ""self_reported_interpersonal_ca"": 12,   ""self_reported_band_group"": ""moderate"",   ""self_reported_band_interpersonal"": ""low"" }",,18,12,moderate,low
2828945aea524a25580d7edb649a259cb519addf15fac1da06e5a334aebf3904__v3_public_transit,2828945aea524a25580d7edb649a259cb519addf15fac1da06e5a334aebf3904,v3_public_transit,vllm,casperhansen/llama-3.3-70b-instruct-awq,"{   ""self_reported_group_ca"": 18,   ""self_reported_interpersonal_ca"": 12,   ""self_reported_band_group"": ""moderate"",   ""self_reported_band_interpersonal"": ""low"" }",,18,12,moderate,low
2828945aea524a25580d7edb649a259cb519addf15fac1da06e5a334aebf3904__v3_voice,2828945aea524a25580d7edb649a259cb519addf15fac1da06e5a334aebf3904,v3_voice,vllm,casperhansen/llama-3.3-70b-instruct-awq,"{   ""self_reported_group_ca"": 18,   ""self_reported_interpersonal_ca"": 12,   ""self_reported_band_group"": ""moderate"",   ""self_reported_band_interpersonal"": ""low"" }",,18,12,moderate,low
7dfdfd7f07e930a434c712769a89f05e9e7f38bc7734f99d9c329694668081e9__demos,7dfdfd7f07e930a434c712769a89f05e9e7f38bc7734f99d9c329694668081e9,demos,vllm,casperhansen/llama-3.3-70b-instruct-awq,"{   ""self_reported_group_ca"": 18,   ""self_reported_interpersonal_ca"": 12,   ""self_reported_band_group"": ""moderate"",   ""self_reported_band_interpersonal"": ""low"" }",,18,12,moderate,low
7dfdfd7f07e930a434c712769a89f05e9e7f38bc7734f99d9c329694668081e9__employment,7dfdfd7f07e930a434c712769a89f05e9e7f38bc7734f99d9c329694668081e9,employment,vllm,casperhansen/llama-3.3-70b-instruct-awq,"{   ""self_reported_group_ca"": 18,   ""self_reported_interpersonal_ca"": 12,   ""self_reported_band_group"": ""moderate"",   ""self_reported_band_interpersonal"": ""low"" }",,18,12,moderate,low
7dfdfd7f07e930a434c712769a89f05e9e7f38bc7734f99d9c329694668081e9__geo,7dfdfd7f07e930a434c712769a89f05e9e7f38bc7734f99d9c329694668081e9,geo,vllm,casperhansen/llama-3.3-70b-instruct-awq,"{   ""self_reported_group_ca"": 18,   ""self_reported_interpersonal_ca"": 12,   ""self_reported_band_group"": ""moderate"",   ""self_reported_band_interpersonal"": ""low"" }",,18,12,moderate,low
7dfdfd7f07e930a434c712769a89f05e9e7f38bc7734f99d9c329694668081e9__transit,7dfdfd7f07e930a434c712769a89f05e9e7f38bc7734f99d9c329694668081e9,transit,vllm,casperhansen/llama-3.3-70b-instruct-awq,"{   ""self_reported_group_ca"": 18,   ""self_reported_interpersonal_ca"": 12,   ""self_reported_band_group"": ""moderate"",   ""self_reported_band_interpersonal"": ""low"" }",,18,12,moderate,low
7dfdfd7f07e930a434c712769a89f05e9e7f38bc7734f99d9c329694668081e9__full,7dfdfd7f07e930a434c712769a89f05e9e7f38bc7734f99d9c329694668081e9,full,vllm,casperhansen/llama-3.3-70b-instruct-awq,"{   ""self_reported_group_ca"": 18,   ""self_reported_interpersonal_ca"": 12,   ""self_reported_band_group"": ""moderate"",   ""self_reported_band_interpersonal"": ""low"" }",,18,12,moderate,low
7dfdfd7f07e930a434c712769a89f05e9e7f38bc7734f99d9c329694668081e9__v3_rideshare,7dfdfd7f07e930a434c712769a89f05e9e7f38bc7734f99d9c329694668081e9,v3_rideshare,vllm,casperhansen/llama-3.3-70b-instruct-awq,"{   ""self_reported_group_ca"": 18,   ""self_reported_interpersonal_ca"": 12,   ""self_reported_band_group"": ""moderate"",   ""self_reported_band_interpersonal"": ""low"" }",,18,12,moderate,low
7dfdfd7f07e930a434c712769a89f05e9e7f38bc7734f99d9c329694668081e9__v3_public_transit,7dfdfd7f07e930a434c712769a89f05e9e7f38bc7734f99d9c329694668081e9,v3_public_transit,vllm,casperhansen/llama-3.3-70b-instruct-awq,"{   ""self_reported_group_ca"": 18,   ""self_reported_interpersonal_ca"": 12,   ""self_reported_band_group"": ""moderate"",   ""self_reported_band_interpersonal"": ""low"" }",,18,12,moderate,low
7dfdfd7f07e930a434c712769a89f05e9e7f38bc7734f99d9c329694668081e9__v3_voice,7dfdfd7f07e930a434c712769a89f05e9e7f38bc7734f99d9c329694668081e9,v3_voice,vllm,casperhansen/llama-3.3-70b-instruct-awq,"{   ""self_reported_group_ca"": 18,   ""self_reported_interpersonal_ca"": 12,   ""self_reported_band_group"": ""moderate"",   ""self_reported_band_interpersonal"": ""low"" }",,18,12,moderate,low
cda2d5911c5fefe5d8650ddc6c3015d9dbc7991707a9306522f7c9873605d955__demos,cda2d5911c5fefe5d8650ddc6c3015d9dbc7991707a9306522f7c9873605d955,demos,vllm,casperhansen/llama-3.3-70b-instruct-awq,"{   ""self_reported_group_ca"": 18,   ""self_reported_interpersonal_ca"": 12,   ""self_reported_band_group"": ""moderate"",   ""self_reported_band_interpersonal"": ""low"" }",,18,12,moderate,low
cda2d5911c5fefe5d8650ddc6c3015d9dbc7991707a9306522f7c9873605d955__employment,cda2d5911c5fefe5d8650ddc6c3015d9dbc7991707a9306522f7c9873605d955,employment,vllm,casperhansen/llama-3.3-70b-instruct-awq,"{   ""self_reported_group_ca"": 18,   ""self_reported_interpersonal_ca"": 12,   ""self_reported_band_group"": ""moderate"",   ""self_reported_band_interpersonal"": ""low"" }",,18,12,moderate,low
cda2d5911c5fefe5d8650ddc6c3015d9dbc7991707a9306522f7c9873605d955__geo,cda2d5911c5fefe5d8650ddc6c3015d9dbc7991707a9306522f7c9873605d955,geo,vllm,casperhansen/llama-3.3-70b-instruct-awq,"{   ""self_reported_group_ca"": 18,   ""self_reported_interpersonal_ca"": 12,   ""self_reported_band_group"": ""moderate"",   ""self_reported_band_interpersonal"": ""low"" }",,18,12,moderate,low
cda2d5911c5fefe5d8650ddc6c3015d9dbc7991707a9306522f7c9873605d955__transit,cda2d5911c5fefe5d8650ddc6c3015d9dbc7991707a9306522f7c9873605d955,transit,vllm,casperhansen/llama-3.3-70b-instruct-awq,"{   ""self_reported_group_ca"": 18,   ""self_reported_interpersonal_ca"": 12,   ""self_reported_band_group"": ""moderate"",   ""self_reported_band_interpersonal"": ""low"" }",,18,12,moderate,low
cda2d5911c5fefe5d8650ddc6c3015d9dbc7991707a9306522f7c9873605d955__full,cda2d5911c5fefe5d8650ddc6c3015d9dbc7991707a9306522f7c9873605d955,full,vllm,casperhansen/llama-3.3-70b-instruct-awq,"{   ""self_reported_group_ca"": 18,   ""self_reported_interpersonal_ca"": 12,   ""self_reported_band_group"": ""moderate"",   ""self_reported_band_interpersonal"": ""low"" }",,18,12,moderate,low
cda2d5911c5fefe5d8650ddc6c3015d9dbc7991707a9306522f7c9873605d955__v3_rideshare,cda2d5911c5fefe5d8650ddc6c3015d9dbc7991707a9306522f7c9873605d955,v3_rideshare,vllm,casperhansen/llama-3.3-70b-instruct-awq,"{   ""self_reported_group_ca"": 18,   ""self_reported_interpersonal_ca"": 12,   ""self_reported_band_group"": ""moderate"",   ""self_reported_band_interpersonal"": ""low"" }",,18,12,moderate,low
cda2d5911c5fefe5d8650ddc6c3015d9dbc7991707a9306522f7c9873605d955__v3_public_transit,cda2d5911c5fefe5d8650ddc6c3015d9dbc7991707a9306522f7c9873605d955,v3_public_transit,vllm,casperhansen/llama-3.3-70b-instruct-awq,"{   ""self_reported_group_ca"": 18,   ""self_reported_interpersonal_ca"": 12,   ""self_reported_band_group"": ""moderate"",   ""self_reported_band_interpersonal"": ""low"" }",,18,12,moderate,low
cda2d5911c5fefe5d8650ddc6c3015d9dbc7991707a9306522f7c9873605d955__v3_voice,cda2d5911c5fefe5d8650ddc6c3015d9dbc7991707a9306522f7c9873605d955,v3_voice,vllm,casperhansen/llama-3.3-70b-instruct-awq,"{   ""self_reported_group_ca"": 18,   ""self_reported_interpersonal_ca"": 12,   ""self_reported_band_group"": ""moderate"",   ""self_reported_band_interpersonal"": ""low"" }",,18,12,moderate,low
73ae97946a24e490dcda3d2354997dc0d9c2845cf52b2982a5bc12d453b3cdc7__demos,73ae97946a24e490dcda3d2354997dc0d9c2845cf52b2982a5bc12d453b3cdc7,demos,vllm,casperhansen/llama-3.3-70b-instruct-awq,"{   ""self_reported_group_ca"": 18,   ""self_reported_interpersonal_ca"": 12,   ""self_reported_band_group"": ""moderate"",   ""self_reported_band_interpersonal"": ""low"" }",,18,12,moderate,low
73ae97946a24e490dcda3d2354997dc0d9c2845cf52b2982a5bc12d453b3cdc7__employment,73ae97946a24e490dcda3d2354997dc0d9c2845cf52b2982a5bc12d453b3cdc7,employment,vllm,casperhansen/llama-3.3-70b-instruct-awq,"{   ""self_reported_group_ca"": 18,   ""self_reported_interpersonal_ca"": 12,   ""self_reported_band_group"": ""moderate"",   ""self_reported_band_interpersonal"": ""low"" }",,18,12,moderate,low
73ae97946a24e490dcda3d2354997dc0d9c2845cf52b2982a5bc12d453b3cdc7__geo,73ae97946a24e490dcda3d2354997dc0d9c2845cf52b2982a5bc12d453b3cdc7,geo,vllm,casperhansen/llama-3.3-70b-instruct-awq,"{   ""self_reported_group_ca"": 18,   ""self_reported_interpersonal_ca"": 12,   ""self_reported_band_group"": ""moderate"",   ""self_reported_band_interpersonal"": ""low"" }",,18,12,moderate,low
73ae97946a24e490dcda3d2354997dc0d9c2845cf52b2982a5bc12d453b3cdc7__transit,73ae97946a24e490dcda3d2354997dc0d9c2845cf52b2982a5bc12d453b3cdc7,transit,vllm,casperhansen/llama-3.3-70b-instruct-awq,"{   ""self_reported_group_ca"": 18,   ""self_reported_interpersonal_ca"": 12,   ""self_reported_band_group"": ""moderate"",   ""self_reported_band_interpersonal"": ""low"" }",,18,12,moderate,low
73ae97946a24e490dcda3d2354997dc0d9c2845cf52b2982a5bc12d453b3cdc7__full,73ae97946a24e490dcda3d2354997dc0d9c2845cf52b2982a5bc12d453b3cdc7,full,vllm,casperhansen/llama-3.3-70b-instruct-awq,"{   ""self_reported_group_ca"": 18,   ""self_reported_interpersonal_ca"": 12,   ""self_reported_band_group"": ""moderate"",   ""self_reported_band_interpersonal"": ""low"" }",,18,12,moderate,low
73ae97946a24e490dcda3d2354997dc0d9c2845cf52b2982a5bc12d453b3cdc7__v3_rideshare,73ae97946a24e490dcda3d2354997dc0d9c2845cf52b2982a5bc12d453b3cdc7,v3_rideshare,vllm,casperhansen/llama-3.3-70b-instruct-awq,"{   ""self_reported_group_ca"": 18,   ""self_reported_interpersonal_ca"": 12,   ""self_reported_band_group"": ""moderate"",   ""self_reported_band_interpersonal"": ""low"" }",,18,12,moderate,low
73ae97946a24e490dcda3d2354997dc0d9c2845cf52b2982a5bc12d453b3cdc7__v3_public_transit,73ae97946a24e490dcda3d2354997dc0d9c2845cf52b2982a5bc12d453b3cdc7,v3_public_transit,vllm,casperhansen/llama-3.3-70b-instruct-awq,"{   ""self_reported_group_ca"": 18,   ""self_reported_interpersonal_ca"": 12,   ""self_reported_band_group"": ""moderate"",   ""self_reported_band_interpersonal"": ""low"" }",,18,12,moderate,low
73ae97946a24e490dcda3d2354997dc0d9c2845cf52b2982a5bc12d453b3cdc7__v3_voice,73ae97946a24e490dcda3d2354997dc0d9c2845cf52b2982a5bc12d453b3cdc7,v3_voice,vllm,casperhansen/llama-3.3-70b-instruct-awq,"{   ""self_reported_group_ca"": 18,   ""self_reported_interpersonal_ca"": 12,   ""self_reported_band_group"": ""moderate"",   ""self_reported_band_interpersonal"": ""low"" }",,18,12,moderate,low
d6a834baa0974b6ce96253ca7ee18e245fc7faa14a1daf485be3765e590a93da__demos,d6a834baa0974b6ce96253ca7ee18e245fc7faa14a1daf485be3765e590a93da,demos,vllm,casperhansen/llama-3.3-70b-instruct-awq,"{   ""self_reported_group_ca"": 18,   ""self_reported_interpersonal_ca"": 12,   ""self_reported_band_group"": ""moderate"",   ""self_reported_band_interpersonal"": ""low"" }",,18,12,moderate,low
d6a834baa0974b6ce96253ca7ee18e245fc7faa14a1daf485be3765e590a93da__employment,d6a834baa0974b6ce96253ca7ee18e245fc7faa14a1daf485be3765e590a93da,employment,vllm,casperhansen/llama-3.3-70b-instruct-awq,"{   ""self_reported_group_ca"": 18,   ""self_reported_interpersonal_ca"": 12,   ""self_reported_band_group"": ""moderate"",   ""self_reported_band_interpersonal"": ""low"" }",,18,12,moderate,low
d6a834baa0974b6ce96253ca7ee18e245fc7faa14a1daf485be3765e590a93da__geo,d6a834baa0974b6ce96253ca7ee18e245fc7faa14a1daf485be3765e590a93da,geo,vllm,casperhansen/llama-3.3-70b-instruct-awq,"{   ""self_reported_group_ca"": 18,   ""self_reported_interpersonal_ca"": 12,   ""self_reported_band_group"": ""moderate"",   ""self_reported_band_interpersonal"": ""low"" }",,18,12,moderate,low
d6a834baa0974b6ce96253ca7ee18e245fc7faa14a1daf485be3765e590a93da__transit,d6a834baa0974b6ce96253ca7ee18e245fc7faa14a1daf485be3765e590a93da,transit,vllm,casperhansen/llama-3.3-70b-instruct-awq,"{   ""self_reported_group_ca"": 18,   ""self_reported_interpersonal_ca"": 12,   ""self_reported_band_group"": ""moderate"",   ""self_reported_band_interpersonal"": ""low"" }",,18,12,moderate,low
d6a834baa0974b6ce96253ca7ee18e245fc7faa14a1daf485be3765e590a93da__full,d6a834baa0974b6ce96253ca7ee18e245fc7faa14a1daf485be3765e590a93da,full,vllm,casperhansen/llama-3.3-70b-instruct-awq,"{   ""self_reported_group_ca"": 18,   ""self_reported_interpersonal_ca"": 12,   ""self_reported_band_group"": ""moderate"",   ""self_reported_band_interpersonal"": ""low"" }",,18,12,moderate,low
d6a834baa0974b6ce96253ca7ee18e245fc7faa14a1daf485be3765e590a93da__v3_rideshare,d6a834baa0974b6ce96253ca7ee18e245fc7faa14a1daf485be3765e590a93da,v3_rideshare,vllm,casperhansen/llama-3.3-70b-instruct-awq,"{   ""self_reported_group_ca"": 18,   ""self_reported_interpersonal_ca"": 12,   ""self_reported_band_group"": ""moderate"",   ""self_reported_band_interpersonal"": ""low"" }",,18,12,moderate,low
d6a834baa0974b6ce96253ca7ee18e245fc7faa14a1daf485be3765e590a93da__v3_public_transit,d6a834baa0974b6ce96253ca7ee18e245fc7faa14a1daf485be3765e590a93da,v3_public_transit,vllm,casperhansen/llama-3.3-70b-instruct-awq,"{   ""self_reported_group_ca"": 18,   ""self_reported_interpersonal_ca"": 12,   ""self_reported_band_group"": ""moderate"",   ""self_reported_band_interpersonal"": ""low"" }",,18,12,moderate,low
d6a834baa0974b6ce96253ca7ee18e245fc7faa14a1daf485be3765e590a93da__v3_voice,d6a834baa0974b6ce96253ca7ee18e245fc7faa14a1daf485be3765e590a93da,v3_voice,vllm,casperhansen/llama-3.3-70b-instruct-awq,"{   ""self_reported_group_ca"": 18,   ""self_reported_interpersonal_ca"": 12,   ""self_reported_band_group"": ""moderate"",   ""self_reported_band_interpersonal"": ""low"" }",,18,12,moderate,low
b77f43ac9d47e74e193b6ca42953e7bed6ba19e78e26c63af969b3570ee40d79__demos,b77f43ac9d47e74e193b6ca42953e7bed6ba19e78e26c63af969b3570ee40d79,demos,vllm,casperhansen/llama-3.3-70b-instruct-awq,"{   ""self_reported_group_ca"": 18,   ""self_reported_interpersonal_ca"": 12,   ""self_reported_band_group"": ""moderate"",   ""self_reported_band_interpersonal"": ""low"" }",,18,12,moderate,low
b77f43ac9d47e74e193b6ca42953e7bed6ba19e78e26c63af969b3570ee40d79__employment,b77f43ac9d47e74e193b6ca42953e7bed6ba19e78e26c63af969b3570ee40d79,employment,vllm,casperhansen/llama-3.3-70b-instruct-awq,"{   ""self_reported_group_ca"": 18,   ""self_reported_interpersonal_ca"": 12,   ""self_reported_band_group"": ""moderate"",   ""self_reported_band_interpersonal"": ""low"" }",,18,12,moderate,low
b77f43ac9d47e74e193b6ca42953e7bed6ba19e78e26c63af969b3570ee40d79__geo,b77f43ac9d47e74e193b6ca42953e7bed6ba19e78e26c63af969b3570ee40d79,geo,vllm,casperhansen/llama-3.3-70b-instruct-awq,"{   ""self_reported_group_ca"": 18,   ""self_reported_interpersonal_ca"": 12,   ""self_reported_band_group"": ""moderate"",   ""self_reported_band_interpersonal"": ""low"" }",,18,12,moderate,low
b77f43ac9d47e74e193b6ca42953e7bed6ba19e78e26c63af969b3570ee40d79__transit,b77f43ac9d47e74e193b6ca42953e7bed6ba19e78e26c63af969b3570ee40d79,transit,vllm,casperhansen/llama-3.3-70b-instruct-awq,"{   ""self_reported_group_ca"": 18,   ""self_reported_interpersonal_ca"": 12,   ""self_reported_band_group"": ""moderate"",   ""self_reported_band_interpersonal"": ""low"" }",,18,12,moderate,low
b77f43ac9d47e74e193b6ca42953e7bed6ba19e78e26c63af969b3570ee40d79__full,b77f43ac9d47e74e193b6ca42953e7bed6ba19e78e26c63af969b3570ee40d79,full,vllm,casperhansen/llama-3.3-70b-instruct-awq,"{   ""self_reported_group_ca"": 18,   ""self_reported_interpersonal_ca"": 12,   ""self_reported_band_group"": ""moderate"",   ""self_reported_band_interpersonal"": ""low"" }",,18,12,moderate,low
b77f43ac9d47e74e193b6ca42953e7bed6ba19e78e26c63af969b3570ee40d79__v3_rideshare,b77f43ac9d47e74e193b6ca42953e7bed6ba19e78e26c63af969b3570ee40d79,v3_rideshare,vllm,casperhansen/llama-3.3-70b-instruct-awq,"{   ""self_reported_group_ca"": 18,   ""self_reported_interpersonal_ca"": 12,   ""self_reported_band_group"": ""moderate"",   ""self_reported_band_interpersonal"": ""low"" }",,18,12,moderate,low
b77f43ac9d47e74e193b6ca42953e7bed6ba19e78e26c63af969b3570ee40d79__v3_public_transit,b77f43ac9d47e74e193b6ca42953e7bed6ba19e78e26c63af969b3570ee40d79,v3_public_transit,vllm,casperhansen/llama-3.3-70b-instruct-awq,"{   ""self_reported_group_ca"": 18,   ""self_reported_interpersonal_ca"": 12,   ""self_reported_band_group"": ""moderate"",   ""self_reported_band_interpersonal"": ""low"" }",,18,12,moderate,low
b77f43ac9d47e74e193b6ca42953e7bed6ba19e78e26c63af969b3570ee40d79__v3_voice,b77f43ac9d47e74e193b6ca42953e7bed6ba19e78e26c63af969b3570ee40d79,v3_voice,vllm,casperhansen/llama-3.3-70b-instruct-awq,"{   ""self_reported_group_ca"": 18,   ""self_reported_interpersonal_ca"": 12,   ""self_reported_band_group"": ""moderate"",   ""self_reported_band_interpersonal"": ""low"" }",,18,12,moderate,low
d3453828230e10570666932b2c528d8f73ec585747442e2f609697e32a175704__demos,d3453828230e10570666932b2c528d8f73ec585747442e2f609697e32a175704,demos,vllm,casperhansen/llama-3.3-70b-instruct-awq,"{   ""self_reported_group_ca"": 18,   ""self_reported_interpersonal_ca"": 12,   ""self_reported_band_group"": ""moderate"",   ""self_reported_band_interpersonal"": ""low"" }",,18,12,moderate,low
d3453828230e10570666932b2c528d8f73ec585747442e2f609697e32a175704__employment,d3453828230e10570666932b2c528d8f73ec585747442e2f609697e32a175704,employment,vllm,casperhansen/llama-3.3-70b-instruct-awq,"{   ""self_reported_group_ca"": 18,   ""self_reported_interpersonal_ca"": 12,   ""self_reported_band_group"": ""moderate"",   ""self_reported_band_interpersonal"": ""low"" }",,18,12,moderate,low
d3453828230e10570666932b2c528d8f73ec585747442e2f609697e32a175704__geo,d3453828230e10570666932b2c528d8f73ec585747442e2f609697e32a175704,geo,vllm,casperhansen/llama-3.3-70b-instruct-awq,"{   ""self_reported_group_ca"": 18,   ""self_reported_interpersonal_ca"": 12,   ""self_reported_band_group"": ""moderate"",   ""self_reported_band_interpersonal"": ""low"" }",,18,12,moderate,low
d3453828230e10570666932b2c528d8f73ec585747442e2f609697e32a175704__transit,d3453828230e10570666932b2c528d8f73ec585747442e2f609697e32a175704,transit,vllm,casperhansen/llama-3.3-70b-instruct-awq,"{   ""self_reported_group_ca"": 18,   ""self_reported_interpersonal_ca"": 12,   ""self_reported_band_group"": ""moderate"",   ""self_reported_band_interpersonal"": ""low"" }",,18,12,moderate,low
d3453828230e10570666932b2c528d8f73ec585747442e2f609697e32a175704__full,d3453828230e10570666932b2c528d8f73ec585747442e2f609697e32a175704,full,vllm,casperhansen/llama-3.3-70b-instruct-awq,"{   ""self_reported_group_ca"": 18,   ""self_reported_interpersonal_ca"": 12,   ""self_reported_band_group"": ""moderate"",   ""self_reported_band_interpersonal"": ""low"" }",,18,12,moderate,low
d3453828230e10570666932b2c528d8f73ec585747442e2f609697e32a175704__v3_rideshare,d3453828230e10570666932b2c528d8f73ec585747442e2f609697e32a175704,v3_rideshare,vllm,casperhansen/llama-3.3-70b-instruct-awq,"{   ""self_reported_group_ca"": 18,   ""self_reported_interpersonal_ca"": 12,   ""self_reported_band_group"": ""moderate"",   ""self_reported_band_interpersonal"": ""low"" }",,18,12,moderate,low
d3453828230e10570666932b2c528d8f73ec585747442e2f609697e32a175704__v3_public_transit,d3453828230e10570666932b2c528d8f73ec585747442e2f609697e32a175704,v3_public_transit,vllm,casperhansen/llama-3.3-70b-instruct-awq,"{   ""self_reported_group_ca"": 18,   ""self_reported_interpersonal_ca"": 12,   ""self_reported_band_group"": ""moderate"",   ""self_reported_band_interpersonal"": ""low"" }",,18,12,moderate,low
d3453828230e10570666932b2c528d8f73ec585747442e2f609697e32a175704__v3_voice,d3453828230e10570666932b2c528d8f73ec585747442e2f609697e32a175704,v3_voice,vllm,casperhansen/llama-3.3-70b-instruct-awq,"{   ""self_reported_group_ca"": 18,   ""self_reported_interpersonal_ca"": 12,   ""self_reported_band_group"": ""moderate"",   ""self_reported_band_interpersonal"": ""low"" }",,18,12,moderate,low
0d9393e3e2e7e3c726c62a08237e1136d743f6da5b53145522669b62a66432c7__demos,0d9393e3e2e7e3c726c62a08237e1136d743f6da5b53145522669b62a66432c7,demos,vllm,casperhansen/llama-3.3-70b-instruct-awq,"{   ""self_reported_group_ca"": 18,   ""self_reported_interpersonal_ca"": 12,   ""self_reported_band_group"": ""moderate"",   ""self_reported_band_interpersonal"": ""low"" }",,18,12,moderate,low
0d9393e3e2e7e3c726c62a08237e1136d743f6da5b53145522669b62a66432c7__employment,0d9393e3e2e7e3c726c62a08237e1136d743f6da5b53145522669b62a66432c7,employment,vllm,casperhansen/llama-3.3-70b-instruct-awq,"{   ""self_reported_group_ca"": 18,   ""self_reported_interpersonal_ca"": 12,   ""self_reported_band_group"": ""moderate"",   ""self_reported_band_interpersonal"": ""low"" }",,18,12,moderate,low
0d9393e3e2e7e3c726c62a08237e1136d743f6da5b53145522669b62a66432c7__geo,0d9393e3e2e7e3c726c62a08237e1136d743f6da5b53145522669b62a66432c7,geo,vllm,casperhansen/llama-3.3-70b-instruct-awq,"{   ""self_reported_group_ca"": 18,   ""self_reported_interpersonal_ca"": 12,   ""self_reported_band_group"": ""moderate"",   ""self_reported_band_interpersonal"": ""low"" }",,18,12,moderate,low
0d9393e3e2e7e3c726c62a08237e1136d743f6da5b53145522669b62a66432c7__transit,0d9393e3e2e7e3c726c62a08237e1136d743f6da5b53145522669b62a66432c7,transit,vllm,casperhansen/llama-3.3-70b-instruct-awq,"{   ""self_reported_group_ca"": 18,   ""self_reported_interpersonal_ca"": 12,   ""self_reported_band_group"": ""moderate"",   ""self_reported_band_interpersonal"": ""low"" }",,18,12,moderate,low
0d9393e3e2e7e3c726c62a08237e1136d743f6da5b53145522669b62a66432c7__full,0d9393e3e2e7e3c726c62a08237e1136d743f6da5b53145522669b62a66432c7,full,vllm,casperhansen/llama-3.3-70b-instruct-awq,"{   ""self_reported_group_ca"": 18,   ""self_reported_interpersonal_ca"": 12,   ""self_reported_band_group"": ""moderate"",   ""self_reported_band_interpersonal"": ""low"" }",,18,12,moderate,low
0d9393e3e2e7e3c726c62a08237e1136d743f6da5b53145522669b62a66432c7__v3_rideshare,0d9393e3e2e7e3c726c62a08237e1136d743f6da5b53145522669b62a66432c7,v3_rideshare,vllm,casperhansen/llama-3.3-70b-instruct-awq,"{   ""self_reported_group_ca"": 18,   ""self_reported_interpersonal_ca"": 12,   ""self_reported_band_group"": ""moderate"",   ""self_reported_band_interpersonal"": ""low"" }",,18,12,moderate,low
0d9393e3e2e7e3c726c62a08237e1136d743f6da5b53145522669b62a66432c7__v3_public_transit,0d9393e3e2e7e3c726c62a08237e1136d743f6da5b53145522669b62a66432c7,v3_public_transit,vllm,casperhansen/llama-3.3-70b-instruct-awq,"{   ""self_reported_group_ca"": 18,   ""self_reported_interpersonal_ca"": 12,   ""self_reported_band_group"": ""moderate"",   ""self_reported_band_interpersonal"": ""low"" }",,18,12,moderate,low
0d9393e3e2e7e3c726c62a08237e1136d743f6da5b53145522669b62a66432c7__v3_voice,0d9393e3e2e7e3c726c62a08237e1136d743f6da5b53145522669b62a66432c7,v3_voice,vllm,casperhansen/llama-3.3-70b-instruct-awq,"{   ""self_reported_group_ca"": 18,   ""self_reported_interpersonal_ca"": 12,   ""self_reported_band_group"": ""moderate"",   ""self_reported_band_interpersonal"": ""low"" }",,18,12,moderate,low
b39e5f78e728ac5bd37a3fb4750263535cc7befc0a7cb71fda2bbf52e851ad48__demos,b39e5f78e728ac5bd37a3fb4750263535cc7befc0a7cb71fda2bbf52e851ad48,demos,vllm,casperhansen/llama-3.3-70b-instruct-awq,"{   ""self_reported_group_ca"": 18,   ""self_reported_interpersonal_ca"": 12,   ""self_reported_band_group"": ""moderate"",   ""self_reported_band_interpersonal"": ""low"" }",,18,12,moderate,low
b39e5f78e728ac5bd37a3fb4750263535cc7befc0a7cb71fda2bbf52e851ad48__employment,b39e5f78e728ac5bd37a3fb4750263535cc7befc0a7cb71fda2bbf52e851ad48,employment,vllm,casperhansen/llama-3.3-70b-instruct-awq,"{   ""self_reported_group_ca"": 18,   ""self_reported_interpersonal_ca"": 12,   ""self_reported_band_group"": ""moderate"",   ""self_reported_band_interpersonal"": ""low"" }",,18,12,moderate,low
b39e5f78e728ac5bd37a3fb4750263535cc7befc0a7cb71fda2bbf52e851ad48__geo,b39e5f78e728ac5bd37a3fb4750263535cc7befc0a7cb71fda2bbf52e851ad48,geo,vllm,casperhansen/llama-3.3-70b-instruct-awq,"{   ""self_reported_group_ca"": 18,   ""self_reported_interpersonal_ca"": 12,   ""self_reported_band_group"": ""moderate"",   ""self_reported_band_interpersonal"": ""low"" }",,18,12,moderate,low
b39e5f78e728ac5bd37a3fb4750263535cc7befc0a7cb71fda2bbf52e851ad48__transit,b39e5f78e728ac5bd37a3fb4750263535cc7befc0a7cb71fda2bbf52e851ad48,transit,vllm,casperhansen/llama-3.3-70b-instruct-awq,"{   ""self_reported_group_ca"": 18,   ""self_reported_interpersonal_ca"": 12,   ""self_reported_band_group"": ""moderate"",   ""self_reported_band_interpersonal"": ""low"" }",,18,12,moderate,low
b39e5f78e728ac5bd37a3fb4750263535cc7befc0a7cb71fda2bbf52e851ad48__full,b39e5f78e728ac5bd37a3fb4750263535cc7befc0a7cb71fda2bbf52e851ad48,full,vllm,casperhansen/llama-3.3-70b-instruct-awq,"{   ""self_reported_group_ca"": 18,   ""self_reported_interpersonal_ca"": 12,   ""self_reported_band_group"": ""moderate"",   ""self_reported_band_interpersonal"": ""low"" }",,18,12,moderate,low
b39e5f78e728ac5bd37a3fb4750263535cc7befc0a7cb71fda2bbf52e851ad48__v3_rideshare,b39e5f78e728ac5bd37a3fb4750263535cc7befc0a7cb71fda2bbf52e851ad48,v3_rideshare,vllm,casperhansen/llama-3.3-70b-instruct-awq,"{   ""self_reported_group_ca"": 18,   ""self_reported_interpersonal_ca"": 12,   ""self_reported_band_group"": ""moderate"",   ""self_reported_band_interpersonal"": ""low"" }",,18,12,moderate,low
b39e5f78e728ac5bd37a3fb4750263535cc7befc0a7cb71fda2bbf52e851ad48__v3_public_transit,b39e5f78e728ac5bd37a3fb4750263535cc7befc0a7cb71fda2bbf52e851ad48,v3_public_transit,vllm,casperhansen/llama-3.3-70b-instruct-awq,"{   ""self_reported_group_ca"": 18,   ""self_reported_interpersonal_ca"": 12,   ""self_reported_band_group"": ""moderate"",   ""self_reported_band_interpersonal"": ""low"" }",,18,12,moderate,low
b39e5f78e728ac5bd37a3fb4750263535cc7befc0a7cb71fda2bbf52e851ad48__v3_voice,b39e5f78e728ac5bd37a3fb4750263535cc7befc0a7cb71fda2bbf52e851ad48,v3_voice,vllm,casperhansen/llama-3.3-70b-instruct-awq,"{   ""self_reported_group_ca"": 18,   ""self_reported_interpersonal_ca"": 12,   ""self_reported_band_group"": ""moderate"",   ""self_reported_band_interpersonal"": ""low"" }",,18,12,moderate,low
86c8d0258ba1a9ed82ab48fa452db1a8705244d07052882f18191d19e06c5a65__demos,86c8d0258ba1a9ed82ab48fa452db1a8705244d07052882f18191d19e06c5a65,demos,vllm,casperhansen/llama-3.3-70b-instruct-awq,"{   ""self_reported_group_ca"": 22,   ""self_reported_interpersonal_ca"": 18,   ""self_reported_band_group"": ""high"",   ""self_reported_band_interpersonal"": ""moderate"" }",,22,18,high,moderate
86c8d0258ba1a9ed82ab48fa452db1a8705244d07052882f18191d19e06c5a65__employment,86c8d0258ba1a9ed82ab48fa452db1a8705244d07052882f18191d19e06c5a65,employment,vllm,casperhansen/llama-3.3-70b-instruct-awq,"{   ""self_reported_group_ca"": 22,   ""self_reported_interpersonal_ca"": 18,   ""self_reported_band_group"": ""high"",   ""self_reported_band_interpersonal"": ""moderate"" }",,22,18,high,moderate
86c8d0258ba1a9ed82ab48fa452db1a8705244d07052882f18191d19e06c5a65__geo,86c8d0258ba1a9ed82ab48fa452db1a8705244d07052882f18191d19e06c5a65,geo,vllm,casperhansen/llama-3.3-70b-instruct-awq,"{   ""self_reported_group_ca"": 18,   ""self_reported_interpersonal_ca"": 12,   ""self_reported_band_group"": ""moderate"",   ""self_reported_band_interpersonal"": ""low"" }",,18,12,moderate,low
86c8d0258ba1a9ed82ab48fa452db1a8705244d07052882f18191d19e06c5a65__transit,86c8d0258ba1a9ed82ab48fa452db1a8705244d07052882f18191d19e06c5a65,transit,vllm,casperhansen/llama-3.3-70b-instruct-awq,"{   ""self_reported_group_ca"": 18,   ""self_reported_interpersonal_ca"": 12,   ""self_reported_band_group"": ""moderate"",   ""self_reported_band_interpersonal"": ""low"" }",,18,12,moderate,low
86c8d0258ba1a9ed82ab48fa452db1a8705244d07052882f18191d19e06c5a65__full,86c8d0258ba1a9ed82ab48fa452db1a8705244d07052882f18191d19e06c5a65,full,vllm,casperhansen/llama-3.3-70b-instruct-awq,"{   ""self_reported_group_ca"": 18,   ""self_reported_interpersonal_ca"": 12,   ""self_reported_band_group"": ""moderate"",   ""self_reported_band_interpersonal"": ""low"" }",,18,12,moderate,low
86c8d0258ba1a9ed82ab48fa452db1a8705244d07052882f18191d19e06c5a65__v3_rideshare,86c8d0258ba1a9ed82ab48fa452db1a8705244d07052882f18191d19e06c5a65,v3_rideshare,vllm,casperhansen/llama-3.3-70b-instruct-awq,"{   ""self_reported_group_ca"": 22,   ""self_reported_interpersonal_ca"": 18,   ""self_reported_band_group"": ""high"",   ""self_reported_band_interpersonal"": ""moderate"" }",,22,18,high,moderate
86c8d0258ba1a9ed82ab48fa452db1a8705244d07052882f18191d19e06c5a65__v3_public_transit,86c8d0258ba1a9ed82ab48fa452db1a8705244d07052882f18191d19e06c5a65,v3_public_transit,vllm,casperhansen/llama-3.3-70b-instruct-awq,"{   ""self_reported_group_ca"": 22,   ""self_reported_interpersonal_ca"": 18,   ""self_reported_band_group"": ""high"",   ""self_reported_band_interpersonal"": ""moderate"" }",,22,18,high,moderate
86c8d0258ba1a9ed82ab48fa452db1a8705244d07052882f18191d19e06c5a65__v3_voice,86c8d0258ba1a9ed82ab48fa452db1a8705244d07052882f18191d19e06c5a65,v3_voice,vllm,casperhansen/llama-3.3-70b-instruct-awq,"{   ""self_reported_group_ca"": 18,   ""self_reported_interpersonal_ca"": 12,   ""self_reported_band_group"": ""moderate"",   ""self_reported_band_interpersonal"": ""low"" }",,18,12,moderate,low
f9b7e8e14886ef076c81618b13cd371f9eab7daba91e4df2b5f2747037ec5aea__demos,f9b7e8e14886ef076c81618b13cd371f9eab7daba91e4df2b5f2747037ec5aea,demos,vllm,casperhansen/llama-3.3-70b-instruct-awq,"{   ""self_reported_group_ca"": 18,   ""self_reported_interpersonal_ca"": 12,   ""self_reported_band_group"": ""moderate"",   ""self_reported_band_interpersonal"": ""low"" }",,18,12,moderate,low
f9b7e8e14886ef076c81618b13cd371f9eab7daba91e4df2b5f2747037ec5aea__employment,f9b7e8e14886ef076c81618b13cd371f9eab7daba91e4df2b5f2747037ec5aea,employment,vllm,casperhansen/llama-3.3-70b-instruct-awq,"{   ""self_reported_group_ca"": 18,   ""self_reported_interpersonal_ca"": 12,   ""self_reported_band_group"": ""moderate"",   ""self_reported_band_interpersonal"": ""low"" }",,18,12,moderate,low
f9b7e8e14886ef076c81618b13cd371f9eab7daba91e4df2b5f2747037ec5aea__geo,f9b7e8e14886ef076c81618b13cd371f9eab7daba91e4df2b5f2747037ec5aea,geo,vllm,casperhansen/llama-3.3-70b-instruct-awq,"{   ""self_reported_group_ca"": 18,   ""self_reported_interpersonal_ca"": 12,   ""self_reported_band_group"": ""moderate"",   ""self_reported_band_interpersonal"": ""low"" }",,18,12,moderate,low
f9b7e8e14886ef076c81618b13cd371f9eab7daba91e4df2b5f2747037ec5aea__transit,f9b7e8e14886ef076c81618b13cd371f9eab7daba91e4df2b5f2747037ec5aea,transit,vllm,casperhansen/llama-3.3-70b-instruct-awq,"{   ""self_reported_group_ca"": 18,   ""self_reported_interpersonal_ca"": 12,   ""self_reported_band_group"": ""moderate"",   ""self_reported_band_interpersonal"": ""low"" }",,18,12,moderate,low
f9b7e8e14886ef076c81618b13cd371f9eab7daba91e4df2b5f2747037ec5aea__full,f9b7e8e14886ef076c81618b13cd371f9eab7daba91e4df2b5f2747037ec5aea,full,vllm,casperhansen/llama-3.3-70b-instruct-awq,"{   ""self_reported_group_ca"": 18,   ""self_reported_interpersonal_ca"": 12,   ""self_reported_band_group"": ""moderate"",   ""self_reported_band_interpersonal"": ""low"" }",,18,12,moderate,low
f9b7e8e14886ef076c81618b13cd371f9eab7daba91e4df2b5f2747037ec5aea__v3_rideshare,f9b7e8e14886ef076c81618b13cd371f9eab7daba91e4df2b5f2747037ec5aea,v3_rideshare,vllm,casperhansen/llama-3.3-70b-instruct-awq,"{   ""self_reported_group_ca"": 18,   ""self_reported_interpersonal_ca"": 12,   ""self_reported_band_group"": ""moderate"",   ""self_reported_band_interpersonal"": ""low"" }",,18,12,moderate,low
f9b7e8e14886ef076c81618b13cd371f9eab7daba91e4df2b5f2747037ec5aea__v3_public_transit,f9b7e8e14886ef076c81618b13cd371f9eab7daba91e4df2b5f2747037ec5aea,v3_public_transit,vllm,casperhansen/llama-3.3-70b-instruct-awq,"{   ""self_reported_group_ca"": 18,   ""self_reported_interpersonal_ca"": 12,   ""self_reported_band_group"": ""moderate"",   ""self_reported_band_interpersonal"": ""low"" }",,18,12,moderate,low
f9b7e8e14886ef076c81618b13cd371f9eab7daba91e4df2b5f2747037ec5aea__v3_voice,f9b7e8e14886ef076c81618b13cd371f9eab7daba91e4df2b5f2747037ec5aea,v3_voice,vllm,casperhansen/llama-3.3-70b-instruct-awq,"{   ""self_reported_group_ca"": 18,   ""self_reported_interpersonal_ca"": 12,   ""self_reported_band_group"": ""moderate"",   ""self_reported_band_interpersonal"": ""low"" }",,18,12,moderate,low
2d13abc9df82d5cbd3ea48f97af76cc76d11d066cf58229135bc36f7a6efbd60__demos,2d13abc9df82d5cbd3ea48f97af76cc76d11d066cf58229135bc36f7a6efbd60,demos,vllm,casperhansen/llama-3.3-70b-instruct-awq,"{   ""self_reported_group_ca"": 18,   ""self_reported_interpersonal_ca"": 12,   ""self_reported_band_group"": ""moderate"",   ""self_reported_band_interpersonal"": ""low"" }",,18,12,moderate,low
2d13abc9df82d5cbd3ea48f97af76cc76d11d066cf58229135bc36f7a6efbd60__employment,2d13abc9df82d5cbd3ea48f97af76cc76d11d066cf58229135bc36f7a6efbd60,employment,vllm,casperhansen/llama-3.3-70b-instruct-awq,"{   ""self_reported_group_ca"": 18,   ""self_reported_interpersonal_ca"": 12,   ""self_reported_band_group"": ""moderate"",   ""self_reported_band_interpersonal"": ""low"" }",,18,12,moderate,low
2d13abc9df82d5cbd3ea48f97af76cc76d11d066cf58229135bc36f7a6efbd60__geo,2d13abc9df82d5cbd3ea48f97af76cc76d11d066cf58229135bc36f7a6efbd60,geo,vllm,casperhansen/llama-3.3-70b-instruct-awq,"{   ""self_reported_group_ca"": 18,   ""self_reported_interpersonal_ca"": 12,   ""self_reported_band_group"": ""moderate"",   ""self_reported_band_interpersonal"": ""low"" }",,18,12,moderate,low
2d13abc9df82d5cbd3ea48f97af76cc76d11d066cf58229135bc36f7a6efbd60__transit,2d13abc9df82d5cbd3ea48f97af76cc76d11d066cf58229135bc36f7a6efbd60,transit,vllm,casperhansen/llama-3.3-70b-instruct-awq,"{   ""self_reported_group_ca"": 18,   ""self_reported_interpersonal_ca"": 12,   ""self_reported_band_group"": ""moderate"",   ""self_reported_band_interpersonal"": ""low"" }",,18,12,moderate,low
2d13abc9df82d5cbd3ea48f97af76cc76d11d066cf58229135bc36f7a6efbd60__full,2d13abc9df82d5cbd3ea48f97af76cc76d11d066cf58229135bc36f7a6efbd60,full,vllm,casperhansen/llama-3.3-70b-instruct-awq,"{   ""self_reported_group_ca"": 18,   ""self_reported_interpersonal_ca"": 12,   ""self_reported_band_group"": ""moderate"",   ""self_reported_band_interpersonal"": ""low"" }",,18,12,moderate,low
2d13abc9df82d5cbd3ea48f97af76cc76d11d066cf58229135bc36f7a6efbd60__v3_rideshare,2d13abc9df82d5cbd3ea48f97af76cc76d11d066cf58229135bc36f7a6efbd60,v3_rideshare,vllm,casperhansen/llama-3.3-70b-instruct-awq,"{   ""self_reported_group_ca"": 18,   ""self_reported_interpersonal_ca"": 12,   ""self_reported_band_group"": ""moderate"",   ""self_reported_band_interpersonal"": ""low"" }",,18,12,moderate,low
2d13abc9df82d5cbd3ea48f97af76cc76d11d066cf58229135bc36f7a6efbd60__v3_public_transit,2d13abc9df82d5cbd3ea48f97af76cc76d11d066cf58229135bc36f7a6efbd60,v3_public_transit,vllm,casperhansen/llama-3.3-70b-instruct-awq,"{   ""self_reported_group_ca"": 18,   ""self_reported_interpersonal_ca"": 12,   ""self_reported_band_group"": ""moderate"",   ""self_reported_band_interpersonal"": ""low"" }",,18,12,moderate,low
2d13abc9df82d5cbd3ea48f97af76cc76d11d066cf58229135bc36f7a6efbd60__v3_voice,2d13abc9df82d5cbd3ea48f97af76cc76d11d066cf58229135bc36f7a6efbd60,v3_voice,vllm,casperhansen/llama-3.3-70b-instruct-awq,"{   ""self_reported_group_ca"": 18,   ""self_reported_interpersonal_ca"": 12,   ""self_reported_band_group"": ""moderate"",   ""self_reported_band_interpersonal"": ""low"" }",,18,12,moderate,low
745f89352168dab163ec0ac326a2cd7c939e20d2a2d772914acec24c1514ad47__demos,745f89352168dab163ec0ac326a2cd7c939e20d2a2d772914acec24c1514ad47,demos,vllm,casperhansen/llama-3.3-70b-instruct-awq,"{   ""self_reported_group_ca"": 18,   ""self_reported_interpersonal_ca"": 12,   ""self_reported_band_group"": ""moderate"",   ""self_reported_band_interpersonal"": ""low"" }",,18,12,moderate,low
745f89352168dab163ec0ac326a2cd7c939e20d2a2d772914acec24c1514ad47__employment,745f89352168dab163ec0ac326a2cd7c939e20d2a2d772914acec24c1514ad47,employment,vllm,casperhansen/llama-3.3-70b-instruct-awq,"{   ""self_reported_group_ca"": 18,   ""self_reported_interpersonal_ca"": 12,   ""self_reported_band_group"": ""moderate"",   ""self_reported_band_interpersonal"": ""low"" }",,18,12,moderate,low
745f89352168dab163ec0ac326a2cd7c939e20d2a2d772914acec24c1514ad47__geo,745f89352168dab163ec0ac326a2cd7c939e20d2a2d772914acec24c1514ad47,geo,vllm,casperhansen/llama-3.3-70b-instruct-awq,"{   ""self_reported_group_ca"": 18,   ""self_reported_interpersonal_ca"": 12,   ""self_reported_band_group"": ""moderate"",   ""self_reported_band_interpersonal"": ""low"" }",,18,12,moderate,low
745f89352168dab163ec0ac326a2cd7c939e20d2a2d772914acec24c1514ad47__transit,745f89352168dab163ec0ac326a2cd7c939e20d2a2d772914acec24c1514ad47,transit,vllm,casperhansen/llama-3.3-70b-instruct-awq,"{   ""self_reported_group_ca"": 18,   ""self_reported_interpersonal_ca"": 12,   ""self_reported_band_group"": ""moderate"",   ""self_reported_band_interpersonal"": ""low"" }",,18,12,moderate,low
745f89352168dab163ec0ac326a2cd7c939e20d2a2d772914acec24c1514ad47__full,745f89352168dab163ec0ac326a2cd7c939e20d2a2d772914acec24c1514ad47,full,vllm,casperhansen/llama-3.3-70b-instruct-awq,"{   ""self_reported_group_ca"": 18,   ""self_reported_interpersonal_ca"": 12,   ""self_reported_band_group"": ""moderate"",   ""self_reported_band_interpersonal"": ""low"" }",,18,12,moderate,low
745f89352168dab163ec0ac326a2cd7c939e20d2a2d772914acec24c1514ad47__v3_rideshare,745f89352168dab163ec0ac326a2cd7c939e20d2a2d772914acec24c1514ad47,v3_rideshare,vllm,casperhansen/llama-3.3-70b-instruct-awq,"{   ""self_reported_group_ca"": 18,   ""self_reported_interpersonal_ca"": 12,   ""self_reported_band_group"": ""moderate"",   ""self_reported_band_interpersonal"": ""low"" }",,18,12,moderate,low
745f89352168dab163ec0ac326a2cd7c939e20d2a2d772914acec24c1514ad47__v3_public_transit,745f89352168dab163ec0ac326a2cd7c939e20d2a2d772914acec24c1514ad47,v3_public_transit,vllm,casperhansen/llama-3.3-70b-instruct-awq,"{   ""self_reported_group_ca"": 18,   ""self_reported_interpersonal_ca"": 12,   ""self_reported_band_group"": ""moderate"",   ""self_reported_band_interpersonal"": ""low"" }",,18,12,moderate,low
745f89352168dab163ec0ac326a2cd7c939e20d2a2d772914acec24c1514ad47__v3_voice,745f89352168dab163ec0ac326a2cd7c939e20d2a2d772914acec24c1514ad47,v3_voice,vllm,casperhansen/llama-3.3-70b-instruct-awq,"{   ""self_reported_group_ca"": 18,   ""self_reported_interpersonal_ca"": 12,   ""self_reported_band_group"": ""moderate"",   ""self_reported_band_interpersonal"": ""low"" }",,18,12,moderate,low
9466411e5313615413fdaf234abf75edd0a268b5282f809ee9adf221438233cf__demos,9466411e5313615413fdaf234abf75edd0a268b5282f809ee9adf221438233cf,demos,vllm,casperhansen/llama-3.3-70b-instruct-awq,"{   ""self_reported_group_ca"": 18,   ""self_reported_interpersonal_ca"": 12,   ""self_reported_band_group"": ""moderate"",   ""self_reported_band_interpersonal"": ""low"" }",,18,12,moderate,low
9466411e5313615413fdaf234abf75edd0a268b5282f809ee9adf221438233cf__employment,9466411e5313615413fdaf234abf75edd0a268b5282f809ee9adf221438233cf,employment,vllm,casperhansen/llama-3.3-70b-instruct-awq,"{   ""self_reported_group_ca"": 18,   ""self_reported_interpersonal_ca"": 12,   ""self_reported_band_group"": ""moderate"",   ""self_reported_band_interpersonal"": ""low"" }",,18,12,moderate,low
9466411e5313615413fdaf234abf75edd0a268b5282f809ee9adf221438233cf__geo,9466411e5313615413fdaf234abf75edd0a268b5282f809ee9adf221438233cf,geo,vllm,casperhansen/llama-3.3-70b-instruct-awq,"{   ""self_reported_group_ca"": 18,   ""self_reported_interpersonal_ca"": 12,   ""self_reported_band_group"": ""moderate"",   ""self_reported_band_interpersonal"": ""low"" }",,18,12,moderate,low
9466411e5313615413fdaf234abf75edd0a268b5282f809ee9adf221438233cf__transit,9466411e5313615413fdaf234abf75edd0a268b5282f809ee9adf221438233cf,transit,vllm,casperhansen/llama-3.3-70b-instruct-awq,"{   ""self_reported_group_ca"": 18,   ""self_reported_interpersonal_ca"": 12,   ""self_reported_band_group"": ""moderate"",   ""self_reported_band_interpersonal"": ""low"" }",,18,12,moderate,low
9466411e5313615413fdaf234abf75edd0a268b5282f809ee9adf221438233cf__full,9466411e5313615413fdaf234abf75edd0a268b5282f809ee9adf221438233cf,full,vllm,casperhansen/llama-3.3-70b-instruct-awq,"{   ""self_reported_group_ca"": 18,   ""self_reported_interpersonal_ca"": 12,   ""self_reported_band_group"": ""moderate"",   ""self_reported_band_interpersonal"": ""low"" }",,18,12,moderate,low
9466411e5313615413fdaf234abf75edd0a268b5282f809ee9adf221438233cf__v3_rideshare,9466411e5313615413fdaf234abf75edd0a268b5282f809ee9adf221438233cf,v3_rideshare,vllm,casperhansen/llama-3.3-70b-instruct-awq,"{   ""self_reported_group_ca"": 18,   ""self_reported_interpersonal_ca"": 12,   ""self_reported_band_group"": ""moderate"",   ""self_reported_band_interpersonal"": ""low"" }",,18,12,moderate,low
9466411e5313615413fdaf234abf75edd0a268b5282f809ee9adf221438233cf__v3_public_transit,9466411e5313615413fdaf234abf75edd0a268b5282f809ee9adf221438233cf,v3_public_transit,vllm,casperhansen/llama-3.3-70b-instruct-awq,"{   ""self_reported_group_ca"": 18,   ""self_reported_interpersonal_ca"": 12,   ""self_reported_band_group"": ""moderate"",   ""self_reported_band_interpersonal"": ""low"" }",,18,12,moderate,low
9466411e5313615413fdaf234abf75edd0a268b5282f809ee9adf221438233cf__v3_voice,9466411e5313615413fdaf234abf75edd0a268b5282f809ee9adf221438233cf,v3_voice,vllm,casperhansen/llama-3.3-70b-instruct-awq,"{   ""self_reported_group_ca"": 18,   ""self_reported_interpersonal_ca"": 12,   ""self_reported_band_group"": ""moderate"",   ""self_reported_band_interpersonal"": ""low"" }",,18,12,moderate,low
247ae23c4c4bb47c25a5d5e34cf2f31179dc318e8b2a2f3edb462c9f21df5060__demos,247ae23c4c4bb47c25a5d5e34cf2f31179dc318e8b2a2f3edb462c9f21df5060,demos,vllm,casperhansen/llama-3.3-70b-instruct-awq,"{   ""self_reported_group_ca"": 18,   ""self_reported_interpersonal_ca"": 12,   ""self_reported_band_group"": ""moderate"",   ""self_reported_band_interpersonal"": ""low"" }",,18,12,moderate,low
247ae23c4c4bb47c25a5d5e34cf2f31179dc318e8b2a2f3edb462c9f21df5060__employment,247ae23c4c4bb47c25a5d5e34cf2f31179dc318e8b2a2f3edb462c9f21df5060,employment,vllm,casperhansen/llama-3.3-70b-instruct-awq,"{   ""self_reported_group_ca"": 18,   ""self_reported_interpersonal_ca"": 12,   ""self_reported_band_group"": ""moderate"",   ""self_reported_band_interpersonal"": ""low"" }",,18,12,moderate,low
247ae23c4c4bb47c25a5d5e34cf2f31179dc318e8b2a2f3edb462c9f21df5060__geo,247ae23c4c4bb47c25a5d5e34cf2f31179dc318e8b2a2f3edb462c9f21df5060,geo,vllm,casperhansen/llama-3.3-70b-instruct-awq,"{   ""self_reported_group_ca"": 18,   ""self_reported_interpersonal_ca"": 12,   ""self_reported_band_group"": ""moderate"",   ""self_reported_band_interpersonal"": ""low"" }",,18,12,moderate,low
247ae23c4c4bb47c25a5d5e34cf2f31179dc318e8b2a2f3edb462c9f21df5060__transit,247ae23c4c4bb47c25a5d5e34cf2f31179dc318e8b2a2f3edb462c9f21df5060,transit,vllm,casperhansen/llama-3.3-70b-instruct-awq,"{   ""self_reported_group_ca"": 18,   ""self_reported_interpersonal_ca"": 12,   ""self_reported_band_group"": ""moderate"",   ""self_reported_band_interpersonal"": ""low"" }",,18,12,moderate,low
247ae23c4c4bb47c25a5d5e34cf2f31179dc318e8b2a2f3edb462c9f21df5060__full,247ae23c4c4bb47c25a5d5e34cf2f31179dc318e8b2a2f3edb462c9f21df5060,full,vllm,casperhansen/llama-3.3-70b-instruct-awq,"{   ""self_reported_group_ca"": 18,   ""self_reported_interpersonal_ca"": 12,   ""self_reported_band_group"": ""moderate"",   ""self_reported_band_interpersonal"": ""low"" }",,18,12,moderate,low
247ae23c4c4bb47c25a5d5e34cf2f31179dc318e8b2a2f3edb462c9f21df5060__v3_rideshare,247ae23c4c4bb47c25a5d5e34cf2f31179dc318e8b2a2f3edb462c9f21df5060,v3_rideshare,vllm,casperhansen/llama-3.3-70b-instruct-awq,"{   ""self_reported_group_ca"": 18,   ""self_reported_interpersonal_ca"": 12,   ""self_reported_band_group"": ""moderate"",   ""self_reported_band_interpersonal"": ""low"" }",,18,12,moderate,low
247ae23c4c4bb47c25a5d5e34cf2f31179dc318e8b2a2f3edb462c9f21df5060__v3_public_transit,247ae23c4c4bb47c25a5d5e34cf2f31179dc318e8b2a2f3edb462c9f21df5060,v3_public_transit,vllm,casperhansen/llama-3.3-70b-instruct-awq,"{   ""self_reported_group_ca"": 18,   ""self_reported_interpersonal_ca"": 12,   ""self_reported_band_group"": ""moderate"",   ""self_reported_band_interpersonal"": ""low"" }",,18,12,moderate,low
247ae23c4c4bb47c25a5d5e34cf2f31179dc318e8b2a2f3edb462c9f21df5060__v3_voice,247ae23c4c4bb47c25a5d5e34cf2f31179dc318e8b2a2f3edb462c9f21df5060,v3_voice,vllm,casperhansen/llama-3.3-70b-instruct-awq,"{   ""self_reported_group_ca"": 18,   ""self_reported_interpersonal_ca"": 12,   ""self_reported_band_group"": ""moderate"",   ""self_reported_band_interpersonal"": ""low"" }",,18,12,moderate,low
357c136523f551999dd92e64319e6802df36065161bb18d2772ae3678905bb0f__demos,357c136523f551999dd92e64319e6802df36065161bb18d2772ae3678905bb0f,demos,vllm,casperhansen/llama-3.3-70b-instruct-awq,"{   ""self_reported_group_ca"": 18,   ""self_reported_interpersonal_ca"": 12,   ""self_reported_band_group"": ""moderate"",   ""self_reported_band_interpersonal"": ""low"" }",,18,12,moderate,low
357c136523f551999dd92e64319e6802df36065161bb18d2772ae3678905bb0f__employment,357c136523f551999dd92e64319e6802df36065161bb18d2772ae3678905bb0f,employment,vllm,casperhansen/llama-3.3-70b-instruct-awq,"{   ""self_reported_group_ca"": 18,   ""self_reported_interpersonal_ca"": 12,   ""self_reported_band_group"": ""moderate"",   ""self_reported_band_interpersonal"": ""low"" }",,18,12,moderate,low
357c136523f551999dd92e64319e6802df36065161bb18d2772ae3678905bb0f__geo,357c136523f551999dd92e64319e6802df36065161bb18d2772ae3678905bb0f,geo,vllm,casperhansen/llama-3.3-70b-instruct-awq,"{   ""self_reported_group_ca"": 18,   ""self_reported_interpersonal_ca"": 12,   ""self_reported_band_group"": ""moderate"",   ""self_reported_band_interpersonal"": ""low"" }",,18,12,moderate,low
357c136523f551999dd92e64319e6802df36065161bb18d2772ae3678905bb0f__transit,357c136523f551999dd92e64319e6802df36065161bb18d2772ae3678905bb0f,transit,vllm,casperhansen/llama-3.3-70b-instruct-awq,"{   ""self_reported_group_ca"": 18,   ""self_reported_interpersonal_ca"": 12,   ""self_reported_band_group"": ""moderate"",   ""self_reported_band_interpersonal"": ""low"" }",,18,12,moderate,low
357c136523f551999dd92e64319e6802df36065161bb18d2772ae3678905bb0f__full,357c136523f551999dd92e64319e6802df36065161bb18d2772ae3678905bb0f,full,vllm,casperhansen/llama-3.3-70b-instruct-awq,"{   ""self_reported_group_ca"": 24,   ""self_reported_interpersonal_ca"": 26,   ""self_reported_band_group"": ""high"",   ""self_reported_band_interpersonal"": ""high"" }",,24,26,high,high
357c136523f551999dd92e64319e6802df36065161bb18d2772ae3678905bb0f__v3_rideshare,357c136523f551999dd92e64319e6802df36065161bb18d2772ae3678905bb0f,v3_rideshare,vllm,casperhansen/llama-3.3-70b-instruct-awq,"{   ""self_reported_group_ca"": 18,   ""self_reported_interpersonal_ca"": 12,   ""self_reported_band_group"": ""moderate"",   ""self_reported_band_interpersonal"": ""low"" }",,18,12,moderate,low
357c136523f551999dd92e64319e6802df36065161bb18d2772ae3678905bb0f__v3_public_transit,357c136523f551999dd92e64319e6802df36065161bb18d2772ae3678905bb0f,v3_public_transit,vllm,casperhansen/llama-3.3-70b-instruct-awq,"{   ""self_reported_group_ca"": 18,   ""self_reported_interpersonal_ca"": 12,   ""self_reported_band_group"": ""moderate"",   ""self_reported_band_interpersonal"": ""low"" }",,18,12,moderate,low
357c136523f551999dd92e64319e6802df36065161bb18d2772ae3678905bb0f__v3_voice,357c136523f551999dd92e64319e6802df36065161bb18d2772ae3678905bb0f,v3_voice,vllm,casperhansen/llama-3.3-70b-instruct-awq,"{   ""self_reported_group_ca"": 22,   ""self_reported_interpersonal_ca"": 25,   ""self_reported_band_group"": ""high"",   ""self_reported_band_interpersonal"": ""high"" }",,22,25,high,high
c62120db8ae116bbe9e85ea5dc1ae522757e9fdfd7cff144763d0b857de968ce__demos,c62120db8ae116bbe9e85ea5dc1ae522757e9fdfd7cff144763d0b857de968ce,demos,vllm,casperhansen/llama-3.3-70b-instruct-awq,"{   ""self_reported_group_ca"": 18,   ""self_reported_interpersonal_ca"": 12,   ""self_reported_band_group"": ""moderate"",   ""self_reported_band_interpersonal"": ""low"" }",,18,12,moderate,low
c62120db8ae116bbe9e85ea5dc1ae522757e9fdfd7cff144763d0b857de968ce__employment,c62120db8ae116bbe9e85ea5dc1ae522757e9fdfd7cff144763d0b857de968ce,employment,vllm,casperhansen/llama-3.3-70b-instruct-awq,"{   ""self_reported_group_ca"": 18,   ""self_reported_interpersonal_ca"": 12,   ""self_reported_band_group"": ""moderate"",   ""self_reported_band_interpersonal"": ""low"" }",,18,12,moderate,low
c62120db8ae116bbe9e85ea5dc1ae522757e9fdfd7cff144763d0b857de968ce__geo,c62120db8ae116bbe9e85ea5dc1ae522757e9fdfd7cff144763d0b857de968ce,geo,vllm,casperhansen/llama-3.3-70b-instruct-awq,"{   ""self_reported_group_ca"": 18,   ""self_reported_interpersonal_ca"": 12,   ""self_reported_band_group"": ""moderate"",   ""self_reported_band_interpersonal"": ""low"" }",,18,12,moderate,low
c62120db8ae116bbe9e85ea5dc1ae522757e9fdfd7cff144763d0b857de968ce__transit,c62120db8ae116bbe9e85ea5dc1ae522757e9fdfd7cff144763d0b857de968ce,transit,vllm,casperhansen/llama-3.3-70b-instruct-awq,"{   ""self_reported_group_ca"": 18,   ""self_reported_interpersonal_ca"": 12,   ""self_reported_band_group"": ""moderate"",   ""self_reported_band_interpersonal"": ""low"" }",,18,12,moderate,low
c62120db8ae116bbe9e85ea5dc1ae522757e9fdfd7cff144763d0b857de968ce__full,c62120db8ae116bbe9e85ea5dc1ae522757e9fdfd7cff144763d0b857de968ce,full,vllm,casperhansen/llama-3.3-70b-instruct-awq,"{   ""self_reported_group_ca"": 18,   ""self_reported_interpersonal_ca"": 12,   ""self_reported_band_group"": ""moderate"",   ""self_reported_band_interpersonal"": ""low"" }",,18,12,moderate,low
c62120db8ae116bbe9e85ea5dc1ae522757e9fdfd7cff144763d0b857de968ce__v3_rideshare,c62120db8ae116bbe9e85ea5dc1ae522757e9fdfd7cff144763d0b857de968ce,v3_rideshare,vllm,casperhansen/llama-3.3-70b-instruct-awq,"{   ""self_reported_group_ca"": 18,   ""self_reported_interpersonal_ca"": 12,   ""self_reported_band_group"": ""moderate"",   ""self_reported_band_interpersonal"": ""low"" }",,18,12,moderate,low
c62120db8ae116bbe9e85ea5dc1ae522757e9fdfd7cff144763d0b857de968ce__v3_public_transit,c62120db8ae116bbe9e85ea5dc1ae522757e9fdfd7cff144763d0b857de968ce,v3_public_transit,vllm,casperhansen/llama-3.3-70b-instruct-awq,"{   ""self_reported_group_ca"": 18,   ""self_reported_interpersonal_ca"": 12,   ""self_reported_band_group"": ""moderate"",   ""self_reported_band_interpersonal"": ""low"" }",,18,12,moderate,low
c62120db8ae116bbe9e85ea5dc1ae522757e9fdfd7cff144763d0b857de968ce__v3_voice,c62120db8ae116bbe9e85ea5dc1ae522757e9fdfd7cff144763d0b857de968ce,v3_voice,vllm,casperhansen/llama-3.3-70b-instruct-awq,"{   ""self_reported_group_ca"": 18,   ""self_reported_interpersonal_ca"": 12,   ""self_reported_band_group"": ""moderate"",   ""self_reported_band_interpersonal"": ""low"" }",,18,12,moderate,low
825dbdd367e3fe7a25594ec7f6e4a8bbcee2a669076ff9ff5f90ea3bb14eb16d__demos,825dbdd367e3fe7a25594ec7f6e4a8bbcee2a669076ff9ff5f90ea3bb14eb16d,demos,vllm,casperhansen/llama-3.3-70b-instruct-awq,"{   ""self_reported_group_ca"": 18,   ""self_reported_interpersonal_ca"": 12,   ""self_reported_band_group"": ""moderate"",   ""self_reported_band_interpersonal"": ""low"" }",,18,12,moderate,low
825dbdd367e3fe7a25594ec7f6e4a8bbcee2a669076ff9ff5f90ea3bb14eb16d__employment,825dbdd367e3fe7a25594ec7f6e4a8bbcee2a669076ff9ff5f90ea3bb14eb16d,employment,vllm,casperhansen/llama-3.3-70b-instruct-awq,"{   ""self_reported_group_ca"": 18,   ""self_reported_interpersonal_ca"": 12,   ""self_reported_band_group"": ""moderate"",   ""self_reported_band_interpersonal"": ""low"" }",,18,12,moderate,low
825dbdd367e3fe7a25594ec7f6e4a8bbcee2a669076ff9ff5f90ea3bb14eb16d__geo,825dbdd367e3fe7a25594ec7f6e4a8bbcee2a669076ff9ff5f90ea3bb14eb16d,geo,vllm,casperhansen/llama-3.3-70b-instruct-awq,"{   ""self_reported_group_ca"": 18,   ""self_reported_interpersonal_ca"": 12,   ""self_reported_band_group"": ""moderate"",   ""self_reported_band_interpersonal"": ""low"" }",,18,12,moderate,low
825dbdd367e3fe7a25594ec7f6e4a8bbcee2a669076ff9ff5f90ea3bb14eb16d__transit,825dbdd367e3fe7a25594ec7f6e4a8bbcee2a669076ff9ff5f90ea3bb14eb16d,transit,vllm,casperhansen/llama-3.3-70b-instruct-awq,"{   ""self_reported_group_ca"": 18,   ""self_reported_interpersonal_ca"": 12,   ""self_reported_band_group"": ""moderate"",   ""self_reported_band_interpersonal"": ""low"" }",,18,12,moderate,low
825dbdd367e3fe7a25594ec7f6e4a8bbcee2a669076ff9ff5f90ea3bb14eb16d__full,825dbdd367e3fe7a25594ec7f6e4a8bbcee2a669076ff9ff5f90ea3bb14eb16d,full,vllm,casperhansen/llama-3.3-70b-instruct-awq,"{   ""self_reported_group_ca"": 18,   ""self_reported_interpersonal_ca"": 12,   ""self_reported_band_group"": ""moderate"",   ""self_reported_band_interpersonal"": ""low"" }",,18,12,moderate,low
825dbdd367e3fe7a25594ec7f6e4a8bbcee2a669076ff9ff5f90ea3bb14eb16d__v3_rideshare,825dbdd367e3fe7a25594ec7f6e4a8bbcee2a669076ff9ff5f90ea3bb14eb16d,v3_rideshare,vllm,casperhansen/llama-3.3-70b-instruct-awq,"{   ""self_reported_group_ca"": 18,   ""self_reported_interpersonal_ca"": 12,   ""self_reported_band_group"": ""moderate"",   ""self_reported_band_interpersonal"": ""low"" }",,18,12,moderate,low
825dbdd367e3fe7a25594ec7f6e4a8bbcee2a669076ff9ff5f90ea3bb14eb16d__v3_public_transit,825dbdd367e3fe7a25594ec7f6e4a8bbcee2a669076ff9ff5f90ea3bb14eb16d,v3_public_transit,vllm,casperhansen/llama-3.3-70b-instruct-awq,"{   ""self_reported_group_ca"": 18,   ""self_reported_interpersonal_ca"": 12,   ""self_reported_band_group"": ""moderate"",   ""self_reported_band_interpersonal"": ""low"" }",,18,12,moderate,low
825dbdd367e3fe7a25594ec7f6e4a8bbcee2a669076ff9ff5f90ea3bb14eb16d__v3_voice,825dbdd367e3fe7a25594ec7f6e4a8bbcee2a669076ff9ff5f90ea3bb14eb16d,v3_voice,vllm,casperhansen/llama-3.3-70b-instruct-awq,"{   ""self_reported_group_ca"": 18,   ""self_reported_interpersonal_ca"": 12,   ""self_reported_band_group"": ""moderate"",   ""self_reported_band_interpersonal"": ""low"" }",,18,12,moderate,low
9e0bf9191866736d9b6bc34a5502ded842e89530ce36fcdae1535b77bed9ee2e__demos,9e0bf9191866736d9b6bc34a5502ded842e89530ce36fcdae1535b77bed9ee2e,demos,vllm,casperhansen/llama-3.3-70b-instruct-awq,"{   ""self_reported_group_ca"": 18,   ""self_reported_interpersonal_ca"": 12,   ""self_reported_band_group"": ""moderate"",   ""self_reported_band_interpersonal"": ""low"" }",,18,12,moderate,low
9e0bf9191866736d9b6bc34a5502ded842e89530ce36fcdae1535b77bed9ee2e__employment,9e0bf9191866736d9b6bc34a5502ded842e89530ce36fcdae1535b77bed9ee2e,employment,vllm,casperhansen/llama-3.3-70b-instruct-awq,"{   ""self_reported_group_ca"": 18,   ""self_reported_interpersonal_ca"": 12,   ""self_reported_band_group"": ""moderate"",   ""self_reported_band_interpersonal"": ""low"" }",,18,12,moderate,low
9e0bf9191866736d9b6bc34a5502ded842e89530ce36fcdae1535b77bed9ee2e__geo,9e0bf9191866736d9b6bc34a5502ded842e89530ce36fcdae1535b77bed9ee2e,geo,vllm,casperhansen/llama-3.3-70b-instruct-awq,"{   ""self_reported_group_ca"": 18,   ""self_reported_interpersonal_ca"": 12,   ""self_reported_band_group"": ""moderate"",   ""self_reported_band_interpersonal"": ""low"" }",,18,12,moderate,low
9e0bf9191866736d9b6bc34a5502ded842e89530ce36fcdae1535b77bed9ee2e__transit,9e0bf9191866736d9b6bc34a5502ded842e89530ce36fcdae1535b77bed9ee2e,transit,vllm,casperhansen/llama-3.3-70b-instruct-awq,"{   ""self_reported_group_ca"": 18,   ""self_reported_interpersonal_ca"": 12,   ""self_reported_band_group"": ""moderate"",   ""self_reported_band_interpersonal"": ""low"" }",,18,12,moderate,low
9e0bf9191866736d9b6bc34a5502ded842e89530ce36fcdae1535b77bed9ee2e__full,9e0bf9191866736d9b6bc34a5502ded842e89530ce36fcdae1535b77bed9ee2e,full,vllm,casperhansen/llama-3.3-70b-instruct-awq,"{   ""self_reported_group_ca"": 18,   ""self_reported_interpersonal_ca"": 12,   ""self_reported_band_group"": ""moderate"",   ""self_reported_band_interpersonal"": ""low"" }",,18,12,moderate,low
9e0bf9191866736d9b6bc34a5502ded842e89530ce36fcdae1535b77bed9ee2e__v3_rideshare,9e0bf9191866736d9b6bc34a5502ded842e89530ce36fcdae1535b77bed9ee2e,v3_rideshare,vllm,casperhansen/llama-3.3-70b-instruct-awq,"{   ""self_reported_group_ca"": 18,   ""self_reported_interpersonal_ca"": 12,   ""self_reported_band_group"": ""moderate"",   ""self_reported_band_interpersonal"": ""low"" }",,18,12,moderate,low
9e0bf9191866736d9b6bc34a5502ded842e89530ce36fcdae1535b77bed9ee2e__v3_public_transit,9e0bf9191866736d9b6bc34a5502ded842e89530ce36fcdae1535b77bed9ee2e,v3_public_transit,vllm,casperhansen/llama-3.3-70b-instruct-awq,"{   ""self_reported_group_ca"": 18,   ""self_reported_interpersonal_ca"": 12,   ""self_reported_band_group"": ""moderate"",   ""self_reported_band_interpersonal"": ""low"" }",,18,12,moderate,low
9e0bf9191866736d9b6bc34a5502ded842e89530ce36fcdae1535b77bed9ee2e__v3_voice,9e0bf9191866736d9b6bc34a5502ded842e89530ce36fcdae1535b77bed9ee2e,v3_voice,vllm,casperhansen/llama-3.3-70b-instruct-awq,"{   ""self_reported_group_ca"": 18,   ""self_reported_interpersonal_ca"": 12,   ""self_reported_band_group"": ""moderate"",   ""self_reported_band_interpersonal"": ""low"" }",,18,12,moderate,low
9948aab15a839b1f272b932661f00b2305c2606ac429fc15c63fdf4dea0529b6__demos,9948aab15a839b1f272b932661f00b2305c2606ac429fc15c63fdf4dea0529b6,demos,vllm,casperhansen/llama-3.3-70b-instruct-awq,"{   ""self_reported_group_ca"": 18,   ""self_reported_interpersonal_ca"": 12,   ""self_reported_band_group"": ""moderate"",   ""self_reported_band_interpersonal"": ""low"" }",,18,12,moderate,low
9948aab15a839b1f272b932661f00b2305c2606ac429fc15c63fdf4dea0529b6__employment,9948aab15a839b1f272b932661f00b2305c2606ac429fc15c63fdf4dea0529b6,employment,vllm,casperhansen/llama-3.3-70b-instruct-awq,"{   ""self_reported_group_ca"": 18,   ""self_reported_interpersonal_ca"": 12,   ""self_reported_band_group"": ""moderate"",   ""self_reported_band_interpersonal"": ""low"" }",,18,12,moderate,low
9948aab15a839b1f272b932661f00b2305c2606ac429fc15c63fdf4dea0529b6__geo,9948aab15a839b1f272b932661f00b2305c2606ac429fc15c63fdf4dea0529b6,geo,vllm,casperhansen/llama-3.3-70b-instruct-awq,"{   ""self_reported_group_ca"": 18,   ""self_reported_interpersonal_ca"": 12,   ""self_reported_band_group"": ""moderate"",   ""self_reported_band_interpersonal"": ""low"" }",,18,12,moderate,low
9948aab15a839b1f272b932661f00b2305c2606ac429fc15c63fdf4dea0529b6__transit,9948aab15a839b1f272b932661f00b2305c2606ac429fc15c63fdf4dea0529b6,transit,vllm,casperhansen/llama-3.3-70b-instruct-awq,"{   ""self_reported_group_ca"": 18,   ""self_reported_interpersonal_ca"": 12,   ""self_reported_band_group"": ""moderate"",   ""self_reported_band_interpersonal"": ""low"" }",,18,12,moderate,low
9948aab15a839b1f272b932661f00b2305c2606ac429fc15c63fdf4dea0529b6__full,9948aab15a839b1f272b932661f00b2305c2606ac429fc15c63fdf4dea0529b6,full,vllm,casperhansen/llama-3.3-70b-instruct-awq,"{   ""self_reported_group_ca"": 18,   ""self_reported_interpersonal_ca"": 12,   ""self_reported_band_group"": ""moderate"",   ""self_reported_band_interpersonal"": ""low"" }",,18,12,moderate,low
9948aab15a839b1f272b932661f00b2305c2606ac429fc15c63fdf4dea0529b6__v3_rideshare,9948aab15a839b1f272b932661f00b2305c2606ac429fc15c63fdf4dea0529b6,v3_rideshare,vllm,casperhansen/llama-3.3-70b-instruct-awq,"{   ""self_reported_group_ca"": 18,   ""self_reported_interpersonal_ca"": 12,   ""self_reported_band_group"": ""moderate"",   ""self_reported_band_interpersonal"": ""low"" }",,18,12,moderate,low
9948aab15a839b1f272b932661f00b2305c2606ac429fc15c63fdf4dea0529b6__v3_public_transit,9948aab15a839b1f272b932661f00b2305c2606ac429fc15c63fdf4dea0529b6,v3_public_transit,vllm,casperhansen/llama-3.3-70b-instruct-awq,"{   ""self_reported_group_ca"": 18,   ""self_reported_interpersonal_ca"": 12,   ""self_reported_band_group"": ""moderate"",   ""self_reported_band_interpersonal"": ""low"" }",,18,12,moderate,low
9948aab15a839b1f272b932661f00b2305c2606ac429fc15c63fdf4dea0529b6__v3_voice,9948aab15a839b1f272b932661f00b2305c2606ac429fc15c63fdf4dea0529b6,v3_voice,vllm,casperhansen/llama-3.3-70b-instruct-awq,"{   ""self_reported_group_ca"": 18,   ""self_reported_interpersonal_ca"": 12,   ""self_reported_band_group"": ""moderate"",   ""self_reported_band_interpersonal"": ""low"" }",,18,12,moderate,low
6510f683db88adaf0c622b7af17b67d5390a2a01670f9790946418a3b960de2f__demos,6510f683db88adaf0c622b7af17b67d5390a2a01670f9790946418a3b960de2f,demos,vllm,casperhansen/llama-3.3-70b-instruct-awq,"{   ""self_reported_group_ca"": 18,   ""self_reported_interpersonal_ca"": 12,   ""self_reported_band_group"": ""moderate"",   ""self_reported_band_interpersonal"": ""low"" }",,18,12,moderate,low
6510f683db88adaf0c622b7af17b67d5390a2a01670f9790946418a3b960de2f__employment,6510f683db88adaf0c622b7af17b67d5390a2a01670f9790946418a3b960de2f,employment,vllm,casperhansen/llama-3.3-70b-instruct-awq,"{   ""self_reported_group_ca"": 18,   ""self_reported_interpersonal_ca"": 12,   ""self_reported_band_group"": ""moderate"",   ""self_reported_band_interpersonal"": ""low"" }",,18,12,moderate,low
6510f683db88adaf0c622b7af17b67d5390a2a01670f9790946418a3b960de2f__geo,6510f683db88adaf0c622b7af17b67d5390a2a01670f9790946418a3b960de2f,geo,vllm,casperhansen/llama-3.3-70b-instruct-awq,"{   ""self_reported_group_ca"": 18,   ""self_reported_interpersonal_ca"": 12,   ""self_reported_band_group"": ""moderate"",   ""self_reported_band_interpersonal"": ""low"" }",,18,12,moderate,low
6510f683db88adaf0c622b7af17b67d5390a2a01670f9790946418a3b960de2f__transit,6510f683db88adaf0c622b7af17b67d5390a2a01670f9790946418a3b960de2f,transit,vllm,casperhansen/llama-3.3-70b-instruct-awq,"{   ""self_reported_group_ca"": 18,   ""self_reported_interpersonal_ca"": 12,   ""self_reported_band_group"": ""moderate"",   ""self_reported_band_interpersonal"": ""low"" }",,18,12,moderate,low
6510f683db88adaf0c622b7af17b67d5390a2a01670f9790946418a3b960de2f__full,6510f683db88adaf0c622b7af17b67d5390a2a01670f9790946418a3b960de2f,full,vllm,casperhansen/llama-3.3-70b-instruct-awq,"{   ""self_reported_group_ca"": 18,   ""self_reported_interpersonal_ca"": 12,   ""self_reported_band_group"": ""moderate"",   ""self_reported_band_interpersonal"": ""low"" }",,18,12,moderate,low
6510f683db88adaf0c622b7af17b67d5390a2a01670f9790946418a3b960de2f__v3_rideshare,6510f683db88adaf0c622b7af17b67d5390a2a01670f9790946418a3b960de2f,v3_rideshare,vllm,casperhansen/llama-3.3-70b-instruct-awq,"{   ""self_reported_group_ca"": 18,   ""self_reported_interpersonal_ca"": 12,   ""self_reported_band_group"": ""moderate"",   ""self_reported_band_interpersonal"": ""low"" }",,18,12,moderate,low
6510f683db88adaf0c622b7af17b67d5390a2a01670f9790946418a3b960de2f__v3_public_transit,6510f683db88adaf0c622b7af17b67d5390a2a01670f9790946418a3b960de2f,v3_public_transit,vllm,casperhansen/llama-3.3-70b-instruct-awq,"{   ""self_reported_group_ca"": 18,   ""self_reported_interpersonal_ca"": 12,   ""self_reported_band_group"": ""moderate"",   ""self_reported_band_interpersonal"": ""low"" }",,18,12,moderate,low
6510f683db88adaf0c622b7af17b67d5390a2a01670f9790946418a3b960de2f__v3_voice,6510f683db88adaf0c622b7af17b67d5390a2a01670f9790946418a3b960de2f,v3_voice,vllm,casperhansen/llama-3.3-70b-instruct-awq,"{   ""self_reported_group_ca"": 18,   ""self_reported_interpersonal_ca"": 12,   ""self_reported_band_group"": ""moderate"",   ""self_reported_band_interpersonal"": ""low"" }",,18,12,moderate,low
5c9a0d6fae82619662421f2613ac6475eb5c293d7e9462bbcf91012649a3aaeb__demos,5c9a0d6fae82619662421f2613ac6475eb5c293d7e9462bbcf91012649a3aaeb,demos,vllm,casperhansen/llama-3.3-70b-instruct-awq,"{   ""self_reported_group_ca"": 18,   ""self_reported_interpersonal_ca"": 12,   ""self_reported_band_group"": ""moderate"",   ""self_reported_band_interpersonal"": ""low"" }",,18,12,moderate,low
5c9a0d6fae82619662421f2613ac6475eb5c293d7e9462bbcf91012649a3aaeb__employment,5c9a0d6fae82619662421f2613ac6475eb5c293d7e9462bbcf91012649a3aaeb,employment,vllm,casperhansen/llama-3.3-70b-instruct-awq,"{   ""self_reported_group_ca"": 18,   ""self_reported_interpersonal_ca"": 12,   ""self_reported_band_group"": ""moderate"",   ""self_reported_band_interpersonal"": ""low"" }",,18,12,moderate,low
5c9a0d6fae82619662421f2613ac6475eb5c293d7e9462bbcf91012649a3aaeb__geo,5c9a0d6fae82619662421f2613ac6475eb5c293d7e9462bbcf91012649a3aaeb,geo,vllm,casperhansen/llama-3.3-70b-instruct-awq,"{   ""self_reported_group_ca"": 18,   ""self_reported_interpersonal_ca"": 12,   ""self_reported_band_group"": ""moderate"",   ""self_reported_band_interpersonal"": ""low"" }",,18,12,moderate,low
5c9a0d6fae82619662421f2613ac6475eb5c293d7e9462bbcf91012649a3aaeb__transit,5c9a0d6fae82619662421f2613ac6475eb5c293d7e9462bbcf91012649a3aaeb,transit,vllm,casperhansen/llama-3.3-70b-instruct-awq,"{   ""self_reported_group_ca"": 18,   ""self_reported_interpersonal_ca"": 12,   ""self_reported_band_group"": ""moderate"",   ""self_reported_band_interpersonal"": ""low"" }",,18,12,moderate,low
5c9a0d6fae82619662421f2613ac6475eb5c293d7e9462bbcf91012649a3aaeb__full,5c9a0d6fae82619662421f2613ac6475eb5c293d7e9462bbcf91012649a3aaeb,full,vllm,casperhansen/llama-3.3-70b-instruct-awq,"{   ""self_reported_group_ca"": 18,   ""self_reported_interpersonal_ca"": 12,   ""self_reported_band_group"": ""moderate"",   ""self_reported_band_interpersonal"": ""low"" }",,18,12,moderate,low
5c9a0d6fae82619662421f2613ac6475eb5c293d7e9462bbcf91012649a3aaeb__v3_rideshare,5c9a0d6fae82619662421f2613ac6475eb5c293d7e9462bbcf91012649a3aaeb,v3_rideshare,vllm,casperhansen/llama-3.3-70b-instruct-awq,"{   ""self_reported_group_ca"": 18,   ""self_reported_interpersonal_ca"": 12,   ""self_reported_band_group"": ""moderate"",   ""self_reported_band_interpersonal"": ""low"" }",,18,12,moderate,low
5c9a0d6fae82619662421f2613ac6475eb5c293d7e9462bbcf91012649a3aaeb__v3_public_transit,5c9a0d6fae82619662421f2613ac6475eb5c293d7e9462bbcf91012649a3aaeb,v3_public_transit,vllm,casperhansen/llama-3.3-70b-instruct-awq,"{   ""self_reported_group_ca"": 18,   ""self_reported_interpersonal_ca"": 12,   ""self_reported_band_group"": ""moderate"",   ""self_reported_band_interpersonal"": ""low"" }",,18,12,moderate,low
5c9a0d6fae82619662421f2613ac6475eb5c293d7e9462bbcf91012649a3aaeb__v3_voice,5c9a0d6fae82619662421f2613ac6475eb5c293d7e9462bbcf91012649a3aaeb,v3_voice,vllm,casperhansen/llama-3.3-70b-instruct-awq,"{   ""self_reported_group_ca"": 18,   ""self_reported_interpersonal_ca"": 12,   ""self_reported_band_group"": ""moderate"",   ""self_reported_band_interpersonal"": ""low"" }",,18,12,moderate,low
940f2ecfedf2425fbd21e53a0d3b975c3fc2141e42ab9cf8c3fd2ec188894e95__demos,940f2ecfedf2425fbd21e53a0d3b975c3fc2141e42ab9cf8c3fd2ec188894e95,demos,vllm,casperhansen/llama-3.3-70b-instruct-awq,"{   ""self_reported_group_ca"": 18,   ""self_reported_interpersonal_ca"": 12,   ""self_reported_band_group"": ""moderate"",   ""self_reported_band_interpersonal"": ""low"" }",,18,12,moderate,low
940f2ecfedf2425fbd21e53a0d3b975c3fc2141e42ab9cf8c3fd2ec188894e95__employment,940f2ecfedf2425fbd21e53a0d3b975c3fc2141e42ab9cf8c3fd2ec188894e95,employment,vllm,casperhansen/llama-3.3-70b-instruct-awq,"{   ""self_reported_group_ca"": 18,   ""self_reported_interpersonal_ca"": 12,   ""self_reported_band_group"": ""moderate"",   ""self_reported_band_interpersonal"": ""low"" }",,18,12,moderate,low
940f2ecfedf2425fbd21e53a0d3b975c3fc2141e42ab9cf8c3fd2ec188894e95__geo,940f2ecfedf2425fbd21e53a0d3b975c3fc2141e42ab9cf8c3fd2ec188894e95,geo,vllm,casperhansen/llama-3.3-70b-instruct-awq,"{   ""self_reported_group_ca"": 18,   ""self_reported_interpersonal_ca"": 12,   ""self_reported_band_group"": ""moderate"",   ""self_reported_band_interpersonal"": ""low"" }",,18,12,moderate,low
940f2ecfedf2425fbd21e53a0d3b975c3fc2141e42ab9cf8c3fd2ec188894e95__transit,940f2ecfedf2425fbd21e53a0d3b975c3fc2141e42ab9cf8c3fd2ec188894e95,transit,vllm,casperhansen/llama-3.3-70b-instruct-awq,"{   ""self_reported_group_ca"": 18,   ""self_reported_interpersonal_ca"": 12,   ""self_reported_band_group"": ""moderate"",   ""self_reported_band_interpersonal"": ""low"" }",,18,12,moderate,low
940f2ecfedf2425fbd21e53a0d3b975c3fc2141e42ab9cf8c3fd2ec188894e95__full,940f2ecfedf2425fbd21e53a0d3b975c3fc2141e42ab9cf8c3fd2ec188894e95,full,vllm,casperhansen/llama-3.3-70b-instruct-awq,"{   ""self_reported_group_ca"": 18,   ""self_reported_interpersonal_ca"": 12,   ""self_reported_band_group"": ""moderate"",   ""self_reported_band_interpersonal"": ""low"" }",,18,12,moderate,low
940f2ecfedf2425fbd21e53a0d3b975c3fc2141e42ab9cf8c3fd2ec188894e95__v3_rideshare,940f2ecfedf2425fbd21e53a0d3b975c3fc2141e42ab9cf8c3fd2ec188894e95,v3_rideshare,vllm,casperhansen/llama-3.3-70b-instruct-awq,"{   ""self_reported_group_ca"": 18,   ""self_reported_interpersonal_ca"": 12,   ""self_reported_band_group"": ""moderate"",   ""self_reported_band_interpersonal"": ""low"" }",,18,12,moderate,low
940f2ecfedf2425fbd21e53a0d3b975c3fc2141e42ab9cf8c3fd2ec188894e95__v3_public_transit,940f2ecfedf2425fbd21e53a0d3b975c3fc2141e42ab9cf8c3fd2ec188894e95,v3_public_transit,vllm,casperhansen/llama-3.3-70b-instruct-awq,"{   ""self_reported_group_ca"": 18,   ""self_reported_interpersonal_ca"": 12,   ""self_reported_band_group"": ""moderate"",   ""self_reported_band_interpersonal"": ""low"" }",,18,12,moderate,low
940f2ecfedf2425fbd21e53a0d3b975c3fc2141e42ab9cf8c3fd2ec188894e95__v3_voice,940f2ecfedf2425fbd21e53a0d3b975c3fc2141e42ab9cf8c3fd2ec188894e95,v3_voice,vllm,casperhansen/llama-3.3-70b-instruct-awq,"{   ""self_reported_group_ca"": 18,   ""self_reported_interpersonal_ca"": 12,   ""self_reported_band_group"": ""moderate"",   ""self_reported_band_interpersonal"": ""low"" }",,18,12,moderate,low
58ddfb550e33f2193b07cfc35be69753fc109c82f75f6054bf3807673435d08b__demos,58ddfb550e33f2193b07cfc35be69753fc109c82f75f6054bf3807673435d08b,demos,vllm,casperhansen/llama-3.3-70b-instruct-awq,"{   ""self_reported_group_ca"": 18,   ""self_reported_interpersonal_ca"": 12,   ""self_reported_band_group"": ""moderate"",   ""self_reported_band_interpersonal"": ""low"" }",,18,12,moderate,low
58ddfb550e33f2193b07cfc35be69753fc109c82f75f6054bf3807673435d08b__employment,58ddfb550e33f2193b07cfc35be69753fc109c82f75f6054bf3807673435d08b,employment,vllm,casperhansen/llama-3.3-70b-instruct-awq,"{   ""self_reported_group_ca"": 18,   ""self_reported_interpersonal_ca"": 12,   ""self_reported_band_group"": ""moderate"",   ""self_reported_band_interpersonal"": ""low"" }",,18,12,moderate,low
58ddfb550e33f2193b07cfc35be69753fc109c82f75f6054bf3807673435d08b__geo,58ddfb550e33f2193b07cfc35be69753fc109c82f75f6054bf3807673435d08b,geo,vllm,casperhansen/llama-3.3-70b-instruct-awq,"{   ""self_reported_group_ca"": 18,   ""self_reported_interpersonal_ca"": 12,   ""self_reported_band_group"": ""moderate"",   ""self_reported_band_interpersonal"": ""low"" }",,18,12,moderate,low
58ddfb550e33f2193b07cfc35be69753fc109c82f75f6054bf3807673435d08b__transit,58ddfb550e33f2193b07cfc35be69753fc109c82f75f6054bf3807673435d08b,transit,vllm,casperhansen/llama-3.3-70b-instruct-awq,"{   ""self_reported_group_ca"": 18,   ""self_reported_interpersonal_ca"": 12,   ""self_reported_band_group"": ""moderate"",   ""self_reported_band_interpersonal"": ""low"" }",,18,12,moderate,low
58ddfb550e33f2193b07cfc35be69753fc109c82f75f6054bf3807673435d08b__full,58ddfb550e33f2193b07cfc35be69753fc109c82f75f6054bf3807673435d08b,full,vllm,casperhansen/llama-3.3-70b-instruct-awq,"{   ""self_reported_group_ca"": 18,   ""self_reported_interpersonal_ca"": 12,   ""self_reported_band_group"": ""moderate"",   ""self_reported_band_interpersonal"": ""low"" }",,18,12,moderate,low
58ddfb550e33f2193b07cfc35be69753fc109c82f75f6054bf3807673435d08b__v3_rideshare,58ddfb550e33f2193b07cfc35be69753fc109c82f75f6054bf3807673435d08b,v3_rideshare,vllm,casperhansen/llama-3.3-70b-instruct-awq,"{   ""self_reported_group_ca"": 18,   ""self_reported_interpersonal_ca"": 12,   ""self_reported_band_group"": ""moderate"",   ""self_reported_band_interpersonal"": ""low"" }",,18,12,moderate,low
58ddfb550e33f2193b07cfc35be69753fc109c82f75f6054bf3807673435d08b__v3_public_transit,58ddfb550e33f2193b07cfc35be69753fc109c82f75f6054bf3807673435d08b,v3_public_transit,vllm,casperhansen/llama-3.3-70b-instruct-awq,"{   ""self_reported_group_ca"": 18,   ""self_reported_interpersonal_ca"": 12,   ""self_reported_band_group"": ""moderate"",   ""self_reported_band_interpersonal"": ""low"" }",,18,12,moderate,low
58ddfb550e33f2193b07cfc35be69753fc109c82f75f6054bf3807673435d08b__v3_voice,58ddfb550e33f2193b07cfc35be69753fc109c82f75f6054bf3807673435d08b,v3_voice,vllm,casperhansen/llama-3.3-70b-instruct-awq,"{   ""self_reported_group_ca"": 18,   ""self_reported_interpersonal_ca"": 12,   ""self_reported_band_group"": ""moderate"",   ""self_reported_band_interpersonal"": ""low"" }",,18,12,moderate,low
080c2c3082160c8ea3aeca8f6c3e1f76064080b1f650305e314eb5ecf5e2b7fb__demos,080c2c3082160c8ea3aeca8f6c3e1f76064080b1f650305e314eb5ecf5e2b7fb,demos,vllm,casperhansen/llama-3.3-70b-instruct-awq,"{   ""self_reported_group_ca"": 18,   ""self_reported_interpersonal_ca"": 12,   ""self_reported_band_group"": ""moderate"",   ""self_reported_band_interpersonal"": ""low"" }",,18,12,moderate,low
080c2c3082160c8ea3aeca8f6c3e1f76064080b1f650305e314eb5ecf5e2b7fb__employment,080c2c3082160c8ea3aeca8f6c3e1f76064080b1f650305e314eb5ecf5e2b7fb,employment,vllm,casperhansen/llama-3.3-70b-instruct-awq,"{   ""self_reported_group_ca"": 18,   ""self_reported_interpersonal_ca"": 12,   ""self_reported_band_group"": ""moderate"",   ""self_reported_band_interpersonal"": ""low"" }",,18,12,moderate,low
080c2c3082160c8ea3aeca8f6c3e1f76064080b1f650305e314eb5ecf5e2b7fb__geo,080c2c3082160c8ea3aeca8f6c3e1f76064080b1f650305e314eb5ecf5e2b7fb,geo,vllm,casperhansen/llama-3.3-70b-instruct-awq,"{   ""self_reported_group_ca"": 18,   ""self_reported_interpersonal_ca"": 12,   ""self_reported_band_group"": ""moderate"",   ""self_reported_band_interpersonal"": ""low"" }",,18,12,moderate,low
080c2c3082160c8ea3aeca8f6c3e1f76064080b1f650305e314eb5ecf5e2b7fb__transit,080c2c3082160c8ea3aeca8f6c3e1f76064080b1f650305e314eb5ecf5e2b7fb,transit,vllm,casperhansen/llama-3.3-70b-instruct-awq,"{   ""self_reported_group_ca"": 18,   ""self_reported_interpersonal_ca"": 12,   ""self_reported_band_group"": ""moderate"",   ""self_reported_band_interpersonal"": ""low"" }",,18,12,moderate,low
080c2c3082160c8ea3aeca8f6c3e1f76064080b1f650305e314eb5ecf5e2b7fb__full,080c2c3082160c8ea3aeca8f6c3e1f76064080b1f650305e314eb5ecf5e2b7fb,full,vllm,casperhansen/llama-3.3-70b-instruct-awq,"{   ""self_reported_group_ca"": 18,   ""self_reported_interpersonal_ca"": 12,   ""self_reported_band_group"": ""moderate"",   ""self_reported_band_interpersonal"": ""low"" }",,18,12,moderate,low
080c2c3082160c8ea3aeca8f6c3e1f76064080b1f650305e314eb5ecf5e2b7fb__v3_rideshare,080c2c3082160c8ea3aeca8f6c3e1f76064080b1f650305e314eb5ecf5e2b7fb,v3_rideshare,vllm,casperhansen/llama-3.3-70b-instruct-awq,"{   ""self_reported_group_ca"": 18,   ""self_reported_interpersonal_ca"": 12,   ""self_reported_band_group"": ""moderate"",   ""self_reported_band_interpersonal"": ""low"" }",,18,12,moderate,low
080c2c3082160c8ea3aeca8f6c3e1f76064080b1f650305e314eb5ecf5e2b7fb__v3_public_transit,080c2c3082160c8ea3aeca8f6c3e1f76064080b1f650305e314eb5ecf5e2b7fb,v3_public_transit,vllm,casperhansen/llama-3.3-70b-instruct-awq,"{   ""self_reported_group_ca"": 18,   ""self_reported_interpersonal_ca"": 12,   ""self_reported_band_group"": ""moderate"",   ""self_reported_band_interpersonal"": ""low"" }",,18,12,moderate,low
080c2c3082160c8ea3aeca8f6c3e1f76064080b1f650305e314eb5ecf5e2b7fb__v3_voice,080c2c3082160c8ea3aeca8f6c3e1f76064080b1f650305e314eb5ecf5e2b7fb,v3_voice,vllm,casperhansen/llama-3.3-70b-instruct-awq,"{   ""self_reported_group_ca"": 18,   ""self_reported_interpersonal_ca"": 12,   ""self_reported_band_group"": ""moderate"",   ""self_reported_band_interpersonal"": ""low"" }",,18,12,moderate,low
ae636b7caa3a1f4b1d8d02b8887b1df36989ee6714199a4c9a09d1e0e7ac434a__demos,ae636b7caa3a1f4b1d8d02b8887b1df36989ee6714199a4c9a09d1e0e7ac434a,demos,vllm,casperhansen/llama-3.3-70b-instruct-awq,"{   ""self_reported_group_ca"": 18,   ""self_reported_interpersonal_ca"": 12,   ""self_reported_band_group"": ""moderate"",   ""self_reported_band_interpersonal"": ""low"" }",,18,12,moderate,low
ae636b7caa3a1f4b1d8d02b8887b1df36989ee6714199a4c9a09d1e0e7ac434a__employment,ae636b7caa3a1f4b1d8d02b8887b1df36989ee6714199a4c9a09d1e0e7ac434a,employment,vllm,casperhansen/llama-3.3-70b-instruct-awq,"{   ""self_reported_group_ca"": 18,   ""self_reported_interpersonal_ca"": 12,   ""self_reported_band_group"": ""moderate"",   ""self_reported_band_interpersonal"": ""low"" }",,18,12,moderate,low
ae636b7caa3a1f4b1d8d02b8887b1df36989ee6714199a4c9a09d1e0e7ac434a__geo,ae636b7caa3a1f4b1d8d02b8887b1df36989ee6714199a4c9a09d1e0e7ac434a,geo,vllm,casperhansen/llama-3.3-70b-instruct-awq,"{   ""self_reported_group_ca"": 18,   ""self_reported_interpersonal_ca"": 12,   ""self_reported_band_group"": ""moderate"",   ""self_reported_band_interpersonal"": ""low"" }",,18,12,moderate,low
ae636b7caa3a1f4b1d8d02b8887b1df36989ee6714199a4c9a09d1e0e7ac434a__transit,ae636b7caa3a1f4b1d8d02b8887b1df36989ee6714199a4c9a09d1e0e7ac434a,transit,vllm,casperhansen/llama-3.3-70b-instruct-awq,"{   ""self_reported_group_ca"": 18,   ""self_reported_interpersonal_ca"": 12,   ""self_reported_band_group"": ""moderate"",   ""self_reported_band_interpersonal"": ""low"" }",,18,12,moderate,low
ae636b7caa3a1f4b1d8d02b8887b1df36989ee6714199a4c9a09d1e0e7ac434a__full,ae636b7caa3a1f4b1d8d02b8887b1df36989ee6714199a4c9a09d1e0e7ac434a,full,vllm,casperhansen/llama-3.3-70b-instruct-awq,"{   ""self_reported_group_ca"": 18,   ""self_reported_interpersonal_ca"": 12,   ""self_reported_band_group"": ""moderate"",   ""self_reported_band_interpersonal"": ""low"" }",,18,12,moderate,low
ae636b7caa3a1f4b1d8d02b8887b1df36989ee6714199a4c9a09d1e0e7ac434a__v3_rideshare,ae636b7caa3a1f4b1d8d02b8887b1df36989ee6714199a4c9a09d1e0e7ac434a,v3_rideshare,vllm,casperhansen/llama-3.3-70b-instruct-awq,"{   ""self_reported_group_ca"": 18,   ""self_reported_interpersonal_ca"": 12,   ""self_reported_band_group"": ""moderate"",   ""self_reported_band_interpersonal"": ""low"" }",,18,12,moderate,low
ae636b7caa3a1f4b1d8d02b8887b1df36989ee6714199a4c9a09d1e0e7ac434a__v3_public_transit,ae636b7caa3a1f4b1d8d02b8887b1df36989ee6714199a4c9a09d1e0e7ac434a,v3_public_transit,vllm,casperhansen/llama-3.3-70b-instruct-awq,"{   ""self_reported_group_ca"": 18,   ""self_reported_interpersonal_ca"": 12,   ""self_reported_band_group"": ""moderate"",   ""self_reported_band_interpersonal"": ""low"" }",,18,12,moderate,low
ae636b7caa3a1f4b1d8d02b8887b1df36989ee6714199a4c9a09d1e0e7ac434a__v3_voice,ae636b7caa3a1f4b1d8d02b8887b1df36989ee6714199a4c9a09d1e0e7ac434a,v3_voice,vllm,casperhansen/llama-3.3-70b-instruct-awq,"{   ""self_reported_group_ca"": 18,   ""self_reported_interpersonal_ca"": 12,   ""self_reported_band_group"": ""moderate"",   ""self_reported_band_interpersonal"": ""low"" }",,18,12,moderate,low
0f284a11b7b2b2da4c42bbe31390265ec35d22e54b2fc633371c6efa872d2745__demos,0f284a11b7b2b2da4c42bbe31390265ec35d22e54b2fc633371c6efa872d2745,demos,vllm,casperhansen/llama-3.3-70b-instruct-awq,"{   ""self_reported_group_ca"": 18,   ""self_reported_interpersonal_ca"": 12,   ""self_reported_band_group"": ""moderate"",   ""self_reported_band_interpersonal"": ""low"" }",,18,12,moderate,low
0f284a11b7b2b2da4c42bbe31390265ec35d22e54b2fc633371c6efa872d2745__employment,0f284a11b7b2b2da4c42bbe31390265ec35d22e54b2fc633371c6efa872d2745,employment,vllm,casperhansen/llama-3.3-70b-instruct-awq,"{   ""self_reported_group_ca"": 18,   ""self_reported_interpersonal_ca"": 12,   ""self_reported_band_group"": ""moderate"",   ""self_reported_band_interpersonal"": ""low"" }",,18,12,moderate,low
0f284a11b7b2b2da4c42bbe31390265ec35d22e54b2fc633371c6efa872d2745__geo,0f284a11b7b2b2da4c42bbe31390265ec35d22e54b2fc633371c6efa872d2745,geo,vllm,casperhansen/llama-3.3-70b-instruct-awq,"{   ""self_reported_group_ca"": 18,   ""self_reported_interpersonal_ca"": 12,   ""self_reported_band_group"": ""moderate"",   ""self_reported_band_interpersonal"": ""low"" }",,18,12,moderate,low
0f284a11b7b2b2da4c42bbe31390265ec35d22e54b2fc633371c6efa872d2745__transit,0f284a11b7b2b2da4c42bbe31390265ec35d22e54b2fc633371c6efa872d2745,transit,vllm,casperhansen/llama-3.3-70b-instruct-awq,"{   ""self_reported_group_ca"": 18,   ""self_reported_interpersonal_ca"": 12,   ""self_reported_band_group"": ""moderate"",   ""self_reported_band_interpersonal"": ""low"" }",,18,12,moderate,low
0f284a11b7b2b2da4c42bbe31390265ec35d22e54b2fc633371c6efa872d2745__full,0f284a11b7b2b2da4c42bbe31390265ec35d22e54b2fc633371c6efa872d2745,full,vllm,casperhansen/llama-3.3-70b-instruct-awq,"{   ""self_reported_group_ca"": 18,   ""self_reported_interpersonal_ca"": 12,   ""self_reported_band_group"": ""moderate"",   ""self_reported_band_interpersonal"": ""low"" }",,18,12,moderate,low
0f284a11b7b2b2da4c42bbe31390265ec35d22e54b2fc633371c6efa872d2745__v3_rideshare,0f284a11b7b2b2da4c42bbe31390265ec35d22e54b2fc633371c6efa872d2745,v3_rideshare,vllm,casperhansen/llama-3.3-70b-instruct-awq,"{   ""self_reported_group_ca"": 18,   ""self_reported_interpersonal_ca"": 12,   ""self_reported_band_group"": ""moderate"",   ""self_reported_band_interpersonal"": ""low"" }",,18,12,moderate,low
0f284a11b7b2b2da4c42bbe31390265ec35d22e54b2fc633371c6efa872d2745__v3_public_transit,0f284a11b7b2b2da4c42bbe31390265ec35d22e54b2fc633371c6efa872d2745,v3_public_transit,vllm,casperhansen/llama-3.3-70b-instruct-awq,"{   ""self_reported_group_ca"": 18,   ""self_reported_interpersonal_ca"": 12,   ""self_reported_band_group"": ""moderate"",   ""self_reported_band_interpersonal"": ""low"" }",,18,12,moderate,low
0f284a11b7b2b2da4c42bbe31390265ec35d22e54b2fc633371c6efa872d2745__v3_voice,0f284a11b7b2b2da4c42bbe31390265ec35d22e54b2fc633371c6efa872d2745,v3_voice,vllm,casperhansen/llama-3.3-70b-instruct-awq,"{   ""self_reported_group_ca"": 18,   ""self_reported_interpersonal_ca"": 12,   ""self_reported_band_group"": ""moderate"",   ""self_reported_band_interpersonal"": ""low"" }",,18,12,moderate,low
8e831cd00341372c0c7463938a55ad43e811a06864abae07d126dc1a13a2003e__demos,8e831cd00341372c0c7463938a55ad43e811a06864abae07d126dc1a13a2003e,demos,vllm,casperhansen/llama-3.3-70b-instruct-awq,"{   ""self_reported_group_ca"": 18,   ""self_reported_interpersonal_ca"": 12,   ""self_reported_band_group"": ""moderate"",   ""self_reported_band_interpersonal"": ""low"" }",,18,12,moderate,low
8e831cd00341372c0c7463938a55ad43e811a06864abae07d126dc1a13a2003e__employment,8e831cd00341372c0c7463938a55ad43e811a06864abae07d126dc1a13a2003e,employment,vllm,casperhansen/llama-3.3-70b-instruct-awq,"{   ""self_reported_group_ca"": 18,   ""self_reported_interpersonal_ca"": 12,   ""self_reported_band_group"": ""moderate"",   ""self_reported_band_interpersonal"": ""low"" }",,18,12,moderate,low
8e831cd00341372c0c7463938a55ad43e811a06864abae07d126dc1a13a2003e__geo,8e831cd00341372c0c7463938a55ad43e811a06864abae07d126dc1a13a2003e,geo,vllm,casperhansen/llama-3.3-70b-instruct-awq,"{   ""self_reported_group_ca"": 18,   ""self_reported_interpersonal_ca"": 12,   ""self_reported_band_group"": ""moderate"",   ""self_reported_band_interpersonal"": ""low"" }",,18,12,moderate,low
8e831cd00341372c0c7463938a55ad43e811a06864abae07d126dc1a13a2003e__transit,8e831cd00341372c0c7463938a55ad43e811a06864abae07d126dc1a13a2003e,transit,vllm,casperhansen/llama-3.3-70b-instruct-awq,"{   ""self_reported_group_ca"": 18,   ""self_reported_interpersonal_ca"": 12,   ""self_reported_band_group"": ""moderate"",   ""self_reported_band_interpersonal"": ""low"" }",,18,12,moderate,low
8e831cd00341372c0c7463938a55ad43e811a06864abae07d126dc1a13a2003e__full,8e831cd00341372c0c7463938a55ad43e811a06864abae07d126dc1a13a2003e,full,vllm,casperhansen/llama-3.3-70b-instruct-awq,"{   ""self_reported_group_ca"": 18,   ""self_reported_interpersonal_ca"": 12,   ""self_reported_band_group"": ""moderate"",   ""self_reported_band_interpersonal"": ""low"" }",,18,12,moderate,low
8e831cd00341372c0c7463938a55ad43e811a06864abae07d126dc1a13a2003e__v3_rideshare,8e831cd00341372c0c7463938a55ad43e811a06864abae07d126dc1a13a2003e,v3_rideshare,vllm,casperhansen/llama-3.3-70b-instruct-awq,"{   ""self_reported_group_ca"": 18,   ""self_reported_interpersonal_ca"": 12,   ""self_reported_band_group"": ""moderate"",   ""self_reported_band_interpersonal"": ""low"" }",,18,12,moderate,low
8e831cd00341372c0c7463938a55ad43e811a06864abae07d126dc1a13a2003e__v3_public_transit,8e831cd00341372c0c7463938a55ad43e811a06864abae07d126dc1a13a2003e,v3_public_transit,vllm,casperhansen/llama-3.3-70b-instruct-awq,"{   ""self_reported_group_ca"": 18,   ""self_reported_interpersonal_ca"": 12,   ""self_reported_band_group"": ""moderate"",   ""self_reported_band_interpersonal"": ""low"" }",,18,12,moderate,low
8e831cd00341372c0c7463938a55ad43e811a06864abae07d126dc1a13a2003e__v3_voice,8e831cd00341372c0c7463938a55ad43e811a06864abae07d126dc1a13a2003e,v3_voice,vllm,casperhansen/llama-3.3-70b-instruct-awq,"{   ""self_reported_group_ca"": 18,   ""self_reported_interpersonal_ca"": 12,   ""self_reported_band_group"": ""moderate"",   ""self_reported_band_interpersonal"": ""low"" }",,18,12,moderate,low
dfc799ffbe5cf562ec1a2df4311b543069f4f257aa839505340a2b6aa04b9d51__demos,dfc799ffbe5cf562ec1a2df4311b543069f4f257aa839505340a2b6aa04b9d51,demos,vllm,casperhansen/llama-3.3-70b-instruct-awq,"{   ""self_reported_group_ca"": 18,   ""self_reported_interpersonal_ca"": 12,   ""self_reported_band_group"": ""moderate"",   ""self_reported_band_interpersonal"": ""low"" }",,18,12,moderate,low
dfc799ffbe5cf562ec1a2df4311b543069f4f257aa839505340a2b6aa04b9d51__employment,dfc799ffbe5cf562ec1a2df4311b543069f4f257aa839505340a2b6aa04b9d51,employment,vllm,casperhansen/llama-3.3-70b-instruct-awq,"{   ""self_reported_group_ca"": 18,   ""self_reported_interpersonal_ca"": 12,   ""self_reported_band_group"": ""moderate"",   ""self_reported_band_interpersonal"": ""low"" }",,18,12,moderate,low
dfc799ffbe5cf562ec1a2df4311b543069f4f257aa839505340a2b6aa04b9d51__geo,dfc799ffbe5cf562ec1a2df4311b543069f4f257aa839505340a2b6aa04b9d51,geo,vllm,casperhansen/llama-3.3-70b-instruct-awq,"{   ""self_reported_group_ca"": 18,   ""self_reported_interpersonal_ca"": 12,   ""self_reported_band_group"": ""moderate"",   ""self_reported_band_interpersonal"": ""low"" }",,18,12,moderate,low
dfc799ffbe5cf562ec1a2df4311b543069f4f257aa839505340a2b6aa04b9d51__transit,dfc799ffbe5cf562ec1a2df4311b543069f4f257aa839505340a2b6aa04b9d51,transit,vllm,casperhansen/llama-3.3-70b-instruct-awq,"{   ""self_reported_group_ca"": 18,   ""self_reported_interpersonal_ca"": 12,   ""self_reported_band_group"": ""moderate"",   ""self_reported_band_interpersonal"": ""low"" }",,18,12,moderate,low
dfc799ffbe5cf562ec1a2df4311b543069f4f257aa839505340a2b6aa04b9d51__full,dfc799ffbe5cf562ec1a2df4311b543069f4f257aa839505340a2b6aa04b9d51,full,vllm,casperhansen/llama-3.3-70b-instruct-awq,"{   ""self_reported_group_ca"": 18,   ""self_reported_interpersonal_ca"": 12,   ""self_reported_band_group"": ""moderate"",   ""self_reported_band_interpersonal"": ""low"" }",,18,12,moderate,low
dfc799ffbe5cf562ec1a2df4311b543069f4f257aa839505340a2b6aa04b9d51__v3_rideshare,dfc799ffbe5cf562ec1a2df4311b543069f4f257aa839505340a2b6aa04b9d51,v3_rideshare,vllm,casperhansen/llama-3.3-70b-instruct-awq,"{   ""self_reported_group_ca"": 18,   ""self_reported_interpersonal_ca"": 12,   ""self_reported_band_group"": ""moderate"",   ""self_reported_band_interpersonal"": ""low"" }",,18,12,moderate,low
dfc799ffbe5cf562ec1a2df4311b543069f4f257aa839505340a2b6aa04b9d51__v3_public_transit,dfc799ffbe5cf562ec1a2df4311b543069f4f257aa839505340a2b6aa04b9d51,v3_public_transit,vllm,casperhansen/llama-3.3-70b-instruct-awq,"{   ""self_reported_group_ca"": 18,   ""self_reported_interpersonal_ca"": 12,   ""self_reported_band_group"": ""moderate"",   ""self_reported_band_interpersonal"": ""low"" }",,18,12,moderate,low
dfc799ffbe5cf562ec1a2df4311b543069f4f257aa839505340a2b6aa04b9d51__v3_voice,dfc799ffbe5cf562ec1a2df4311b543069f4f257aa839505340a2b6aa04b9d51,v3_voice,vllm,casperhansen/llama-3.3-70b-instruct-awq,"{   ""self_reported_group_ca"": 18,   ""self_reported_interpersonal_ca"": 12,   ""self_reported_band_group"": ""moderate"",   ""self_reported_band_interpersonal"": ""low"" }",,18,12,moderate,low
f844b759e28f8984d563890f25ef124b3895c11c66a886cd119d41dd48146356__demos,f844b759e28f8984d563890f25ef124b3895c11c66a886cd119d41dd48146356,demos,vllm,casperhansen/llama-3.3-70b-instruct-awq,"{   ""self_reported_group_ca"": 18,   ""self_reported_interpersonal_ca"": 12,   ""self_reported_band_group"": ""moderate"",   ""self_reported_band_interpersonal"": ""low"" }",,18,12,moderate,low
f844b759e28f8984d563890f25ef124b3895c11c66a886cd119d41dd48146356__employment,f844b759e28f8984d563890f25ef124b3895c11c66a886cd119d41dd48146356,employment,vllm,casperhansen/llama-3.3-70b-instruct-awq,"{   ""self_reported_group_ca"": 18,   ""self_reported_interpersonal_ca"": 12,   ""self_reported_band_group"": ""moderate"",   ""self_reported_band_interpersonal"": ""low"" }",,18,12,moderate,low
f844b759e28f8984d563890f25ef124b3895c11c66a886cd119d41dd48146356__geo,f844b759e28f8984d563890f25ef124b3895c11c66a886cd119d41dd48146356,geo,vllm,casperhansen/llama-3.3-70b-instruct-awq,"{   ""self_reported_group_ca"": 18,   ""self_reported_interpersonal_ca"": 12,   ""self_reported_band_group"": ""moderate"",   ""self_reported_band_interpersonal"": ""low"" }",,18,12,moderate,low
f844b759e28f8984d563890f25ef124b3895c11c66a886cd119d41dd48146356__transit,f844b759e28f8984d563890f25ef124b3895c11c66a886cd119d41dd48146356,transit,vllm,casperhansen/llama-3.3-70b-instruct-awq,"{   ""self_reported_group_ca"": 18,   ""self_reported_interpersonal_ca"": 12,   ""self_reported_band_group"": ""moderate"",   ""self_reported_band_interpersonal"": ""low"" }",,18,12,moderate,low
f844b759e28f8984d563890f25ef124b3895c11c66a886cd119d41dd48146356__full,f844b759e28f8984d563890f25ef124b3895c11c66a886cd119d41dd48146356,full,vllm,casperhansen/llama-3.3-70b-instruct-awq,"{   ""self_reported_group_ca"": 18,   ""self_reported_interpersonal_ca"": 12,   ""self_reported_band_group"": ""moderate"",   ""self_reported_band_interpersonal"": ""low"" }",,18,12,moderate,low
f844b759e28f8984d563890f25ef124b3895c11c66a886cd119d41dd48146356__v3_rideshare,f844b759e28f8984d563890f25ef124b3895c11c66a886cd119d41dd48146356,v3_rideshare,vllm,casperhansen/llama-3.3-70b-instruct-awq,"{   ""self_reported_group_ca"": 18,   ""self_reported_interpersonal_ca"": 12,   ""self_reported_band_group"": ""moderate"",   ""self_reported_band_interpersonal"": ""low"" }",,18,12,moderate,low
f844b759e28f8984d563890f25ef124b3895c11c66a886cd119d41dd48146356__v3_public_transit,f844b759e28f8984d563890f25ef124b3895c11c66a886cd119d41dd48146356,v3_public_transit,vllm,casperhansen/llama-3.3-70b-instruct-awq,"{   ""self_reported_group_ca"": 18,   ""self_reported_interpersonal_ca"": 12,   ""self_reported_band_group"": ""moderate"",   ""self_reported_band_interpersonal"": ""low"" }",,18,12,moderate,low
f844b759e28f8984d563890f25ef124b3895c11c66a886cd119d41dd48146356__v3_voice,f844b759e28f8984d563890f25ef124b3895c11c66a886cd119d41dd48146356,v3_voice,vllm,casperhansen/llama-3.3-70b-instruct-awq,"{   ""self_reported_group_ca"": 18,   ""self_reported_interpersonal_ca"": 12,   ""self_reported_band_group"": ""moderate"",   ""self_reported_band_interpersonal"": ""low"" }",,18,12,moderate,low
2fc9545e7ba8b60e7e4eca95f978fb0aa78399e808053c092cd100a9c04d32c5__demos,2fc9545e7ba8b60e7e4eca95f978fb0aa78399e808053c092cd100a9c04d32c5,demos,vllm,casperhansen/llama-3.3-70b-instruct-awq,"{   ""self_reported_group_ca"": 18,   ""self_reported_interpersonal_ca"": 12,   ""self_reported_band_group"": ""moderate"",   ""self_reported_band_interpersonal"": ""low"" }",,18,12,moderate,low
2fc9545e7ba8b60e7e4eca95f978fb0aa78399e808053c092cd100a9c04d32c5__employment,2fc9545e7ba8b60e7e4eca95f978fb0aa78399e808053c092cd100a9c04d32c5,employment,vllm,casperhansen/llama-3.3-70b-instruct-awq,"{   ""self_reported_group_ca"": 18,   ""self_reported_interpersonal_ca"": 12,   ""self_reported_band_group"": ""moderate"",   ""self_reported_band_interpersonal"": ""low"" }",,18,12,moderate,low
2fc9545e7ba8b60e7e4eca95f978fb0aa78399e808053c092cd100a9c04d32c5__geo,2fc9545e7ba8b60e7e4eca95f978fb0aa78399e808053c092cd100a9c04d32c5,geo,vllm,casperhansen/llama-3.3-70b-instruct-awq,"{   ""self_reported_group_ca"": 18,   ""self_reported_interpersonal_ca"": 12,   ""self_reported_band_group"": ""moderate"",   ""self_reported_band_interpersonal"": ""low"" }",,18,12,moderate,low
2fc9545e7ba8b60e7e4eca95f978fb0aa78399e808053c092cd100a9c04d32c5__transit,2fc9545e7ba8b60e7e4eca95f978fb0aa78399e808053c092cd100a9c04d32c5,transit,vllm,casperhansen/llama-3.3-70b-instruct-awq,"{   ""self_reported_group_ca"": 18,   ""self_reported_interpersonal_ca"": 12,   ""self_reported_band_group"": ""moderate"",   ""self_reported_band_interpersonal"": ""low"" }",,18,12,moderate,low
2fc9545e7ba8b60e7e4eca95f978fb0aa78399e808053c092cd100a9c04d32c5__full,2fc9545e7ba8b60e7e4eca95f978fb0aa78399e808053c092cd100a9c04d32c5,full,vllm,casperhansen/llama-3.3-70b-instruct-awq,"{   ""self_reported_group_ca"": 18,   ""self_reported_interpersonal_ca"": 12,   ""self_reported_band_group"": ""moderate"",   ""self_reported_band_interpersonal"": ""low"" }",,18,12,moderate,low
2fc9545e7ba8b60e7e4eca95f978fb0aa78399e808053c092cd100a9c04d32c5__v3_rideshare,2fc9545e7ba8b60e7e4eca95f978fb0aa78399e808053c092cd100a9c04d32c5,v3_rideshare,vllm,casperhansen/llama-3.3-70b-instruct-awq,"{   ""self_reported_group_ca"": 18,   ""self_reported_interpersonal_ca"": 12,   ""self_reported_band_group"": ""moderate"",   ""self_reported_band_interpersonal"": ""low"" }",,18,12,moderate,low
2fc9545e7ba8b60e7e4eca95f978fb0aa78399e808053c092cd100a9c04d32c5__v3_public_transit,2fc9545e7ba8b60e7e4eca95f978fb0aa78399e808053c092cd100a9c04d32c5,v3_public_transit,vllm,casperhansen/llama-3.3-70b-instruct-awq,"{   ""self_reported_group_ca"": 18,   ""self_reported_interpersonal_ca"": 12,   ""self_reported_band_group"": ""moderate"",   ""self_reported_band_interpersonal"": ""low"" }",,18,12,moderate,low
2fc9545e7ba8b60e7e4eca95f978fb0aa78399e808053c092cd100a9c04d32c5__v3_voice,2fc9545e7ba8b60e7e4eca95f978fb0aa78399e808053c092cd100a9c04d32c5,v3_voice,vllm,casperhansen/llama-3.3-70b-instruct-awq,"{   ""self_reported_group_ca"": 18,   ""self_reported_interpersonal_ca"": 12,   ""self_reported_band_group"": ""moderate"",   ""self_reported_band_interpersonal"": ""low"" }",,18,12,moderate,low
1503772a1dc4e9ef4aac2cc0d4e133c6f386270e0dcf9aab23731a81793fd08e__demos,1503772a1dc4e9ef4aac2cc0d4e133c6f386270e0dcf9aab23731a81793fd08e,demos,vllm,casperhansen/llama-3.3-70b-instruct-awq,"{   ""self_reported_group_ca"": 18,   ""self_reported_interpersonal_ca"": 12,   ""self_reported_band_group"": ""moderate"",   ""self_reported_band_interpersonal"": ""low"" }",,18,12,moderate,low
1503772a1dc4e9ef4aac2cc0d4e133c6f386270e0dcf9aab23731a81793fd08e__employment,1503772a1dc4e9ef4aac2cc0d4e133c6f386270e0dcf9aab23731a81793fd08e,employment,vllm,casperhansen/llama-3.3-70b-instruct-awq,"{   ""self_reported_group_ca"": 18,   ""self_reported_interpersonal_ca"": 12,   ""self_reported_band_group"": ""moderate"",   ""self_reported_band_interpersonal"": ""low"" }",,18,12,moderate,low
1503772a1dc4e9ef4aac2cc0d4e133c6f386270e0dcf9aab23731a81793fd08e__geo,1503772a1dc4e9ef4aac2cc0d4e133c6f386270e0dcf9aab23731a81793fd08e,geo,vllm,casperhansen/llama-3.3-70b-instruct-awq,"{   ""self_reported_group_ca"": 18,   ""self_reported_interpersonal_ca"": 12,   ""self_reported_band_group"": ""moderate"",   ""self_reported_band_interpersonal"": ""low"" }",,18,12,moderate,low
1503772a1dc4e9ef4aac2cc0d4e133c6f386270e0dcf9aab23731a81793fd08e__transit,1503772a1dc4e9ef4aac2cc0d4e133c6f386270e0dcf9aab23731a81793fd08e,transit,vllm,casperhansen/llama-3.3-70b-instruct-awq,"{   ""self_reported_group_ca"": 18,   ""self_reported_interpersonal_ca"": 12,   ""self_reported_band_group"": ""moderate"",   ""self_reported_band_interpersonal"": ""low"" }",,18,12,moderate,low
1503772a1dc4e9ef4aac2cc0d4e133c6f386270e0dcf9aab23731a81793fd08e__full,1503772a1dc4e9ef4aac2cc0d4e133c6f386270e0dcf9aab23731a81793fd08e,full,vllm,casperhansen/llama-3.3-70b-instruct-awq,"{   ""self_reported_group_ca"": 18,   ""self_reported_interpersonal_ca"": 12,   ""self_reported_band_group"": ""moderate"",   ""self_reported_band_interpersonal"": ""low"" }",,18,12,moderate,low
1503772a1dc4e9ef4aac2cc0d4e133c6f386270e0dcf9aab23731a81793fd08e__v3_rideshare,1503772a1dc4e9ef4aac2cc0d4e133c6f386270e0dcf9aab23731a81793fd08e,v3_rideshare,vllm,casperhansen/llama-3.3-70b-instruct-awq,"{   ""self_reported_group_ca"": 18,   ""self_reported_interpersonal_ca"": 12,   ""self_reported_band_group"": ""moderate"",   ""self_reported_band_interpersonal"": ""low"" }",,18,12,moderate,low
1503772a1dc4e9ef4aac2cc0d4e133c6f386270e0dcf9aab23731a81793fd08e__v3_public_transit,1503772a1dc4e9ef4aac2cc0d4e133c6f386270e0dcf9aab23731a81793fd08e,v3_public_transit,vllm,casperhansen/llama-3.3-70b-instruct-awq,"{   ""self_reported_group_ca"": 18,   ""self_reported_interpersonal_ca"": 12,   ""self_reported_band_group"": ""moderate"",   ""self_reported_band_interpersonal"": ""low"" }",,18,12,moderate,low
1503772a1dc4e9ef4aac2cc0d4e133c6f386270e0dcf9aab23731a81793fd08e__v3_voice,1503772a1dc4e9ef4aac2cc0d4e133c6f386270e0dcf9aab23731a81793fd08e,v3_voice,vllm,casperhansen/llama-3.3-70b-instruct-awq,"{   ""self_reported_group_ca"": 18,   ""self_reported_interpersonal_ca"": 12,   ""self_reported_band_group"": ""moderate"",   ""self_reported_band_interpersonal"": ""low"" }",,18,12,moderate,low
505a243c6f4e4918dc2decd08f5c95a167dacaa40483af6ceb36b3f68c5d4e53__demos,505a243c6f4e4918dc2decd08f5c95a167dacaa40483af6ceb36b3f68c5d4e53,demos,vllm,casperhansen/llama-3.3-70b-instruct-awq,"{   ""self_reported_group_ca"": 18,   ""self_reported_interpersonal_ca"": 12,   ""self_reported_band_group"": ""moderate"",   ""self_reported_band_interpersonal"": ""low"" }",,18,12,moderate,low
505a243c6f4e4918dc2decd08f5c95a167dacaa40483af6ceb36b3f68c5d4e53__employment,505a243c6f4e4918dc2decd08f5c95a167dacaa40483af6ceb36b3f68c5d4e53,employment,vllm,casperhansen/llama-3.3-70b-instruct-awq,"{   ""self_reported_group_ca"": 18,   ""self_reported_interpersonal_ca"": 12,   ""self_reported_band_group"": ""moderate"",   ""self_reported_band_interpersonal"": ""low"" }",,18,12,moderate,low
505a243c6f4e4918dc2decd08f5c95a167dacaa40483af6ceb36b3f68c5d4e53__geo,505a243c6f4e4918dc2decd08f5c95a167dacaa40483af6ceb36b3f68c5d4e53,geo,vllm,casperhansen/llama-3.3-70b-instruct-awq,"{   ""self_reported_group_ca"": 18,   ""self_reported_interpersonal_ca"": 12,   ""self_reported_band_group"": ""moderate"",   ""self_reported_band_interpersonal"": ""low"" }",,18,12,moderate,low
505a243c6f4e4918dc2decd08f5c95a167dacaa40483af6ceb36b3f68c5d4e53__transit,505a243c6f4e4918dc2decd08f5c95a167dacaa40483af6ceb36b3f68c5d4e53,transit,vllm,casperhansen/llama-3.3-70b-instruct-awq,"{   ""self_reported_group_ca"": 18,   ""self_reported_interpersonal_ca"": 12,   ""self_reported_band_group"": ""moderate"",   ""self_reported_band_interpersonal"": ""low"" }",,18,12,moderate,low
505a243c6f4e4918dc2decd08f5c95a167dacaa40483af6ceb36b3f68c5d4e53__full,505a243c6f4e4918dc2decd08f5c95a167dacaa40483af6ceb36b3f68c5d4e53,full,vllm,casperhansen/llama-3.3-70b-instruct-awq,"{   ""self_reported_group_ca"": 18,   ""self_reported_interpersonal_ca"": 12,   ""self_reported_band_group"": ""moderate"",   ""self_reported_band_interpersonal"": ""low"" }",,18,12,moderate,low
505a243c6f4e4918dc2decd08f5c95a167dacaa40483af6ceb36b3f68c5d4e53__v3_rideshare,505a243c6f4e4918dc2decd08f5c95a167dacaa40483af6ceb36b3f68c5d4e53,v3_rideshare,vllm,casperhansen/llama-3.3-70b-instruct-awq,"{   ""self_reported_group_ca"": 18,   ""self_reported_interpersonal_ca"": 12,   ""self_reported_band_group"": ""moderate"",   ""self_reported_band_interpersonal"": ""low"" }",,18,12,moderate,low
505a243c6f4e4918dc2decd08f5c95a167dacaa40483af6ceb36b3f68c5d4e53__v3_public_transit,505a243c6f4e4918dc2decd08f5c95a167dacaa40483af6ceb36b3f68c5d4e53,v3_public_transit,vllm,casperhansen/llama-3.3-70b-instruct-awq,"{   ""self_reported_group_ca"": 18,   ""self_reported_interpersonal_ca"": 12,   ""self_reported_band_group"": ""moderate"",   ""self_reported_band_interpersonal"": ""low"" }",,18,12,moderate,low
505a243c6f4e4918dc2decd08f5c95a167dacaa40483af6ceb36b3f68c5d4e53__v3_voice,505a243c6f4e4918dc2decd08f5c95a167dacaa40483af6ceb36b3f68c5d4e53,v3_voice,vllm,casperhansen/llama-3.3-70b-instruct-awq,"{   ""self_reported_group_ca"": 18,   ""self_reported_interpersonal_ca"": 22,   ""self_reported_band_group"": ""moderate"",   ""self_reported_band_interpersonal"": ""high"" }",,18,22,moderate,high
521ca46d992001d9dd12507c1225f0d60011522447dff1998de289901dd2320d__demos,521ca46d992001d9dd12507c1225f0d60011522447dff1998de289901dd2320d,demos,vllm,casperhansen/llama-3.3-70b-instruct-awq,"{   ""self_reported_group_ca"": 18,   ""self_reported_interpersonal_ca"": 12,   ""self_reported_band_group"": ""moderate"",   ""self_reported_band_interpersonal"": ""low"" }",,18,12,moderate,low
521ca46d992001d9dd12507c1225f0d60011522447dff1998de289901dd2320d__employment,521ca46d992001d9dd12507c1225f0d60011522447dff1998de289901dd2320d,employment,vllm,casperhansen/llama-3.3-70b-instruct-awq,"{   ""self_reported_group_ca"": 18,   ""self_reported_interpersonal_ca"": 12,   ""self_reported_band_group"": ""moderate"",   ""self_reported_band_interpersonal"": ""low"" }",,18,12,moderate,low
521ca46d992001d9dd12507c1225f0d60011522447dff1998de289901dd2320d__geo,521ca46d992001d9dd12507c1225f0d60011522447dff1998de289901dd2320d,geo,vllm,casperhansen/llama-3.3-70b-instruct-awq,"{   ""self_reported_group_ca"": 18,   ""self_reported_interpersonal_ca"": 12,   ""self_reported_band_group"": ""moderate"",   ""self_reported_band_interpersonal"": ""low"" }",,18,12,moderate,low
521ca46d992001d9dd12507c1225f0d60011522447dff1998de289901dd2320d__transit,521ca46d992001d9dd12507c1225f0d60011522447dff1998de289901dd2320d,transit,vllm,casperhansen/llama-3.3-70b-instruct-awq,"{   ""self_reported_group_ca"": 18,   ""self_reported_interpersonal_ca"": 12,   ""self_reported_band_group"": ""moderate"",   ""self_reported_band_interpersonal"": ""low"" }",,18,12,moderate,low
521ca46d992001d9dd12507c1225f0d60011522447dff1998de289901dd2320d__full,521ca46d992001d9dd12507c1225f0d60011522447dff1998de289901dd2320d,full,vllm,casperhansen/llama-3.3-70b-instruct-awq,"{   ""self_reported_group_ca"": 18,   ""self_reported_interpersonal_ca"": 12,   ""self_reported_band_group"": ""moderate"",   ""self_reported_band_interpersonal"": ""low"" }",,18,12,moderate,low
521ca46d992001d9dd12507c1225f0d60011522447dff1998de289901dd2320d__v3_rideshare,521ca46d992001d9dd12507c1225f0d60011522447dff1998de289901dd2320d,v3_rideshare,vllm,casperhansen/llama-3.3-70b-instruct-awq,"{   ""self_reported_group_ca"": 18,   ""self_reported_interpersonal_ca"": 12,   ""self_reported_band_group"": ""moderate"",   ""self_reported_band_interpersonal"": ""low"" }",,18,12,moderate,low
521ca46d992001d9dd12507c1225f0d60011522447dff1998de289901dd2320d__v3_public_transit,521ca46d992001d9dd12507c1225f0d60011522447dff1998de289901dd2320d,v3_public_transit,vllm,casperhansen/llama-3.3-70b-instruct-awq,"{   ""self_reported_group_ca"": 18,   ""self_reported_interpersonal_ca"": 12,   ""self_reported_band_group"": ""moderate"",   ""self_reported_band_interpersonal"": ""low"" }",,18,12,moderate,low
521ca46d992001d9dd12507c1225f0d60011522447dff1998de289901dd2320d__v3_voice,521ca46d992001d9dd12507c1225f0d60011522447dff1998de289901dd2320d,v3_voice,vllm,casperhansen/llama-3.3-70b-instruct-awq,"{   ""self_reported_group_ca"": 18,   ""self_reported_interpersonal_ca"": 12,   ""self_reported_band_group"": ""moderate"",   ""self_reported_band_interpersonal"": ""low"" }",,18,12,moderate,low
402085372945bde1c929c547b95cc7cd38bd9fd9dc13138186d5238981f0109d__demos,402085372945bde1c929c547b95cc7cd38bd9fd9dc13138186d5238981f0109d,demos,vllm,casperhansen/llama-3.3-70b-instruct-awq,"{   ""self_reported_group_ca"": 22,   ""self_reported_interpersonal_ca"": 18,   ""self_reported_band_group"": ""high"",   ""self_reported_band_interpersonal"": ""moderate"" }",,22,18,high,moderate
402085372945bde1c929c547b95cc7cd38bd9fd9dc13138186d5238981f0109d__employment,402085372945bde1c929c547b95cc7cd38bd9fd9dc13138186d5238981f0109d,employment,vllm,casperhansen/llama-3.3-70b-instruct-awq,"{   ""self_reported_group_ca"": 22,   ""self_reported_interpersonal_ca"": 18,   ""self_reported_band_group"": ""high"",   ""self_reported_band_interpersonal"": ""moderate"" }",,22,18,high,moderate
402085372945bde1c929c547b95cc7cd38bd9fd9dc13138186d5238981f0109d__geo,402085372945bde1c929c547b95cc7cd38bd9fd9dc13138186d5238981f0109d,geo,vllm,casperhansen/llama-3.3-70b-instruct-awq,"{   ""self_reported_group_ca"": 22,   ""self_reported_interpersonal_ca"": 18,   ""self_reported_band_group"": ""high"",   ""self_reported_band_interpersonal"": ""moderate"" }",,22,18,high,moderate
402085372945bde1c929c547b95cc7cd38bd9fd9dc13138186d5238981f0109d__transit,402085372945bde1c929c547b95cc7cd38bd9fd9dc13138186d5238981f0109d,transit,vllm,casperhansen/llama-3.3-70b-instruct-awq,"{   ""self_reported_group_ca"": 22,   ""self_reported_interpersonal_ca"": 18,   ""self_reported_band_group"": ""high"",   ""self_reported_band_interpersonal"": ""moderate"" }",,22,18,high,moderate
402085372945bde1c929c547b95cc7cd38bd9fd9dc13138186d5238981f0109d__full,402085372945bde1c929c547b95cc7cd38bd9fd9dc13138186d5238981f0109d,full,vllm,casperhansen/llama-3.3-70b-instruct-awq,"{   ""self_reported_group_ca"": 18,   ""self_reported_interpersonal_ca"": 10,   ""self_reported_band_group"": ""moderate"",   ""self_reported_band_interpersonal"": ""low"" }",,18,10,moderate,low
402085372945bde1c929c547b95cc7cd38bd9fd9dc13138186d5238981f0109d__v3_rideshare,402085372945bde1c929c547b95cc7cd38bd9fd9dc13138186d5238981f0109d,v3_rideshare,vllm,casperhansen/llama-3.3-70b-instruct-awq,"{   ""self_reported_group_ca"": 22,   ""self_reported_interpersonal_ca"": 18,   ""self_reported_band_group"": ""high"",   ""self_reported_band_interpersonal"": ""moderate"" }",,22,18,high,moderate
402085372945bde1c929c547b95cc7cd38bd9fd9dc13138186d5238981f0109d__v3_public_transit,402085372945bde1c929c547b95cc7cd38bd9fd9dc13138186d5238981f0109d,v3_public_transit,vllm,casperhansen/llama-3.3-70b-instruct-awq,"{   ""self_reported_group_ca"": 22,   ""self_reported_interpersonal_ca"": 18,   ""self_reported_band_group"": ""high"",   ""self_reported_band_interpersonal"": ""moderate"" }",,22,18,high,moderate
402085372945bde1c929c547b95cc7cd38bd9fd9dc13138186d5238981f0109d__v3_voice,402085372945bde1c929c547b95cc7cd38bd9fd9dc13138186d5238981f0109d,v3_voice,vllm,casperhansen/llama-3.3-70b-instruct-awq,"{   ""self_reported_group_ca"": 18,   ""self_reported_interpersonal_ca"": 10,   ""self_reported_band_group"": ""moderate"",   ""self_reported_band_interpersonal"": ""low"" }",,18,10,moderate,low
688a7c86a1dd4cb7a395ecd05e2c45a2ade60adce8b3ca99c24a2aa67b2bdefe__demos,688a7c86a1dd4cb7a395ecd05e2c45a2ade60adce8b3ca99c24a2aa67b2bdefe,demos,vllm,casperhansen/llama-3.3-70b-instruct-awq,"{   ""self_reported_group_ca"": 18,   ""self_reported_interpersonal_ca"": 12,   ""self_reported_band_group"": ""moderate"",   ""self_reported_band_interpersonal"": ""low"" }",,18,12,moderate,low
688a7c86a1dd4cb7a395ecd05e2c45a2ade60adce8b3ca99c24a2aa67b2bdefe__employment,688a7c86a1dd4cb7a395ecd05e2c45a2ade60adce8b3ca99c24a2aa67b2bdefe,employment,vllm,casperhansen/llama-3.3-70b-instruct-awq,"{   ""self_reported_group_ca"": 18,   ""self_reported_interpersonal_ca"": 12,   ""self_reported_band_group"": ""moderate"",   ""self_reported_band_interpersonal"": ""low"" }",,18,12,moderate,low
688a7c86a1dd4cb7a395ecd05e2c45a2ade60adce8b3ca99c24a2aa67b2bdefe__geo,688a7c86a1dd4cb7a395ecd05e2c45a2ade60adce8b3ca99c24a2aa67b2bdefe,geo,vllm,casperhansen/llama-3.3-70b-instruct-awq,"{   ""self_reported_group_ca"": 18,   ""self_reported_interpersonal_ca"": 12,   ""self_reported_band_group"": ""moderate"",   ""self_reported_band_interpersonal"": ""low"" }",,18,12,moderate,low
688a7c86a1dd4cb7a395ecd05e2c45a2ade60adce8b3ca99c24a2aa67b2bdefe__transit,688a7c86a1dd4cb7a395ecd05e2c45a2ade60adce8b3ca99c24a2aa67b2bdefe,transit,vllm,casperhansen/llama-3.3-70b-instruct-awq,"{   ""self_reported_group_ca"": 18,   ""self_reported_interpersonal_ca"": 12,   ""self_reported_band_group"": ""moderate"",   ""self_reported_band_interpersonal"": ""low"" }",,18,12,moderate,low
688a7c86a1dd4cb7a395ecd05e2c45a2ade60adce8b3ca99c24a2aa67b2bdefe__full,688a7c86a1dd4cb7a395ecd05e2c45a2ade60adce8b3ca99c24a2aa67b2bdefe,full,vllm,casperhansen/llama-3.3-70b-instruct-awq,"{   ""self_reported_group_ca"": 18,   ""self_reported_interpersonal_ca"": 12,   ""self_reported_band_group"": ""moderate"",   ""self_reported_band_interpersonal"": ""low"" }",,18,12,moderate,low
688a7c86a1dd4cb7a395ecd05e2c45a2ade60adce8b3ca99c24a2aa67b2bdefe__v3_rideshare,688a7c86a1dd4cb7a395ecd05e2c45a2ade60adce8b3ca99c24a2aa67b2bdefe,v3_rideshare,vllm,casperhansen/llama-3.3-70b-instruct-awq,"{   ""self_reported_group_ca"": 18,   ""self_reported_interpersonal_ca"": 12,   ""self_reported_band_group"": ""moderate"",   ""self_reported_band_interpersonal"": ""low"" }",,18,12,moderate,low
688a7c86a1dd4cb7a395ecd05e2c45a2ade60adce8b3ca99c24a2aa67b2bdefe__v3_public_transit,688a7c86a1dd4cb7a395ecd05e2c45a2ade60adce8b3ca99c24a2aa67b2bdefe,v3_public_transit,vllm,casperhansen/llama-3.3-70b-instruct-awq,"{   ""self_reported_group_ca"": 18,   ""self_reported_interpersonal_ca"": 12,   ""self_reported_band_group"": ""moderate"",   ""self_reported_band_interpersonal"": ""low"" }",,18,12,moderate,low
688a7c86a1dd4cb7a395ecd05e2c45a2ade60adce8b3ca99c24a2aa67b2bdefe__v3_voice,688a7c86a1dd4cb7a395ecd05e2c45a2ade60adce8b3ca99c24a2aa67b2bdefe,v3_voice,vllm,casperhansen/llama-3.3-70b-instruct-awq,"{   ""self_reported_group_ca"": 18,   ""self_reported_interpersonal_ca"": 12,   ""self_reported_band_group"": ""moderate"",   ""self_reported_band_interpersonal"": ""low"" }",,18,12,moderate,low
2c3641480e52d69b7a467cc56ebe7bfa0d373c2705995ea09320f9019b939338__demos,2c3641480e52d69b7a467cc56ebe7bfa0d373c2705995ea09320f9019b939338,demos,vllm,casperhansen/llama-3.3-70b-instruct-awq,"{   ""self_reported_group_ca"": 18,   ""self_reported_interpersonal_ca"": 12,   ""self_reported_band_group"": ""moderate"",   ""self_reported_band_interpersonal"": ""low"" }",,18,12,moderate,low
2c3641480e52d69b7a467cc56ebe7bfa0d373c2705995ea09320f9019b939338__employment,2c3641480e52d69b7a467cc56ebe7bfa0d373c2705995ea09320f9019b939338,employment,vllm,casperhansen/llama-3.3-70b-instruct-awq,"{   ""self_reported_group_ca"": 18,   ""self_reported_interpersonal_ca"": 12,   ""self_reported_band_group"": ""moderate"",   ""self_reported_band_interpersonal"": ""low"" }",,18,12,moderate,low
2c3641480e52d69b7a467cc56ebe7bfa0d373c2705995ea09320f9019b939338__geo,2c3641480e52d69b7a467cc56ebe7bfa0d373c2705995ea09320f9019b939338,geo,vllm,casperhansen/llama-3.3-70b-instruct-awq,"{   ""self_reported_group_ca"": 18,   ""self_reported_interpersonal_ca"": 12,   ""self_reported_band_group"": ""moderate"",   ""self_reported_band_interpersonal"": ""low"" }",,18,12,moderate,low
2c3641480e52d69b7a467cc56ebe7bfa0d373c2705995ea09320f9019b939338__transit,2c3641480e52d69b7a467cc56ebe7bfa0d373c2705995ea09320f9019b939338,transit,vllm,casperhansen/llama-3.3-70b-instruct-awq,"{   ""self_reported_group_ca"": 18,   ""self_reported_interpersonal_ca"": 12,   ""self_reported_band_group"": ""moderate"",   ""self_reported_band_interpersonal"": ""low"" }",,18,12,moderate,low
2c3641480e52d69b7a467cc56ebe7bfa0d373c2705995ea09320f9019b939338__full,2c3641480e52d69b7a467cc56ebe7bfa0d373c2705995ea09320f9019b939338,full,vllm,casperhansen/llama-3.3-70b-instruct-awq,"{   ""self_reported_group_ca"": 22,   ""self_reported_interpersonal_ca"": 18,   ""self_reported_band_group"": ""high"",   ""self_reported_band_interpersonal"": ""moderate"" }",,22,18,high,moderate
2c3641480e52d69b7a467cc56ebe7bfa0d373c2705995ea09320f9019b939338__v3_rideshare,2c3641480e52d69b7a467cc56ebe7bfa0d373c2705995ea09320f9019b939338,v3_rideshare,vllm,casperhansen/llama-3.3-70b-instruct-awq,"{   ""self_reported_group_ca"": 18,   ""self_reported_interpersonal_ca"": 12,   ""self_reported_band_group"": ""moderate"",   ""self_reported_band_interpersonal"": ""low"" }",,18,12,moderate,low
2c3641480e52d69b7a467cc56ebe7bfa0d373c2705995ea09320f9019b939338__v3_public_transit,2c3641480e52d69b7a467cc56ebe7bfa0d373c2705995ea09320f9019b939338,v3_public_transit,vllm,casperhansen/llama-3.3-70b-instruct-awq,"{   ""self_reported_group_ca"": 18,   ""self_reported_interpersonal_ca"": 12,   ""self_reported_band_group"": ""moderate"",   ""self_reported_band_interpersonal"": ""low"" }",,18,12,moderate,low
2c3641480e52d69b7a467cc56ebe7bfa0d373c2705995ea09320f9019b939338__v3_voice,2c3641480e52d69b7a467cc56ebe7bfa0d373c2705995ea09320f9019b939338,v3_voice,vllm,casperhansen/llama-3.3-70b-instruct-awq,"{   ""self_reported_group_ca"": 18,   ""self_reported_interpersonal_ca"": 12,   ""self_reported_band_group"": ""moderate"",   ""self_reported_band_interpersonal"": ""low"" }",,18,12,moderate,low
4f3f9396f86f2f4f82696e84877f37a55e1b58053ca9c960c088a9c74dfc7f01__demos,4f3f9396f86f2f4f82696e84877f37a55e1b58053ca9c960c088a9c74dfc7f01,demos,vllm,casperhansen/llama-3.3-70b-instruct-awq,"{   ""self_reported_group_ca"": 18,   ""self_reported_interpersonal_ca"": 12,   ""self_reported_band_group"": ""moderate"",   ""self_reported_band_interpersonal"": ""low"" }",,18,12,moderate,low
4f3f9396f86f2f4f82696e84877f37a55e1b58053ca9c960c088a9c74dfc7f01__employment,4f3f9396f86f2f4f82696e84877f37a55e1b58053ca9c960c088a9c74dfc7f01,employment,vllm,casperhansen/llama-3.3-70b-instruct-awq,"{   ""self_reported_group_ca"": 18,   ""self_reported_interpersonal_ca"": 12,   ""self_reported_band_group"": ""moderate"",   ""self_reported_band_interpersonal"": ""low"" }",,18,12,moderate,low
4f3f9396f86f2f4f82696e84877f37a55e1b58053ca9c960c088a9c74dfc7f01__geo,4f3f9396f86f2f4f82696e84877f37a55e1b58053ca9c960c088a9c74dfc7f01,geo,vllm,casperhansen/llama-3.3-70b-instruct-awq,"{   ""self_reported_group_ca"": 18,   ""self_reported_interpersonal_ca"": 12,   ""self_reported_band_group"": ""moderate"",   ""self_reported_band_interpersonal"": ""low"" }",,18,12,moderate,low
4f3f9396f86f2f4f82696e84877f37a55e1b58053ca9c960c088a9c74dfc7f01__transit,4f3f9396f86f2f4f82696e84877f37a55e1b58053ca9c960c088a9c74dfc7f01,transit,vllm,casperhansen/llama-3.3-70b-instruct-awq,"{   ""self_reported_group_ca"": 18,   ""self_reported_interpersonal_ca"": 12,   ""self_reported_band_group"": ""moderate"",   ""self_reported_band_interpersonal"": ""low"" }",,18,12,moderate,low
4f3f9396f86f2f4f82696e84877f37a55e1b58053ca9c960c088a9c74dfc7f01__full,4f3f9396f86f2f4f82696e84877f37a55e1b58053ca9c960c088a9c74dfc7f01,full,vllm,casperhansen/llama-3.3-70b-instruct-awq,"{   ""self_reported_group_ca"": 18,   ""self_reported_interpersonal_ca"": 12,   ""self_reported_band_group"": ""moderate"",   ""self_reported_band_interpersonal"": ""low"" }",,18,12,moderate,low
4f3f9396f86f2f4f82696e84877f37a55e1b58053ca9c960c088a9c74dfc7f01__v3_rideshare,4f3f9396f86f2f4f82696e84877f37a55e1b58053ca9c960c088a9c74dfc7f01,v3_rideshare,vllm,casperhansen/llama-3.3-70b-instruct-awq,"{   ""self_reported_group_ca"": 18,   ""self_reported_interpersonal_ca"": 12,   ""self_reported_band_group"": ""moderate"",   ""self_reported_band_interpersonal"": ""low"" }",,18,12,moderate,low
4f3f9396f86f2f4f82696e84877f37a55e1b58053ca9c960c088a9c74dfc7f01__v3_public_transit,4f3f9396f86f2f4f82696e84877f37a55e1b58053ca9c960c088a9c74dfc7f01,v3_public_transit,vllm,casperhansen/llama-3.3-70b-instruct-awq,"{   ""self_reported_group_ca"": 18,   ""self_reported_interpersonal_ca"": 12,   ""self_reported_band_group"": ""moderate"",   ""self_reported_band_interpersonal"": ""low"" }",,18,12,moderate,low
4f3f9396f86f2f4f82696e84877f37a55e1b58053ca9c960c088a9c74dfc7f01__v3_voice,4f3f9396f86f2f4f82696e84877f37a55e1b58053ca9c960c088a9c74dfc7f01,v3_voice,vllm,casperhansen/llama-3.3-70b-instruct-awq,"{   ""self_reported_group_ca"": 18,   ""self_reported_interpersonal_ca"": 12,   ""self_reported_band_group"": ""moderate"",   ""self_reported_band_interpersonal"": ""low"" }",,18,12,moderate,low
05da04c1267fa77f081861196acde2320c54e0af947e9c82fea64f186945a6fa__demos,05da04c1267fa77f081861196acde2320c54e0af947e9c82fea64f186945a6fa,demos,vllm,casperhansen/llama-3.3-70b-instruct-awq,"{   ""self_reported_group_ca"": 18,   ""self_reported_interpersonal_ca"": 12,   ""self_reported_band_group"": ""moderate"",   ""self_reported_band_interpersonal"": ""low"" }",,18,12,moderate,low
05da04c1267fa77f081861196acde2320c54e0af947e9c82fea64f186945a6fa__employment,05da04c1267fa77f081861196acde2320c54e0af947e9c82fea64f186945a6fa,employment,vllm,casperhansen/llama-3.3-70b-instruct-awq,"{   ""self_reported_group_ca"": 18,   ""self_reported_interpersonal_ca"": 12,   ""self_reported_band_group"": ""moderate"",   ""self_reported_band_interpersonal"": ""low"" }",,18,12,moderate,low
05da04c1267fa77f081861196acde2320c54e0af947e9c82fea64f186945a6fa__geo,05da04c1267fa77f081861196acde2320c54e0af947e9c82fea64f186945a6fa,geo,vllm,casperhansen/llama-3.3-70b-instruct-awq,"{   ""self_reported_group_ca"": 18,   ""self_reported_interpersonal_ca"": 12,   ""self_reported_band_group"": ""moderate"",   ""self_reported_band_interpersonal"": ""low"" }",,18,12,moderate,low
05da04c1267fa77f081861196acde2320c54e0af947e9c82fea64f186945a6fa__transit,05da04c1267fa77f081861196acde2320c54e0af947e9c82fea64f186945a6fa,transit,vllm,casperhansen/llama-3.3-70b-instruct-awq,"{   ""self_reported_group_ca"": 18,   ""self_reported_interpersonal_ca"": 12,   ""self_reported_band_group"": ""moderate"",   ""self_reported_band_interpersonal"": ""low"" }",,18,12,moderate,low
05da04c1267fa77f081861196acde2320c54e0af947e9c82fea64f186945a6fa__full,05da04c1267fa77f081861196acde2320c54e0af947e9c82fea64f186945a6fa,full,vllm,casperhansen/llama-3.3-70b-instruct-awq,"{   ""self_reported_group_ca"": 18,   ""self_reported_interpersonal_ca"": 12,   ""self_reported_band_group"": ""moderate"",   ""self_reported_band_interpersonal"": ""low"" }",,18,12,moderate,low
05da04c1267fa77f081861196acde2320c54e0af947e9c82fea64f186945a6fa__v3_rideshare,05da04c1267fa77f081861196acde2320c54e0af947e9c82fea64f186945a6fa,v3_rideshare,vllm,casperhansen/llama-3.3-70b-instruct-awq,"{   ""self_reported_group_ca"": 18,   ""self_reported_interpersonal_ca"": 12,   ""self_reported_band_group"": ""moderate"",   ""self_reported_band_interpersonal"": ""low"" }",,18,12,moderate,low
05da04c1267fa77f081861196acde2320c54e0af947e9c82fea64f186945a6fa__v3_public_transit,05da04c1267fa77f081861196acde2320c54e0af947e9c82fea64f186945a6fa,v3_public_transit,vllm,casperhansen/llama-3.3-70b-instruct-awq,"{   ""self_reported_group_ca"": 18,   ""self_reported_interpersonal_ca"": 12,   ""self_reported_band_group"": ""moderate"",   ""self_reported_band_interpersonal"": ""low"" }",,18,12,moderate,low
05da04c1267fa77f081861196acde2320c54e0af947e9c82fea64f186945a6fa__v3_voice,05da04c1267fa77f081861196acde2320c54e0af947e9c82fea64f186945a6fa,v3_voice,vllm,casperhansen/llama-3.3-70b-instruct-awq,"{   ""self_reported_group_ca"": 18,   ""self_reported_interpersonal_ca"": 12,   ""self_reported_band_group"": ""moderate"",   ""self_reported_band_interpersonal"": ""low"" }",,18,12,moderate,low
ed78560f3bfe4e3c285aff4252357ccbdf78cc683e334af8b0f926f190d1ddca__demos,ed78560f3bfe4e3c285aff4252357ccbdf78cc683e334af8b0f926f190d1ddca,demos,vllm,casperhansen/llama-3.3-70b-instruct-awq,"{   ""self_reported_group_ca"": 18,   ""self_reported_interpersonal_ca"": 12,   ""self_reported_band_group"": ""moderate"",   ""self_reported_band_interpersonal"": ""low"" }",,18,12,moderate,low
ed78560f3bfe4e3c285aff4252357ccbdf78cc683e334af8b0f926f190d1ddca__employment,ed78560f3bfe4e3c285aff4252357ccbdf78cc683e334af8b0f926f190d1ddca,employment,vllm,casperhansen/llama-3.3-70b-instruct-awq,"{   ""self_reported_group_ca"": 18,   ""self_reported_interpersonal_ca"": 12,   ""self_reported_band_group"": ""moderate"",   ""self_reported_band_interpersonal"": ""low"" }",,18,12,moderate,low
ed78560f3bfe4e3c285aff4252357ccbdf78cc683e334af8b0f926f190d1ddca__geo,ed78560f3bfe4e3c285aff4252357ccbdf78cc683e334af8b0f926f190d1ddca,geo,vllm,casperhansen/llama-3.3-70b-instruct-awq,"{   ""self_reported_group_ca"": 18,   ""self_reported_interpersonal_ca"": 12,   ""self_reported_band_group"": ""moderate"",   ""self_reported_band_interpersonal"": ""low"" }",,18,12,moderate,low
ed78560f3bfe4e3c285aff4252357ccbdf78cc683e334af8b0f926f190d1ddca__transit,ed78560f3bfe4e3c285aff4252357ccbdf78cc683e334af8b0f926f190d1ddca,transit,vllm,casperhansen/llama-3.3-70b-instruct-awq,"{   ""self_reported_group_ca"": 18,   ""self_reported_interpersonal_ca"": 12,   ""self_reported_band_group"": ""moderate"",   ""self_reported_band_interpersonal"": ""low"" }",,18,12,moderate,low
ed78560f3bfe4e3c285aff4252357ccbdf78cc683e334af8b0f926f190d1ddca__full,ed78560f3bfe4e3c285aff4252357ccbdf78cc683e334af8b0f926f190d1ddca,full,vllm,casperhansen/llama-3.3-70b-instruct-awq,"{   ""self_reported_group_ca"": 18,   ""self_reported_interpersonal_ca"": 12,   ""self_reported_band_group"": ""moderate"",   ""self_reported_band_interpersonal"": ""low"" }",,18,12,moderate,low
ed78560f3bfe4e3c285aff4252357ccbdf78cc683e334af8b0f926f190d1ddca__v3_rideshare,ed78560f3bfe4e3c285aff4252357ccbdf78cc683e334af8b0f926f190d1ddca,v3_rideshare,vllm,casperhansen/llama-3.3-70b-instruct-awq,"{   ""self_reported_group_ca"": 18,   ""self_reported_interpersonal_ca"": 12,   ""self_reported_band_group"": ""moderate"",   ""self_reported_band_interpersonal"": ""low"" }",,18,12,moderate,low
ed78560f3bfe4e3c285aff4252357ccbdf78cc683e334af8b0f926f190d1ddca__v3_public_transit,ed78560f3bfe4e3c285aff4252357ccbdf78cc683e334af8b0f926f190d1ddca,v3_public_transit,vllm,casperhansen/llama-3.3-70b-instruct-awq,"{   ""self_reported_group_ca"": 18,   ""self_reported_interpersonal_ca"": 12,   ""self_reported_band_group"": ""moderate"",   ""self_reported_band_interpersonal"": ""low"" }",,18,12,moderate,low
ed78560f3bfe4e3c285aff4252357ccbdf78cc683e334af8b0f926f190d1ddca__v3_voice,ed78560f3bfe4e3c285aff4252357ccbdf78cc683e334af8b0f926f190d1ddca,v3_voice,vllm,casperhansen/llama-3.3-70b-instruct-awq,"{   ""self_reported_group_ca"": 18,   ""self_reported_interpersonal_ca"": 12,   ""self_reported_band_group"": ""moderate"",   ""self_reported_band_interpersonal"": ""low"" }",,18,12,moderate,low
a510cba951280429c5ff5bc575a056bfa2cca804f777890bdd6d85cd985d6b9f__demos,a510cba951280429c5ff5bc575a056bfa2cca804f777890bdd6d85cd985d6b9f,demos,vllm,casperhansen/llama-3.3-70b-instruct-awq,"{   ""self_reported_group_ca"": 18,   ""self_reported_interpersonal_ca"": 12,   ""self_reported_band_group"": ""moderate"",   ""self_reported_band_interpersonal"": ""low"" }",,18,12,moderate,low
a510cba951280429c5ff5bc575a056bfa2cca804f777890bdd6d85cd985d6b9f__employment,a510cba951280429c5ff5bc575a056bfa2cca804f777890bdd6d85cd985d6b9f,employment,vllm,casperhansen/llama-3.3-70b-instruct-awq,"{   ""self_reported_group_ca"": 18,   ""self_reported_interpersonal_ca"": 12,   ""self_reported_band_group"": ""moderate"",   ""self_reported_band_interpersonal"": ""low"" }",,18,12,moderate,low
a510cba951280429c5ff5bc575a056bfa2cca804f777890bdd6d85cd985d6b9f__geo,a510cba951280429c5ff5bc575a056bfa2cca804f777890bdd6d85cd985d6b9f,geo,vllm,casperhansen/llama-3.3-70b-instruct-awq,"{   ""self_reported_group_ca"": 18,   ""self_reported_interpersonal_ca"": 12,   ""self_reported_band_group"": ""moderate"",   ""self_reported_band_interpersonal"": ""low"" }",,18,12,moderate,low
a510cba951280429c5ff5bc575a056bfa2cca804f777890bdd6d85cd985d6b9f__transit,a510cba951280429c5ff5bc575a056bfa2cca804f777890bdd6d85cd985d6b9f,transit,vllm,casperhansen/llama-3.3-70b-instruct-awq,"{   ""self_reported_group_ca"": 18,   ""self_reported_interpersonal_ca"": 12,   ""self_reported_band_group"": ""moderate"",   ""self_reported_band_interpersonal"": ""low"" }",,18,12,moderate,low
a510cba951280429c5ff5bc575a056bfa2cca804f777890bdd6d85cd985d6b9f__full,a510cba951280429c5ff5bc575a056bfa2cca804f777890bdd6d85cd985d6b9f,full,vllm,casperhansen/llama-3.3-70b-instruct-awq,"{   ""self_reported_group_ca"": 18,   ""self_reported_interpersonal_ca"": 12,   ""self_reported_band_group"": ""moderate"",   ""self_reported_band_interpersonal"": ""low"" }",,18,12,moderate,low
a510cba951280429c5ff5bc575a056bfa2cca804f777890bdd6d85cd985d6b9f__v3_rideshare,a510cba951280429c5ff5bc575a056bfa2cca804f777890bdd6d85cd985d6b9f,v3_rideshare,vllm,casperhansen/llama-3.3-70b-instruct-awq,"{   ""self_reported_group_ca"": 18,   ""self_reported_interpersonal_ca"": 12,   ""self_reported_band_group"": ""moderate"",   ""self_reported_band_interpersonal"": ""low"" }",,18,12,moderate,low
a510cba951280429c5ff5bc575a056bfa2cca804f777890bdd6d85cd985d6b9f__v3_public_transit,a510cba951280429c5ff5bc575a056bfa2cca804f777890bdd6d85cd985d6b9f,v3_public_transit,vllm,casperhansen/llama-3.3-70b-instruct-awq,"{   ""self_reported_group_ca"": 18,   ""self_reported_interpersonal_ca"": 12,   ""self_reported_band_group"": ""moderate"",   ""self_reported_band_interpersonal"": ""low"" }",,18,12,moderate,low
a510cba951280429c5ff5bc575a056bfa2cca804f777890bdd6d85cd985d6b9f__v3_voice,a510cba951280429c5ff5bc575a056bfa2cca804f777890bdd6d85cd985d6b9f,v3_voice,vllm,casperhansen/llama-3.3-70b-instruct-awq,"{   ""self_reported_group_ca"": 18,   ""self_reported_interpersonal_ca"": 12,   ""self_reported_band_group"": ""moderate"",   ""self_reported_band_interpersonal"": ""low"" }",,18,12,moderate,low
f4fa246669e4ceed3cab6495c86cd5552d430f7da0c09f154271de041d62f55d__demos,f4fa246669e4ceed3cab6495c86cd5552d430f7da0c09f154271de041d62f55d,demos,vllm,casperhansen/llama-3.3-70b-instruct-awq,"{   ""self_reported_group_ca"": 18,   ""self_reported_interpersonal_ca"": 12,   ""self_reported_band_group"": ""moderate"",   ""self_reported_band_interpersonal"": ""low"" }",,18,12,moderate,low
f4fa246669e4ceed3cab6495c86cd5552d430f7da0c09f154271de041d62f55d__employment,f4fa246669e4ceed3cab6495c86cd5552d430f7da0c09f154271de041d62f55d,employment,vllm,casperhansen/llama-3.3-70b-instruct-awq,"{   ""self_reported_group_ca"": 18,   ""self_reported_interpersonal_ca"": 12,   ""self_reported_band_group"": ""moderate"",   ""self_reported_band_interpersonal"": ""low"" }",,18,12,moderate,low
f4fa246669e4ceed3cab6495c86cd5552d430f7da0c09f154271de041d62f55d__geo,f4fa246669e4ceed3cab6495c86cd5552d430f7da0c09f154271de041d62f55d,geo,vllm,casperhansen/llama-3.3-70b-instruct-awq,"{   ""self_reported_group_ca"": 18,   ""self_reported_interpersonal_ca"": 12,   ""self_reported_band_group"": ""moderate"",   ""self_reported_band_interpersonal"": ""low"" }",,18,12,moderate,low
f4fa246669e4ceed3cab6495c86cd5552d430f7da0c09f154271de041d62f55d__transit,f4fa246669e4ceed3cab6495c86cd5552d430f7da0c09f154271de041d62f55d,transit,vllm,casperhansen/llama-3.3-70b-instruct-awq,"{   ""self_reported_group_ca"": 18,   ""self_reported_interpersonal_ca"": 12,   ""self_reported_band_group"": ""moderate"",   ""self_reported_band_interpersonal"": ""low"" }",,18,12,moderate,low
f4fa246669e4ceed3cab6495c86cd5552d430f7da0c09f154271de041d62f55d__full,f4fa246669e4ceed3cab6495c86cd5552d430f7da0c09f154271de041d62f55d,full,vllm,casperhansen/llama-3.3-70b-instruct-awq,"{   ""self_reported_group_ca"": 18,   ""self_reported_interpersonal_ca"": 12,   ""self_reported_band_group"": ""moderate"",   ""self_reported_band_interpersonal"": ""low"" }",,18,12,moderate,low
f4fa246669e4ceed3cab6495c86cd5552d430f7da0c09f154271de041d62f55d__v3_rideshare,f4fa246669e4ceed3cab6495c86cd5552d430f7da0c09f154271de041d62f55d,v3_rideshare,vllm,casperhansen/llama-3.3-70b-instruct-awq,"{   ""self_reported_group_ca"": 18,   ""self_reported_interpersonal_ca"": 12,   ""self_reported_band_group"": ""moderate"",   ""self_reported_band_interpersonal"": ""low"" }",,18,12,moderate,low
f4fa246669e4ceed3cab6495c86cd5552d430f7da0c09f154271de041d62f55d__v3_public_transit,f4fa246669e4ceed3cab6495c86cd5552d430f7da0c09f154271de041d62f55d,v3_public_transit,vllm,casperhansen/llama-3.3-70b-instruct-awq,"{   ""self_reported_group_ca"": 18,   ""self_reported_interpersonal_ca"": 12,   ""self_reported_band_group"": ""moderate"",   ""self_reported_band_interpersonal"": ""low"" }",,18,12,moderate,low
f4fa246669e4ceed3cab6495c86cd5552d430f7da0c09f154271de041d62f55d__v3_voice,f4fa246669e4ceed3cab6495c86cd5552d430f7da0c09f154271de041d62f55d,v3_voice,vllm,casperhansen/llama-3.3-70b-instruct-awq,"{   ""self_reported_group_ca"": 18,   ""self_reported_interpersonal_ca"": 12,   ""self_reported_band_group"": ""moderate"",   ""self_reported_band_interpersonal"": ""low"" }",,18,12,moderate,low
9c9613153824c9fc13a20cf38e7c5d900e529f9c0ff61588afec464a4d9bb7ed__demos,9c9613153824c9fc13a20cf38e7c5d900e529f9c0ff61588afec464a4d9bb7ed,demos,vllm,casperhansen/llama-3.3-70b-instruct-awq,"{   ""self_reported_group_ca"": 18,   ""self_reported_interpersonal_ca"": 12,   ""self_reported_band_group"": ""moderate"",   ""self_reported_band_interpersonal"": ""low"" }",,18,12,moderate,low
9c9613153824c9fc13a20cf38e7c5d900e529f9c0ff61588afec464a4d9bb7ed__employment,9c9613153824c9fc13a20cf38e7c5d900e529f9c0ff61588afec464a4d9bb7ed,employment,vllm,casperhansen/llama-3.3-70b-instruct-awq,"{   ""self_reported_group_ca"": 18,   ""self_reported_interpersonal_ca"": 12,   ""self_reported_band_group"": ""moderate"",   ""self_reported_band_interpersonal"": ""low"" }",,18,12,moderate,low
9c9613153824c9fc13a20cf38e7c5d900e529f9c0ff61588afec464a4d9bb7ed__geo,9c9613153824c9fc13a20cf38e7c5d900e529f9c0ff61588afec464a4d9bb7ed,geo,vllm,casperhansen/llama-3.3-70b-instruct-awq,"{   ""self_reported_group_ca"": 18,   ""self_reported_interpersonal_ca"": 12,   ""self_reported_band_group"": ""moderate"",   ""self_reported_band_interpersonal"": ""low"" }",,18,12,moderate,low
9c9613153824c9fc13a20cf38e7c5d900e529f9c0ff61588afec464a4d9bb7ed__transit,9c9613153824c9fc13a20cf38e7c5d900e529f9c0ff61588afec464a4d9bb7ed,transit,vllm,casperhansen/llama-3.3-70b-instruct-awq,"{   ""self_reported_group_ca"": 18,   ""self_reported_interpersonal_ca"": 12,   ""self_reported_band_group"": ""moderate"",   ""self_reported_band_interpersonal"": ""low"" }",,18,12,moderate,low
9c9613153824c9fc13a20cf38e7c5d900e529f9c0ff61588afec464a4d9bb7ed__full,9c9613153824c9fc13a20cf38e7c5d900e529f9c0ff61588afec464a4d9bb7ed,full,vllm,casperhansen/llama-3.3-70b-instruct-awq,"{   ""self_reported_group_ca"": 18,   ""self_reported_interpersonal_ca"": 12,   ""self_reported_band_group"": ""moderate"",   ""self_reported_band_interpersonal"": ""low"" }",,18,12,moderate,low
9c9613153824c9fc13a20cf38e7c5d900e529f9c0ff61588afec464a4d9bb7ed__v3_rideshare,9c9613153824c9fc13a20cf38e7c5d900e529f9c0ff61588afec464a4d9bb7ed,v3_rideshare,vllm,casperhansen/llama-3.3-70b-instruct-awq,"{   ""self_reported_group_ca"": 18,   ""self_reported_interpersonal_ca"": 12,   ""self_reported_band_group"": ""moderate"",   ""self_reported_band_interpersonal"": ""low"" }",,18,12,moderate,low
9c9613153824c9fc13a20cf38e7c5d900e529f9c0ff61588afec464a4d9bb7ed__v3_public_transit,9c9613153824c9fc13a20cf38e7c5d900e529f9c0ff61588afec464a4d9bb7ed,v3_public_transit,vllm,casperhansen/llama-3.3-70b-instruct-awq,"{   ""self_reported_group_ca"": 18,   ""self_reported_interpersonal_ca"": 12,   ""self_reported_band_group"": ""moderate"",   ""self_reported_band_interpersonal"": ""low"" }",,18,12,moderate,low
9c9613153824c9fc13a20cf38e7c5d900e529f9c0ff61588afec464a4d9bb7ed__v3_voice,9c9613153824c9fc13a20cf38e7c5d900e529f9c0ff61588afec464a4d9bb7ed,v3_voice,vllm,casperhansen/llama-3.3-70b-instruct-awq,"{   ""self_reported_group_ca"": 18,   ""self_reported_interpersonal_ca"": 12,   ""self_reported_band_group"": ""moderate"",   ""self_reported_band_interpersonal"": ""low"" }",,18,12,moderate,low
f3ab5b993e6b13f7723ae1194c6b9a595206edcde43b1d00ae3f3a2778e3c3d2__demos,f3ab5b993e6b13f7723ae1194c6b9a595206edcde43b1d00ae3f3a2778e3c3d2,demos,vllm,casperhansen/llama-3.3-70b-instruct-awq,"{   ""self_reported_group_ca"": 18,   ""self_reported_interpersonal_ca"": 12,   ""self_reported_band_group"": ""moderate"",   ""self_reported_band_interpersonal"": ""low"" }",,18,12,moderate,low
f3ab5b993e6b13f7723ae1194c6b9a595206edcde43b1d00ae3f3a2778e3c3d2__employment,f3ab5b993e6b13f7723ae1194c6b9a595206edcde43b1d00ae3f3a2778e3c3d2,employment,vllm,casperhansen/llama-3.3-70b-instruct-awq,"{   ""self_reported_group_ca"": 18,   ""self_reported_interpersonal_ca"": 12,   ""self_reported_band_group"": ""moderate"",   ""self_reported_band_interpersonal"": ""low"" }",,18,12,moderate,low
f3ab5b993e6b13f7723ae1194c6b9a595206edcde43b1d00ae3f3a2778e3c3d2__geo,f3ab5b993e6b13f7723ae1194c6b9a595206edcde43b1d00ae3f3a2778e3c3d2,geo,vllm,casperhansen/llama-3.3-70b-instruct-awq,"{   ""self_reported_group_ca"": 18,   ""self_reported_interpersonal_ca"": 12,   ""self_reported_band_group"": ""moderate"",   ""self_reported_band_interpersonal"": ""low"" }",,18,12,moderate,low
f3ab5b993e6b13f7723ae1194c6b9a595206edcde43b1d00ae3f3a2778e3c3d2__transit,f3ab5b993e6b13f7723ae1194c6b9a595206edcde43b1d00ae3f3a2778e3c3d2,transit,vllm,casperhansen/llama-3.3-70b-instruct-awq,"{   ""self_reported_group_ca"": 18,   ""self_reported_interpersonal_ca"": 12,   ""self_reported_band_group"": ""moderate"",   ""self_reported_band_interpersonal"": ""low"" }",,18,12,moderate,low
f3ab5b993e6b13f7723ae1194c6b9a595206edcde43b1d00ae3f3a2778e3c3d2__full,f3ab5b993e6b13f7723ae1194c6b9a595206edcde43b1d00ae3f3a2778e3c3d2,full,vllm,casperhansen/llama-3.3-70b-instruct-awq,"{   ""self_reported_group_ca"": 18,   ""self_reported_interpersonal_ca"": 12,   ""self_reported_band_group"": ""moderate"",   ""self_reported_band_interpersonal"": ""low"" }",,18,12,moderate,low
f3ab5b993e6b13f7723ae1194c6b9a595206edcde43b1d00ae3f3a2778e3c3d2__v3_rideshare,f3ab5b993e6b13f7723ae1194c6b9a595206edcde43b1d00ae3f3a2778e3c3d2,v3_rideshare,vllm,casperhansen/llama-3.3-70b-instruct-awq,"{   ""self_reported_group_ca"": 18,   ""self_reported_interpersonal_ca"": 12,   ""self_reported_band_group"": ""moderate"",   ""self_reported_band_interpersonal"": ""low"" }",,18,12,moderate,low
f3ab5b993e6b13f7723ae1194c6b9a595206edcde43b1d00ae3f3a2778e3c3d2__v3_public_transit,f3ab5b993e6b13f7723ae1194c6b9a595206edcde43b1d00ae3f3a2778e3c3d2,v3_public_transit,vllm,casperhansen/llama-3.3-70b-instruct-awq,"{   ""self_reported_group_ca"": 18,   ""self_reported_interpersonal_ca"": 12,   ""self_reported_band_group"": ""moderate"",   ""self_reported_band_interpersonal"": ""low"" }",,18,12,moderate,low
f3ab5b993e6b13f7723ae1194c6b9a595206edcde43b1d00ae3f3a2778e3c3d2__v3_voice,f3ab5b993e6b13f7723ae1194c6b9a595206edcde43b1d00ae3f3a2778e3c3d2,v3_voice,vllm,casperhansen/llama-3.3-70b-instruct-awq,"{   ""self_reported_group_ca"": 18,   ""self_reported_interpersonal_ca"": 12,   ""self_reported_band_group"": ""moderate"",   ""self_reported_band_interpersonal"": ""low"" }",,18,12,moderate,low
409b9e7d7f0811e873e77f18d4cda233b77dd1c1162fdb10d011a89fa8649a4f__demos,409b9e7d7f0811e873e77f18d4cda233b77dd1c1162fdb10d011a89fa8649a4f,demos,vllm,casperhansen/llama-3.3-70b-instruct-awq,"{   ""self_reported_group_ca"": 18,   ""self_reported_interpersonal_ca"": 12,   ""self_reported_band_group"": ""moderate"",   ""self_reported_band_interpersonal"": ""low"" }",,18,12,moderate,low
409b9e7d7f0811e873e77f18d4cda233b77dd1c1162fdb10d011a89fa8649a4f__employment,409b9e7d7f0811e873e77f18d4cda233b77dd1c1162fdb10d011a89fa8649a4f,employment,vllm,casperhansen/llama-3.3-70b-instruct-awq,"{   ""self_reported_group_ca"": 18,   ""self_reported_interpersonal_ca"": 12,   ""self_reported_band_group"": ""moderate"",   ""self_reported_band_interpersonal"": ""low"" }",,18,12,moderate,low
409b9e7d7f0811e873e77f18d4cda233b77dd1c1162fdb10d011a89fa8649a4f__geo,409b9e7d7f0811e873e77f18d4cda233b77dd1c1162fdb10d011a89fa8649a4f,geo,vllm,casperhansen/llama-3.3-70b-instruct-awq,"{   ""self_reported_group_ca"": 18,   ""self_reported_interpersonal_ca"": 12,   ""self_reported_band_group"": ""moderate"",   ""self_reported_band_interpersonal"": ""low"" }",,18,12,moderate,low
409b9e7d7f0811e873e77f18d4cda233b77dd1c1162fdb10d011a89fa8649a4f__transit,409b9e7d7f0811e873e77f18d4cda233b77dd1c1162fdb10d011a89fa8649a4f,transit,vllm,casperhansen/llama-3.3-70b-instruct-awq,"{   ""self_reported_group_ca"": 18,   ""self_reported_interpersonal_ca"": 12,   ""self_reported_band_group"": ""moderate"",   ""self_reported_band_interpersonal"": ""low"" }",,18,12,moderate,low
409b9e7d7f0811e873e77f18d4cda233b77dd1c1162fdb10d011a89fa8649a4f__full,409b9e7d7f0811e873e77f18d4cda233b77dd1c1162fdb10d011a89fa8649a4f,full,vllm,casperhansen/llama-3.3-70b-instruct-awq,"{   ""self_reported_group_ca"": 18,   ""self_reported_interpersonal_ca"": 12,   ""self_reported_band_group"": ""moderate"",   ""self_reported_band_interpersonal"": ""low"" }",,18,12,moderate,low
409b9e7d7f0811e873e77f18d4cda233b77dd1c1162fdb10d011a89fa8649a4f__v3_rideshare,409b9e7d7f0811e873e77f18d4cda233b77dd1c1162fdb10d011a89fa8649a4f,v3_rideshare,vllm,casperhansen/llama-3.3-70b-instruct-awq,"{   ""self_reported_group_ca"": 18,   ""self_reported_interpersonal_ca"": 12,   ""self_reported_band_group"": ""moderate"",   ""self_reported_band_interpersonal"": ""low"" }",,18,12,moderate,low
409b9e7d7f0811e873e77f18d4cda233b77dd1c1162fdb10d011a89fa8649a4f__v3_public_transit,409b9e7d7f0811e873e77f18d4cda233b77dd1c1162fdb10d011a89fa8649a4f,v3_public_transit,vllm,casperhansen/llama-3.3-70b-instruct-awq,"{   ""self_reported_group_ca"": 18,   ""self_reported_interpersonal_ca"": 12,   ""self_reported_band_group"": ""moderate"",   ""self_reported_band_interpersonal"": ""low"" }",,18,12,moderate,low
409b9e7d7f0811e873e77f18d4cda233b77dd1c1162fdb10d011a89fa8649a4f__v3_voice,409b9e7d7f0811e873e77f18d4cda233b77dd1c1162fdb10d011a89fa8649a4f,v3_voice,vllm,casperhansen/llama-3.3-70b-instruct-awq,"{   ""self_reported_group_ca"": 18,   ""self_reported_interpersonal_ca"": 12,   ""self_reported_band_group"": ""moderate"",   ""self_reported_band_interpersonal"": ""low"" }",,18,12,moderate,low
f04997a2270bea850911b8274f08c945a5dc586f5d0ab454a89efdffc408aeb6__demos,f04997a2270bea850911b8274f08c945a5dc586f5d0ab454a89efdffc408aeb6,demos,vllm,casperhansen/llama-3.3-70b-instruct-awq,"{   ""self_reported_group_ca"": 18,   ""self_reported_interpersonal_ca"": 12,   ""self_reported_band_group"": ""moderate"",   ""self_reported_band_interpersonal"": ""low"" }",,18,12,moderate,low
f04997a2270bea850911b8274f08c945a5dc586f5d0ab454a89efdffc408aeb6__employment,f04997a2270bea850911b8274f08c945a5dc586f5d0ab454a89efdffc408aeb6,employment,vllm,casperhansen/llama-3.3-70b-instruct-awq,"{   ""self_reported_group_ca"": 18,   ""self_reported_interpersonal_ca"": 12,   ""self_reported_band_group"": ""moderate"",   ""self_reported_band_interpersonal"": ""low"" }",,18,12,moderate,low
f04997a2270bea850911b8274f08c945a5dc586f5d0ab454a89efdffc408aeb6__geo,f04997a2270bea850911b8274f08c945a5dc586f5d0ab454a89efdffc408aeb6,geo,vllm,casperhansen/llama-3.3-70b-instruct-awq,"{   ""self_reported_group_ca"": 18,   ""self_reported_interpersonal_ca"": 12,   ""self_reported_band_group"": ""moderate"",   ""self_reported_band_interpersonal"": ""low"" }",,18,12,moderate,low
f04997a2270bea850911b8274f08c945a5dc586f5d0ab454a89efdffc408aeb6__transit,f04997a2270bea850911b8274f08c945a5dc586f5d0ab454a89efdffc408aeb6,transit,vllm,casperhansen/llama-3.3-70b-instruct-awq,"{   ""self_reported_group_ca"": 18,   ""self_reported_interpersonal_ca"": 12,   ""self_reported_band_group"": ""moderate"",   ""self_reported_band_interpersonal"": ""low"" }",,18,12,moderate,low
f04997a2270bea850911b8274f08c945a5dc586f5d0ab454a89efdffc408aeb6__full,f04997a2270bea850911b8274f08c945a5dc586f5d0ab454a89efdffc408aeb6,full,vllm,casperhansen/llama-3.3-70b-instruct-awq,"{   ""self_reported_group_ca"": 18,   ""self_reported_interpersonal_ca"": 12,   ""self_reported_band_group"": ""moderate"",   ""self_reported_band_interpersonal"": ""low"" }",,18,12,moderate,low
f04997a2270bea850911b8274f08c945a5dc586f5d0ab454a89efdffc408aeb6__v3_rideshare,f04997a2270bea850911b8274f08c945a5dc586f5d0ab454a89efdffc408aeb6,v3_rideshare,vllm,casperhansen/llama-3.3-70b-instruct-awq,"{   ""self_reported_group_ca"": 18,   ""self_reported_interpersonal_ca"": 12,   ""self_reported_band_group"": ""moderate"",   ""self_reported_band_interpersonal"": ""low"" }",,18,12,moderate,low
f04997a2270bea850911b8274f08c945a5dc586f5d0ab454a89efdffc408aeb6__v3_public_transit,f04997a2270bea850911b8274f08c945a5dc586f5d0ab454a89efdffc408aeb6,v3_public_transit,vllm,casperhansen/llama-3.3-70b-instruct-awq,"{   ""self_reported_group_ca"": 18,   ""self_reported_interpersonal_ca"": 12,   ""self_reported_band_group"": ""moderate"",   ""self_reported_band_interpersonal"": ""low"" }",,18,12,moderate,low
f04997a2270bea850911b8274f08c945a5dc586f5d0ab454a89efdffc408aeb6__v3_voice,f04997a2270bea850911b8274f08c945a5dc586f5d0ab454a89efdffc408aeb6,v3_voice,vllm,casperhansen/llama-3.3-70b-instruct-awq,"{   ""self_reported_group_ca"": 18,   ""self_reported_interpersonal_ca"": 12,   ""self_reported_band_group"": ""moderate"",   ""self_reported_band_interpersonal"": ""low"" }",,18,12,moderate,low
f2ffbd64a7322a79869d9f06d634c07b812fcf49301f39dbb690062728c60099__demos,f2ffbd64a7322a79869d9f06d634c07b812fcf49301f39dbb690062728c60099,demos,vllm,casperhansen/llama-3.3-70b-instruct-awq,"{   ""self_reported_group_ca"": 18,   ""self_reported_interpersonal_ca"": 12,   ""self_reported_band_group"": ""moderate"",   ""self_reported_band_interpersonal"": ""low"" }",,18,12,moderate,low
f2ffbd64a7322a79869d9f06d634c07b812fcf49301f39dbb690062728c60099__employment,f2ffbd64a7322a79869d9f06d634c07b812fcf49301f39dbb690062728c60099,employment,vllm,casperhansen/llama-3.3-70b-instruct-awq,"{   ""self_reported_group_ca"": 18,   ""self_reported_interpersonal_ca"": 12,   ""self_reported_band_group"": ""moderate"",   ""self_reported_band_interpersonal"": ""low"" }",,18,12,moderate,low
f2ffbd64a7322a79869d9f06d634c07b812fcf49301f39dbb690062728c60099__geo,f2ffbd64a7322a79869d9f06d634c07b812fcf49301f39dbb690062728c60099,geo,vllm,casperhansen/llama-3.3-70b-instruct-awq,"{   ""self_reported_group_ca"": 18,   ""self_reported_interpersonal_ca"": 12,   ""self_reported_band_group"": ""moderate"",   ""self_reported_band_interpersonal"": ""low"" }",,18,12,moderate,low
f2ffbd64a7322a79869d9f06d634c07b812fcf49301f39dbb690062728c60099__transit,f2ffbd64a7322a79869d9f06d634c07b812fcf49301f39dbb690062728c60099,transit,vllm,casperhansen/llama-3.3-70b-instruct-awq,"{   ""self_reported_group_ca"": 18,   ""self_reported_interpersonal_ca"": 12,   ""self_reported_band_group"": ""moderate"",   ""self_reported_band_interpersonal"": ""low"" }",,18,12,moderate,low
f2ffbd64a7322a79869d9f06d634c07b812fcf49301f39dbb690062728c60099__full,f2ffbd64a7322a79869d9f06d634c07b812fcf49301f39dbb690062728c60099,full,vllm,casperhansen/llama-3.3-70b-instruct-awq,"{   ""self_reported_group_ca"": 18,   ""self_reported_interpersonal_ca"": 12,   ""self_reported_band_group"": ""moderate"",   ""self_reported_band_interpersonal"": ""low"" }",,18,12,moderate,low
f2ffbd64a7322a79869d9f06d634c07b812fcf49301f39dbb690062728c60099__v3_rideshare,f2ffbd64a7322a79869d9f06d634c07b812fcf49301f39dbb690062728c60099,v3_rideshare,vllm,casperhansen/llama-3.3-70b-instruct-awq,"{   ""self_reported_group_ca"": 18,   ""self_reported_interpersonal_ca"": 12,   ""self_reported_band_group"": ""moderate"",   ""self_reported_band_interpersonal"": ""low"" }",,18,12,moderate,low
f2ffbd64a7322a79869d9f06d634c07b812fcf49301f39dbb690062728c60099__v3_public_transit,f2ffbd64a7322a79869d9f06d634c07b812fcf49301f39dbb690062728c60099,v3_public_transit,vllm,casperhansen/llama-3.3-70b-instruct-awq,"{   ""self_reported_group_ca"": 18,   ""self_reported_interpersonal_ca"": 12,   ""self_reported_band_group"": ""moderate"",   ""self_reported_band_interpersonal"": ""low"" }",,18,12,moderate,low
f2ffbd64a7322a79869d9f06d634c07b812fcf49301f39dbb690062728c60099__v3_voice,f2ffbd64a7322a79869d9f06d634c07b812fcf49301f39dbb690062728c60099,v3_voice,vllm,casperhansen/llama-3.3-70b-instruct-awq,"{   ""self_reported_group_ca"": 18,   ""self_reported_interpersonal_ca"": 12,   ""self_reported_band_group"": ""moderate"",   ""self_reported_band_interpersonal"": ""low"" }",,18,12,moderate,low
5565f3acc7109a62e9868e3204ddd5477e6b2298571751b82a901e72f9eab5c5__demos,5565f3acc7109a62e9868e3204ddd5477e6b2298571751b82a901e72f9eab5c5,demos,vllm,casperhansen/llama-3.3-70b-instruct-awq,"{   ""self_reported_group_ca"": 18,   ""self_reported_interpersonal_ca"": 12,   ""self_reported_band_group"": ""moderate"",   ""self_reported_band_interpersonal"": ""low"" }",,18,12,moderate,low
5565f3acc7109a62e9868e3204ddd5477e6b2298571751b82a901e72f9eab5c5__employment,5565f3acc7109a62e9868e3204ddd5477e6b2298571751b82a901e72f9eab5c5,employment,vllm,casperhansen/llama-3.3-70b-instruct-awq,"{   ""self_reported_group_ca"": 18,   ""self_reported_interpersonal_ca"": 12,   ""self_reported_band_group"": ""moderate"",   ""self_reported_band_interpersonal"": ""low"" }",,18,12,moderate,low
5565f3acc7109a62e9868e3204ddd5477e6b2298571751b82a901e72f9eab5c5__geo,5565f3acc7109a62e9868e3204ddd5477e6b2298571751b82a901e72f9eab5c5,geo,vllm,casperhansen/llama-3.3-70b-instruct-awq,"{   ""self_reported_group_ca"": 18,   ""self_reported_interpersonal_ca"": 12,   ""self_reported_band_group"": ""moderate"",   ""self_reported_band_interpersonal"": ""low"" }",,18,12,moderate,low
5565f3acc7109a62e9868e3204ddd5477e6b2298571751b82a901e72f9eab5c5__transit,5565f3acc7109a62e9868e3204ddd5477e6b2298571751b82a901e72f9eab5c5,transit,vllm,casperhansen/llama-3.3-70b-instruct-awq,"{   ""self_reported_group_ca"": 18,   ""self_reported_interpersonal_ca"": 12,   ""self_reported_band_group"": ""moderate"",   ""self_reported_band_interpersonal"": ""low"" }",,18,12,moderate,low
5565f3acc7109a62e9868e3204ddd5477e6b2298571751b82a901e72f9eab5c5__full,5565f3acc7109a62e9868e3204ddd5477e6b2298571751b82a901e72f9eab5c5,full,vllm,casperhansen/llama-3.3-70b-instruct-awq,"{   ""self_reported_group_ca"": 18,   ""self_reported_interpersonal_ca"": 12,   ""self_reported_band_group"": ""moderate"",   ""self_reported_band_interpersonal"": ""low"" }",,18,12,moderate,low
5565f3acc7109a62e9868e3204ddd5477e6b2298571751b82a901e72f9eab5c5__v3_rideshare,5565f3acc7109a62e9868e3204ddd5477e6b2298571751b82a901e72f9eab5c5,v3_rideshare,vllm,casperhansen/llama-3.3-70b-instruct-awq,"{   ""self_reported_group_ca"": 18,   ""self_reported_interpersonal_ca"": 12,   ""self_reported_band_group"": ""moderate"",   ""self_reported_band_interpersonal"": ""low"" }",,18,12,moderate,low
5565f3acc7109a62e9868e3204ddd5477e6b2298571751b82a901e72f9eab5c5__v3_public_transit,5565f3acc7109a62e9868e3204ddd5477e6b2298571751b82a901e72f9eab5c5,v3_public_transit,vllm,casperhansen/llama-3.3-70b-instruct-awq,"{   ""self_reported_group_ca"": 18,   ""self_reported_interpersonal_ca"": 12,   ""self_reported_band_group"": ""moderate"",   ""self_reported_band_interpersonal"": ""low"" }",,18,12,moderate,low
5565f3acc7109a62e9868e3204ddd5477e6b2298571751b82a901e72f9eab5c5__v3_voice,5565f3acc7109a62e9868e3204ddd5477e6b2298571751b82a901e72f9eab5c5,v3_voice,vllm,casperhansen/llama-3.3-70b-instruct-awq,"{   ""self_reported_group_ca"": 18,   ""self_reported_interpersonal_ca"": 12,   ""self_reported_band_group"": ""moderate"",   ""self_reported_band_interpersonal"": ""low"" }",,18,12,moderate,low
7d67595dafd055a5c675a1e71babbc1ff7903d5d45c0ffb32df228c012565f00__demos,7d67595dafd055a5c675a1e71babbc1ff7903d5d45c0ffb32df228c012565f00,demos,vllm,casperhansen/llama-3.3-70b-instruct-awq,"{   ""self_reported_group_ca"": 22,   ""self_reported_interpersonal_ca"": 18,   ""self_reported_band_group"": ""high"",   ""self_reported_band_interpersonal"": ""moderate"" }",,22,18,high,moderate
7d67595dafd055a5c675a1e71babbc1ff7903d5d45c0ffb32df228c012565f00__employment,7d67595dafd055a5c675a1e71babbc1ff7903d5d45c0ffb32df228c012565f00,employment,vllm,casperhansen/llama-3.3-70b-instruct-awq,"{   ""self_reported_group_ca"": 22,   ""self_reported_interpersonal_ca"": 18,   ""self_reported_band_group"": ""high"",   ""self_reported_band_interpersonal"": ""moderate"" }",,22,18,high,moderate
7d67595dafd055a5c675a1e71babbc1ff7903d5d45c0ffb32df228c012565f00__geo,7d67595dafd055a5c675a1e71babbc1ff7903d5d45c0ffb32df228c012565f00,geo,vllm,casperhansen/llama-3.3-70b-instruct-awq,"{   ""self_reported_group_ca"": 18,   ""self_reported_interpersonal_ca"": 12,   ""self_reported_band_group"": ""moderate"",   ""self_reported_band_interpersonal"": ""low"" }",,18,12,moderate,low
7d67595dafd055a5c675a1e71babbc1ff7903d5d45c0ffb32df228c012565f00__transit,7d67595dafd055a5c675a1e71babbc1ff7903d5d45c0ffb32df228c012565f00,transit,vllm,casperhansen/llama-3.3-70b-instruct-awq,"{   ""self_reported_group_ca"": 22,   ""self_reported_interpersonal_ca"": 18,   ""self_reported_band_group"": ""high"",   ""self_reported_band_interpersonal"": ""moderate"" }",,22,18,high,moderate
7d67595dafd055a5c675a1e71babbc1ff7903d5d45c0ffb32df228c012565f00__full,7d67595dafd055a5c675a1e71babbc1ff7903d5d45c0ffb32df228c012565f00,full,vllm,casperhansen/llama-3.3-70b-instruct-awq,"{   ""self_reported_group_ca"": 18,   ""self_reported_interpersonal_ca"": 12,   ""self_reported_band_group"": ""moderate"",   ""self_reported_band_interpersonal"": ""low"" }",,18,12,moderate,low
7d67595dafd055a5c675a1e71babbc1ff7903d5d45c0ffb32df228c012565f00__v3_rideshare,7d67595dafd055a5c675a1e71babbc1ff7903d5d45c0ffb32df228c012565f00,v3_rideshare,vllm,casperhansen/llama-3.3-70b-instruct-awq,"{   ""self_reported_group_ca"": 18,   ""self_reported_interpersonal_ca"": 12,   ""self_reported_band_group"": ""moderate"",   ""self_reported_band_interpersonal"": ""low"" }",,18,12,moderate,low
7d67595dafd055a5c675a1e71babbc1ff7903d5d45c0ffb32df228c012565f00__v3_public_transit,7d67595dafd055a5c675a1e71babbc1ff7903d5d45c0ffb32df228c012565f00,v3_public_transit,vllm,casperhansen/llama-3.3-70b-instruct-awq,"{   ""self_reported_group_ca"": 18,   ""self_reported_interpersonal_ca"": 12,   ""self_reported_band_group"": ""moderate"",   ""self_reported_band_interpersonal"": ""low"" }",,18,12,moderate,low
7d67595dafd055a5c675a1e71babbc1ff7903d5d45c0ffb32df228c012565f00__v3_voice,7d67595dafd055a5c675a1e71babbc1ff7903d5d45c0ffb32df228c012565f00,v3_voice,vllm,casperhansen/llama-3.3-70b-instruct-awq,"{   ""self_reported_group_ca"": 18,   ""self_reported_interpersonal_ca"": 12,   ""self_reported_band_group"": ""moderate"",   ""self_reported_band_interpersonal"": ""low"" }",,18,12,moderate,low
726abe65c68bea0de944771cc7a2a6c099b2c3f93ebfdf152b1ad56104d875ed__demos,726abe65c68bea0de944771cc7a2a6c099b2c3f93ebfdf152b1ad56104d875ed,demos,vllm,casperhansen/llama-3.3-70b-instruct-awq,"{   ""self_reported_group_ca"": 18,   ""self_reported_interpersonal_ca"": 12,   ""self_reported_band_group"": ""moderate"",   ""self_reported_band_interpersonal"": ""low"" }",,18,12,moderate,low
726abe65c68bea0de944771cc7a2a6c099b2c3f93ebfdf152b1ad56104d875ed__employment,726abe65c68bea0de944771cc7a2a6c099b2c3f93ebfdf152b1ad56104d875ed,employment,vllm,casperhansen/llama-3.3-70b-instruct-awq,"{   ""self_reported_group_ca"": 18,   ""self_reported_interpersonal_ca"": 12,   ""self_reported_band_group"": ""moderate"",   ""self_reported_band_interpersonal"": ""low"" }",,18,12,moderate,low
726abe65c68bea0de944771cc7a2a6c099b2c3f93ebfdf152b1ad56104d875ed__geo,726abe65c68bea0de944771cc7a2a6c099b2c3f93ebfdf152b1ad56104d875ed,geo,vllm,casperhansen/llama-3.3-70b-instruct-awq,"{   ""self_reported_group_ca"": 18,   ""self_reported_interpersonal_ca"": 12,   ""self_reported_band_group"": ""moderate"",   ""self_reported_band_interpersonal"": ""low"" }",,18,12,moderate,low
726abe65c68bea0de944771cc7a2a6c099b2c3f93ebfdf152b1ad56104d875ed__transit,726abe65c68bea0de944771cc7a2a6c099b2c3f93ebfdf152b1ad56104d875ed,transit,vllm,casperhansen/llama-3.3-70b-instruct-awq,"{   ""self_reported_group_ca"": 18,   ""self_reported_interpersonal_ca"": 12,   ""self_reported_band_group"": ""moderate"",   ""self_reported_band_interpersonal"": ""low"" }",,18,12,moderate,low
726abe65c68bea0de944771cc7a2a6c099b2c3f93ebfdf152b1ad56104d875ed__full,726abe65c68bea0de944771cc7a2a6c099b2c3f93ebfdf152b1ad56104d875ed,full,vllm,casperhansen/llama-3.3-70b-instruct-awq,"{   ""self_reported_group_ca"": 18,   ""self_reported_interpersonal_ca"": 12,   ""self_reported_band_group"": ""moderate"",   ""self_reported_band_interpersonal"": ""low"" }",,18,12,moderate,low
726abe65c68bea0de944771cc7a2a6c099b2c3f93ebfdf152b1ad56104d875ed__v3_rideshare,726abe65c68bea0de944771cc7a2a6c099b2c3f93ebfdf152b1ad56104d875ed,v3_rideshare,vllm,casperhansen/llama-3.3-70b-instruct-awq,"{   ""self_reported_group_ca"": 18,   ""self_reported_interpersonal_ca"": 12,   ""self_reported_band_group"": ""moderate"",   ""self_reported_band_interpersonal"": ""low"" }",,18,12,moderate,low
726abe65c68bea0de944771cc7a2a6c099b2c3f93ebfdf152b1ad56104d875ed__v3_public_transit,726abe65c68bea0de944771cc7a2a6c099b2c3f93ebfdf152b1ad56104d875ed,v3_public_transit,vllm,casperhansen/llama-3.3-70b-instruct-awq,"{   ""self_reported_group_ca"": 18,   ""self_reported_interpersonal_ca"": 12,   ""self_reported_band_group"": ""moderate"",   ""self_reported_band_interpersonal"": ""low"" }",,18,12,moderate,low
726abe65c68bea0de944771cc7a2a6c099b2c3f93ebfdf152b1ad56104d875ed__v3_voice,726abe65c68bea0de944771cc7a2a6c099b2c3f93ebfdf152b1ad56104d875ed,v3_voice,vllm,casperhansen/llama-3.3-70b-instruct-awq,"{   ""self_reported_group_ca"": 18,   ""self_reported_interpersonal_ca"": 12,   ""self_reported_band_group"": ""moderate"",   ""self_reported_band_interpersonal"": ""low"" }",,18,12,moderate,low
c56a08b32398a2374e9c5e82c2d9dae2a8846b7818616ea7aa1fa0a63065f399__demos,c56a08b32398a2374e9c5e82c2d9dae2a8846b7818616ea7aa1fa0a63065f399,demos,vllm,casperhansen/llama-3.3-70b-instruct-awq,"{   ""self_reported_group_ca"": 18,   ""self_reported_interpersonal_ca"": 12,   ""self_reported_band_group"": ""moderate"",   ""self_reported_band_interpersonal"": ""low"" }",,18,12,moderate,low
c56a08b32398a2374e9c5e82c2d9dae2a8846b7818616ea7aa1fa0a63065f399__employment,c56a08b32398a2374e9c5e82c2d9dae2a8846b7818616ea7aa1fa0a63065f399,employment,vllm,casperhansen/llama-3.3-70b-instruct-awq,"{   ""self_reported_group_ca"": 18,   ""self_reported_interpersonal_ca"": 12,   ""self_reported_band_group"": ""moderate"",   ""self_reported_band_interpersonal"": ""low"" }",,18,12,moderate,low
c56a08b32398a2374e9c5e82c2d9dae2a8846b7818616ea7aa1fa0a63065f399__geo,c56a08b32398a2374e9c5e82c2d9dae2a8846b7818616ea7aa1fa0a63065f399,geo,vllm,casperhansen/llama-3.3-70b-instruct-awq,"{   ""self_reported_group_ca"": 18,   ""self_reported_interpersonal_ca"": 12,   ""self_reported_band_group"": ""moderate"",   ""self_reported_band_interpersonal"": ""low"" }",,18,12,moderate,low
c56a08b32398a2374e9c5e82c2d9dae2a8846b7818616ea7aa1fa0a63065f399__transit,c56a08b32398a2374e9c5e82c2d9dae2a8846b7818616ea7aa1fa0a63065f399,transit,vllm,casperhansen/llama-3.3-70b-instruct-awq,"{   ""self_reported_group_ca"": 18,   ""self_reported_interpersonal_ca"": 12,   ""self_reported_band_group"": ""moderate"",   ""self_reported_band_interpersonal"": ""low"" }",,18,12,moderate,low
c56a08b32398a2374e9c5e82c2d9dae2a8846b7818616ea7aa1fa0a63065f399__full,c56a08b32398a2374e9c5e82c2d9dae2a8846b7818616ea7aa1fa0a63065f399,full,vllm,casperhansen/llama-3.3-70b-instruct-awq,"{   ""self_reported_group_ca"": 18,   ""self_reported_interpersonal_ca"": 12,   ""self_reported_band_group"": ""moderate"",   ""self_reported_band_interpersonal"": ""low"" }",,18,12,moderate,low
c56a08b32398a2374e9c5e82c2d9dae2a8846b7818616ea7aa1fa0a63065f399__v3_rideshare,c56a08b32398a2374e9c5e82c2d9dae2a8846b7818616ea7aa1fa0a63065f399,v3_rideshare,vllm,casperhansen/llama-3.3-70b-instruct-awq,"{   ""self_reported_group_ca"": 18,   ""self_reported_interpersonal_ca"": 12,   ""self_reported_band_group"": ""moderate"",   ""self_reported_band_interpersonal"": ""low"" }",,18,12,moderate,low
c56a08b32398a2374e9c5e82c2d9dae2a8846b7818616ea7aa1fa0a63065f399__v3_public_transit,c56a08b32398a2374e9c5e82c2d9dae2a8846b7818616ea7aa1fa0a63065f399,v3_public_transit,vllm,casperhansen/llama-3.3-70b-instruct-awq,"{   ""self_reported_group_ca"": 18,   ""self_reported_interpersonal_ca"": 12,   ""self_reported_band_group"": ""moderate"",   ""self_reported_band_interpersonal"": ""low"" }",,18,12,moderate,low
c56a08b32398a2374e9c5e82c2d9dae2a8846b7818616ea7aa1fa0a63065f399__v3_voice,c56a08b32398a2374e9c5e82c2d9dae2a8846b7818616ea7aa1fa0a63065f399,v3_voice,vllm,casperhansen/llama-3.3-70b-instruct-awq,"{   ""self_reported_group_ca"": 18,   ""self_reported_interpersonal_ca"": 12,   ""self_reported_band_group"": ""moderate"",   ""self_reported_band_interpersonal"": ""low"" }",,18,12,moderate,low
6caf5ef75550ac72a08b5c69aab9659e5daa9b61c8f5a4a47627ef8630dced38__demos,6caf5ef75550ac72a08b5c69aab9659e5daa9b61c8f5a4a47627ef8630dced38,demos,vllm,casperhansen/llama-3.3-70b-instruct-awq,"{   ""self_reported_group_ca"": 18,   ""self_reported_interpersonal_ca"": 12,   ""self_reported_band_group"": ""moderate"",   ""self_reported_band_interpersonal"": ""low"" }",,18,12,moderate,low
6caf5ef75550ac72a08b5c69aab9659e5daa9b61c8f5a4a47627ef8630dced38__employment,6caf5ef75550ac72a08b5c69aab9659e5daa9b61c8f5a4a47627ef8630dced38,employment,vllm,casperhansen/llama-3.3-70b-instruct-awq,"{   ""self_reported_group_ca"": 18,   ""self_reported_interpersonal_ca"": 12,   ""self_reported_band_group"": ""moderate"",   ""self_reported_band_interpersonal"": ""low"" }",,18,12,moderate,low
6caf5ef75550ac72a08b5c69aab9659e5daa9b61c8f5a4a47627ef8630dced38__geo,6caf5ef75550ac72a08b5c69aab9659e5daa9b61c8f5a4a47627ef8630dced38,geo,vllm,casperhansen/llama-3.3-70b-instruct-awq,"{   ""self_reported_group_ca"": 18,   ""self_reported_interpersonal_ca"": 12,   ""self_reported_band_group"": ""moderate"",   ""self_reported_band_interpersonal"": ""low"" }",,18,12,moderate,low
6caf5ef75550ac72a08b5c69aab9659e5daa9b61c8f5a4a47627ef8630dced38__transit,6caf5ef75550ac72a08b5c69aab9659e5daa9b61c8f5a4a47627ef8630dced38,transit,vllm,casperhansen/llama-3.3-70b-instruct-awq,"{   ""self_reported_group_ca"": 18,   ""self_reported_interpersonal_ca"": 12,   ""self_reported_band_group"": ""moderate"",   ""self_reported_band_interpersonal"": ""low"" }",,18,12,moderate,low
6caf5ef75550ac72a08b5c69aab9659e5daa9b61c8f5a4a47627ef8630dced38__full,6caf5ef75550ac72a08b5c69aab9659e5daa9b61c8f5a4a47627ef8630dced38,full,vllm,casperhansen/llama-3.3-70b-instruct-awq,"{   ""self_reported_group_ca"": 18,   ""self_reported_interpersonal_ca"": 12,   ""self_reported_band_group"": ""moderate"",   ""self_reported_band_interpersonal"": ""low"" }",,18,12,moderate,low
6caf5ef75550ac72a08b5c69aab9659e5daa9b61c8f5a4a47627ef8630dced38__v3_rideshare,6caf5ef75550ac72a08b5c69aab9659e5daa9b61c8f5a4a47627ef8630dced38,v3_rideshare,vllm,casperhansen/llama-3.3-70b-instruct-awq,"{   ""self_reported_group_ca"": 18,   ""self_reported_interpersonal_ca"": 12,   ""self_reported_band_group"": ""moderate"",   ""self_reported_band_interpersonal"": ""low"" }",,18,12,moderate,low
6caf5ef75550ac72a08b5c69aab9659e5daa9b61c8f5a4a47627ef8630dced38__v3_public_transit,6caf5ef75550ac72a08b5c69aab9659e5daa9b61c8f5a4a47627ef8630dced38,v3_public_transit,vllm,casperhansen/llama-3.3-70b-instruct-awq,"{   ""self_reported_group_ca"": 18,   ""self_reported_interpersonal_ca"": 12,   ""self_reported_band_group"": ""moderate"",   ""self_reported_band_interpersonal"": ""low"" }",,18,12,moderate,low
6caf5ef75550ac72a08b5c69aab9659e5daa9b61c8f5a4a47627ef8630dced38__v3_voice,6caf5ef75550ac72a08b5c69aab9659e5daa9b61c8f5a4a47627ef8630dced38,v3_voice,vllm,casperhansen/llama-3.3-70b-instruct-awq,"{   ""self_reported_group_ca"": 18,   ""self_reported_interpersonal_ca"": 12,   ""self_reported_band_group"": ""moderate"",   ""self_reported_band_interpersonal"": ""low"" }",,18,12,moderate,low
224b97805cddd3ea62349441947e31b97c6c68c8d57451c05fe6f48dd36feac7__demos,224b97805cddd3ea62349441947e31b97c6c68c8d57451c05fe6f48dd36feac7,demos,vllm,casperhansen/llama-3.3-70b-instruct-awq,"{   ""self_reported_group_ca"": 18,   ""self_reported_interpersonal_ca"": 12,   ""self_reported_band_group"": ""moderate"",   ""self_reported_band_interpersonal"": ""low"" }",,18,12,moderate,low
224b97805cddd3ea62349441947e31b97c6c68c8d57451c05fe6f48dd36feac7__employment,224b97805cddd3ea62349441947e31b97c6c68c8d57451c05fe6f48dd36feac7,employment,vllm,casperhansen/llama-3.3-70b-instruct-awq,"{   ""self_reported_group_ca"": 18,   ""self_reported_interpersonal_ca"": 12,   ""self_reported_band_group"": ""moderate"",   ""self_reported_band_interpersonal"": ""low"" }",,18,12,moderate,low
224b97805cddd3ea62349441947e31b97c6c68c8d57451c05fe6f48dd36feac7__geo,224b97805cddd3ea62349441947e31b97c6c68c8d57451c05fe6f48dd36feac7,geo,vllm,casperhansen/llama-3.3-70b-instruct-awq,"{   ""self_reported_group_ca"": 18,   ""self_reported_interpersonal_ca"": 12,   ""self_reported_band_group"": ""moderate"",   ""self_reported_band_interpersonal"": ""low"" }",,18,12,moderate,low
224b97805cddd3ea62349441947e31b97c6c68c8d57451c05fe6f48dd36feac7__transit,224b97805cddd3ea62349441947e31b97c6c68c8d57451c05fe6f48dd36feac7,transit,vllm,casperhansen/llama-3.3-70b-instruct-awq,"{   ""self_reported_group_ca"": 18,   ""self_reported_interpersonal_ca"": 12,   ""self_reported_band_group"": ""moderate"",   ""self_reported_band_interpersonal"": ""low"" }",,18,12,moderate,low
224b97805cddd3ea62349441947e31b97c6c68c8d57451c05fe6f48dd36feac7__full,224b97805cddd3ea62349441947e31b97c6c68c8d57451c05fe6f48dd36feac7,full,vllm,casperhansen/llama-3.3-70b-instruct-awq,"{   ""self_reported_group_ca"": 18,   ""self_reported_interpersonal_ca"": 10,   ""self_reported_band_group"": ""moderate"",   ""self_reported_band_interpersonal"": ""low"" }",,18,10,moderate,low
224b97805cddd3ea62349441947e31b97c6c68c8d57451c05fe6f48dd36feac7__v3_rideshare,224b97805cddd3ea62349441947e31b97c6c68c8d57451c05fe6f48dd36feac7,v3_rideshare,vllm,casperhansen/llama-3.3-70b-instruct-awq,"{   ""self_reported_group_ca"": 18,   ""self_reported_interpersonal_ca"": 12,   ""self_reported_band_group"": ""moderate"",   ""self_reported_band_interpersonal"": ""low"" }",,18,12,moderate,low
224b97805cddd3ea62349441947e31b97c6c68c8d57451c05fe6f48dd36feac7__v3_public_transit,224b97805cddd3ea62349441947e31b97c6c68c8d57451c05fe6f48dd36feac7,v3_public_transit,vllm,casperhansen/llama-3.3-70b-instruct-awq,"{   ""self_reported_group_ca"": 18,   ""self_reported_interpersonal_ca"": 12,   ""self_reported_band_group"": ""moderate"",   ""self_reported_band_interpersonal"": ""low"" }",,18,12,moderate,low
224b97805cddd3ea62349441947e31b97c6c68c8d57451c05fe6f48dd36feac7__v3_voice,224b97805cddd3ea62349441947e31b97c6c68c8d57451c05fe6f48dd36feac7,v3_voice,vllm,casperhansen/llama-3.3-70b-instruct-awq,"{   ""self_reported_group_ca"": 10,   ""self_reported_interpersonal_ca"": 8,   ""self_reported_band_group"": ""low"",   ""self_reported_band_interpersonal"": ""low"" }",,10,8,low,low
9ada2b224a90dbb8ae434399155a48d5c721679bd065ae73274847e026ab7267__demos,9ada2b224a90dbb8ae434399155a48d5c721679bd065ae73274847e026ab7267,demos,vllm,casperhansen/llama-3.3-70b-instruct-awq,"{   ""self_reported_group_ca"": 18,   ""self_reported_interpersonal_ca"": 12,   ""self_reported_band_group"": ""moderate"",   ""self_reported_band_interpersonal"": ""low"" }",,18,12,moderate,low
9ada2b224a90dbb8ae434399155a48d5c721679bd065ae73274847e026ab7267__employment,9ada2b224a90dbb8ae434399155a48d5c721679bd065ae73274847e026ab7267,employment,vllm,casperhansen/llama-3.3-70b-instruct-awq,"{   ""self_reported_group_ca"": 18,   ""self_reported_interpersonal_ca"": 12,   ""self_reported_band_group"": ""moderate"",   ""self_reported_band_interpersonal"": ""low"" }",,18,12,moderate,low
9ada2b224a90dbb8ae434399155a48d5c721679bd065ae73274847e026ab7267__geo,9ada2b224a90dbb8ae434399155a48d5c721679bd065ae73274847e026ab7267,geo,vllm,casperhansen/llama-3.3-70b-instruct-awq,"{   ""self_reported_group_ca"": 18,   ""self_reported_interpersonal_ca"": 12,   ""self_reported_band_group"": ""moderate"",   ""self_reported_band_interpersonal"": ""low"" }",,18,12,moderate,low
9ada2b224a90dbb8ae434399155a48d5c721679bd065ae73274847e026ab7267__transit,9ada2b224a90dbb8ae434399155a48d5c721679bd065ae73274847e026ab7267,transit,vllm,casperhansen/llama-3.3-70b-instruct-awq,"{   ""self_reported_group_ca"": 18,   ""self_reported_interpersonal_ca"": 12,   ""self_reported_band_group"": ""moderate"",   ""self_reported_band_interpersonal"": ""low"" }",,18,12,moderate,low
9ada2b224a90dbb8ae434399155a48d5c721679bd065ae73274847e026ab7267__full,9ada2b224a90dbb8ae434399155a48d5c721679bd065ae73274847e026ab7267,full,vllm,casperhansen/llama-3.3-70b-instruct-awq,"{   ""self_reported_group_ca"": 18,   ""self_reported_interpersonal_ca"": 12,   ""self_reported_band_group"": ""moderate"",   ""self_reported_band_interpersonal"": ""low"" }",,18,12,moderate,low
9ada2b224a90dbb8ae434399155a48d5c721679bd065ae73274847e026ab7267__v3_rideshare,9ada2b224a90dbb8ae434399155a48d5c721679bd065ae73274847e026ab7267,v3_rideshare,vllm,casperhansen/llama-3.3-70b-instruct-awq,"{   ""self_reported_group_ca"": 18,   ""self_reported_interpersonal_ca"": 12,   ""self_reported_band_group"": ""moderate"",   ""self_reported_band_interpersonal"": ""low"" }",,18,12,moderate,low
9ada2b224a90dbb8ae434399155a48d5c721679bd065ae73274847e026ab7267__v3_public_transit,9ada2b224a90dbb8ae434399155a48d5c721679bd065ae73274847e026ab7267,v3_public_transit,vllm,casperhansen/llama-3.3-70b-instruct-awq,"{   ""self_reported_group_ca"": 18,   ""self_reported_interpersonal_ca"": 12,   ""self_reported_band_group"": ""moderate"",   ""self_reported_band_interpersonal"": ""low"" }",,18,12,moderate,low
9ada2b224a90dbb8ae434399155a48d5c721679bd065ae73274847e026ab7267__v3_voice,9ada2b224a90dbb8ae434399155a48d5c721679bd065ae73274847e026ab7267,v3_voice,vllm,casperhansen/llama-3.3-70b-instruct-awq,"{   ""self_reported_group_ca"": 18,   ""self_reported_interpersonal_ca"": 12,   ""self_reported_band_group"": ""moderate"",   ""self_reported_band_interpersonal"": ""low"" }",,18,12,moderate,low
35318e96d9b881e070c4e3197b0078f084d77f314e457e48d4a138467510c821__demos,35318e96d9b881e070c4e3197b0078f084d77f314e457e48d4a138467510c821,demos,vllm,casperhansen/llama-3.3-70b-instruct-awq,"{   ""self_reported_group_ca"": 18,   ""self_reported_interpersonal_ca"": 12,   ""self_reported_band_group"": ""moderate"",   ""self_reported_band_interpersonal"": ""low"" }",,18,12,moderate,low
35318e96d9b881e070c4e3197b0078f084d77f314e457e48d4a138467510c821__employment,35318e96d9b881e070c4e3197b0078f084d77f314e457e48d4a138467510c821,employment,vllm,casperhansen/llama-3.3-70b-instruct-awq,"{   ""self_reported_group_ca"": 18,   ""self_reported_interpersonal_ca"": 12,   ""self_reported_band_group"": ""moderate"",   ""self_reported_band_interpersonal"": ""low"" }",,18,12,moderate,low
35318e96d9b881e070c4e3197b0078f084d77f314e457e48d4a138467510c821__geo,35318e96d9b881e070c4e3197b0078f084d77f314e457e48d4a138467510c821,geo,vllm,casperhansen/llama-3.3-70b-instruct-awq,"{   ""self_reported_group_ca"": 18,   ""self_reported_interpersonal_ca"": 12,   ""self_reported_band_group"": ""moderate"",   ""self_reported_band_interpersonal"": ""low"" }",,18,12,moderate,low
35318e96d9b881e070c4e3197b0078f084d77f314e457e48d4a138467510c821__transit,35318e96d9b881e070c4e3197b0078f084d77f314e457e48d4a138467510c821,transit,vllm,casperhansen/llama-3.3-70b-instruct-awq,"{   ""self_reported_group_ca"": 18,   ""self_reported_interpersonal_ca"": 12,   ""self_reported_band_group"": ""moderate"",   ""self_reported_band_interpersonal"": ""low"" }",,18,12,moderate,low
35318e96d9b881e070c4e3197b0078f084d77f314e457e48d4a138467510c821__full,35318e96d9b881e070c4e3197b0078f084d77f314e457e48d4a138467510c821,full,vllm,casperhansen/llama-3.3-70b-instruct-awq,"{   ""self_reported_group_ca"": 18,   ""self_reported_interpersonal_ca"": 12,   ""self_reported_band_group"": ""moderate"",   ""self_reported_band_interpersonal"": ""low"" }",,18,12,moderate,low
35318e96d9b881e070c4e3197b0078f084d77f314e457e48d4a138467510c821__v3_rideshare,35318e96d9b881e070c4e3197b0078f084d77f314e457e48d4a138467510c821,v3_rideshare,vllm,casperhansen/llama-3.3-70b-instruct-awq,"{   ""self_reported_group_ca"": 18,   ""self_reported_interpersonal_ca"": 12,   ""self_reported_band_group"": ""moderate"",   ""self_reported_band_interpersonal"": ""low"" }",,18,12,moderate,low
35318e96d9b881e070c4e3197b0078f084d77f314e457e48d4a138467510c821__v3_public_transit,35318e96d9b881e070c4e3197b0078f084d77f314e457e48d4a138467510c821,v3_public_transit,vllm,casperhansen/llama-3.3-70b-instruct-awq,"{   ""self_reported_group_ca"": 18,   ""self_reported_interpersonal_ca"": 12,   ""self_reported_band_group"": ""moderate"",   ""self_reported_band_interpersonal"": ""low"" }",,18,12,moderate,low
35318e96d9b881e070c4e3197b0078f084d77f314e457e48d4a138467510c821__v3_voice,35318e96d9b881e070c4e3197b0078f084d77f314e457e48d4a138467510c821,v3_voice,vllm,casperhansen/llama-3.3-70b-instruct-awq,"{   ""self_reported_group_ca"": 18,   ""self_reported_interpersonal_ca"": 12,   ""self_reported_band_group"": ""moderate"",   ""self_reported_band_interpersonal"": ""low"" }",,18,12,moderate,low
5dcb913ef602a61446ee04e04fc6db188af5a2dfcaaf3abd9e9bc80078ba6623__demos,5dcb913ef602a61446ee04e04fc6db188af5a2dfcaaf3abd9e9bc80078ba6623,demos,vllm,casperhansen/llama-3.3-70b-instruct-awq,"{   ""self_reported_group_ca"": 18,   ""self_reported_interpersonal_ca"": 12,   ""self_reported_band_group"": ""moderate"",   ""self_reported_band_interpersonal"": ""low"" }",,18,12,moderate,low
5dcb913ef602a61446ee04e04fc6db188af5a2dfcaaf3abd9e9bc80078ba6623__employment,5dcb913ef602a61446ee04e04fc6db188af5a2dfcaaf3abd9e9bc80078ba6623,employment,vllm,casperhansen/llama-3.3-70b-instruct-awq,"{   ""self_reported_group_ca"": 18,   ""self_reported_interpersonal_ca"": 12,   ""self_reported_band_group"": ""moderate"",   ""self_reported_band_interpersonal"": ""low"" }",,18,12,moderate,low
5dcb913ef602a61446ee04e04fc6db188af5a2dfcaaf3abd9e9bc80078ba6623__geo,5dcb913ef602a61446ee04e04fc6db188af5a2dfcaaf3abd9e9bc80078ba6623,geo,vllm,casperhansen/llama-3.3-70b-instruct-awq,"{   ""self_reported_group_ca"": 18,   ""self_reported_interpersonal_ca"": 12,   ""self_reported_band_group"": ""moderate"",   ""self_reported_band_interpersonal"": ""low"" }",,18,12,moderate,low
5dcb913ef602a61446ee04e04fc6db188af5a2dfcaaf3abd9e9bc80078ba6623__transit,5dcb913ef602a61446ee04e04fc6db188af5a2dfcaaf3abd9e9bc80078ba6623,transit,vllm,casperhansen/llama-3.3-70b-instruct-awq,"{   ""self_reported_group_ca"": 18,   ""self_reported_interpersonal_ca"": 12,   ""self_reported_band_group"": ""moderate"",   ""self_reported_band_interpersonal"": ""low"" }",,18,12,moderate,low
5dcb913ef602a61446ee04e04fc6db188af5a2dfcaaf3abd9e9bc80078ba6623__full,5dcb913ef602a61446ee04e04fc6db188af5a2dfcaaf3abd9e9bc80078ba6623,full,vllm,casperhansen/llama-3.3-70b-instruct-awq,"{   ""self_reported_group_ca"": 18,   ""self_reported_interpersonal_ca"": 12,   ""self_reported_band_group"": ""moderate"",   ""self_reported_band_interpersonal"": ""low"" }",,18,12,moderate,low
5dcb913ef602a61446ee04e04fc6db188af5a2dfcaaf3abd9e9bc80078ba6623__v3_rideshare,5dcb913ef602a61446ee04e04fc6db188af5a2dfcaaf3abd9e9bc80078ba6623,v3_rideshare,vllm,casperhansen/llama-3.3-70b-instruct-awq,"{   ""self_reported_group_ca"": 18,   ""self_reported_interpersonal_ca"": 12,   ""self_reported_band_group"": ""moderate"",   ""self_reported_band_interpersonal"": ""low"" }",,18,12,moderate,low
5dcb913ef602a61446ee04e04fc6db188af5a2dfcaaf3abd9e9bc80078ba6623__v3_public_transit,5dcb913ef602a61446ee04e04fc6db188af5a2dfcaaf3abd9e9bc80078ba6623,v3_public_transit,vllm,casperhansen/llama-3.3-70b-instruct-awq,"{   ""self_reported_group_ca"": 18,   ""self_reported_interpersonal_ca"": 12,   ""self_reported_band_group"": ""moderate"",   ""self_reported_band_interpersonal"": ""low"" }",,18,12,moderate,low
5dcb913ef602a61446ee04e04fc6db188af5a2dfcaaf3abd9e9bc80078ba6623__v3_voice,5dcb913ef602a61446ee04e04fc6db188af5a2dfcaaf3abd9e9bc80078ba6623,v3_voice,vllm,casperhansen/llama-3.3-70b-instruct-awq,"{   ""self_reported_group_ca"": 18,   ""self_reported_interpersonal_ca"": 12,   ""self_reported_band_group"": ""moderate"",   ""self_reported_band_interpersonal"": ""low"" }",,18,12,moderate,low
2d4ac125c9c68840a8575bd1668214b40367b4f534f739c84503e268fdd52d5a__demos,2d4ac125c9c68840a8575bd1668214b40367b4f534f739c84503e268fdd52d5a,demos,vllm,casperhansen/llama-3.3-70b-instruct-awq,"{   ""self_reported_group_ca"": 18,   ""self_reported_interpersonal_ca"": 12,   ""self_reported_band_group"": ""moderate"",   ""self_reported_band_interpersonal"": ""low"" }",,18,12,moderate,low
2d4ac125c9c68840a8575bd1668214b40367b4f534f739c84503e268fdd52d5a__employment,2d4ac125c9c68840a8575bd1668214b40367b4f534f739c84503e268fdd52d5a,employment,vllm,casperhansen/llama-3.3-70b-instruct-awq,"{   ""self_reported_group_ca"": 18,   ""self_reported_interpersonal_ca"": 12,   ""self_reported_band_group"": ""moderate"",   ""self_reported_band_interpersonal"": ""low"" }",,18,12,moderate,low
2d4ac125c9c68840a8575bd1668214b40367b4f534f739c84503e268fdd52d5a__geo,2d4ac125c9c68840a8575bd1668214b40367b4f534f739c84503e268fdd52d5a,geo,vllm,casperhansen/llama-3.3-70b-instruct-awq,"{   ""self_reported_group_ca"": 18,   ""self_reported_interpersonal_ca"": 12,   ""self_reported_band_group"": ""moderate"",   ""self_reported_band_interpersonal"": ""low"" }",,18,12,moderate,low
2d4ac125c9c68840a8575bd1668214b40367b4f534f739c84503e268fdd52d5a__transit,2d4ac125c9c68840a8575bd1668214b40367b4f534f739c84503e268fdd52d5a,transit,vllm,casperhansen/llama-3.3-70b-instruct-awq,"{   ""self_reported_group_ca"": 18,   ""self_reported_interpersonal_ca"": 12,   ""self_reported_band_group"": ""moderate"",   ""self_reported_band_interpersonal"": ""low"" }",,18,12,moderate,low
2d4ac125c9c68840a8575bd1668214b40367b4f534f739c84503e268fdd52d5a__full,2d4ac125c9c68840a8575bd1668214b40367b4f534f739c84503e268fdd52d5a,full,vllm,casperhansen/llama-3.3-70b-instruct-awq,"{   ""self_reported_group_ca"": 18,   ""self_reported_interpersonal_ca"": 12,   ""self_reported_band_group"": ""moderate"",   ""self_reported_band_interpersonal"": ""low"" }",,18,12,moderate,low
2d4ac125c9c68840a8575bd1668214b40367b4f534f739c84503e268fdd52d5a__v3_rideshare,2d4ac125c9c68840a8575bd1668214b40367b4f534f739c84503e268fdd52d5a,v3_rideshare,vllm,casperhansen/llama-3.3-70b-instruct-awq,"{   ""self_reported_group_ca"": 18,   ""self_reported_interpersonal_ca"": 12,   ""self_reported_band_group"": ""moderate"",   ""self_reported_band_interpersonal"": ""low"" }",,18,12,moderate,low
2d4ac125c9c68840a8575bd1668214b40367b4f534f739c84503e268fdd52d5a__v3_public_transit,2d4ac125c9c68840a8575bd1668214b40367b4f534f739c84503e268fdd52d5a,v3_public_transit,vllm,casperhansen/llama-3.3-70b-instruct-awq,"{   ""self_reported_group_ca"": 18,   ""self_reported_interpersonal_ca"": 12,   ""self_reported_band_group"": ""moderate"",   ""self_reported_band_interpersonal"": ""low"" }",,18,12,moderate,low
2d4ac125c9c68840a8575bd1668214b40367b4f534f739c84503e268fdd52d5a__v3_voice,2d4ac125c9c68840a8575bd1668214b40367b4f534f739c84503e268fdd52d5a,v3_voice,vllm,casperhansen/llama-3.3-70b-instruct-awq,"{   ""self_reported_group_ca"": 18,   ""self_reported_interpersonal_ca"": 12,   ""self_reported_band_group"": ""moderate"",   ""self_reported_band_interpersonal"": ""low"" }",,18,12,moderate,low
9e261399ca55b7c3ff0b2c3bc8d28b112142fc2147c4fdca061066cfd2db545e__demos,9e261399ca55b7c3ff0b2c3bc8d28b112142fc2147c4fdca061066cfd2db545e,demos,vllm,casperhansen/llama-3.3-70b-instruct-awq,"{   ""self_reported_group_ca"": 18,   ""self_reported_interpersonal_ca"": 12,   ""self_reported_band_group"": ""moderate"",   ""self_reported_band_interpersonal"": ""low"" }",,18,12,moderate,low
9e261399ca55b7c3ff0b2c3bc8d28b112142fc2147c4fdca061066cfd2db545e__employment,9e261399ca55b7c3ff0b2c3bc8d28b112142fc2147c4fdca061066cfd2db545e,employment,vllm,casperhansen/llama-3.3-70b-instruct-awq,"{   ""self_reported_group_ca"": 18,   ""self_reported_interpersonal_ca"": 12,   ""self_reported_band_group"": ""moderate"",   ""self_reported_band_interpersonal"": ""low"" }",,18,12,moderate,low
9e261399ca55b7c3ff0b2c3bc8d28b112142fc2147c4fdca061066cfd2db545e__geo,9e261399ca55b7c3ff0b2c3bc8d28b112142fc2147c4fdca061066cfd2db545e,geo,vllm,casperhansen/llama-3.3-70b-instruct-awq,"{   ""self_reported_group_ca"": 18,   ""self_reported_interpersonal_ca"": 12,   ""self_reported_band_group"": ""moderate"",   ""self_reported_band_interpersonal"": ""low"" }",,18,12,moderate,low
9e261399ca55b7c3ff0b2c3bc8d28b112142fc2147c4fdca061066cfd2db545e__transit,9e261399ca55b7c3ff0b2c3bc8d28b112142fc2147c4fdca061066cfd2db545e,transit,vllm,casperhansen/llama-3.3-70b-instruct-awq,"{   ""self_reported_group_ca"": 18,   ""self_reported_interpersonal_ca"": 12,   ""self_reported_band_group"": ""moderate"",   ""self_reported_band_interpersonal"": ""low"" }",,18,12,moderate,low
9e261399ca55b7c3ff0b2c3bc8d28b112142fc2147c4fdca061066cfd2db545e__full,9e261399ca55b7c3ff0b2c3bc8d28b112142fc2147c4fdca061066cfd2db545e,full,vllm,casperhansen/llama-3.3-70b-instruct-awq,"{   ""self_reported_group_ca"": 18,   ""self_reported_interpersonal_ca"": 12,   ""self_reported_band_group"": ""moderate"",   ""self_reported_band_interpersonal"": ""low"" }",,18,12,moderate,low
9e261399ca55b7c3ff0b2c3bc8d28b112142fc2147c4fdca061066cfd2db545e__v3_rideshare,9e261399ca55b7c3ff0b2c3bc8d28b112142fc2147c4fdca061066cfd2db545e,v3_rideshare,vllm,casperhansen/llama-3.3-70b-instruct-awq,"{   ""self_reported_group_ca"": 18,   ""self_reported_interpersonal_ca"": 12,   ""self_reported_band_group"": ""moderate"",   ""self_reported_band_interpersonal"": ""low"" }",,18,12,moderate,low
9e261399ca55b7c3ff0b2c3bc8d28b112142fc2147c4fdca061066cfd2db545e__v3_public_transit,9e261399ca55b7c3ff0b2c3bc8d28b112142fc2147c4fdca061066cfd2db545e,v3_public_transit,vllm,casperhansen/llama-3.3-70b-instruct-awq,"{   ""self_reported_group_ca"": 18,   ""self_reported_interpersonal_ca"": 12,   ""self_reported_band_group"": ""moderate"",   ""self_reported_band_interpersonal"": ""low"" }",,18,12,moderate,low
9e261399ca55b7c3ff0b2c3bc8d28b112142fc2147c4fdca061066cfd2db545e__v3_voice,9e261399ca55b7c3ff0b2c3bc8d28b112142fc2147c4fdca061066cfd2db545e,v3_voice,vllm,casperhansen/llama-3.3-70b-instruct-awq,"{   ""self_reported_group_ca"": 18,   ""self_reported_interpersonal_ca"": 12,   ""self_reported_band_group"": ""moderate"",   ""self_reported_band_interpersonal"": ""low"" }",,18,12,moderate,low
32284ade76d6973e58641037ac723bba4bb21173da4999ad6f751179232b46e5__demos,32284ade76d6973e58641037ac723bba4bb21173da4999ad6f751179232b46e5,demos,vllm,casperhansen/llama-3.3-70b-instruct-awq,"{   ""self_reported_group_ca"": 18,   ""self_reported_interpersonal_ca"": 12,   ""self_reported_band_group"": ""moderate"",   ""self_reported_band_interpersonal"": ""low"" }",,18,12,moderate,low
32284ade76d6973e58641037ac723bba4bb21173da4999ad6f751179232b46e5__employment,32284ade76d6973e58641037ac723bba4bb21173da4999ad6f751179232b46e5,employment,vllm,casperhansen/llama-3.3-70b-instruct-awq,"{   ""self_reported_group_ca"": 18,   ""self_reported_interpersonal_ca"": 12,   ""self_reported_band_group"": ""moderate"",   ""self_reported_band_interpersonal"": ""low"" }",,18,12,moderate,low
32284ade76d6973e58641037ac723bba4bb21173da4999ad6f751179232b46e5__geo,32284ade76d6973e58641037ac723bba4bb21173da4999ad6f751179232b46e5,geo,vllm,casperhansen/llama-3.3-70b-instruct-awq,"{   ""self_reported_group_ca"": 18,   ""self_reported_interpersonal_ca"": 12,   ""self_reported_band_group"": ""moderate"",   ""self_reported_band_interpersonal"": ""low"" }",,18,12,moderate,low
32284ade76d6973e58641037ac723bba4bb21173da4999ad6f751179232b46e5__transit,32284ade76d6973e58641037ac723bba4bb21173da4999ad6f751179232b46e5,transit,vllm,casperhansen/llama-3.3-70b-instruct-awq,"{   ""self_reported_group_ca"": 18,   ""self_reported_interpersonal_ca"": 12,   ""self_reported_band_group"": ""moderate"",   ""self_reported_band_interpersonal"": ""low"" }",,18,12,moderate,low
32284ade76d6973e58641037ac723bba4bb21173da4999ad6f751179232b46e5__full,32284ade76d6973e58641037ac723bba4bb21173da4999ad6f751179232b46e5,full,vllm,casperhansen/llama-3.3-70b-instruct-awq,"{   ""self_reported_group_ca"": 18,   ""self_reported_interpersonal_ca"": 12,   ""self_reported_band_group"": ""moderate"",   ""self_reported_band_interpersonal"": ""low"" }",,18,12,moderate,low
32284ade76d6973e58641037ac723bba4bb21173da4999ad6f751179232b46e5__v3_rideshare,32284ade76d6973e58641037ac723bba4bb21173da4999ad6f751179232b46e5,v3_rideshare,vllm,casperhansen/llama-3.3-70b-instruct-awq,"{   ""self_reported_group_ca"": 18,   ""self_reported_interpersonal_ca"": 12,   ""self_reported_band_group"": ""moderate"",   ""self_reported_band_interpersonal"": ""low"" }",,18,12,moderate,low
32284ade76d6973e58641037ac723bba4bb21173da4999ad6f751179232b46e5__v3_public_transit,32284ade76d6973e58641037ac723bba4bb21173da4999ad6f751179232b46e5,v3_public_transit,vllm,casperhansen/llama-3.3-70b-instruct-awq,"{   ""self_reported_group_ca"": 18,   ""self_reported_interpersonal_ca"": 12,   ""self_reported_band_group"": ""moderate"",   ""self_reported_band_interpersonal"": ""low"" }",,18,12,moderate,low
32284ade76d6973e58641037ac723bba4bb21173da4999ad6f751179232b46e5__v3_voice,32284ade76d6973e58641037ac723bba4bb21173da4999ad6f751179232b46e5,v3_voice,vllm,casperhansen/llama-3.3-70b-instruct-awq,"{   ""self_reported_group_ca"": 18,   ""self_reported_interpersonal_ca"": 12,   ""self_reported_band_group"": ""moderate"",   ""self_reported_band_interpersonal"": ""low"" }",,18,12,moderate,low
