caseid,answer,generated_text
ebab12e9878344fdc93a8c1cad27ff2f709e12b90f0496de3332f508f3b2b9c9__demos,"{""gt_group_ca"":14,""gt_interpersonal_ca"":16,""gt_group_band"":""moderate"",""gt_interpersonal_band"":""moderate""}","{   ""self_reported_group_ca"": 18,   ""self_reported_interpersonal_ca"": 12,   ""self_reported_band_group"": ""moderate"",   ""self_reported_band_interpersonal"": ""low"" }"
ebab12e9878344fdc93a8c1cad27ff2f709e12b90f0496de3332f508f3b2b9c9__employment,"{""gt_group_ca"":14,""gt_interpersonal_ca"":16,""gt_group_band"":""moderate"",""gt_interpersonal_band"":""moderate""}","{   ""self_reported_group_ca"": 18,   ""self_reported_interpersonal_ca"": 12,   ""self_reported_band_group"": ""moderate"",   ""self_reported_band_interpersonal"": ""low"" }"
ebab12e9878344fdc93a8c1cad27ff2f709e12b90f0496de3332f508f3b2b9c9__geo,"{""gt_group_ca"":14,""gt_interpersonal_ca"":16,""gt_group_band"":""moderate"",""gt_interpersonal_band"":""moderate""}","{   ""self_reported_group_ca"": 18,   ""self_reported_interpersonal_ca"": 12,   ""self_reported_band_group"": ""moderate"",   ""self_reported_band_interpersonal"": ""low"" }"
ebab12e9878344fdc93a8c1cad27ff2f709e12b90f0496de3332f508f3b2b9c9__transit,"{""gt_group_ca"":14,""gt_interpersonal_ca"":16,""gt_group_band"":""moderate"",""gt_interpersonal_band"":""moderate""}","{   ""self_reported_group_ca"": 18,   ""self_reported_interpersonal_ca"": 12,   ""self_reported_band_group"": ""moderate"",   ""self_reported_band_interpersonal"": ""low"" }"
ebab12e9878344fdc93a8c1cad27ff2f709e12b90f0496de3332f508f3b2b9c9__full,"{""gt_group_ca"":14,""gt_interpersonal_ca"":16,""gt_group_band"":""moderate"",""gt_interpersonal_band"":""moderate""}","{   ""self_reported_group_ca"": 18,   ""self_reported_interpersonal_ca"": 12,   ""self_reported_band_group"": ""moderate"",   ""self_reported_band_interpersonal"": ""low"" }"
ebab12e9878344fdc93a8c1cad27ff2f709e12b90f0496de3332f508f3b2b9c9__v3_rideshare,"{""gt_group_ca"":14,""gt_interpersonal_ca"":16,""gt_group_band"":""moderate"",""gt_interpersonal_band"":""moderate""}","{   ""self_reported_group_ca"": 18,   ""self_reported_interpersonal_ca"": 12,   ""self_reported_band_group"": ""moderate"",   ""self_reported_band_interpersonal"": ""low"" }"
ebab12e9878344fdc93a8c1cad27ff2f709e12b90f0496de3332f508f3b2b9c9__v3_public_transit,"{""gt_group_ca"":14,""gt_interpersonal_ca"":16,""gt_group_band"":""moderate"",""gt_interpersonal_band"":""moderate""}","{   ""self_reported_group_ca"": 18,   ""self_reported_interpersonal_ca"": 12,   ""self_reported_band_group"": ""moderate"",   ""self_reported_band_interpersonal"": ""low"" }"
ebab12e9878344fdc93a8c1cad27ff2f709e12b90f0496de3332f508f3b2b9c9__v3_voice,"{""gt_group_ca"":14,""gt_interpersonal_ca"":16,""gt_group_band"":""moderate"",""gt_interpersonal_band"":""moderate""}","{   ""self_reported_group_ca"": 18,   ""self_reported_interpersonal_ca"": 12,   ""self_reported_band_group"": ""moderate"",   ""self_reported_band_interpersonal"": ""low"" }"
b6954799ca47bc836ac02ab86e4710c3b0e096d7ace449b81aaa1d5845431821__demos,"{""gt_group_ca"":17,""gt_interpersonal_ca"":17,""gt_group_band"":""moderate"",""gt_interpersonal_band"":""moderate""}","{   ""self_reported_group_ca"": 18,   ""self_reported_interpersonal_ca"": 12,   ""self_reported_band_group"": ""moderate"",   ""self_reported_band_interpersonal"": ""low"" }"
b6954799ca47bc836ac02ab86e4710c3b0e096d7ace449b81aaa1d5845431821__employment,"{""gt_group_ca"":17,""gt_interpersonal_ca"":17,""gt_group_band"":""moderate"",""gt_interpersonal_band"":""moderate""}","{   ""self_reported_group_ca"": 18,   ""self_reported_interpersonal_ca"": 12,   ""self_reported_band_group"": ""moderate"",   ""self_reported_band_interpersonal"": ""low"" }"
b6954799ca47bc836ac02ab86e4710c3b0e096d7ace449b81aaa1d5845431821__geo,"{""gt_group_ca"":17,""gt_interpersonal_ca"":17,""gt_group_band"":""moderate"",""gt_interpersonal_band"":""moderate""}","{   ""self_reported_group_ca"": 18,   ""self_reported_interpersonal_ca"": 12,   ""self_reported_band_group"": ""moderate"",   ""self_reported_band_interpersonal"": ""low"" }"
b6954799ca47bc836ac02ab86e4710c3b0e096d7ace449b81aaa1d5845431821__transit,"{""gt_group_ca"":17,""gt_interpersonal_ca"":17,""gt_group_band"":""moderate"",""gt_interpersonal_band"":""moderate""}","{   ""self_reported_group_ca"": 18,   ""self_reported_interpersonal_ca"": 12,   ""self_reported_band_group"": ""moderate"",   ""self_reported_band_interpersonal"": ""low"" }"
b6954799ca47bc836ac02ab86e4710c3b0e096d7ace449b81aaa1d5845431821__full,"{""gt_group_ca"":17,""gt_interpersonal_ca"":17,""gt_group_band"":""moderate"",""gt_interpersonal_band"":""moderate""}","{   ""self_reported_group_ca"": 18,   ""self_reported_interpersonal_ca"": 12,   ""self_reported_band_group"": ""moderate"",   ""self_reported_band_interpersonal"": ""low"" }"
b6954799ca47bc836ac02ab86e4710c3b0e096d7ace449b81aaa1d5845431821__v3_rideshare,"{""gt_group_ca"":17,""gt_interpersonal_ca"":17,""gt_group_band"":""moderate"",""gt_interpersonal_band"":""moderate""}","{   ""self_reported_group_ca"": 18,   ""self_reported_interpersonal_ca"": 12,   ""self_reported_band_group"": ""moderate"",   ""self_reported_band_interpersonal"": ""low"" }"
b6954799ca47bc836ac02ab86e4710c3b0e096d7ace449b81aaa1d5845431821__v3_public_transit,"{""gt_group_ca"":17,""gt_interpersonal_ca"":17,""gt_group_band"":""moderate"",""gt_interpersonal_band"":""moderate""}","{   ""self_reported_group_ca"": 18,   ""self_reported_interpersonal_ca"": 12,   ""self_reported_band_group"": ""moderate"",   ""self_reported_band_interpersonal"": ""low"" }"
b6954799ca47bc836ac02ab86e4710c3b0e096d7ace449b81aaa1d5845431821__v3_voice,"{""gt_group_ca"":17,""gt_interpersonal_ca"":17,""gt_group_band"":""moderate"",""gt_interpersonal_band"":""moderate""}","{   ""self_reported_group_ca"": 18,   ""self_reported_interpersonal_ca"": 12,   ""self_reported_band_group"": ""moderate"",   ""self_reported_band_interpersonal"": ""low"" }"
6ac07c3845b0ce5cac4ab3569ea70236b7cfa8fd51576e12226279a282182dcb__demos,"{""gt_group_ca"":11,""gt_interpersonal_ca"":12,""gt_group_band"":""low"",""gt_interpersonal_band"":""low""}","{   ""self_reported_group_ca"": 18,   ""self_reported_interpersonal_ca"": 12,   ""self_reported_band_group"": ""moderate"",   ""self_reported_band_interpersonal"": ""low"" }"
6ac07c3845b0ce5cac4ab3569ea70236b7cfa8fd51576e12226279a282182dcb__employment,"{""gt_group_ca"":11,""gt_interpersonal_ca"":12,""gt_group_band"":""low"",""gt_interpersonal_band"":""low""}","{   ""self_reported_group_ca"": 18,   ""self_reported_interpersonal_ca"": 12,   ""self_reported_band_group"": ""moderate"",   ""self_reported_band_interpersonal"": ""low"" }"
6ac07c3845b0ce5cac4ab3569ea70236b7cfa8fd51576e12226279a282182dcb__geo,"{""gt_group_ca"":11,""gt_interpersonal_ca"":12,""gt_group_band"":""low"",""gt_interpersonal_band"":""low""}","{   ""self_reported_group_ca"": 18,   ""self_reported_interpersonal_ca"": 12,   ""self_reported_band_group"": ""moderate"",   ""self_reported_band_interpersonal"": ""low"" }"
6ac07c3845b0ce5cac4ab3569ea70236b7cfa8fd51576e12226279a282182dcb__transit,"{""gt_group_ca"":11,""gt_interpersonal_ca"":12,""gt_group_band"":""low"",""gt_interpersonal_band"":""low""}","{   ""self_reported_group_ca"": 18,   ""self_reported_interpersonal_ca"": 12,   ""self_reported_band_group"": ""moderate"",   ""self_reported_band_interpersonal"": ""low"" }"
6ac07c3845b0ce5cac4ab3569ea70236b7cfa8fd51576e12226279a282182dcb__full,"{""gt_group_ca"":11,""gt_interpersonal_ca"":12,""gt_group_band"":""low"",""gt_interpersonal_band"":""low""}","{   ""self_reported_group_ca"": 18,   ""self_reported_interpersonal_ca"": 12,   ""self_reported_band_group"": ""moderate"",   ""self_reported_band_interpersonal"": ""low"" }"
6ac07c3845b0ce5cac4ab3569ea70236b7cfa8fd51576e12226279a282182dcb__v3_rideshare,"{""gt_group_ca"":11,""gt_interpersonal_ca"":12,""gt_group_band"":""low"",""gt_interpersonal_band"":""low""}","{   ""self_reported_group_ca"": 18,   ""self_reported_interpersonal_ca"": 12,   ""self_reported_band_group"": ""moderate"",   ""self_reported_band_interpersonal"": ""low"" }"
6ac07c3845b0ce5cac4ab3569ea70236b7cfa8fd51576e12226279a282182dcb__v3_public_transit,"{""gt_group_ca"":11,""gt_interpersonal_ca"":12,""gt_group_band"":""low"",""gt_interpersonal_band"":""low""}","{   ""self_reported_group_ca"": 18,   ""self_reported_interpersonal_ca"": 12,   ""self_reported_band_group"": ""moderate"",   ""self_reported_band_interpersonal"": ""low"" }"
6ac07c3845b0ce5cac4ab3569ea70236b7cfa8fd51576e12226279a282182dcb__v3_voice,"{""gt_group_ca"":11,""gt_interpersonal_ca"":12,""gt_group_band"":""low"",""gt_interpersonal_band"":""low""}","{   ""self_reported_group_ca"": 18,   ""self_reported_interpersonal_ca"": 12,   ""self_reported_band_group"": ""moderate"",   ""self_reported_band_interpersonal"": ""low"" }"
c67b3266ecd4af12979c1f67d1efffd0d3e9bfbc567d211e5b7a0724b7890b7d__demos,"{""gt_group_ca"":10,""gt_interpersonal_ca"":6,""gt_group_band"":""low"",""gt_interpersonal_band"":""low""}","{   ""self_reported_group_ca"": 18,   ""self_reported_interpersonal_ca"": 12,   ""self_reported_band_group"": ""moderate"",   ""self_reported_band_interpersonal"": ""low"" }"
c67b3266ecd4af12979c1f67d1efffd0d3e9bfbc567d211e5b7a0724b7890b7d__employment,"{""gt_group_ca"":10,""gt_interpersonal_ca"":6,""gt_group_band"":""low"",""gt_interpersonal_band"":""low""}","{   ""self_reported_group_ca"": 18,   ""self_reported_interpersonal_ca"": 12,   ""self_reported_band_group"": ""moderate"",   ""self_reported_band_interpersonal"": ""low"" }"
c67b3266ecd4af12979c1f67d1efffd0d3e9bfbc567d211e5b7a0724b7890b7d__geo,"{""gt_group_ca"":10,""gt_interpersonal_ca"":6,""gt_group_band"":""low"",""gt_interpersonal_band"":""low""}","{   ""self_reported_group_ca"": 18,   ""self_reported_interpersonal_ca"": 12,   ""self_reported_band_group"": ""moderate"",   ""self_reported_band_interpersonal"": ""low"" }"
c67b3266ecd4af12979c1f67d1efffd0d3e9bfbc567d211e5b7a0724b7890b7d__transit,"{""gt_group_ca"":10,""gt_interpersonal_ca"":6,""gt_group_band"":""low"",""gt_interpersonal_band"":""low""}","{   ""self_reported_group_ca"": 18,   ""self_reported_interpersonal_ca"": 12,   ""self_reported_band_group"": ""moderate"",   ""self_reported_band_interpersonal"": ""low"" }"
c67b3266ecd4af12979c1f67d1efffd0d3e9bfbc567d211e5b7a0724b7890b7d__full,"{""gt_group_ca"":10,""gt_interpersonal_ca"":6,""gt_group_band"":""low"",""gt_interpersonal_band"":""low""}","{   ""self_reported_group_ca"": 18,   ""self_reported_interpersonal_ca"": 12,   ""self_reported_band_group"": ""moderate"",   ""self_reported_band_interpersonal"": ""low"" }"
c67b3266ecd4af12979c1f67d1efffd0d3e9bfbc567d211e5b7a0724b7890b7d__v3_rideshare,"{""gt_group_ca"":10,""gt_interpersonal_ca"":6,""gt_group_band"":""low"",""gt_interpersonal_band"":""low""}","{   ""self_reported_group_ca"": 18,   ""self_reported_interpersonal_ca"": 12,   ""self_reported_band_group"": ""moderate"",   ""self_reported_band_interpersonal"": ""low"" }"
c67b3266ecd4af12979c1f67d1efffd0d3e9bfbc567d211e5b7a0724b7890b7d__v3_public_transit,"{""gt_group_ca"":10,""gt_interpersonal_ca"":6,""gt_group_band"":""low"",""gt_interpersonal_band"":""low""}","{   ""self_reported_group_ca"": 18,   ""self_reported_interpersonal_ca"": 12,   ""self_reported_band_group"": ""moderate"",   ""self_reported_band_interpersonal"": ""low"" }"
c67b3266ecd4af12979c1f67d1efffd0d3e9bfbc567d211e5b7a0724b7890b7d__v3_voice,"{""gt_group_ca"":10,""gt_interpersonal_ca"":6,""gt_group_band"":""low"",""gt_interpersonal_band"":""low""}","{   ""self_reported_group_ca"": 18,   ""self_reported_interpersonal_ca"": 12,   ""self_reported_band_group"": ""moderate"",   ""self_reported_band_interpersonal"": ""low"" }"
1cefb8d34b92489e8ffd9cf34c469964f0527b1cae33e00a8a52f4aef0d66679__demos,"{""gt_group_ca"":8,""gt_interpersonal_ca"":12,""gt_group_band"":""low"",""gt_interpersonal_band"":""low""}","{   ""self_reported_group_ca"": 18,   ""self_reported_interpersonal_ca"": 12,   ""self_reported_band_group"": ""moderate"",   ""self_reported_band_interpersonal"": ""low"" }"
1cefb8d34b92489e8ffd9cf34c469964f0527b1cae33e00a8a52f4aef0d66679__employment,"{""gt_group_ca"":8,""gt_interpersonal_ca"":12,""gt_group_band"":""low"",""gt_interpersonal_band"":""low""}","{   ""self_reported_group_ca"": 18,   ""self_reported_interpersonal_ca"": 12,   ""self_reported_band_group"": ""moderate"",   ""self_reported_band_interpersonal"": ""low"" }"
1cefb8d34b92489e8ffd9cf34c469964f0527b1cae33e00a8a52f4aef0d66679__geo,"{""gt_group_ca"":8,""gt_interpersonal_ca"":12,""gt_group_band"":""low"",""gt_interpersonal_band"":""low""}","{   ""self_reported_group_ca"": 18,   ""self_reported_interpersonal_ca"": 12,   ""self_reported_band_group"": ""moderate"",   ""self_reported_band_interpersonal"": ""low"" }"
1cefb8d34b92489e8ffd9cf34c469964f0527b1cae33e00a8a52f4aef0d66679__transit,"{""gt_group_ca"":8,""gt_interpersonal_ca"":12,""gt_group_band"":""low"",""gt_interpersonal_band"":""low""}","{   ""self_reported_group_ca"": 18,   ""self_reported_interpersonal_ca"": 12,   ""self_reported_band_group"": ""moderate"",   ""self_reported_band_interpersonal"": ""low"" }"
1cefb8d34b92489e8ffd9cf34c469964f0527b1cae33e00a8a52f4aef0d66679__full,"{""gt_group_ca"":8,""gt_interpersonal_ca"":12,""gt_group_band"":""low"",""gt_interpersonal_band"":""low""}","{   ""self_reported_group_ca"": 18,   ""self_reported_interpersonal_ca"": 12,   ""self_reported_band_group"": ""moderate"",   ""self_reported_band_interpersonal"": ""low"" }"
1cefb8d34b92489e8ffd9cf34c469964f0527b1cae33e00a8a52f4aef0d66679__v3_rideshare,"{""gt_group_ca"":8,""gt_interpersonal_ca"":12,""gt_group_band"":""low"",""gt_interpersonal_band"":""low""}","{   ""self_reported_group_ca"": 18,   ""self_reported_interpersonal_ca"": 12,   ""self_reported_band_group"": ""moderate"",   ""self_reported_band_interpersonal"": ""low"" }"
1cefb8d34b92489e8ffd9cf34c469964f0527b1cae33e00a8a52f4aef0d66679__v3_public_transit,"{""gt_group_ca"":8,""gt_interpersonal_ca"":12,""gt_group_band"":""low"",""gt_interpersonal_band"":""low""}","{   ""self_reported_group_ca"": 18,   ""self_reported_interpersonal_ca"": 12,   ""self_reported_band_group"": ""moderate"",   ""self_reported_band_interpersonal"": ""low"" }"
1cefb8d34b92489e8ffd9cf34c469964f0527b1cae33e00a8a52f4aef0d66679__v3_voice,"{""gt_group_ca"":8,""gt_interpersonal_ca"":12,""gt_group_band"":""low"",""gt_interpersonal_band"":""low""}","{   ""self_reported_group_ca"": 18,   ""self_reported_interpersonal_ca"": 12,   ""self_reported_band_group"": ""moderate"",   ""self_reported_band_interpersonal"": ""low"" }"
8b18183122f0ff05f1e8d91d221d64f2c42a93cbe76493b2b687865c2bd75615__demos,"{""gt_group_ca"":13,""gt_interpersonal_ca"":11,""gt_group_band"":""low"",""gt_interpersonal_band"":""low""}","{   ""self_reported_group_ca"": 18,   ""self_reported_interpersonal_ca"": 12,   ""self_reported_band_group"": ""moderate"",   ""self_reported_band_interpersonal"": ""low"" }"
8b18183122f0ff05f1e8d91d221d64f2c42a93cbe76493b2b687865c2bd75615__employment,"{""gt_group_ca"":13,""gt_interpersonal_ca"":11,""gt_group_band"":""low"",""gt_interpersonal_band"":""low""}","{   ""self_reported_group_ca"": 18,   ""self_reported_interpersonal_ca"": 12,   ""self_reported_band_group"": ""moderate"",   ""self_reported_band_interpersonal"": ""low"" }"
8b18183122f0ff05f1e8d91d221d64f2c42a93cbe76493b2b687865c2bd75615__geo,"{""gt_group_ca"":13,""gt_interpersonal_ca"":11,""gt_group_band"":""low"",""gt_interpersonal_band"":""low""}","{   ""self_reported_group_ca"": 18,   ""self_reported_interpersonal_ca"": 12,   ""self_reported_band_group"": ""moderate"",   ""self_reported_band_interpersonal"": ""low"" }"
8b18183122f0ff05f1e8d91d221d64f2c42a93cbe76493b2b687865c2bd75615__transit,"{""gt_group_ca"":13,""gt_interpersonal_ca"":11,""gt_group_band"":""low"",""gt_interpersonal_band"":""low""}","{   ""self_reported_group_ca"": 18,   ""self_reported_interpersonal_ca"": 12,   ""self_reported_band_group"": ""moderate"",   ""self_reported_band_interpersonal"": ""low"" }"
8b18183122f0ff05f1e8d91d221d64f2c42a93cbe76493b2b687865c2bd75615__full,"{""gt_group_ca"":13,""gt_interpersonal_ca"":11,""gt_group_band"":""low"",""gt_interpersonal_band"":""low""}","{   ""self_reported_group_ca"": 18,   ""self_reported_interpersonal_ca"": 12,   ""self_reported_band_group"": ""moderate"",   ""self_reported_band_interpersonal"": ""low"" }"
8b18183122f0ff05f1e8d91d221d64f2c42a93cbe76493b2b687865c2bd75615__v3_rideshare,"{""gt_group_ca"":13,""gt_interpersonal_ca"":11,""gt_group_band"":""low"",""gt_interpersonal_band"":""low""}","{   ""self_reported_group_ca"": 18,   ""self_reported_interpersonal_ca"": 12,   ""self_reported_band_group"": ""moderate"",   ""self_reported_band_interpersonal"": ""low"" }"
8b18183122f0ff05f1e8d91d221d64f2c42a93cbe76493b2b687865c2bd75615__v3_public_transit,"{""gt_group_ca"":13,""gt_interpersonal_ca"":11,""gt_group_band"":""low"",""gt_interpersonal_band"":""low""}","{   ""self_reported_group_ca"": 18,   ""self_reported_interpersonal_ca"": 12,   ""self_reported_band_group"": ""moderate"",   ""self_reported_band_interpersonal"": ""low"" }"
8b18183122f0ff05f1e8d91d221d64f2c42a93cbe76493b2b687865c2bd75615__v3_voice,"{""gt_group_ca"":13,""gt_interpersonal_ca"":11,""gt_group_band"":""low"",""gt_interpersonal_band"":""low""}","{   ""self_reported_group_ca"": 18,   ""self_reported_interpersonal_ca"": 12,   ""self_reported_band_group"": ""moderate"",   ""self_reported_band_interpersonal"": ""low"" }"
e016f6176ab1858386b30c35d540459c50cb23634fe0ca1180801474966f44a1__demos,"{""gt_group_ca"":7,""gt_interpersonal_ca"":9,""gt_group_band"":""low"",""gt_interpersonal_band"":""low""}","{   ""self_reported_group_ca"": 18,   ""self_reported_interpersonal_ca"": 12,   ""self_reported_band_group"": ""moderate"",   ""self_reported_band_interpersonal"": ""low"" }"
e016f6176ab1858386b30c35d540459c50cb23634fe0ca1180801474966f44a1__employment,"{""gt_group_ca"":7,""gt_interpersonal_ca"":9,""gt_group_band"":""low"",""gt_interpersonal_band"":""low""}","{   ""self_reported_group_ca"": 18,   ""self_reported_interpersonal_ca"": 12,   ""self_reported_band_group"": ""moderate"",   ""self_reported_band_interpersonal"": ""low"" }"
e016f6176ab1858386b30c35d540459c50cb23634fe0ca1180801474966f44a1__geo,"{""gt_group_ca"":7,""gt_interpersonal_ca"":9,""gt_group_band"":""low"",""gt_interpersonal_band"":""low""}","{   ""self_reported_group_ca"": 18,   ""self_reported_interpersonal_ca"": 12,   ""self_reported_band_group"": ""moderate"",   ""self_reported_band_interpersonal"": ""low"" }"
e016f6176ab1858386b30c35d540459c50cb23634fe0ca1180801474966f44a1__transit,"{""gt_group_ca"":7,""gt_interpersonal_ca"":9,""gt_group_band"":""low"",""gt_interpersonal_band"":""low""}","{   ""self_reported_group_ca"": 18,   ""self_reported_interpersonal_ca"": 12,   ""self_reported_band_group"": ""moderate"",   ""self_reported_band_interpersonal"": ""low"" }"
e016f6176ab1858386b30c35d540459c50cb23634fe0ca1180801474966f44a1__full,"{""gt_group_ca"":7,""gt_interpersonal_ca"":9,""gt_group_band"":""low"",""gt_interpersonal_band"":""low""}","{   ""self_reported_group_ca"": 18,   ""self_reported_interpersonal_ca"": 12,   ""self_reported_band_group"": ""moderate"",   ""self_reported_band_interpersonal"": ""low"" }"
e016f6176ab1858386b30c35d540459c50cb23634fe0ca1180801474966f44a1__v3_rideshare,"{""gt_group_ca"":7,""gt_interpersonal_ca"":9,""gt_group_band"":""low"",""gt_interpersonal_band"":""low""}","{   ""self_reported_group_ca"": 18,   ""self_reported_interpersonal_ca"": 12,   ""self_reported_band_group"": ""moderate"",   ""self_reported_band_interpersonal"": ""low"" }"
e016f6176ab1858386b30c35d540459c50cb23634fe0ca1180801474966f44a1__v3_public_transit,"{""gt_group_ca"":7,""gt_interpersonal_ca"":9,""gt_group_band"":""low"",""gt_interpersonal_band"":""low""}","{   ""self_reported_group_ca"": 18,   ""self_reported_interpersonal_ca"": 12,   ""self_reported_band_group"": ""moderate"",   ""self_reported_band_interpersonal"": ""low"" }"
e016f6176ab1858386b30c35d540459c50cb23634fe0ca1180801474966f44a1__v3_voice,"{""gt_group_ca"":7,""gt_interpersonal_ca"":9,""gt_group_band"":""low"",""gt_interpersonal_band"":""low""}","{   ""self_reported_group_ca"": 18,   ""self_reported_interpersonal_ca"": 12,   ""self_reported_band_group"": ""moderate"",   ""self_reported_band_interpersonal"": ""low"" }"
dd906887a20ca90b810e521efb8f169ac1d5796fbef5c01a408dde0a0f914d24__demos,"{""gt_group_ca"":17,""gt_interpersonal_ca"":18,""gt_group_band"":""moderate"",""gt_interpersonal_band"":""moderate""}","{   ""self_reported_group_ca"": 18,   ""self_reported_interpersonal_ca"": 12,   ""self_reported_band_group"": ""moderate"",   ""self_reported_band_interpersonal"": ""low"" }"
dd906887a20ca90b810e521efb8f169ac1d5796fbef5c01a408dde0a0f914d24__employment,"{""gt_group_ca"":17,""gt_interpersonal_ca"":18,""gt_group_band"":""moderate"",""gt_interpersonal_band"":""moderate""}","{   ""self_reported_group_ca"": 18,   ""self_reported_interpersonal_ca"": 12,   ""self_reported_band_group"": ""moderate"",   ""self_reported_band_interpersonal"": ""low"" }"
dd906887a20ca90b810e521efb8f169ac1d5796fbef5c01a408dde0a0f914d24__geo,"{""gt_group_ca"":17,""gt_interpersonal_ca"":18,""gt_group_band"":""moderate"",""gt_interpersonal_band"":""moderate""}","{   ""self_reported_group_ca"": 18,   ""self_reported_interpersonal_ca"": 12,   ""self_reported_band_group"": ""moderate"",   ""self_reported_band_interpersonal"": ""low"" }"
dd906887a20ca90b810e521efb8f169ac1d5796fbef5c01a408dde0a0f914d24__transit,"{""gt_group_ca"":17,""gt_interpersonal_ca"":18,""gt_group_band"":""moderate"",""gt_interpersonal_band"":""moderate""}","{   ""self_reported_group_ca"": 18,   ""self_reported_interpersonal_ca"": 12,   ""self_reported_band_group"": ""moderate"",   ""self_reported_band_interpersonal"": ""low"" }"
dd906887a20ca90b810e521efb8f169ac1d5796fbef5c01a408dde0a0f914d24__full,"{""gt_group_ca"":17,""gt_interpersonal_ca"":18,""gt_group_band"":""moderate"",""gt_interpersonal_band"":""moderate""}","{   ""self_reported_group_ca"": 18,   ""self_reported_interpersonal_ca"": 12,   ""self_reported_band_group"": ""moderate"",   ""self_reported_band_interpersonal"": ""low"" }"
dd906887a20ca90b810e521efb8f169ac1d5796fbef5c01a408dde0a0f914d24__v3_rideshare,"{""gt_group_ca"":17,""gt_interpersonal_ca"":18,""gt_group_band"":""moderate"",""gt_interpersonal_band"":""moderate""}","{   ""self_reported_group_ca"": 18,   ""self_reported_interpersonal_ca"": 12,   ""self_reported_band_group"": ""moderate"",   ""self_reported_band_interpersonal"": ""low"" }"
dd906887a20ca90b810e521efb8f169ac1d5796fbef5c01a408dde0a0f914d24__v3_public_transit,"{""gt_group_ca"":17,""gt_interpersonal_ca"":18,""gt_group_band"":""moderate"",""gt_interpersonal_band"":""moderate""}","{   ""self_reported_group_ca"": 18,   ""self_reported_interpersonal_ca"": 12,   ""self_reported_band_group"": ""moderate"",   ""self_reported_band_interpersonal"": ""low"" }"
dd906887a20ca90b810e521efb8f169ac1d5796fbef5c01a408dde0a0f914d24__v3_voice,"{""gt_group_ca"":17,""gt_interpersonal_ca"":18,""gt_group_band"":""moderate"",""gt_interpersonal_band"":""moderate""}","{   ""self_reported_group_ca"": 18,   ""self_reported_interpersonal_ca"": 12,   ""self_reported_band_group"": ""moderate"",   ""self_reported_band_interpersonal"": ""low"" }"
be50e58a727d0044c244bd159ebad85fd6a362ac924a67e0024fe229b9217366__demos,"{""gt_group_ca"":6,""gt_interpersonal_ca"":12,""gt_group_band"":""low"",""gt_interpersonal_band"":""low""}","{   ""self_reported_group_ca"": 18,   ""self_reported_interpersonal_ca"": 12,   ""self_reported_band_group"": ""moderate"",   ""self_reported_band_interpersonal"": ""low"" }"
be50e58a727d0044c244bd159ebad85fd6a362ac924a67e0024fe229b9217366__employment,"{""gt_group_ca"":6,""gt_interpersonal_ca"":12,""gt_group_band"":""low"",""gt_interpersonal_band"":""low""}","{   ""self_reported_group_ca"": 18,   ""self_reported_interpersonal_ca"": 12,   ""self_reported_band_group"": ""moderate"",   ""self_reported_band_interpersonal"": ""low"" }"
be50e58a727d0044c244bd159ebad85fd6a362ac924a67e0024fe229b9217366__geo,"{""gt_group_ca"":6,""gt_interpersonal_ca"":12,""gt_group_band"":""low"",""gt_interpersonal_band"":""low""}","{   ""self_reported_group_ca"": 18,   ""self_reported_interpersonal_ca"": 12,   ""self_reported_band_group"": ""moderate"",   ""self_reported_band_interpersonal"": ""low"" }"
be50e58a727d0044c244bd159ebad85fd6a362ac924a67e0024fe229b9217366__transit,"{""gt_group_ca"":6,""gt_interpersonal_ca"":12,""gt_group_band"":""low"",""gt_interpersonal_band"":""low""}","{   ""self_reported_group_ca"": 18,   ""self_reported_interpersonal_ca"": 12,   ""self_reported_band_group"": ""moderate"",   ""self_reported_band_interpersonal"": ""low"" }"
be50e58a727d0044c244bd159ebad85fd6a362ac924a67e0024fe229b9217366__full,"{""gt_group_ca"":6,""gt_interpersonal_ca"":12,""gt_group_band"":""low"",""gt_interpersonal_band"":""low""}","{   ""self_reported_group_ca"": 18,   ""self_reported_interpersonal_ca"": 12,   ""self_reported_band_group"": ""moderate"",   ""self_reported_band_interpersonal"": ""low"" }"
be50e58a727d0044c244bd159ebad85fd6a362ac924a67e0024fe229b9217366__v3_rideshare,"{""gt_group_ca"":6,""gt_interpersonal_ca"":12,""gt_group_band"":""low"",""gt_interpersonal_band"":""low""}","{   ""self_reported_group_ca"": 18,   ""self_reported_interpersonal_ca"": 12,   ""self_reported_band_group"": ""moderate"",   ""self_reported_band_interpersonal"": ""low"" }"
be50e58a727d0044c244bd159ebad85fd6a362ac924a67e0024fe229b9217366__v3_public_transit,"{""gt_group_ca"":6,""gt_interpersonal_ca"":12,""gt_group_band"":""low"",""gt_interpersonal_band"":""low""}","{   ""self_reported_group_ca"": 18,   ""self_reported_interpersonal_ca"": 12,   ""self_reported_band_group"": ""moderate"",   ""self_reported_band_interpersonal"": ""low"" }"
be50e58a727d0044c244bd159ebad85fd6a362ac924a67e0024fe229b9217366__v3_voice,"{""gt_group_ca"":6,""gt_interpersonal_ca"":12,""gt_group_band"":""low"",""gt_interpersonal_band"":""low""}","{   ""self_reported_group_ca"": 18,   ""self_reported_interpersonal_ca"": 12,   ""self_reported_band_group"": ""moderate"",   ""self_reported_band_interpersonal"": ""low"" }"
16de84084b9fa11f26ac309c29d6fe7e89d68a8c268edea598e0a1a1f84baf39__demos,"{""gt_group_ca"":8,""gt_interpersonal_ca"":16,""gt_group_band"":""low"",""gt_interpersonal_band"":""moderate""}","{   ""self_reported_group_ca"": 18,   ""self_reported_interpersonal_ca"": 12,   ""self_reported_band_group"": ""moderate"",   ""self_reported_band_interpersonal"": ""low"" }"
16de84084b9fa11f26ac309c29d6fe7e89d68a8c268edea598e0a1a1f84baf39__employment,"{""gt_group_ca"":8,""gt_interpersonal_ca"":16,""gt_group_band"":""low"",""gt_interpersonal_band"":""moderate""}","{   ""self_reported_group_ca"": 18,   ""self_reported_interpersonal_ca"": 12,   ""self_reported_band_group"": ""moderate"",   ""self_reported_band_interpersonal"": ""low"" }"
16de84084b9fa11f26ac309c29d6fe7e89d68a8c268edea598e0a1a1f84baf39__geo,"{""gt_group_ca"":8,""gt_interpersonal_ca"":16,""gt_group_band"":""low"",""gt_interpersonal_band"":""moderate""}","{   ""self_reported_group_ca"": 18,   ""self_reported_interpersonal_ca"": 12,   ""self_reported_band_group"": ""moderate"",   ""self_reported_band_interpersonal"": ""low"" }"
16de84084b9fa11f26ac309c29d6fe7e89d68a8c268edea598e0a1a1f84baf39__transit,"{""gt_group_ca"":8,""gt_interpersonal_ca"":16,""gt_group_band"":""low"",""gt_interpersonal_band"":""moderate""}","{   ""self_reported_group_ca"": 18,   ""self_reported_interpersonal_ca"": 12,   ""self_reported_band_group"": ""moderate"",   ""self_reported_band_interpersonal"": ""low"" }"
16de84084b9fa11f26ac309c29d6fe7e89d68a8c268edea598e0a1a1f84baf39__full,"{""gt_group_ca"":8,""gt_interpersonal_ca"":16,""gt_group_band"":""low"",""gt_interpersonal_band"":""moderate""}","{   ""self_reported_group_ca"": 18,   ""self_reported_interpersonal_ca"": 12,   ""self_reported_band_group"": ""moderate"",   ""self_reported_band_interpersonal"": ""low"" }"
16de84084b9fa11f26ac309c29d6fe7e89d68a8c268edea598e0a1a1f84baf39__v3_rideshare,"{""gt_group_ca"":8,""gt_interpersonal_ca"":16,""gt_group_band"":""low"",""gt_interpersonal_band"":""moderate""}","{   ""self_reported_group_ca"": 18,   ""self_reported_interpersonal_ca"": 12,   ""self_reported_band_group"": ""moderate"",   ""self_reported_band_interpersonal"": ""low"" }"
16de84084b9fa11f26ac309c29d6fe7e89d68a8c268edea598e0a1a1f84baf39__v3_public_transit,"{""gt_group_ca"":8,""gt_interpersonal_ca"":16,""gt_group_band"":""low"",""gt_interpersonal_band"":""moderate""}","{   ""self_reported_group_ca"": 18,   ""self_reported_interpersonal_ca"": 12,   ""self_reported_band_group"": ""moderate"",   ""self_reported_band_interpersonal"": ""low"" }"
16de84084b9fa11f26ac309c29d6fe7e89d68a8c268edea598e0a1a1f84baf39__v3_voice,"{""gt_group_ca"":8,""gt_interpersonal_ca"":16,""gt_group_band"":""low"",""gt_interpersonal_band"":""moderate""}","{   ""self_reported_group_ca"": 18,   ""self_reported_interpersonal_ca"": 12,   ""self_reported_band_group"": ""moderate"",   ""self_reported_band_interpersonal"": ""low"" }"
0f875094985719584b30014d70892ff6e6fec6010cf00e3f6818f1b1233ad913__demos,"{""gt_group_ca"":12,""gt_interpersonal_ca"":12,""gt_group_band"":""low"",""gt_interpersonal_band"":""low""}","{   ""self_reported_group_ca"": 18,   ""self_reported_interpersonal_ca"": 12,   ""self_reported_band_group"": ""moderate"",   ""self_reported_band_interpersonal"": ""low"" }"
0f875094985719584b30014d70892ff6e6fec6010cf00e3f6818f1b1233ad913__employment,"{""gt_group_ca"":12,""gt_interpersonal_ca"":12,""gt_group_band"":""low"",""gt_interpersonal_band"":""low""}","{   ""self_reported_group_ca"": 18,   ""self_reported_interpersonal_ca"": 12,   ""self_reported_band_group"": ""moderate"",   ""self_reported_band_interpersonal"": ""low"" }"
0f875094985719584b30014d70892ff6e6fec6010cf00e3f6818f1b1233ad913__geo,"{""gt_group_ca"":12,""gt_interpersonal_ca"":12,""gt_group_band"":""low"",""gt_interpersonal_band"":""low""}","{   ""self_reported_group_ca"": 18,   ""self_reported_interpersonal_ca"": 12,   ""self_reported_band_group"": ""moderate"",   ""self_reported_band_interpersonal"": ""low"" }"
0f875094985719584b30014d70892ff6e6fec6010cf00e3f6818f1b1233ad913__transit,"{""gt_group_ca"":12,""gt_interpersonal_ca"":12,""gt_group_band"":""low"",""gt_interpersonal_band"":""low""}","{   ""self_reported_group_ca"": 18,   ""self_reported_interpersonal_ca"": 12,   ""self_reported_band_group"": ""moderate"",   ""self_reported_band_interpersonal"": ""low"" }"
0f875094985719584b30014d70892ff6e6fec6010cf00e3f6818f1b1233ad913__full,"{""gt_group_ca"":12,""gt_interpersonal_ca"":12,""gt_group_band"":""low"",""gt_interpersonal_band"":""low""}","{   ""self_reported_group_ca"": 18,   ""self_reported_interpersonal_ca"": 12,   ""self_reported_band_group"": ""moderate"",   ""self_reported_band_interpersonal"": ""low"" }"
0f875094985719584b30014d70892ff6e6fec6010cf00e3f6818f1b1233ad913__v3_rideshare,"{""gt_group_ca"":12,""gt_interpersonal_ca"":12,""gt_group_band"":""low"",""gt_interpersonal_band"":""low""}","{   ""self_reported_group_ca"": 18,   ""self_reported_interpersonal_ca"": 12,   ""self_reported_band_group"": ""moderate"",   ""self_reported_band_interpersonal"": ""low"" }"
0f875094985719584b30014d70892ff6e6fec6010cf00e3f6818f1b1233ad913__v3_public_transit,"{""gt_group_ca"":12,""gt_interpersonal_ca"":12,""gt_group_band"":""low"",""gt_interpersonal_band"":""low""}","{   ""self_reported_group_ca"": 18,   ""self_reported_interpersonal_ca"": 12,   ""self_reported_band_group"": ""moderate"",   ""self_reported_band_interpersonal"": ""low"" }"
0f875094985719584b30014d70892ff6e6fec6010cf00e3f6818f1b1233ad913__v3_voice,"{""gt_group_ca"":12,""gt_interpersonal_ca"":12,""gt_group_band"":""low"",""gt_interpersonal_band"":""low""}","{   ""self_reported_group_ca"": 18,   ""self_reported_interpersonal_ca"": 12,   ""self_reported_band_group"": ""moderate"",   ""self_reported_band_interpersonal"": ""low"" }"
6b74f0ba4a90e5fb700c9806519f2192ae08ed9fb1b6c568540332fc0f32a96b__demos,"{""gt_group_ca"":12,""gt_interpersonal_ca"":14,""gt_group_band"":""low"",""gt_interpersonal_band"":""moderate""}","{   ""self_reported_group_ca"": 18,   ""self_reported_interpersonal_ca"": 12,   ""self_reported_band_group"": ""moderate"",   ""self_reported_band_interpersonal"": ""low"" }"
6b74f0ba4a90e5fb700c9806519f2192ae08ed9fb1b6c568540332fc0f32a96b__employment,"{""gt_group_ca"":12,""gt_interpersonal_ca"":14,""gt_group_band"":""low"",""gt_interpersonal_band"":""moderate""}","{   ""self_reported_group_ca"": 18,   ""self_reported_interpersonal_ca"": 12,   ""self_reported_band_group"": ""moderate"",   ""self_reported_band_interpersonal"": ""low"" }"
6b74f0ba4a90e5fb700c9806519f2192ae08ed9fb1b6c568540332fc0f32a96b__geo,"{""gt_group_ca"":12,""gt_interpersonal_ca"":14,""gt_group_band"":""low"",""gt_interpersonal_band"":""moderate""}","{   ""self_reported_group_ca"": 18,   ""self_reported_interpersonal_ca"": 12,   ""self_reported_band_group"": ""moderate"",   ""self_reported_band_interpersonal"": ""low"" }"
6b74f0ba4a90e5fb700c9806519f2192ae08ed9fb1b6c568540332fc0f32a96b__transit,"{""gt_group_ca"":12,""gt_interpersonal_ca"":14,""gt_group_band"":""low"",""gt_interpersonal_band"":""moderate""}","{   ""self_reported_group_ca"": 18,   ""self_reported_interpersonal_ca"": 12,   ""self_reported_band_group"": ""moderate"",   ""self_reported_band_interpersonal"": ""low"" }"
6b74f0ba4a90e5fb700c9806519f2192ae08ed9fb1b6c568540332fc0f32a96b__full,"{""gt_group_ca"":12,""gt_interpersonal_ca"":14,""gt_group_band"":""low"",""gt_interpersonal_band"":""moderate""}","{   ""self_reported_group_ca"": 18,   ""self_reported_interpersonal_ca"": 12,   ""self_reported_band_group"": ""moderate"",   ""self_reported_band_interpersonal"": ""low"" }"
6b74f0ba4a90e5fb700c9806519f2192ae08ed9fb1b6c568540332fc0f32a96b__v3_rideshare,"{""gt_group_ca"":12,""gt_interpersonal_ca"":14,""gt_group_band"":""low"",""gt_interpersonal_band"":""moderate""}","{   ""self_reported_group_ca"": 18,   ""self_reported_interpersonal_ca"": 12,   ""self_reported_band_group"": ""moderate"",   ""self_reported_band_interpersonal"": ""low"" }"
6b74f0ba4a90e5fb700c9806519f2192ae08ed9fb1b6c568540332fc0f32a96b__v3_public_transit,"{""gt_group_ca"":12,""gt_interpersonal_ca"":14,""gt_group_band"":""low"",""gt_interpersonal_band"":""moderate""}","{   ""self_reported_group_ca"": 18,   ""self_reported_interpersonal_ca"": 12,   ""self_reported_band_group"": ""moderate"",   ""self_reported_band_interpersonal"": ""low"" }"
6b74f0ba4a90e5fb700c9806519f2192ae08ed9fb1b6c568540332fc0f32a96b__v3_voice,"{""gt_group_ca"":12,""gt_interpersonal_ca"":14,""gt_group_band"":""low"",""gt_interpersonal_band"":""moderate""}","{   ""self_reported_group_ca"": 18,   ""self_reported_interpersonal_ca"": 12,   ""self_reported_band_group"": ""moderate"",   ""self_reported_band_interpersonal"": ""low"" }"
0689a39664b0e2e55ae5b5447565c2e80567e5c4b0394474c5d04975810725c6__demos,"{""gt_group_ca"":12,""gt_interpersonal_ca"":11,""gt_group_band"":""low"",""gt_interpersonal_band"":""low""}","{   ""self_reported_group_ca"": 18,   ""self_reported_interpersonal_ca"": 12,   ""self_reported_band_group"": ""moderate"",   ""self_reported_band_interpersonal"": ""low"" }"
0689a39664b0e2e55ae5b5447565c2e80567e5c4b0394474c5d04975810725c6__employment,"{""gt_group_ca"":12,""gt_interpersonal_ca"":11,""gt_group_band"":""low"",""gt_interpersonal_band"":""low""}","{   ""self_reported_group_ca"": 18,   ""self_reported_interpersonal_ca"": 12,   ""self_reported_band_group"": ""moderate"",   ""self_reported_band_interpersonal"": ""low"" }"
0689a39664b0e2e55ae5b5447565c2e80567e5c4b0394474c5d04975810725c6__geo,"{""gt_group_ca"":12,""gt_interpersonal_ca"":11,""gt_group_band"":""low"",""gt_interpersonal_band"":""low""}","{   ""self_reported_group_ca"": 18,   ""self_reported_interpersonal_ca"": 12,   ""self_reported_band_group"": ""moderate"",   ""self_reported_band_interpersonal"": ""low"" }"
0689a39664b0e2e55ae5b5447565c2e80567e5c4b0394474c5d04975810725c6__transit,"{""gt_group_ca"":12,""gt_interpersonal_ca"":11,""gt_group_band"":""low"",""gt_interpersonal_band"":""low""}","{   ""self_reported_group_ca"": 18,   ""self_reported_interpersonal_ca"": 12,   ""self_reported_band_group"": ""moderate"",   ""self_reported_band_interpersonal"": ""low"" }"
0689a39664b0e2e55ae5b5447565c2e80567e5c4b0394474c5d04975810725c6__full,"{""gt_group_ca"":12,""gt_interpersonal_ca"":11,""gt_group_band"":""low"",""gt_interpersonal_band"":""low""}","{   ""self_reported_group_ca"": 18,   ""self_reported_interpersonal_ca"": 12,   ""self_reported_band_group"": ""moderate"",   ""self_reported_band_interpersonal"": ""low"" }"
0689a39664b0e2e55ae5b5447565c2e80567e5c4b0394474c5d04975810725c6__v3_rideshare,"{""gt_group_ca"":12,""gt_interpersonal_ca"":11,""gt_group_band"":""low"",""gt_interpersonal_band"":""low""}","{   ""self_reported_group_ca"": 18,   ""self_reported_interpersonal_ca"": 12,   ""self_reported_band_group"": ""moderate"",   ""self_reported_band_interpersonal"": ""low"" }"
0689a39664b0e2e55ae5b5447565c2e80567e5c4b0394474c5d04975810725c6__v3_public_transit,"{""gt_group_ca"":12,""gt_interpersonal_ca"":11,""gt_group_band"":""low"",""gt_interpersonal_band"":""low""}","{   ""self_reported_group_ca"": 18,   ""self_reported_interpersonal_ca"": 12,   ""self_reported_band_group"": ""moderate"",   ""self_reported_band_interpersonal"": ""low"" }"
0689a39664b0e2e55ae5b5447565c2e80567e5c4b0394474c5d04975810725c6__v3_voice,"{""gt_group_ca"":12,""gt_interpersonal_ca"":11,""gt_group_band"":""low"",""gt_interpersonal_band"":""low""}","{   ""self_reported_group_ca"": 18,   ""self_reported_interpersonal_ca"": 12,   ""self_reported_band_group"": ""moderate"",   ""self_reported_band_interpersonal"": ""low"" }"
2ff0a9ce8058a553d54c6b0e76fd5c463e5e760eb77d9fb88139f815753a6bbf__demos,"{""gt_group_ca"":9,""gt_interpersonal_ca"":13,""gt_group_band"":""low"",""gt_interpersonal_band"":""low""}","{   ""self_reported_group_ca"": 18,   ""self_reported_interpersonal_ca"": 12,   ""self_reported_band_group"": ""moderate"",   ""self_reported_band_interpersonal"": ""low"" }"
2ff0a9ce8058a553d54c6b0e76fd5c463e5e760eb77d9fb88139f815753a6bbf__employment,"{""gt_group_ca"":9,""gt_interpersonal_ca"":13,""gt_group_band"":""low"",""gt_interpersonal_band"":""low""}","{   ""self_reported_group_ca"": 18,   ""self_reported_interpersonal_ca"": 12,   ""self_reported_band_group"": ""moderate"",   ""self_reported_band_interpersonal"": ""low"" }"
2ff0a9ce8058a553d54c6b0e76fd5c463e5e760eb77d9fb88139f815753a6bbf__geo,"{""gt_group_ca"":9,""gt_interpersonal_ca"":13,""gt_group_band"":""low"",""gt_interpersonal_band"":""low""}","{   ""self_reported_group_ca"": 18,   ""self_reported_interpersonal_ca"": 12,   ""self_reported_band_group"": ""moderate"",   ""self_reported_band_interpersonal"": ""low"" }"
2ff0a9ce8058a553d54c6b0e76fd5c463e5e760eb77d9fb88139f815753a6bbf__transit,"{""gt_group_ca"":9,""gt_interpersonal_ca"":13,""gt_group_band"":""low"",""gt_interpersonal_band"":""low""}","{   ""self_reported_group_ca"": 18,   ""self_reported_interpersonal_ca"": 12,   ""self_reported_band_group"": ""moderate"",   ""self_reported_band_interpersonal"": ""low"" }"
2ff0a9ce8058a553d54c6b0e76fd5c463e5e760eb77d9fb88139f815753a6bbf__full,"{""gt_group_ca"":9,""gt_interpersonal_ca"":13,""gt_group_band"":""low"",""gt_interpersonal_band"":""low""}","{   ""self_reported_group_ca"": 18,   ""self_reported_interpersonal_ca"": 12,   ""self_reported_band_group"": ""moderate"",   ""self_reported_band_interpersonal"": ""low"" }"
2ff0a9ce8058a553d54c6b0e76fd5c463e5e760eb77d9fb88139f815753a6bbf__v3_rideshare,"{""gt_group_ca"":9,""gt_interpersonal_ca"":13,""gt_group_band"":""low"",""gt_interpersonal_band"":""low""}","{   ""self_reported_group_ca"": 18,   ""self_reported_interpersonal_ca"": 12,   ""self_reported_band_group"": ""moderate"",   ""self_reported_band_interpersonal"": ""low"" }"
2ff0a9ce8058a553d54c6b0e76fd5c463e5e760eb77d9fb88139f815753a6bbf__v3_public_transit,"{""gt_group_ca"":9,""gt_interpersonal_ca"":13,""gt_group_band"":""low"",""gt_interpersonal_band"":""low""}","{   ""self_reported_group_ca"": 18,   ""self_reported_interpersonal_ca"": 12,   ""self_reported_band_group"": ""moderate"",   ""self_reported_band_interpersonal"": ""low"" }"
2ff0a9ce8058a553d54c6b0e76fd5c463e5e760eb77d9fb88139f815753a6bbf__v3_voice,"{""gt_group_ca"":9,""gt_interpersonal_ca"":13,""gt_group_band"":""low"",""gt_interpersonal_band"":""low""}","{   ""self_reported_group_ca"": 18,   ""self_reported_interpersonal_ca"": 12,   ""self_reported_band_group"": ""moderate"",   ""self_reported_band_interpersonal"": ""low"" }"
f5d1c0c3178473706df1d182e27fdf291021ebd0df189d4cec689a6f1f26acea__demos,"{""gt_group_ca"":12,""gt_interpersonal_ca"":12,""gt_group_band"":""low"",""gt_interpersonal_band"":""low""}","{   ""self_reported_group_ca"": 18,   ""self_reported_interpersonal_ca"": 12,   ""self_reported_band_group"": ""moderate"",   ""self_reported_band_interpersonal"": ""low"" }"
f5d1c0c3178473706df1d182e27fdf291021ebd0df189d4cec689a6f1f26acea__employment,"{""gt_group_ca"":12,""gt_interpersonal_ca"":12,""gt_group_band"":""low"",""gt_interpersonal_band"":""low""}","{   ""self_reported_group_ca"": 18,   ""self_reported_interpersonal_ca"": 12,   ""self_reported_band_group"": ""moderate"",   ""self_reported_band_interpersonal"": ""low"" }"
f5d1c0c3178473706df1d182e27fdf291021ebd0df189d4cec689a6f1f26acea__geo,"{""gt_group_ca"":12,""gt_interpersonal_ca"":12,""gt_group_band"":""low"",""gt_interpersonal_band"":""low""}","{   ""self_reported_group_ca"": 18,   ""self_reported_interpersonal_ca"": 12,   ""self_reported_band_group"": ""moderate"",   ""self_reported_band_interpersonal"": ""low"" }"
f5d1c0c3178473706df1d182e27fdf291021ebd0df189d4cec689a6f1f26acea__transit,"{""gt_group_ca"":12,""gt_interpersonal_ca"":12,""gt_group_band"":""low"",""gt_interpersonal_band"":""low""}","{   ""self_reported_group_ca"": 18,   ""self_reported_interpersonal_ca"": 12,   ""self_reported_band_group"": ""moderate"",   ""self_reported_band_interpersonal"": ""low"" }"
f5d1c0c3178473706df1d182e27fdf291021ebd0df189d4cec689a6f1f26acea__full,"{""gt_group_ca"":12,""gt_interpersonal_ca"":12,""gt_group_band"":""low"",""gt_interpersonal_band"":""low""}","{   ""self_reported_group_ca"": 18,   ""self_reported_interpersonal_ca"": 12,   ""self_reported_band_group"": ""moderate"",   ""self_reported_band_interpersonal"": ""low"" }"
f5d1c0c3178473706df1d182e27fdf291021ebd0df189d4cec689a6f1f26acea__v3_rideshare,"{""gt_group_ca"":12,""gt_interpersonal_ca"":12,""gt_group_band"":""low"",""gt_interpersonal_band"":""low""}","{   ""self_reported_group_ca"": 18,   ""self_reported_interpersonal_ca"": 12,   ""self_reported_band_group"": ""moderate"",   ""self_reported_band_interpersonal"": ""low"" }"
f5d1c0c3178473706df1d182e27fdf291021ebd0df189d4cec689a6f1f26acea__v3_public_transit,"{""gt_group_ca"":12,""gt_interpersonal_ca"":12,""gt_group_band"":""low"",""gt_interpersonal_band"":""low""}","{   ""self_reported_group_ca"": 18,   ""self_reported_interpersonal_ca"": 12,   ""self_reported_band_group"": ""moderate"",   ""self_reported_band_interpersonal"": ""low"" }"
f5d1c0c3178473706df1d182e27fdf291021ebd0df189d4cec689a6f1f26acea__v3_voice,"{""gt_group_ca"":12,""gt_interpersonal_ca"":12,""gt_group_band"":""low"",""gt_interpersonal_band"":""low""}","{   ""self_reported_group_ca"": 18,   ""self_reported_interpersonal_ca"": 12,   ""self_reported_band_group"": ""moderate"",   ""self_reported_band_interpersonal"": ""low"" }"
a47747a0208a73e7154dfc7b57e72b5b53f385a5472a0f7a1cec5af03e3e839e__demos,"{""gt_group_ca"":10,""gt_interpersonal_ca"":7,""gt_group_band"":""low"",""gt_interpersonal_band"":""low""}","{   ""self_reported_group_ca"": 18,   ""self_reported_interpersonal_ca"": 12,   ""self_reported_band_group"": ""moderate"",   ""self_reported_band_interpersonal"": ""low"" }"
a47747a0208a73e7154dfc7b57e72b5b53f385a5472a0f7a1cec5af03e3e839e__employment,"{""gt_group_ca"":10,""gt_interpersonal_ca"":7,""gt_group_band"":""low"",""gt_interpersonal_band"":""low""}","{   ""self_reported_group_ca"": 18,   ""self_reported_interpersonal_ca"": 12,   ""self_reported_band_group"": ""moderate"",   ""self_reported_band_interpersonal"": ""low"" }"
a47747a0208a73e7154dfc7b57e72b5b53f385a5472a0f7a1cec5af03e3e839e__geo,"{""gt_group_ca"":10,""gt_interpersonal_ca"":7,""gt_group_band"":""low"",""gt_interpersonal_band"":""low""}","{   ""self_reported_group_ca"": 18,   ""self_reported_interpersonal_ca"": 12,   ""self_reported_band_group"": ""moderate"",   ""self_reported_band_interpersonal"": ""low"" }"
a47747a0208a73e7154dfc7b57e72b5b53f385a5472a0f7a1cec5af03e3e839e__transit,"{""gt_group_ca"":10,""gt_interpersonal_ca"":7,""gt_group_band"":""low"",""gt_interpersonal_band"":""low""}","{   ""self_reported_group_ca"": 18,   ""self_reported_interpersonal_ca"": 12,   ""self_reported_band_group"": ""moderate"",   ""self_reported_band_interpersonal"": ""low"" }"
a47747a0208a73e7154dfc7b57e72b5b53f385a5472a0f7a1cec5af03e3e839e__full,"{""gt_group_ca"":10,""gt_interpersonal_ca"":7,""gt_group_band"":""low"",""gt_interpersonal_band"":""low""}","{   ""self_reported_group_ca"": 18,   ""self_reported_interpersonal_ca"": 12,   ""self_reported_band_group"": ""moderate"",   ""self_reported_band_interpersonal"": ""low"" }"
a47747a0208a73e7154dfc7b57e72b5b53f385a5472a0f7a1cec5af03e3e839e__v3_rideshare,"{""gt_group_ca"":10,""gt_interpersonal_ca"":7,""gt_group_band"":""low"",""gt_interpersonal_band"":""low""}","{   ""self_reported_group_ca"": 18,   ""self_reported_interpersonal_ca"": 12,   ""self_reported_band_group"": ""moderate"",   ""self_reported_band_interpersonal"": ""low"" }"
a47747a0208a73e7154dfc7b57e72b5b53f385a5472a0f7a1cec5af03e3e839e__v3_public_transit,"{""gt_group_ca"":10,""gt_interpersonal_ca"":7,""gt_group_band"":""low"",""gt_interpersonal_band"":""low""}","{   ""self_reported_group_ca"": 18,   ""self_reported_interpersonal_ca"": 12,   ""self_reported_band_group"": ""moderate"",   ""self_reported_band_interpersonal"": ""low"" }"
a47747a0208a73e7154dfc7b57e72b5b53f385a5472a0f7a1cec5af03e3e839e__v3_voice,"{""gt_group_ca"":10,""gt_interpersonal_ca"":7,""gt_group_band"":""low"",""gt_interpersonal_band"":""low""}","{   ""self_reported_group_ca"": 18,   ""self_reported_interpersonal_ca"": 12,   ""self_reported_band_group"": ""moderate"",   ""self_reported_band_interpersonal"": ""low"" }"
11a8acd6b682cba72759531d67320de19d6f671131ec26dae4f8c459caf26c97__demos,"{""gt_group_ca"":11,""gt_interpersonal_ca"":12,""gt_group_band"":""low"",""gt_interpersonal_band"":""low""}","{   ""self_reported_group_ca"": 18,   ""self_reported_interpersonal_ca"": 12,   ""self_reported_band_group"": ""moderate"",   ""self_reported_band_interpersonal"": ""low"" }"
11a8acd6b682cba72759531d67320de19d6f671131ec26dae4f8c459caf26c97__employment,"{""gt_group_ca"":11,""gt_interpersonal_ca"":12,""gt_group_band"":""low"",""gt_interpersonal_band"":""low""}","{   ""self_reported_group_ca"": 18,   ""self_reported_interpersonal_ca"": 12,   ""self_reported_band_group"": ""moderate"",   ""self_reported_band_interpersonal"": ""low"" }"
11a8acd6b682cba72759531d67320de19d6f671131ec26dae4f8c459caf26c97__geo,"{""gt_group_ca"":11,""gt_interpersonal_ca"":12,""gt_group_band"":""low"",""gt_interpersonal_band"":""low""}","{   ""self_reported_group_ca"": 18,   ""self_reported_interpersonal_ca"": 12,   ""self_reported_band_group"": ""moderate"",   ""self_reported_band_interpersonal"": ""low"" }"
11a8acd6b682cba72759531d67320de19d6f671131ec26dae4f8c459caf26c97__transit,"{""gt_group_ca"":11,""gt_interpersonal_ca"":12,""gt_group_band"":""low"",""gt_interpersonal_band"":""low""}","{   ""self_reported_group_ca"": 18,   ""self_reported_interpersonal_ca"": 12,   ""self_reported_band_group"": ""moderate"",   ""self_reported_band_interpersonal"": ""low"" }"
11a8acd6b682cba72759531d67320de19d6f671131ec26dae4f8c459caf26c97__full,"{""gt_group_ca"":11,""gt_interpersonal_ca"":12,""gt_group_band"":""low"",""gt_interpersonal_band"":""low""}","{   ""self_reported_group_ca"": 18,   ""self_reported_interpersonal_ca"": 12,   ""self_reported_band_group"": ""moderate"",   ""self_reported_band_interpersonal"": ""low"" }"
11a8acd6b682cba72759531d67320de19d6f671131ec26dae4f8c459caf26c97__v3_rideshare,"{""gt_group_ca"":11,""gt_interpersonal_ca"":12,""gt_group_band"":""low"",""gt_interpersonal_band"":""low""}","{   ""self_reported_group_ca"": 18,   ""self_reported_interpersonal_ca"": 12,   ""self_reported_band_group"": ""moderate"",   ""self_reported_band_interpersonal"": ""low"" }"
11a8acd6b682cba72759531d67320de19d6f671131ec26dae4f8c459caf26c97__v3_public_transit,"{""gt_group_ca"":11,""gt_interpersonal_ca"":12,""gt_group_band"":""low"",""gt_interpersonal_band"":""low""}","{   ""self_reported_group_ca"": 18,   ""self_reported_interpersonal_ca"": 12,   ""self_reported_band_group"": ""moderate"",   ""self_reported_band_interpersonal"": ""low"" }"
11a8acd6b682cba72759531d67320de19d6f671131ec26dae4f8c459caf26c97__v3_voice,"{""gt_group_ca"":11,""gt_interpersonal_ca"":12,""gt_group_band"":""low"",""gt_interpersonal_band"":""low""}","{   ""self_reported_group_ca"": 18,   ""self_reported_interpersonal_ca"": 12,   ""self_reported_band_group"": ""moderate"",   ""self_reported_band_interpersonal"": ""low"" }"
653c90b7ddf25ea2f906f8b0191b3ad45defad3d7b12db0e62c5bdf01fd51dc2__demos,"{""gt_group_ca"":9,""gt_interpersonal_ca"":9,""gt_group_band"":""low"",""gt_interpersonal_band"":""low""}","{   ""self_reported_group_ca"": 18,   ""self_reported_interpersonal_ca"": 12,   ""self_reported_band_group"": ""moderate"",   ""self_reported_band_interpersonal"": ""low"" }"
653c90b7ddf25ea2f906f8b0191b3ad45defad3d7b12db0e62c5bdf01fd51dc2__employment,"{""gt_group_ca"":9,""gt_interpersonal_ca"":9,""gt_group_band"":""low"",""gt_interpersonal_band"":""low""}","{   ""self_reported_group_ca"": 18,   ""self_reported_interpersonal_ca"": 12,   ""self_reported_band_group"": ""moderate"",   ""self_reported_band_interpersonal"": ""low"" }"
653c90b7ddf25ea2f906f8b0191b3ad45defad3d7b12db0e62c5bdf01fd51dc2__geo,"{""gt_group_ca"":9,""gt_interpersonal_ca"":9,""gt_group_band"":""low"",""gt_interpersonal_band"":""low""}","{   ""self_reported_group_ca"": 18,   ""self_reported_interpersonal_ca"": 12,   ""self_reported_band_group"": ""moderate"",   ""self_reported_band_interpersonal"": ""low"" }"
653c90b7ddf25ea2f906f8b0191b3ad45defad3d7b12db0e62c5bdf01fd51dc2__transit,"{""gt_group_ca"":9,""gt_interpersonal_ca"":9,""gt_group_band"":""low"",""gt_interpersonal_band"":""low""}","{   ""self_reported_group_ca"": 18,   ""self_reported_interpersonal_ca"": 12,   ""self_reported_band_group"": ""moderate"",   ""self_reported_band_interpersonal"": ""low"" }"
653c90b7ddf25ea2f906f8b0191b3ad45defad3d7b12db0e62c5bdf01fd51dc2__full,"{""gt_group_ca"":9,""gt_interpersonal_ca"":9,""gt_group_band"":""low"",""gt_interpersonal_band"":""low""}","{   ""self_reported_group_ca"": 18,   ""self_reported_interpersonal_ca"": 12,   ""self_reported_band_group"": ""moderate"",   ""self_reported_band_interpersonal"": ""low"" }"
653c90b7ddf25ea2f906f8b0191b3ad45defad3d7b12db0e62c5bdf01fd51dc2__v3_rideshare,"{""gt_group_ca"":9,""gt_interpersonal_ca"":9,""gt_group_band"":""low"",""gt_interpersonal_band"":""low""}","{   ""self_reported_group_ca"": 18,   ""self_reported_interpersonal_ca"": 12,   ""self_reported_band_group"": ""moderate"",   ""self_reported_band_interpersonal"": ""low"" }"
653c90b7ddf25ea2f906f8b0191b3ad45defad3d7b12db0e62c5bdf01fd51dc2__v3_public_transit,"{""gt_group_ca"":9,""gt_interpersonal_ca"":9,""gt_group_band"":""low"",""gt_interpersonal_band"":""low""}","{   ""self_reported_group_ca"": 18,   ""self_reported_interpersonal_ca"": 12,   ""self_reported_band_group"": ""moderate"",   ""self_reported_band_interpersonal"": ""low"" }"
653c90b7ddf25ea2f906f8b0191b3ad45defad3d7b12db0e62c5bdf01fd51dc2__v3_voice,"{""gt_group_ca"":9,""gt_interpersonal_ca"":9,""gt_group_band"":""low"",""gt_interpersonal_band"":""low""}","{   ""self_reported_group_ca"": 18,   ""self_reported_interpersonal_ca"": 12,   ""self_reported_band_group"": ""moderate"",   ""self_reported_band_interpersonal"": ""low"" }"
2487c2a36a5e141bf0a00cffbaf2646423d7ac77e36ae3245bdc91a98630a910__demos,"{""gt_group_ca"":13,""gt_interpersonal_ca"":13,""gt_group_band"":""low"",""gt_interpersonal_band"":""low""}","{   ""self_reported_group_ca"": 18,   ""self_reported_interpersonal_ca"": 12,   ""self_reported_band_group"": ""moderate"",   ""self_reported_band_interpersonal"": ""low"" }"
2487c2a36a5e141bf0a00cffbaf2646423d7ac77e36ae3245bdc91a98630a910__employment,"{""gt_group_ca"":13,""gt_interpersonal_ca"":13,""gt_group_band"":""low"",""gt_interpersonal_band"":""low""}","{   ""self_reported_group_ca"": 18,   ""self_reported_interpersonal_ca"": 12,   ""self_reported_band_group"": ""moderate"",   ""self_reported_band_interpersonal"": ""low"" }"
2487c2a36a5e141bf0a00cffbaf2646423d7ac77e36ae3245bdc91a98630a910__geo,"{""gt_group_ca"":13,""gt_interpersonal_ca"":13,""gt_group_band"":""low"",""gt_interpersonal_band"":""low""}","{   ""self_reported_group_ca"": 18,   ""self_reported_interpersonal_ca"": 12,   ""self_reported_band_group"": ""moderate"",   ""self_reported_band_interpersonal"": ""low"" }"
2487c2a36a5e141bf0a00cffbaf2646423d7ac77e36ae3245bdc91a98630a910__transit,"{""gt_group_ca"":13,""gt_interpersonal_ca"":13,""gt_group_band"":""low"",""gt_interpersonal_band"":""low""}","{   ""self_reported_group_ca"": 18,   ""self_reported_interpersonal_ca"": 12,   ""self_reported_band_group"": ""moderate"",   ""self_reported_band_interpersonal"": ""low"" }"
2487c2a36a5e141bf0a00cffbaf2646423d7ac77e36ae3245bdc91a98630a910__full,"{""gt_group_ca"":13,""gt_interpersonal_ca"":13,""gt_group_band"":""low"",""gt_interpersonal_band"":""low""}","{   ""self_reported_group_ca"": 18,   ""self_reported_interpersonal_ca"": 12,   ""self_reported_band_group"": ""moderate"",   ""self_reported_band_interpersonal"": ""low"" }"
2487c2a36a5e141bf0a00cffbaf2646423d7ac77e36ae3245bdc91a98630a910__v3_rideshare,"{""gt_group_ca"":13,""gt_interpersonal_ca"":13,""gt_group_band"":""low"",""gt_interpersonal_band"":""low""}","{   ""self_reported_group_ca"": 18,   ""self_reported_interpersonal_ca"": 12,   ""self_reported_band_group"": ""moderate"",   ""self_reported_band_interpersonal"": ""low"" }"
2487c2a36a5e141bf0a00cffbaf2646423d7ac77e36ae3245bdc91a98630a910__v3_public_transit,"{""gt_group_ca"":13,""gt_interpersonal_ca"":13,""gt_group_band"":""low"",""gt_interpersonal_band"":""low""}","{   ""self_reported_group_ca"": 18,   ""self_reported_interpersonal_ca"": 12,   ""self_reported_band_group"": ""moderate"",   ""self_reported_band_interpersonal"": ""low"" }"
2487c2a36a5e141bf0a00cffbaf2646423d7ac77e36ae3245bdc91a98630a910__v3_voice,"{""gt_group_ca"":13,""gt_interpersonal_ca"":13,""gt_group_band"":""low"",""gt_interpersonal_band"":""low""}","{   ""self_reported_group_ca"": 18,   ""self_reported_interpersonal_ca"": 12,   ""self_reported_band_group"": ""moderate"",   ""self_reported_band_interpersonal"": ""low"" }"
7e7086db3f5d1ba197d73f2b2c422e0a86e1a62847e442adc15dd9382d1cee45__demos,"{""gt_group_ca"":9,""gt_interpersonal_ca"":12,""gt_group_band"":""low"",""gt_interpersonal_band"":""low""}","{   ""self_reported_group_ca"": 18,   ""self_reported_interpersonal_ca"": 12,   ""self_reported_band_group"": ""moderate"",   ""self_reported_band_interpersonal"": ""low"" }"
7e7086db3f5d1ba197d73f2b2c422e0a86e1a62847e442adc15dd9382d1cee45__employment,"{""gt_group_ca"":9,""gt_interpersonal_ca"":12,""gt_group_band"":""low"",""gt_interpersonal_band"":""low""}","{   ""self_reported_group_ca"": 18,   ""self_reported_interpersonal_ca"": 12,   ""self_reported_band_group"": ""moderate"",   ""self_reported_band_interpersonal"": ""low"" }"
7e7086db3f5d1ba197d73f2b2c422e0a86e1a62847e442adc15dd9382d1cee45__geo,"{""gt_group_ca"":9,""gt_interpersonal_ca"":12,""gt_group_band"":""low"",""gt_interpersonal_band"":""low""}","{   ""self_reported_group_ca"": 18,   ""self_reported_interpersonal_ca"": 12,   ""self_reported_band_group"": ""moderate"",   ""self_reported_band_interpersonal"": ""low"" }"
7e7086db3f5d1ba197d73f2b2c422e0a86e1a62847e442adc15dd9382d1cee45__transit,"{""gt_group_ca"":9,""gt_interpersonal_ca"":12,""gt_group_band"":""low"",""gt_interpersonal_band"":""low""}","{   ""self_reported_group_ca"": 18,   ""self_reported_interpersonal_ca"": 12,   ""self_reported_band_group"": ""moderate"",   ""self_reported_band_interpersonal"": ""low"" }"
7e7086db3f5d1ba197d73f2b2c422e0a86e1a62847e442adc15dd9382d1cee45__full,"{""gt_group_ca"":9,""gt_interpersonal_ca"":12,""gt_group_band"":""low"",""gt_interpersonal_band"":""low""}","{   ""self_reported_group_ca"": 18,   ""self_reported_interpersonal_ca"": 12,   ""self_reported_band_group"": ""moderate"",   ""self_reported_band_interpersonal"": ""low"" }"
7e7086db3f5d1ba197d73f2b2c422e0a86e1a62847e442adc15dd9382d1cee45__v3_rideshare,"{""gt_group_ca"":9,""gt_interpersonal_ca"":12,""gt_group_band"":""low"",""gt_interpersonal_band"":""low""}","{   ""self_reported_group_ca"": 18,   ""self_reported_interpersonal_ca"": 12,   ""self_reported_band_group"": ""moderate"",   ""self_reported_band_interpersonal"": ""low"" }"
7e7086db3f5d1ba197d73f2b2c422e0a86e1a62847e442adc15dd9382d1cee45__v3_public_transit,"{""gt_group_ca"":9,""gt_interpersonal_ca"":12,""gt_group_band"":""low"",""gt_interpersonal_band"":""low""}","{   ""self_reported_group_ca"": 18,   ""self_reported_interpersonal_ca"": 12,   ""self_reported_band_group"": ""moderate"",   ""self_reported_band_interpersonal"": ""low"" }"
7e7086db3f5d1ba197d73f2b2c422e0a86e1a62847e442adc15dd9382d1cee45__v3_voice,"{""gt_group_ca"":9,""gt_interpersonal_ca"":12,""gt_group_band"":""low"",""gt_interpersonal_band"":""low""}","{   ""self_reported_group_ca"": 18,   ""self_reported_interpersonal_ca"": 12,   ""self_reported_band_group"": ""moderate"",   ""self_reported_band_interpersonal"": ""low"" }"
dca86c6d5589b4485fe9684e4bc292b3edff6d73507e77fe4f6be803d1431290__demos,"{""gt_group_ca"":12,""gt_interpersonal_ca"":13,""gt_group_band"":""low"",""gt_interpersonal_band"":""low""}","{   ""self_reported_group_ca"": 18,   ""self_reported_interpersonal_ca"": 12,   ""self_reported_band_group"": ""moderate"",   ""self_reported_band_interpersonal"": ""low"" }"
dca86c6d5589b4485fe9684e4bc292b3edff6d73507e77fe4f6be803d1431290__employment,"{""gt_group_ca"":12,""gt_interpersonal_ca"":13,""gt_group_band"":""low"",""gt_interpersonal_band"":""low""}","{   ""self_reported_group_ca"": 18,   ""self_reported_interpersonal_ca"": 12,   ""self_reported_band_group"": ""moderate"",   ""self_reported_band_interpersonal"": ""low"" }"
dca86c6d5589b4485fe9684e4bc292b3edff6d73507e77fe4f6be803d1431290__geo,"{""gt_group_ca"":12,""gt_interpersonal_ca"":13,""gt_group_band"":""low"",""gt_interpersonal_band"":""low""}","{   ""self_reported_group_ca"": 18,   ""self_reported_interpersonal_ca"": 12,   ""self_reported_band_group"": ""moderate"",   ""self_reported_band_interpersonal"": ""low"" }"
dca86c6d5589b4485fe9684e4bc292b3edff6d73507e77fe4f6be803d1431290__transit,"{""gt_group_ca"":12,""gt_interpersonal_ca"":13,""gt_group_band"":""low"",""gt_interpersonal_band"":""low""}","{   ""self_reported_group_ca"": 18,   ""self_reported_interpersonal_ca"": 12,   ""self_reported_band_group"": ""moderate"",   ""self_reported_band_interpersonal"": ""low"" }"
dca86c6d5589b4485fe9684e4bc292b3edff6d73507e77fe4f6be803d1431290__full,"{""gt_group_ca"":12,""gt_interpersonal_ca"":13,""gt_group_band"":""low"",""gt_interpersonal_band"":""low""}","{   ""self_reported_group_ca"": 18,   ""self_reported_interpersonal_ca"": 12,   ""self_reported_band_group"": ""moderate"",   ""self_reported_band_interpersonal"": ""low"" }"
dca86c6d5589b4485fe9684e4bc292b3edff6d73507e77fe4f6be803d1431290__v3_rideshare,"{""gt_group_ca"":12,""gt_interpersonal_ca"":13,""gt_group_band"":""low"",""gt_interpersonal_band"":""low""}","{   ""self_reported_group_ca"": 18,   ""self_reported_interpersonal_ca"": 12,   ""self_reported_band_group"": ""moderate"",   ""self_reported_band_interpersonal"": ""low"" }"
dca86c6d5589b4485fe9684e4bc292b3edff6d73507e77fe4f6be803d1431290__v3_public_transit,"{""gt_group_ca"":12,""gt_interpersonal_ca"":13,""gt_group_band"":""low"",""gt_interpersonal_band"":""low""}","{   ""self_reported_group_ca"": 18,   ""self_reported_interpersonal_ca"": 12,   ""self_reported_band_group"": ""moderate"",   ""self_reported_band_interpersonal"": ""low"" }"
dca86c6d5589b4485fe9684e4bc292b3edff6d73507e77fe4f6be803d1431290__v3_voice,"{""gt_group_ca"":12,""gt_interpersonal_ca"":13,""gt_group_band"":""low"",""gt_interpersonal_band"":""low""}","{   ""self_reported_group_ca"": 18,   ""self_reported_interpersonal_ca"": 12,   ""self_reported_band_group"": ""moderate"",   ""self_reported_band_interpersonal"": ""low"" }"
0fdc6e687766a7396a68cc21eb12884503ee2d031b7e1ab775849c700747fb74__demos,"{""gt_group_ca"":9,""gt_interpersonal_ca"":11,""gt_group_band"":""low"",""gt_interpersonal_band"":""low""}","{   ""self_reported_group_ca"": 18,   ""self_reported_interpersonal_ca"": 12,   ""self_reported_band_group"": ""moderate"",   ""self_reported_band_interpersonal"": ""low"" }"
0fdc6e687766a7396a68cc21eb12884503ee2d031b7e1ab775849c700747fb74__employment,"{""gt_group_ca"":9,""gt_interpersonal_ca"":11,""gt_group_band"":""low"",""gt_interpersonal_band"":""low""}","{   ""self_reported_group_ca"": 18,   ""self_reported_interpersonal_ca"": 12,   ""self_reported_band_group"": ""moderate"",   ""self_reported_band_interpersonal"": ""low"" }"
0fdc6e687766a7396a68cc21eb12884503ee2d031b7e1ab775849c700747fb74__geo,"{""gt_group_ca"":9,""gt_interpersonal_ca"":11,""gt_group_band"":""low"",""gt_interpersonal_band"":""low""}","{   ""self_reported_group_ca"": 18,   ""self_reported_interpersonal_ca"": 12,   ""self_reported_band_group"": ""moderate"",   ""self_reported_band_interpersonal"": ""low"" }"
0fdc6e687766a7396a68cc21eb12884503ee2d031b7e1ab775849c700747fb74__transit,"{""gt_group_ca"":9,""gt_interpersonal_ca"":11,""gt_group_band"":""low"",""gt_interpersonal_band"":""low""}","{   ""self_reported_group_ca"": 18,   ""self_reported_interpersonal_ca"": 12,   ""self_reported_band_group"": ""moderate"",   ""self_reported_band_interpersonal"": ""low"" }"
0fdc6e687766a7396a68cc21eb12884503ee2d031b7e1ab775849c700747fb74__full,"{""gt_group_ca"":9,""gt_interpersonal_ca"":11,""gt_group_band"":""low"",""gt_interpersonal_band"":""low""}","{   ""self_reported_group_ca"": 18,   ""self_reported_interpersonal_ca"": 12,   ""self_reported_band_group"": ""moderate"",   ""self_reported_band_interpersonal"": ""low"" }"
0fdc6e687766a7396a68cc21eb12884503ee2d031b7e1ab775849c700747fb74__v3_rideshare,"{""gt_group_ca"":9,""gt_interpersonal_ca"":11,""gt_group_band"":""low"",""gt_interpersonal_band"":""low""}","{   ""self_reported_group_ca"": 18,   ""self_reported_interpersonal_ca"": 12,   ""self_reported_band_group"": ""moderate"",   ""self_reported_band_interpersonal"": ""low"" }"
0fdc6e687766a7396a68cc21eb12884503ee2d031b7e1ab775849c700747fb74__v3_public_transit,"{""gt_group_ca"":9,""gt_interpersonal_ca"":11,""gt_group_band"":""low"",""gt_interpersonal_band"":""low""}","{   ""self_reported_group_ca"": 18,   ""self_reported_interpersonal_ca"": 12,   ""self_reported_band_group"": ""moderate"",   ""self_reported_band_interpersonal"": ""low"" }"
0fdc6e687766a7396a68cc21eb12884503ee2d031b7e1ab775849c700747fb74__v3_voice,"{""gt_group_ca"":9,""gt_interpersonal_ca"":11,""gt_group_band"":""low"",""gt_interpersonal_band"":""low""}","{   ""self_reported_group_ca"": 18,   ""self_reported_interpersonal_ca"": 12,   ""self_reported_band_group"": ""moderate"",   ""self_reported_band_interpersonal"": ""low"" }"
7477b12f32a7d864e54bfa31199c969a4a9390eee9204c49de58fc02748839aa__demos,"{""gt_group_ca"":12,""gt_interpersonal_ca"":10,""gt_group_band"":""low"",""gt_interpersonal_band"":""low""}","{   ""self_reported_group_ca"": 18,   ""self_reported_interpersonal_ca"": 12,   ""self_reported_band_group"": ""moderate"",   ""self_reported_band_interpersonal"": ""low"" }"
7477b12f32a7d864e54bfa31199c969a4a9390eee9204c49de58fc02748839aa__employment,"{""gt_group_ca"":12,""gt_interpersonal_ca"":10,""gt_group_band"":""low"",""gt_interpersonal_band"":""low""}","{   ""self_reported_group_ca"": 18,   ""self_reported_interpersonal_ca"": 12,   ""self_reported_band_group"": ""moderate"",   ""self_reported_band_interpersonal"": ""low"" }"
7477b12f32a7d864e54bfa31199c969a4a9390eee9204c49de58fc02748839aa__geo,"{""gt_group_ca"":12,""gt_interpersonal_ca"":10,""gt_group_band"":""low"",""gt_interpersonal_band"":""low""}","{   ""self_reported_group_ca"": 18,   ""self_reported_interpersonal_ca"": 12,   ""self_reported_band_group"": ""moderate"",   ""self_reported_band_interpersonal"": ""low"" }"
7477b12f32a7d864e54bfa31199c969a4a9390eee9204c49de58fc02748839aa__transit,"{""gt_group_ca"":12,""gt_interpersonal_ca"":10,""gt_group_band"":""low"",""gt_interpersonal_band"":""low""}","{   ""self_reported_group_ca"": 18,   ""self_reported_interpersonal_ca"": 12,   ""self_reported_band_group"": ""moderate"",   ""self_reported_band_interpersonal"": ""low"" }"
7477b12f32a7d864e54bfa31199c969a4a9390eee9204c49de58fc02748839aa__full,"{""gt_group_ca"":12,""gt_interpersonal_ca"":10,""gt_group_band"":""low"",""gt_interpersonal_band"":""low""}","{   ""self_reported_group_ca"": 18,   ""self_reported_interpersonal_ca"": 12,   ""self_reported_band_group"": ""moderate"",   ""self_reported_band_interpersonal"": ""low"" }"
7477b12f32a7d864e54bfa31199c969a4a9390eee9204c49de58fc02748839aa__v3_rideshare,"{""gt_group_ca"":12,""gt_interpersonal_ca"":10,""gt_group_band"":""low"",""gt_interpersonal_band"":""low""}","{   ""self_reported_group_ca"": 18,   ""self_reported_interpersonal_ca"": 12,   ""self_reported_band_group"": ""moderate"",   ""self_reported_band_interpersonal"": ""low"" }"
7477b12f32a7d864e54bfa31199c969a4a9390eee9204c49de58fc02748839aa__v3_public_transit,"{""gt_group_ca"":12,""gt_interpersonal_ca"":10,""gt_group_band"":""low"",""gt_interpersonal_band"":""low""}","{   ""self_reported_group_ca"": 18,   ""self_reported_interpersonal_ca"": 12,   ""self_reported_band_group"": ""moderate"",   ""self_reported_band_interpersonal"": ""low"" }"
7477b12f32a7d864e54bfa31199c969a4a9390eee9204c49de58fc02748839aa__v3_voice,"{""gt_group_ca"":12,""gt_interpersonal_ca"":10,""gt_group_band"":""low"",""gt_interpersonal_band"":""low""}","{   ""self_reported_group_ca"": 18,   ""self_reported_interpersonal_ca"": 12,   ""self_reported_band_group"": ""moderate"",   ""self_reported_band_interpersonal"": ""low"" }"
8ec2aa78954708560b4a0131051b6fa636a8043865e3ef2fe094bd5c09f71042__demos,"{""gt_group_ca"":6,""gt_interpersonal_ca"":6,""gt_group_band"":""low"",""gt_interpersonal_band"":""low""}","{   ""self_reported_group_ca"": 18,   ""self_reported_interpersonal_ca"": 12,   ""self_reported_band_group"": ""moderate"",   ""self_reported_band_interpersonal"": ""low"" }"
8ec2aa78954708560b4a0131051b6fa636a8043865e3ef2fe094bd5c09f71042__employment,"{""gt_group_ca"":6,""gt_interpersonal_ca"":6,""gt_group_band"":""low"",""gt_interpersonal_band"":""low""}","{   ""self_reported_group_ca"": 18,   ""self_reported_interpersonal_ca"": 12,   ""self_reported_band_group"": ""moderate"",   ""self_reported_band_interpersonal"": ""low"" }"
8ec2aa78954708560b4a0131051b6fa636a8043865e3ef2fe094bd5c09f71042__geo,"{""gt_group_ca"":6,""gt_interpersonal_ca"":6,""gt_group_band"":""low"",""gt_interpersonal_band"":""low""}","{   ""self_reported_group_ca"": 18,   ""self_reported_interpersonal_ca"": 12,   ""self_reported_band_group"": ""moderate"",   ""self_reported_band_interpersonal"": ""low"" }"
8ec2aa78954708560b4a0131051b6fa636a8043865e3ef2fe094bd5c09f71042__transit,"{""gt_group_ca"":6,""gt_interpersonal_ca"":6,""gt_group_band"":""low"",""gt_interpersonal_band"":""low""}","{   ""self_reported_group_ca"": 18,   ""self_reported_interpersonal_ca"": 12,   ""self_reported_band_group"": ""moderate"",   ""self_reported_band_interpersonal"": ""low"" }"
8ec2aa78954708560b4a0131051b6fa636a8043865e3ef2fe094bd5c09f71042__full,"{""gt_group_ca"":6,""gt_interpersonal_ca"":6,""gt_group_band"":""low"",""gt_interpersonal_band"":""low""}","{   ""self_reported_group_ca"": 18,   ""self_reported_interpersonal_ca"": 12,   ""self_reported_band_group"": ""moderate"",   ""self_reported_band_interpersonal"": ""low"" }"
8ec2aa78954708560b4a0131051b6fa636a8043865e3ef2fe094bd5c09f71042__v3_rideshare,"{""gt_group_ca"":6,""gt_interpersonal_ca"":6,""gt_group_band"":""low"",""gt_interpersonal_band"":""low""}","{   ""self_reported_group_ca"": 18,   ""self_reported_interpersonal_ca"": 12,   ""self_reported_band_group"": ""moderate"",   ""self_reported_band_interpersonal"": ""low"" }"
8ec2aa78954708560b4a0131051b6fa636a8043865e3ef2fe094bd5c09f71042__v3_public_transit,"{""gt_group_ca"":6,""gt_interpersonal_ca"":6,""gt_group_band"":""low"",""gt_interpersonal_band"":""low""}","{   ""self_reported_group_ca"": 18,   ""self_reported_interpersonal_ca"": 12,   ""self_reported_band_group"": ""moderate"",   ""self_reported_band_interpersonal"": ""low"" }"
8ec2aa78954708560b4a0131051b6fa636a8043865e3ef2fe094bd5c09f71042__v3_voice,"{""gt_group_ca"":6,""gt_interpersonal_ca"":6,""gt_group_band"":""low"",""gt_interpersonal_band"":""low""}","{   ""self_reported_group_ca"": 18,   ""self_reported_interpersonal_ca"": 12,   ""self_reported_band_group"": ""moderate"",   ""self_reported_band_interpersonal"": ""low"" }"
6eda5ee338b7e3ec883c9b0abc31cec1cb49eebd663ce53608737dd7e917e2bd__demos,"{""gt_group_ca"":27,""gt_interpersonal_ca"":21,""gt_group_band"":""high"",""gt_interpersonal_band"":""high""}","{   ""self_reported_group_ca"": 18,   ""self_reported_interpersonal_ca"": 12,   ""self_reported_band_group"": ""moderate"",   ""self_reported_band_interpersonal"": ""low"" }"
6eda5ee338b7e3ec883c9b0abc31cec1cb49eebd663ce53608737dd7e917e2bd__employment,"{""gt_group_ca"":27,""gt_interpersonal_ca"":21,""gt_group_band"":""high"",""gt_interpersonal_band"":""high""}","{   ""self_reported_group_ca"": 18,   ""self_reported_interpersonal_ca"": 12,   ""self_reported_band_group"": ""moderate"",   ""self_reported_band_interpersonal"": ""low"" }"
6eda5ee338b7e3ec883c9b0abc31cec1cb49eebd663ce53608737dd7e917e2bd__geo,"{""gt_group_ca"":27,""gt_interpersonal_ca"":21,""gt_group_band"":""high"",""gt_interpersonal_band"":""high""}","{   ""self_reported_group_ca"": 18,   ""self_reported_interpersonal_ca"": 12,   ""self_reported_band_group"": ""moderate"",   ""self_reported_band_interpersonal"": ""low"" }"
6eda5ee338b7e3ec883c9b0abc31cec1cb49eebd663ce53608737dd7e917e2bd__transit,"{""gt_group_ca"":27,""gt_interpersonal_ca"":21,""gt_group_band"":""high"",""gt_interpersonal_band"":""high""}","{   ""self_reported_group_ca"": 18,   ""self_reported_interpersonal_ca"": 12,   ""self_reported_band_group"": ""moderate"",   ""self_reported_band_interpersonal"": ""low"" }"
6eda5ee338b7e3ec883c9b0abc31cec1cb49eebd663ce53608737dd7e917e2bd__full,"{""gt_group_ca"":27,""gt_interpersonal_ca"":21,""gt_group_band"":""high"",""gt_interpersonal_band"":""high""}","{   ""self_reported_group_ca"": 18,   ""self_reported_interpersonal_ca"": 12,   ""self_reported_band_group"": ""moderate"",   ""self_reported_band_interpersonal"": ""low"" }"
6eda5ee338b7e3ec883c9b0abc31cec1cb49eebd663ce53608737dd7e917e2bd__v3_rideshare,"{""gt_group_ca"":27,""gt_interpersonal_ca"":21,""gt_group_band"":""high"",""gt_interpersonal_band"":""high""}","{   ""self_reported_group_ca"": 18,   ""self_reported_interpersonal_ca"": 12,   ""self_reported_band_group"": ""moderate"",   ""self_reported_band_interpersonal"": ""low"" }"
6eda5ee338b7e3ec883c9b0abc31cec1cb49eebd663ce53608737dd7e917e2bd__v3_public_transit,"{""gt_group_ca"":27,""gt_interpersonal_ca"":21,""gt_group_band"":""high"",""gt_interpersonal_band"":""high""}","{   ""self_reported_group_ca"": 18,   ""self_reported_interpersonal_ca"": 12,   ""self_reported_band_group"": ""moderate"",   ""self_reported_band_interpersonal"": ""low"" }"
6eda5ee338b7e3ec883c9b0abc31cec1cb49eebd663ce53608737dd7e917e2bd__v3_voice,"{""gt_group_ca"":27,""gt_interpersonal_ca"":21,""gt_group_band"":""high"",""gt_interpersonal_band"":""high""}","{   ""self_reported_group_ca"": 18,   ""self_reported_interpersonal_ca"": 12,   ""self_reported_band_group"": ""moderate"",   ""self_reported_band_interpersonal"": ""low"" }"
506fb95b78aa3d050d5a1400de996c6ff4ee098b28a247b202c4e9603e0bb30f__demos,"{""gt_group_ca"":15,""gt_interpersonal_ca"":18,""gt_group_band"":""moderate"",""gt_interpersonal_band"":""moderate""}","{   ""self_reported_group_ca"": 18,   ""self_reported_interpersonal_ca"": 12,   ""self_reported_band_group"": ""moderate"",   ""self_reported_band_interpersonal"": ""low"" }"
506fb95b78aa3d050d5a1400de996c6ff4ee098b28a247b202c4e9603e0bb30f__employment,"{""gt_group_ca"":15,""gt_interpersonal_ca"":18,""gt_group_band"":""moderate"",""gt_interpersonal_band"":""moderate""}","{   ""self_reported_group_ca"": 18,   ""self_reported_interpersonal_ca"": 12,   ""self_reported_band_group"": ""moderate"",   ""self_reported_band_interpersonal"": ""low"" }"
506fb95b78aa3d050d5a1400de996c6ff4ee098b28a247b202c4e9603e0bb30f__geo,"{""gt_group_ca"":15,""gt_interpersonal_ca"":18,""gt_group_band"":""moderate"",""gt_interpersonal_band"":""moderate""}","{   ""self_reported_group_ca"": 18,   ""self_reported_interpersonal_ca"": 12,   ""self_reported_band_group"": ""moderate"",   ""self_reported_band_interpersonal"": ""low"" }"
506fb95b78aa3d050d5a1400de996c6ff4ee098b28a247b202c4e9603e0bb30f__transit,"{""gt_group_ca"":15,""gt_interpersonal_ca"":18,""gt_group_band"":""moderate"",""gt_interpersonal_band"":""moderate""}","{   ""self_reported_group_ca"": 18,   ""self_reported_interpersonal_ca"": 12,   ""self_reported_band_group"": ""moderate"",   ""self_reported_band_interpersonal"": ""low"" }"
506fb95b78aa3d050d5a1400de996c6ff4ee098b28a247b202c4e9603e0bb30f__full,"{""gt_group_ca"":15,""gt_interpersonal_ca"":18,""gt_group_band"":""moderate"",""gt_interpersonal_band"":""moderate""}","{   ""self_reported_group_ca"": 18,   ""self_reported_interpersonal_ca"": 12,   ""self_reported_band_group"": ""moderate"",   ""self_reported_band_interpersonal"": ""low"" }"
506fb95b78aa3d050d5a1400de996c6ff4ee098b28a247b202c4e9603e0bb30f__v3_rideshare,"{""gt_group_ca"":15,""gt_interpersonal_ca"":18,""gt_group_band"":""moderate"",""gt_interpersonal_band"":""moderate""}","{   ""self_reported_group_ca"": 18,   ""self_reported_interpersonal_ca"": 12,   ""self_reported_band_group"": ""moderate"",   ""self_reported_band_interpersonal"": ""low"" }"
506fb95b78aa3d050d5a1400de996c6ff4ee098b28a247b202c4e9603e0bb30f__v3_public_transit,"{""gt_group_ca"":15,""gt_interpersonal_ca"":18,""gt_group_band"":""moderate"",""gt_interpersonal_band"":""moderate""}","{   ""self_reported_group_ca"": 18,   ""self_reported_interpersonal_ca"": 12,   ""self_reported_band_group"": ""moderate"",   ""self_reported_band_interpersonal"": ""low"" }"
506fb95b78aa3d050d5a1400de996c6ff4ee098b28a247b202c4e9603e0bb30f__v3_voice,"{""gt_group_ca"":15,""gt_interpersonal_ca"":18,""gt_group_band"":""moderate"",""gt_interpersonal_band"":""moderate""}","{   ""self_reported_group_ca"": 18,   ""self_reported_interpersonal_ca"": 12,   ""self_reported_band_group"": ""moderate"",   ""self_reported_band_interpersonal"": ""low"" }"
8fd5d407c80b93e07e303f68d4e9a359915c598c244a3cb6afa0e9b5c331f2aa__demos,"{""gt_group_ca"":15,""gt_interpersonal_ca"":15,""gt_group_band"":""moderate"",""gt_interpersonal_band"":""moderate""}","{   ""self_reported_group_ca"": 18,   ""self_reported_interpersonal_ca"": 12,   ""self_reported_band_group"": ""moderate"",   ""self_reported_band_interpersonal"": ""low"" }"
8fd5d407c80b93e07e303f68d4e9a359915c598c244a3cb6afa0e9b5c331f2aa__employment,"{""gt_group_ca"":15,""gt_interpersonal_ca"":15,""gt_group_band"":""moderate"",""gt_interpersonal_band"":""moderate""}","{   ""self_reported_group_ca"": 18,   ""self_reported_interpersonal_ca"": 12,   ""self_reported_band_group"": ""moderate"",   ""self_reported_band_interpersonal"": ""low"" }"
8fd5d407c80b93e07e303f68d4e9a359915c598c244a3cb6afa0e9b5c331f2aa__geo,"{""gt_group_ca"":15,""gt_interpersonal_ca"":15,""gt_group_band"":""moderate"",""gt_interpersonal_band"":""moderate""}","{   ""self_reported_group_ca"": 18,   ""self_reported_interpersonal_ca"": 12,   ""self_reported_band_group"": ""moderate"",   ""self_reported_band_interpersonal"": ""low"" }"
8fd5d407c80b93e07e303f68d4e9a359915c598c244a3cb6afa0e9b5c331f2aa__transit,"{""gt_group_ca"":15,""gt_interpersonal_ca"":15,""gt_group_band"":""moderate"",""gt_interpersonal_band"":""moderate""}","{   ""self_reported_group_ca"": 18,   ""self_reported_interpersonal_ca"": 12,   ""self_reported_band_group"": ""moderate"",   ""self_reported_band_interpersonal"": ""low"" }"
8fd5d407c80b93e07e303f68d4e9a359915c598c244a3cb6afa0e9b5c331f2aa__full,"{""gt_group_ca"":15,""gt_interpersonal_ca"":15,""gt_group_band"":""moderate"",""gt_interpersonal_band"":""moderate""}","{   ""self_reported_group_ca"": 18,   ""self_reported_interpersonal_ca"": 12,   ""self_reported_band_group"": ""moderate"",   ""self_reported_band_interpersonal"": ""low"" }"
8fd5d407c80b93e07e303f68d4e9a359915c598c244a3cb6afa0e9b5c331f2aa__v3_rideshare,"{""gt_group_ca"":15,""gt_interpersonal_ca"":15,""gt_group_band"":""moderate"",""gt_interpersonal_band"":""moderate""}","{   ""self_reported_group_ca"": 18,   ""self_reported_interpersonal_ca"": 12,   ""self_reported_band_group"": ""moderate"",   ""self_reported_band_interpersonal"": ""low"" }"
8fd5d407c80b93e07e303f68d4e9a359915c598c244a3cb6afa0e9b5c331f2aa__v3_public_transit,"{""gt_group_ca"":15,""gt_interpersonal_ca"":15,""gt_group_band"":""moderate"",""gt_interpersonal_band"":""moderate""}","{   ""self_reported_group_ca"": 18,   ""self_reported_interpersonal_ca"": 12,   ""self_reported_band_group"": ""moderate"",   ""self_reported_band_interpersonal"": ""low"" }"
8fd5d407c80b93e07e303f68d4e9a359915c598c244a3cb6afa0e9b5c331f2aa__v3_voice,"{""gt_group_ca"":15,""gt_interpersonal_ca"":15,""gt_group_band"":""moderate"",""gt_interpersonal_band"":""moderate""}","{   ""self_reported_group_ca"": 18,   ""self_reported_interpersonal_ca"": 12,   ""self_reported_band_group"": ""moderate"",   ""self_reported_band_interpersonal"": ""low"" }"
202bddf13b57e47519ccc7091a65a025daa8d15f20e211e2cc736632844f3b6c__demos,"{""gt_group_ca"":15,""gt_interpersonal_ca"":19,""gt_group_band"":""moderate"",""gt_interpersonal_band"":""moderate""}","{   ""self_reported_group_ca"": 18,   ""self_reported_interpersonal_ca"": 12,   ""self_reported_band_group"": ""moderate"",   ""self_reported_band_interpersonal"": ""low"" }"
202bddf13b57e47519ccc7091a65a025daa8d15f20e211e2cc736632844f3b6c__employment,"{""gt_group_ca"":15,""gt_interpersonal_ca"":19,""gt_group_band"":""moderate"",""gt_interpersonal_band"":""moderate""}","{   ""self_reported_group_ca"": 18,   ""self_reported_interpersonal_ca"": 12,   ""self_reported_band_group"": ""moderate"",   ""self_reported_band_interpersonal"": ""low"" }"
202bddf13b57e47519ccc7091a65a025daa8d15f20e211e2cc736632844f3b6c__geo,"{""gt_group_ca"":15,""gt_interpersonal_ca"":19,""gt_group_band"":""moderate"",""gt_interpersonal_band"":""moderate""}","{   ""self_reported_group_ca"": 18,   ""self_reported_interpersonal_ca"": 12,   ""self_reported_band_group"": ""moderate"",   ""self_reported_band_interpersonal"": ""low"" }"
202bddf13b57e47519ccc7091a65a025daa8d15f20e211e2cc736632844f3b6c__transit,"{""gt_group_ca"":15,""gt_interpersonal_ca"":19,""gt_group_band"":""moderate"",""gt_interpersonal_band"":""moderate""}","{   ""self_reported_group_ca"": 18,   ""self_reported_interpersonal_ca"": 12,   ""self_reported_band_group"": ""moderate"",   ""self_reported_band_interpersonal"": ""low"" }"
202bddf13b57e47519ccc7091a65a025daa8d15f20e211e2cc736632844f3b6c__full,"{""gt_group_ca"":15,""gt_interpersonal_ca"":19,""gt_group_band"":""moderate"",""gt_interpersonal_band"":""moderate""}","{   ""self_reported_group_ca"": 18,   ""self_reported_interpersonal_ca"": 12,   ""self_reported_band_group"": ""moderate"",   ""self_reported_band_interpersonal"": ""low"" }"
202bddf13b57e47519ccc7091a65a025daa8d15f20e211e2cc736632844f3b6c__v3_rideshare,"{""gt_group_ca"":15,""gt_interpersonal_ca"":19,""gt_group_band"":""moderate"",""gt_interpersonal_band"":""moderate""}","{   ""self_reported_group_ca"": 18,   ""self_reported_interpersonal_ca"": 12,   ""self_reported_band_group"": ""moderate"",   ""self_reported_band_interpersonal"": ""low"" }"
202bddf13b57e47519ccc7091a65a025daa8d15f20e211e2cc736632844f3b6c__v3_public_transit,"{""gt_group_ca"":15,""gt_interpersonal_ca"":19,""gt_group_band"":""moderate"",""gt_interpersonal_band"":""moderate""}","{   ""self_reported_group_ca"": 18,   ""self_reported_interpersonal_ca"": 12,   ""self_reported_band_group"": ""moderate"",   ""self_reported_band_interpersonal"": ""low"" }"
202bddf13b57e47519ccc7091a65a025daa8d15f20e211e2cc736632844f3b6c__v3_voice,"{""gt_group_ca"":15,""gt_interpersonal_ca"":19,""gt_group_band"":""moderate"",""gt_interpersonal_band"":""moderate""}","{   ""self_reported_group_ca"": 18,   ""self_reported_interpersonal_ca"": 12,   ""self_reported_band_group"": ""moderate"",   ""self_reported_band_interpersonal"": ""low"" }"
76d05dd5ad4b4e56b6bcf3332a5176a5e7d9447a037db50a9ae6cbeb2925abdb__demos,"{""gt_group_ca"":12,""gt_interpersonal_ca"":13,""gt_group_band"":""low"",""gt_interpersonal_band"":""low""}","{   ""self_reported_group_ca"": 18,   ""self_reported_interpersonal_ca"": 12,   ""self_reported_band_group"": ""moderate"",   ""self_reported_band_interpersonal"": ""low"" }"
76d05dd5ad4b4e56b6bcf3332a5176a5e7d9447a037db50a9ae6cbeb2925abdb__employment,"{""gt_group_ca"":12,""gt_interpersonal_ca"":13,""gt_group_band"":""low"",""gt_interpersonal_band"":""low""}","{   ""self_reported_group_ca"": 18,   ""self_reported_interpersonal_ca"": 12,   ""self_reported_band_group"": ""moderate"",   ""self_reported_band_interpersonal"": ""low"" }"
76d05dd5ad4b4e56b6bcf3332a5176a5e7d9447a037db50a9ae6cbeb2925abdb__geo,"{""gt_group_ca"":12,""gt_interpersonal_ca"":13,""gt_group_band"":""low"",""gt_interpersonal_band"":""low""}","{   ""self_reported_group_ca"": 18,   ""self_reported_interpersonal_ca"": 12,   ""self_reported_band_group"": ""moderate"",   ""self_reported_band_interpersonal"": ""low"" }"
76d05dd5ad4b4e56b6bcf3332a5176a5e7d9447a037db50a9ae6cbeb2925abdb__transit,"{""gt_group_ca"":12,""gt_interpersonal_ca"":13,""gt_group_band"":""low"",""gt_interpersonal_band"":""low""}","{   ""self_reported_group_ca"": 18,   ""self_reported_interpersonal_ca"": 12,   ""self_reported_band_group"": ""moderate"",   ""self_reported_band_interpersonal"": ""low"" }"
76d05dd5ad4b4e56b6bcf3332a5176a5e7d9447a037db50a9ae6cbeb2925abdb__full,"{""gt_group_ca"":12,""gt_interpersonal_ca"":13,""gt_group_band"":""low"",""gt_interpersonal_band"":""low""}","{   ""self_reported_group_ca"": 18,   ""self_reported_interpersonal_ca"": 12,   ""self_reported_band_group"": ""moderate"",   ""self_reported_band_interpersonal"": ""low"" }"
76d05dd5ad4b4e56b6bcf3332a5176a5e7d9447a037db50a9ae6cbeb2925abdb__v3_rideshare,"{""gt_group_ca"":12,""gt_interpersonal_ca"":13,""gt_group_band"":""low"",""gt_interpersonal_band"":""low""}","{   ""self_reported_group_ca"": 18,   ""self_reported_interpersonal_ca"": 12,   ""self_reported_band_group"": ""moderate"",   ""self_reported_band_interpersonal"": ""low"" }"
76d05dd5ad4b4e56b6bcf3332a5176a5e7d9447a037db50a9ae6cbeb2925abdb__v3_public_transit,"{""gt_group_ca"":12,""gt_interpersonal_ca"":13,""gt_group_band"":""low"",""gt_interpersonal_band"":""low""}","{   ""self_reported_group_ca"": 18,   ""self_reported_interpersonal_ca"": 12,   ""self_reported_band_group"": ""moderate"",   ""self_reported_band_interpersonal"": ""low"" }"
76d05dd5ad4b4e56b6bcf3332a5176a5e7d9447a037db50a9ae6cbeb2925abdb__v3_voice,"{""gt_group_ca"":12,""gt_interpersonal_ca"":13,""gt_group_band"":""low"",""gt_interpersonal_band"":""low""}","{   ""self_reported_group_ca"": 18,   ""self_reported_interpersonal_ca"": 12,   ""self_reported_band_group"": ""moderate"",   ""self_reported_band_interpersonal"": ""low"" }"
68e9369695b661f480a52f3a8817f34c706e69682e9555d10b612e51172ec07d__demos,"{""gt_group_ca"":12,""gt_interpersonal_ca"":12,""gt_group_band"":""low"",""gt_interpersonal_band"":""low""}","{   ""self_reported_group_ca"": 18,   ""self_reported_interpersonal_ca"": 12,   ""self_reported_band_group"": ""moderate"",   ""self_reported_band_interpersonal"": ""low"" }"
68e9369695b661f480a52f3a8817f34c706e69682e9555d10b612e51172ec07d__employment,"{""gt_group_ca"":12,""gt_interpersonal_ca"":12,""gt_group_band"":""low"",""gt_interpersonal_band"":""low""}","{   ""self_reported_group_ca"": 18,   ""self_reported_interpersonal_ca"": 12,   ""self_reported_band_group"": ""moderate"",   ""self_reported_band_interpersonal"": ""low"" }"
68e9369695b661f480a52f3a8817f34c706e69682e9555d10b612e51172ec07d__geo,"{""gt_group_ca"":12,""gt_interpersonal_ca"":12,""gt_group_band"":""low"",""gt_interpersonal_band"":""low""}","{   ""self_reported_group_ca"": 18,   ""self_reported_interpersonal_ca"": 12,   ""self_reported_band_group"": ""moderate"",   ""self_reported_band_interpersonal"": ""low"" }"
68e9369695b661f480a52f3a8817f34c706e69682e9555d10b612e51172ec07d__transit,"{""gt_group_ca"":12,""gt_interpersonal_ca"":12,""gt_group_band"":""low"",""gt_interpersonal_band"":""low""}","{   ""self_reported_group_ca"": 18,   ""self_reported_interpersonal_ca"": 12,   ""self_reported_band_group"": ""moderate"",   ""self_reported_band_interpersonal"": ""low"" }"
68e9369695b661f480a52f3a8817f34c706e69682e9555d10b612e51172ec07d__full,"{""gt_group_ca"":12,""gt_interpersonal_ca"":12,""gt_group_band"":""low"",""gt_interpersonal_band"":""low""}","{   ""self_reported_group_ca"": 18,   ""self_reported_interpersonal_ca"": 12,   ""self_reported_band_group"": ""moderate"",   ""self_reported_band_interpersonal"": ""low"" }"
68e9369695b661f480a52f3a8817f34c706e69682e9555d10b612e51172ec07d__v3_rideshare,"{""gt_group_ca"":12,""gt_interpersonal_ca"":12,""gt_group_band"":""low"",""gt_interpersonal_band"":""low""}","{   ""self_reported_group_ca"": 18,   ""self_reported_interpersonal_ca"": 12,   ""self_reported_band_group"": ""moderate"",   ""self_reported_band_interpersonal"": ""low"" }"
68e9369695b661f480a52f3a8817f34c706e69682e9555d10b612e51172ec07d__v3_public_transit,"{""gt_group_ca"":12,""gt_interpersonal_ca"":12,""gt_group_band"":""low"",""gt_interpersonal_band"":""low""}","{   ""self_reported_group_ca"": 18,   ""self_reported_interpersonal_ca"": 12,   ""self_reported_band_group"": ""moderate"",   ""self_reported_band_interpersonal"": ""low"" }"
68e9369695b661f480a52f3a8817f34c706e69682e9555d10b612e51172ec07d__v3_voice,"{""gt_group_ca"":12,""gt_interpersonal_ca"":12,""gt_group_band"":""low"",""gt_interpersonal_band"":""low""}","{   ""self_reported_group_ca"": 18,   ""self_reported_interpersonal_ca"": 12,   ""self_reported_band_group"": ""moderate"",   ""self_reported_band_interpersonal"": ""low"" }"
ab64b1b40d24ffc3cc3a480914c5dd18bb53ebf76bdc0659dfc874fd9483ea32__demos,"{""gt_group_ca"":10,""gt_interpersonal_ca"":12,""gt_group_band"":""low"",""gt_interpersonal_band"":""low""}","{   ""self_reported_group_ca"": 18,   ""self_reported_interpersonal_ca"": 12,   ""self_reported_band_group"": ""moderate"",   ""self_reported_band_interpersonal"": ""low"" }"
ab64b1b40d24ffc3cc3a480914c5dd18bb53ebf76bdc0659dfc874fd9483ea32__employment,"{""gt_group_ca"":10,""gt_interpersonal_ca"":12,""gt_group_band"":""low"",""gt_interpersonal_band"":""low""}","{   ""self_reported_group_ca"": 18,   ""self_reported_interpersonal_ca"": 12,   ""self_reported_band_group"": ""moderate"",   ""self_reported_band_interpersonal"": ""low"" }"
ab64b1b40d24ffc3cc3a480914c5dd18bb53ebf76bdc0659dfc874fd9483ea32__geo,"{""gt_group_ca"":10,""gt_interpersonal_ca"":12,""gt_group_band"":""low"",""gt_interpersonal_band"":""low""}","{   ""self_reported_group_ca"": 18,   ""self_reported_interpersonal_ca"": 12,   ""self_reported_band_group"": ""moderate"",   ""self_reported_band_interpersonal"": ""low"" }"
ab64b1b40d24ffc3cc3a480914c5dd18bb53ebf76bdc0659dfc874fd9483ea32__transit,"{""gt_group_ca"":10,""gt_interpersonal_ca"":12,""gt_group_band"":""low"",""gt_interpersonal_band"":""low""}","{   ""self_reported_group_ca"": 18,   ""self_reported_interpersonal_ca"": 12,   ""self_reported_band_group"": ""moderate"",   ""self_reported_band_interpersonal"": ""low"" }"
ab64b1b40d24ffc3cc3a480914c5dd18bb53ebf76bdc0659dfc874fd9483ea32__full,"{""gt_group_ca"":10,""gt_interpersonal_ca"":12,""gt_group_band"":""low"",""gt_interpersonal_band"":""low""}","{   ""self_reported_group_ca"": 18,   ""self_reported_interpersonal_ca"": 12,   ""self_reported_band_group"": ""moderate"",   ""self_reported_band_interpersonal"": ""low"" }"
ab64b1b40d24ffc3cc3a480914c5dd18bb53ebf76bdc0659dfc874fd9483ea32__v3_rideshare,"{""gt_group_ca"":10,""gt_interpersonal_ca"":12,""gt_group_band"":""low"",""gt_interpersonal_band"":""low""}","{   ""self_reported_group_ca"": 18,   ""self_reported_interpersonal_ca"": 12,   ""self_reported_band_group"": ""moderate"",   ""self_reported_band_interpersonal"": ""low"" }"
ab64b1b40d24ffc3cc3a480914c5dd18bb53ebf76bdc0659dfc874fd9483ea32__v3_public_transit,"{""gt_group_ca"":10,""gt_interpersonal_ca"":12,""gt_group_band"":""low"",""gt_interpersonal_band"":""low""}","{   ""self_reported_group_ca"": 18,   ""self_reported_interpersonal_ca"": 12,   ""self_reported_band_group"": ""moderate"",   ""self_reported_band_interpersonal"": ""low"" }"
ab64b1b40d24ffc3cc3a480914c5dd18bb53ebf76bdc0659dfc874fd9483ea32__v3_voice,"{""gt_group_ca"":10,""gt_interpersonal_ca"":12,""gt_group_band"":""low"",""gt_interpersonal_band"":""low""}","{   ""self_reported_group_ca"": 18,   ""self_reported_interpersonal_ca"": 12,   ""self_reported_band_group"": ""moderate"",   ""self_reported_band_interpersonal"": ""low"" }"
a166139f5ff14c33998e1d4a3e23b9c2a4ca2d1b388195b0621022286f8f9592__demos,"{""gt_group_ca"":19,""gt_interpersonal_ca"":20,""gt_group_band"":""moderate"",""gt_interpersonal_band"":""high""}","{   ""self_reported_group_ca"": 18,   ""self_reported_interpersonal_ca"": 12,   ""self_reported_band_group"": ""moderate"",   ""self_reported_band_interpersonal"": ""low"" }"
a166139f5ff14c33998e1d4a3e23b9c2a4ca2d1b388195b0621022286f8f9592__employment,"{""gt_group_ca"":19,""gt_interpersonal_ca"":20,""gt_group_band"":""moderate"",""gt_interpersonal_band"":""high""}","{   ""self_reported_group_ca"": 18,   ""self_reported_interpersonal_ca"": 12,   ""self_reported_band_group"": ""moderate"",   ""self_reported_band_interpersonal"": ""low"" }"
a166139f5ff14c33998e1d4a3e23b9c2a4ca2d1b388195b0621022286f8f9592__geo,"{""gt_group_ca"":19,""gt_interpersonal_ca"":20,""gt_group_band"":""moderate"",""gt_interpersonal_band"":""high""}","{   ""self_reported_group_ca"": 18,   ""self_reported_interpersonal_ca"": 12,   ""self_reported_band_group"": ""moderate"",   ""self_reported_band_interpersonal"": ""low"" }"
a166139f5ff14c33998e1d4a3e23b9c2a4ca2d1b388195b0621022286f8f9592__transit,"{""gt_group_ca"":19,""gt_interpersonal_ca"":20,""gt_group_band"":""moderate"",""gt_interpersonal_band"":""high""}","{   ""self_reported_group_ca"": 18,   ""self_reported_interpersonal_ca"": 12,   ""self_reported_band_group"": ""moderate"",   ""self_reported_band_interpersonal"": ""low"" }"
a166139f5ff14c33998e1d4a3e23b9c2a4ca2d1b388195b0621022286f8f9592__full,"{""gt_group_ca"":19,""gt_interpersonal_ca"":20,""gt_group_band"":""moderate"",""gt_interpersonal_band"":""high""}","{   ""self_reported_group_ca"": 18,   ""self_reported_interpersonal_ca"": 12,   ""self_reported_band_group"": ""moderate"",   ""self_reported_band_interpersonal"": ""low"" }"
a166139f5ff14c33998e1d4a3e23b9c2a4ca2d1b388195b0621022286f8f9592__v3_rideshare,"{""gt_group_ca"":19,""gt_interpersonal_ca"":20,""gt_group_band"":""moderate"",""gt_interpersonal_band"":""high""}","{   ""self_reported_group_ca"": 18,   ""self_reported_interpersonal_ca"": 12,   ""self_reported_band_group"": ""moderate"",   ""self_reported_band_interpersonal"": ""low"" }"
a166139f5ff14c33998e1d4a3e23b9c2a4ca2d1b388195b0621022286f8f9592__v3_public_transit,"{""gt_group_ca"":19,""gt_interpersonal_ca"":20,""gt_group_band"":""moderate"",""gt_interpersonal_band"":""high""}","{   ""self_reported_group_ca"": 18,   ""self_reported_interpersonal_ca"": 12,   ""self_reported_band_group"": ""moderate"",   ""self_reported_band_interpersonal"": ""low"" }"
a166139f5ff14c33998e1d4a3e23b9c2a4ca2d1b388195b0621022286f8f9592__v3_voice,"{""gt_group_ca"":19,""gt_interpersonal_ca"":20,""gt_group_band"":""moderate"",""gt_interpersonal_band"":""high""}","{   ""self_reported_group_ca"": 18,   ""self_reported_interpersonal_ca"": 12,   ""self_reported_band_group"": ""moderate"",   ""self_reported_band_interpersonal"": ""low"" }"
9c5b42df3203a81a70ea12998f2d28fee1d90d78f8eafd0013b83f48717c60e9__demos,"{""gt_group_ca"":19,""gt_interpersonal_ca"":20,""gt_group_band"":""moderate"",""gt_interpersonal_band"":""high""}","{   ""self_reported_group_ca"": 18,   ""self_reported_interpersonal_ca"": 12,   ""self_reported_band_group"": ""moderate"",   ""self_reported_band_interpersonal"": ""low"" }"
9c5b42df3203a81a70ea12998f2d28fee1d90d78f8eafd0013b83f48717c60e9__employment,"{""gt_group_ca"":19,""gt_interpersonal_ca"":20,""gt_group_band"":""moderate"",""gt_interpersonal_band"":""high""}","{   ""self_reported_group_ca"": 18,   ""self_reported_interpersonal_ca"": 12,   ""self_reported_band_group"": ""moderate"",   ""self_reported_band_interpersonal"": ""low"" }"
9c5b42df3203a81a70ea12998f2d28fee1d90d78f8eafd0013b83f48717c60e9__geo,"{""gt_group_ca"":19,""gt_interpersonal_ca"":20,""gt_group_band"":""moderate"",""gt_interpersonal_band"":""high""}","{   ""self_reported_group_ca"": 18,   ""self_reported_interpersonal_ca"": 12,   ""self_reported_band_group"": ""moderate"",   ""self_reported_band_interpersonal"": ""low"" }"
9c5b42df3203a81a70ea12998f2d28fee1d90d78f8eafd0013b83f48717c60e9__transit,"{""gt_group_ca"":19,""gt_interpersonal_ca"":20,""gt_group_band"":""moderate"",""gt_interpersonal_band"":""high""}","{   ""self_reported_group_ca"": 18,   ""self_reported_interpersonal_ca"": 12,   ""self_reported_band_group"": ""moderate"",   ""self_reported_band_interpersonal"": ""low"" }"
9c5b42df3203a81a70ea12998f2d28fee1d90d78f8eafd0013b83f48717c60e9__full,"{""gt_group_ca"":19,""gt_interpersonal_ca"":20,""gt_group_band"":""moderate"",""gt_interpersonal_band"":""high""}","{   ""self_reported_group_ca"": 18,   ""self_reported_interpersonal_ca"": 12,   ""self_reported_band_group"": ""moderate"",   ""self_reported_band_interpersonal"": ""low"" }"
9c5b42df3203a81a70ea12998f2d28fee1d90d78f8eafd0013b83f48717c60e9__v3_rideshare,"{""gt_group_ca"":19,""gt_interpersonal_ca"":20,""gt_group_band"":""moderate"",""gt_interpersonal_band"":""high""}","{   ""self_reported_group_ca"": 18,   ""self_reported_interpersonal_ca"": 12,   ""self_reported_band_group"": ""moderate"",   ""self_reported_band_interpersonal"": ""low"" }"
9c5b42df3203a81a70ea12998f2d28fee1d90d78f8eafd0013b83f48717c60e9__v3_public_transit,"{""gt_group_ca"":19,""gt_interpersonal_ca"":20,""gt_group_band"":""moderate"",""gt_interpersonal_band"":""high""}","{   ""self_reported_group_ca"": 18,   ""self_reported_interpersonal_ca"": 12,   ""self_reported_band_group"": ""moderate"",   ""self_reported_band_interpersonal"": ""low"" }"
9c5b42df3203a81a70ea12998f2d28fee1d90d78f8eafd0013b83f48717c60e9__v3_voice,"{""gt_group_ca"":19,""gt_interpersonal_ca"":20,""gt_group_band"":""moderate"",""gt_interpersonal_band"":""high""}","{   ""self_reported_group_ca"": 18,   ""self_reported_interpersonal_ca"": 12,   ""self_reported_band_group"": ""moderate"",   ""self_reported_band_interpersonal"": ""low"" }"
0c2d35c36faca185b01b0e0414f7b7c70ac67c86e6cc05853ddde494d5050954__demos,"{""gt_group_ca"":16,""gt_interpersonal_ca"":25,""gt_group_band"":""moderate"",""gt_interpersonal_band"":""high""}","{   ""self_reported_group_ca"": 18,   ""self_reported_interpersonal_ca"": 12,   ""self_reported_band_group"": ""moderate"",   ""self_reported_band_interpersonal"": ""low"" }"
0c2d35c36faca185b01b0e0414f7b7c70ac67c86e6cc05853ddde494d5050954__employment,"{""gt_group_ca"":16,""gt_interpersonal_ca"":25,""gt_group_band"":""moderate"",""gt_interpersonal_band"":""high""}","{   ""self_reported_group_ca"": 18,   ""self_reported_interpersonal_ca"": 12,   ""self_reported_band_group"": ""moderate"",   ""self_reported_band_interpersonal"": ""low"" }"
0c2d35c36faca185b01b0e0414f7b7c70ac67c86e6cc05853ddde494d5050954__geo,"{""gt_group_ca"":16,""gt_interpersonal_ca"":25,""gt_group_band"":""moderate"",""gt_interpersonal_band"":""high""}","{   ""self_reported_group_ca"": 18,   ""self_reported_interpersonal_ca"": 12,   ""self_reported_band_group"": ""moderate"",   ""self_reported_band_interpersonal"": ""low"" }"
0c2d35c36faca185b01b0e0414f7b7c70ac67c86e6cc05853ddde494d5050954__transit,"{""gt_group_ca"":16,""gt_interpersonal_ca"":25,""gt_group_band"":""moderate"",""gt_interpersonal_band"":""high""}","{   ""self_reported_group_ca"": 18,   ""self_reported_interpersonal_ca"": 12,   ""self_reported_band_group"": ""moderate"",   ""self_reported_band_interpersonal"": ""low"" }"
0c2d35c36faca185b01b0e0414f7b7c70ac67c86e6cc05853ddde494d5050954__full,"{""gt_group_ca"":16,""gt_interpersonal_ca"":25,""gt_group_band"":""moderate"",""gt_interpersonal_band"":""high""}","{   ""self_reported_group_ca"": 18,   ""self_reported_interpersonal_ca"": 12,   ""self_reported_band_group"": ""moderate"",   ""self_reported_band_interpersonal"": ""low"" }"
0c2d35c36faca185b01b0e0414f7b7c70ac67c86e6cc05853ddde494d5050954__v3_rideshare,"{""gt_group_ca"":16,""gt_interpersonal_ca"":25,""gt_group_band"":""moderate"",""gt_interpersonal_band"":""high""}","{   ""self_reported_group_ca"": 18,   ""self_reported_interpersonal_ca"": 12,   ""self_reported_band_group"": ""moderate"",   ""self_reported_band_interpersonal"": ""low"" }"
0c2d35c36faca185b01b0e0414f7b7c70ac67c86e6cc05853ddde494d5050954__v3_public_transit,"{""gt_group_ca"":16,""gt_interpersonal_ca"":25,""gt_group_band"":""moderate"",""gt_interpersonal_band"":""high""}","{   ""self_reported_group_ca"": 18,   ""self_reported_interpersonal_ca"": 12,   ""self_reported_band_group"": ""moderate"",   ""self_reported_band_interpersonal"": ""low"" }"
0c2d35c36faca185b01b0e0414f7b7c70ac67c86e6cc05853ddde494d5050954__v3_voice,"{""gt_group_ca"":16,""gt_interpersonal_ca"":25,""gt_group_band"":""moderate"",""gt_interpersonal_band"":""high""}","{   ""self_reported_group_ca"": 18,   ""self_reported_interpersonal_ca"": 12,   ""self_reported_band_group"": ""moderate"",   ""self_reported_band_interpersonal"": ""low"" }"
8312fd61bd323a93df5b3fe6d112f157b7f2a8a5ebaa37269f811eb4f3a73a75__demos,"{""gt_group_ca"":9,""gt_interpersonal_ca"":11,""gt_group_band"":""low"",""gt_interpersonal_band"":""low""}","{   ""self_reported_group_ca"": 18,   ""self_reported_interpersonal_ca"": 12,   ""self_reported_band_group"": ""moderate"",   ""self_reported_band_interpersonal"": ""low"" }"
8312fd61bd323a93df5b3fe6d112f157b7f2a8a5ebaa37269f811eb4f3a73a75__employment,"{""gt_group_ca"":9,""gt_interpersonal_ca"":11,""gt_group_band"":""low"",""gt_interpersonal_band"":""low""}","{   ""self_reported_group_ca"": 18,   ""self_reported_interpersonal_ca"": 12,   ""self_reported_band_group"": ""moderate"",   ""self_reported_band_interpersonal"": ""low"" }"
8312fd61bd323a93df5b3fe6d112f157b7f2a8a5ebaa37269f811eb4f3a73a75__geo,"{""gt_group_ca"":9,""gt_interpersonal_ca"":11,""gt_group_band"":""low"",""gt_interpersonal_band"":""low""}","{   ""self_reported_group_ca"": 18,   ""self_reported_interpersonal_ca"": 12,   ""self_reported_band_group"": ""moderate"",   ""self_reported_band_interpersonal"": ""low"" }"
8312fd61bd323a93df5b3fe6d112f157b7f2a8a5ebaa37269f811eb4f3a73a75__transit,"{""gt_group_ca"":9,""gt_interpersonal_ca"":11,""gt_group_band"":""low"",""gt_interpersonal_band"":""low""}","{   ""self_reported_group_ca"": 18,   ""self_reported_interpersonal_ca"": 12,   ""self_reported_band_group"": ""moderate"",   ""self_reported_band_interpersonal"": ""low"" }"
8312fd61bd323a93df5b3fe6d112f157b7f2a8a5ebaa37269f811eb4f3a73a75__full,"{""gt_group_ca"":9,""gt_interpersonal_ca"":11,""gt_group_band"":""low"",""gt_interpersonal_band"":""low""}","{   ""self_reported_group_ca"": 18,   ""self_reported_interpersonal_ca"": 12,   ""self_reported_band_group"": ""moderate"",   ""self_reported_band_interpersonal"": ""low"" }"
8312fd61bd323a93df5b3fe6d112f157b7f2a8a5ebaa37269f811eb4f3a73a75__v3_rideshare,"{""gt_group_ca"":9,""gt_interpersonal_ca"":11,""gt_group_band"":""low"",""gt_interpersonal_band"":""low""}","{   ""self_reported_group_ca"": 18,   ""self_reported_interpersonal_ca"": 12,   ""self_reported_band_group"": ""moderate"",   ""self_reported_band_interpersonal"": ""low"" }"
8312fd61bd323a93df5b3fe6d112f157b7f2a8a5ebaa37269f811eb4f3a73a75__v3_public_transit,"{""gt_group_ca"":9,""gt_interpersonal_ca"":11,""gt_group_band"":""low"",""gt_interpersonal_band"":""low""}","{   ""self_reported_group_ca"": 18,   ""self_reported_interpersonal_ca"": 12,   ""self_reported_band_group"": ""moderate"",   ""self_reported_band_interpersonal"": ""low"" }"
8312fd61bd323a93df5b3fe6d112f157b7f2a8a5ebaa37269f811eb4f3a73a75__v3_voice,"{""gt_group_ca"":9,""gt_interpersonal_ca"":11,""gt_group_band"":""low"",""gt_interpersonal_band"":""low""}","{   ""self_reported_group_ca"": 18,   ""self_reported_interpersonal_ca"": 12,   ""self_reported_band_group"": ""moderate"",   ""self_reported_band_interpersonal"": ""low"" }"
fed6f5638289a28859c9481746f14a0b397c7a7ec7233e1d48a7aecb3533a38f__demos,"{""gt_group_ca"":7,""gt_interpersonal_ca"":14,""gt_group_band"":""low"",""gt_interpersonal_band"":""moderate""}","{   ""self_reported_group_ca"": 18,   ""self_reported_interpersonal_ca"": 12,   ""self_reported_band_group"": ""moderate"",   ""self_reported_band_interpersonal"": ""low"" }"
fed6f5638289a28859c9481746f14a0b397c7a7ec7233e1d48a7aecb3533a38f__employment,"{""gt_group_ca"":7,""gt_interpersonal_ca"":14,""gt_group_band"":""low"",""gt_interpersonal_band"":""moderate""}","{   ""self_reported_group_ca"": 18,   ""self_reported_interpersonal_ca"": 12,   ""self_reported_band_group"": ""moderate"",   ""self_reported_band_interpersonal"": ""low"" }"
fed6f5638289a28859c9481746f14a0b397c7a7ec7233e1d48a7aecb3533a38f__geo,"{""gt_group_ca"":7,""gt_interpersonal_ca"":14,""gt_group_band"":""low"",""gt_interpersonal_band"":""moderate""}","{   ""self_reported_group_ca"": 18,   ""self_reported_interpersonal_ca"": 12,   ""self_reported_band_group"": ""moderate"",   ""self_reported_band_interpersonal"": ""low"" }"
fed6f5638289a28859c9481746f14a0b397c7a7ec7233e1d48a7aecb3533a38f__transit,"{""gt_group_ca"":7,""gt_interpersonal_ca"":14,""gt_group_band"":""low"",""gt_interpersonal_band"":""moderate""}","{   ""self_reported_group_ca"": 18,   ""self_reported_interpersonal_ca"": 12,   ""self_reported_band_group"": ""moderate"",   ""self_reported_band_interpersonal"": ""low"" }"
fed6f5638289a28859c9481746f14a0b397c7a7ec7233e1d48a7aecb3533a38f__full,"{""gt_group_ca"":7,""gt_interpersonal_ca"":14,""gt_group_band"":""low"",""gt_interpersonal_band"":""moderate""}","{   ""self_reported_group_ca"": 18,   ""self_reported_interpersonal_ca"": 12,   ""self_reported_band_group"": ""moderate"",   ""self_reported_band_interpersonal"": ""low"" }"
fed6f5638289a28859c9481746f14a0b397c7a7ec7233e1d48a7aecb3533a38f__v3_rideshare,"{""gt_group_ca"":7,""gt_interpersonal_ca"":14,""gt_group_band"":""low"",""gt_interpersonal_band"":""moderate""}","{   ""self_reported_group_ca"": 18,   ""self_reported_interpersonal_ca"": 12,   ""self_reported_band_group"": ""moderate"",   ""self_reported_band_interpersonal"": ""low"" }"
fed6f5638289a28859c9481746f14a0b397c7a7ec7233e1d48a7aecb3533a38f__v3_public_transit,"{""gt_group_ca"":7,""gt_interpersonal_ca"":14,""gt_group_band"":""low"",""gt_interpersonal_band"":""moderate""}","{   ""self_reported_group_ca"": 18,   ""self_reported_interpersonal_ca"": 12,   ""self_reported_band_group"": ""moderate"",   ""self_reported_band_interpersonal"": ""low"" }"
fed6f5638289a28859c9481746f14a0b397c7a7ec7233e1d48a7aecb3533a38f__v3_voice,"{""gt_group_ca"":7,""gt_interpersonal_ca"":14,""gt_group_band"":""low"",""gt_interpersonal_band"":""moderate""}","{   ""self_reported_group_ca"": 18,   ""self_reported_interpersonal_ca"": 12,   ""self_reported_band_group"": ""moderate"",   ""self_reported_band_interpersonal"": ""low"" }"
ca7c0b1f54ed53340b4a2e3adc2e5cb5284bd9541ec49cfd4ed9c42418fdc077__demos,"{""gt_group_ca"":14,""gt_interpersonal_ca"":13,""gt_group_band"":""moderate"",""gt_interpersonal_band"":""low""}","{   ""self_reported_group_ca"": 18,   ""self_reported_interpersonal_ca"": 12,   ""self_reported_band_group"": ""moderate"",   ""self_reported_band_interpersonal"": ""low"" }"
ca7c0b1f54ed53340b4a2e3adc2e5cb5284bd9541ec49cfd4ed9c42418fdc077__employment,"{""gt_group_ca"":14,""gt_interpersonal_ca"":13,""gt_group_band"":""moderate"",""gt_interpersonal_band"":""low""}","{   ""self_reported_group_ca"": 18,   ""self_reported_interpersonal_ca"": 12,   ""self_reported_band_group"": ""moderate"",   ""self_reported_band_interpersonal"": ""low"" }"
ca7c0b1f54ed53340b4a2e3adc2e5cb5284bd9541ec49cfd4ed9c42418fdc077__geo,"{""gt_group_ca"":14,""gt_interpersonal_ca"":13,""gt_group_band"":""moderate"",""gt_interpersonal_band"":""low""}","{   ""self_reported_group_ca"": 18,   ""self_reported_interpersonal_ca"": 12,   ""self_reported_band_group"": ""moderate"",   ""self_reported_band_interpersonal"": ""low"" }"
ca7c0b1f54ed53340b4a2e3adc2e5cb5284bd9541ec49cfd4ed9c42418fdc077__transit,"{""gt_group_ca"":14,""gt_interpersonal_ca"":13,""gt_group_band"":""moderate"",""gt_interpersonal_band"":""low""}","{   ""self_reported_group_ca"": 18,   ""self_reported_interpersonal_ca"": 12,   ""self_reported_band_group"": ""moderate"",   ""self_reported_band_interpersonal"": ""low"" }"
ca7c0b1f54ed53340b4a2e3adc2e5cb5284bd9541ec49cfd4ed9c42418fdc077__full,"{""gt_group_ca"":14,""gt_interpersonal_ca"":13,""gt_group_band"":""moderate"",""gt_interpersonal_band"":""low""}","{   ""self_reported_group_ca"": 18,   ""self_reported_interpersonal_ca"": 12,   ""self_reported_band_group"": ""moderate"",   ""self_reported_band_interpersonal"": ""low"" }"
ca7c0b1f54ed53340b4a2e3adc2e5cb5284bd9541ec49cfd4ed9c42418fdc077__v3_rideshare,"{""gt_group_ca"":14,""gt_interpersonal_ca"":13,""gt_group_band"":""moderate"",""gt_interpersonal_band"":""low""}","{   ""self_reported_group_ca"": 18,   ""self_reported_interpersonal_ca"": 12,   ""self_reported_band_group"": ""moderate"",   ""self_reported_band_interpersonal"": ""low"" }"
ca7c0b1f54ed53340b4a2e3adc2e5cb5284bd9541ec49cfd4ed9c42418fdc077__v3_public_transit,"{""gt_group_ca"":14,""gt_interpersonal_ca"":13,""gt_group_band"":""moderate"",""gt_interpersonal_band"":""low""}","{   ""self_reported_group_ca"": 18,   ""self_reported_interpersonal_ca"": 12,   ""self_reported_band_group"": ""moderate"",   ""self_reported_band_interpersonal"": ""low"" }"
ca7c0b1f54ed53340b4a2e3adc2e5cb5284bd9541ec49cfd4ed9c42418fdc077__v3_voice,"{""gt_group_ca"":14,""gt_interpersonal_ca"":13,""gt_group_band"":""moderate"",""gt_interpersonal_band"":""low""}","{   ""self_reported_group_ca"": 18,   ""self_reported_interpersonal_ca"": 12,   ""self_reported_band_group"": ""moderate"",   ""self_reported_band_interpersonal"": ""low"" }"
f4d8d11bda5a57d0186b810457f3f45a8cd9dbb3cb71f927f4f154f0d5632d1a__demos,"{""gt_group_ca"":11,""gt_interpersonal_ca"":12,""gt_group_band"":""low"",""gt_interpersonal_band"":""low""}","{   ""self_reported_group_ca"": 18,   ""self_reported_interpersonal_ca"": 12,   ""self_reported_band_group"": ""moderate"",   ""self_reported_band_interpersonal"": ""low"" }"
f4d8d11bda5a57d0186b810457f3f45a8cd9dbb3cb71f927f4f154f0d5632d1a__employment,"{""gt_group_ca"":11,""gt_interpersonal_ca"":12,""gt_group_band"":""low"",""gt_interpersonal_band"":""low""}","{   ""self_reported_group_ca"": 18,   ""self_reported_interpersonal_ca"": 12,   ""self_reported_band_group"": ""moderate"",   ""self_reported_band_interpersonal"": ""low"" }"
f4d8d11bda5a57d0186b810457f3f45a8cd9dbb3cb71f927f4f154f0d5632d1a__geo,"{""gt_group_ca"":11,""gt_interpersonal_ca"":12,""gt_group_band"":""low"",""gt_interpersonal_band"":""low""}","{   ""self_reported_group_ca"": 18,   ""self_reported_interpersonal_ca"": 12,   ""self_reported_band_group"": ""moderate"",   ""self_reported_band_interpersonal"": ""low"" }"
f4d8d11bda5a57d0186b810457f3f45a8cd9dbb3cb71f927f4f154f0d5632d1a__transit,"{""gt_group_ca"":11,""gt_interpersonal_ca"":12,""gt_group_band"":""low"",""gt_interpersonal_band"":""low""}","{   ""self_reported_group_ca"": 18,   ""self_reported_interpersonal_ca"": 12,   ""self_reported_band_group"": ""moderate"",   ""self_reported_band_interpersonal"": ""low"" }"
f4d8d11bda5a57d0186b810457f3f45a8cd9dbb3cb71f927f4f154f0d5632d1a__full,"{""gt_group_ca"":11,""gt_interpersonal_ca"":12,""gt_group_band"":""low"",""gt_interpersonal_band"":""low""}","{   ""self_reported_group_ca"": 18,   ""self_reported_interpersonal_ca"": 12,   ""self_reported_band_group"": ""moderate"",   ""self_reported_band_interpersonal"": ""low"" }"
f4d8d11bda5a57d0186b810457f3f45a8cd9dbb3cb71f927f4f154f0d5632d1a__v3_rideshare,"{""gt_group_ca"":11,""gt_interpersonal_ca"":12,""gt_group_band"":""low"",""gt_interpersonal_band"":""low""}","{   ""self_reported_group_ca"": 18,   ""self_reported_interpersonal_ca"": 12,   ""self_reported_band_group"": ""moderate"",   ""self_reported_band_interpersonal"": ""low"" }"
f4d8d11bda5a57d0186b810457f3f45a8cd9dbb3cb71f927f4f154f0d5632d1a__v3_public_transit,"{""gt_group_ca"":11,""gt_interpersonal_ca"":12,""gt_group_band"":""low"",""gt_interpersonal_band"":""low""}","{   ""self_reported_group_ca"": 18,   ""self_reported_interpersonal_ca"": 12,   ""self_reported_band_group"": ""moderate"",   ""self_reported_band_interpersonal"": ""low"" }"
f4d8d11bda5a57d0186b810457f3f45a8cd9dbb3cb71f927f4f154f0d5632d1a__v3_voice,"{""gt_group_ca"":11,""gt_interpersonal_ca"":12,""gt_group_band"":""low"",""gt_interpersonal_band"":""low""}","{   ""self_reported_group_ca"": 18,   ""self_reported_interpersonal_ca"": 12,   ""self_reported_band_group"": ""moderate"",   ""self_reported_band_interpersonal"": ""low"" }"
137ea28d8a52bd0c74770beb8bbc58d714e271ac863185ae0fb5848cbdd8d4b7__demos,"{""gt_group_ca"":18,""gt_interpersonal_ca"":24,""gt_group_band"":""moderate"",""gt_interpersonal_band"":""high""}","{   ""self_reported_group_ca"": 18,   ""self_reported_interpersonal_ca"": 12,   ""self_reported_band_group"": ""moderate"",   ""self_reported_band_interpersonal"": ""low"" }"
137ea28d8a52bd0c74770beb8bbc58d714e271ac863185ae0fb5848cbdd8d4b7__employment,"{""gt_group_ca"":18,""gt_interpersonal_ca"":24,""gt_group_band"":""moderate"",""gt_interpersonal_band"":""high""}","{   ""self_reported_group_ca"": 18,   ""self_reported_interpersonal_ca"": 12,   ""self_reported_band_group"": ""moderate"",   ""self_reported_band_interpersonal"": ""low"" }"
137ea28d8a52bd0c74770beb8bbc58d714e271ac863185ae0fb5848cbdd8d4b7__geo,"{""gt_group_ca"":18,""gt_interpersonal_ca"":24,""gt_group_band"":""moderate"",""gt_interpersonal_band"":""high""}","{   ""self_reported_group_ca"": 18,   ""self_reported_interpersonal_ca"": 12,   ""self_reported_band_group"": ""moderate"",   ""self_reported_band_interpersonal"": ""low"" }"
137ea28d8a52bd0c74770beb8bbc58d714e271ac863185ae0fb5848cbdd8d4b7__transit,"{""gt_group_ca"":18,""gt_interpersonal_ca"":24,""gt_group_band"":""moderate"",""gt_interpersonal_band"":""high""}","{   ""self_reported_group_ca"": 18,   ""self_reported_interpersonal_ca"": 12,   ""self_reported_band_group"": ""moderate"",   ""self_reported_band_interpersonal"": ""low"" }"
137ea28d8a52bd0c74770beb8bbc58d714e271ac863185ae0fb5848cbdd8d4b7__full,"{""gt_group_ca"":18,""gt_interpersonal_ca"":24,""gt_group_band"":""moderate"",""gt_interpersonal_band"":""high""}","{   ""self_reported_group_ca"": 18,   ""self_reported_interpersonal_ca"": 12,   ""self_reported_band_group"": ""moderate"",   ""self_reported_band_interpersonal"": ""low"" }"
137ea28d8a52bd0c74770beb8bbc58d714e271ac863185ae0fb5848cbdd8d4b7__v3_rideshare,"{""gt_group_ca"":18,""gt_interpersonal_ca"":24,""gt_group_band"":""moderate"",""gt_interpersonal_band"":""high""}","{   ""self_reported_group_ca"": 18,   ""self_reported_interpersonal_ca"": 12,   ""self_reported_band_group"": ""moderate"",   ""self_reported_band_interpersonal"": ""low"" }"
137ea28d8a52bd0c74770beb8bbc58d714e271ac863185ae0fb5848cbdd8d4b7__v3_public_transit,"{""gt_group_ca"":18,""gt_interpersonal_ca"":24,""gt_group_band"":""moderate"",""gt_interpersonal_band"":""high""}","{   ""self_reported_group_ca"": 18,   ""self_reported_interpersonal_ca"": 12,   ""self_reported_band_group"": ""moderate"",   ""self_reported_band_interpersonal"": ""low"" }"
137ea28d8a52bd0c74770beb8bbc58d714e271ac863185ae0fb5848cbdd8d4b7__v3_voice,"{""gt_group_ca"":18,""gt_interpersonal_ca"":24,""gt_group_band"":""moderate"",""gt_interpersonal_band"":""high""}","{   ""self_reported_group_ca"": 18,   ""self_reported_interpersonal_ca"": 12,   ""self_reported_band_group"": ""moderate"",   ""self_reported_band_interpersonal"": ""low"" }"
d2af37fe6b096a9432f93581a6efd91214c2a8c619c9ec97e02e964e966643c3__demos,"{""gt_group_ca"":10,""gt_interpersonal_ca"":11,""gt_group_band"":""low"",""gt_interpersonal_band"":""low""}","{   ""self_reported_group_ca"": 18,   ""self_reported_interpersonal_ca"": 12,   ""self_reported_band_group"": ""moderate"",   ""self_reported_band_interpersonal"": ""low"" }"
d2af37fe6b096a9432f93581a6efd91214c2a8c619c9ec97e02e964e966643c3__employment,"{""gt_group_ca"":10,""gt_interpersonal_ca"":11,""gt_group_band"":""low"",""gt_interpersonal_band"":""low""}","{   ""self_reported_group_ca"": 18,   ""self_reported_interpersonal_ca"": 12,   ""self_reported_band_group"": ""moderate"",   ""self_reported_band_interpersonal"": ""low"" }"
d2af37fe6b096a9432f93581a6efd91214c2a8c619c9ec97e02e964e966643c3__geo,"{""gt_group_ca"":10,""gt_interpersonal_ca"":11,""gt_group_band"":""low"",""gt_interpersonal_band"":""low""}","{   ""self_reported_group_ca"": 18,   ""self_reported_interpersonal_ca"": 12,   ""self_reported_band_group"": ""moderate"",   ""self_reported_band_interpersonal"": ""low"" }"
d2af37fe6b096a9432f93581a6efd91214c2a8c619c9ec97e02e964e966643c3__transit,"{""gt_group_ca"":10,""gt_interpersonal_ca"":11,""gt_group_band"":""low"",""gt_interpersonal_band"":""low""}","{   ""self_reported_group_ca"": 18,   ""self_reported_interpersonal_ca"": 12,   ""self_reported_band_group"": ""moderate"",   ""self_reported_band_interpersonal"": ""low"" }"
d2af37fe6b096a9432f93581a6efd91214c2a8c619c9ec97e02e964e966643c3__full,"{""gt_group_ca"":10,""gt_interpersonal_ca"":11,""gt_group_band"":""low"",""gt_interpersonal_band"":""low""}","{   ""self_reported_group_ca"": 18,   ""self_reported_interpersonal_ca"": 12,   ""self_reported_band_group"": ""moderate"",   ""self_reported_band_interpersonal"": ""low"" }"
d2af37fe6b096a9432f93581a6efd91214c2a8c619c9ec97e02e964e966643c3__v3_rideshare,"{""gt_group_ca"":10,""gt_interpersonal_ca"":11,""gt_group_band"":""low"",""gt_interpersonal_band"":""low""}","{   ""self_reported_group_ca"": 18,   ""self_reported_interpersonal_ca"": 12,   ""self_reported_band_group"": ""moderate"",   ""self_reported_band_interpersonal"": ""low"" }"
d2af37fe6b096a9432f93581a6efd91214c2a8c619c9ec97e02e964e966643c3__v3_public_transit,"{""gt_group_ca"":10,""gt_interpersonal_ca"":11,""gt_group_band"":""low"",""gt_interpersonal_band"":""low""}","{   ""self_reported_group_ca"": 18,   ""self_reported_interpersonal_ca"": 12,   ""self_reported_band_group"": ""moderate"",   ""self_reported_band_interpersonal"": ""low"" }"
d2af37fe6b096a9432f93581a6efd91214c2a8c619c9ec97e02e964e966643c3__v3_voice,"{""gt_group_ca"":10,""gt_interpersonal_ca"":11,""gt_group_band"":""low"",""gt_interpersonal_band"":""low""}","{   ""self_reported_group_ca"": 18,   ""self_reported_interpersonal_ca"": 12,   ""self_reported_band_group"": ""moderate"",   ""self_reported_band_interpersonal"": ""low"" }"
be2320c1076e2b66cb5cad7a6f8b704b80d4a32b864889e7791a0b35dda0dde0__demos,"{""gt_group_ca"":8,""gt_interpersonal_ca"":15,""gt_group_band"":""low"",""gt_interpersonal_band"":""moderate""}","{   ""self_reported_group_ca"": 18,   ""self_reported_interpersonal_ca"": 12,   ""self_reported_band_group"": ""moderate"",   ""self_reported_band_interpersonal"": ""low"" }"
be2320c1076e2b66cb5cad7a6f8b704b80d4a32b864889e7791a0b35dda0dde0__employment,"{""gt_group_ca"":8,""gt_interpersonal_ca"":15,""gt_group_band"":""low"",""gt_interpersonal_band"":""moderate""}","{   ""self_reported_group_ca"": 18,   ""self_reported_interpersonal_ca"": 12,   ""self_reported_band_group"": ""moderate"",   ""self_reported_band_interpersonal"": ""low"" }"
be2320c1076e2b66cb5cad7a6f8b704b80d4a32b864889e7791a0b35dda0dde0__geo,"{""gt_group_ca"":8,""gt_interpersonal_ca"":15,""gt_group_band"":""low"",""gt_interpersonal_band"":""moderate""}","{   ""self_reported_group_ca"": 18,   ""self_reported_interpersonal_ca"": 12,   ""self_reported_band_group"": ""moderate"",   ""self_reported_band_interpersonal"": ""low"" }"
be2320c1076e2b66cb5cad7a6f8b704b80d4a32b864889e7791a0b35dda0dde0__transit,"{""gt_group_ca"":8,""gt_interpersonal_ca"":15,""gt_group_band"":""low"",""gt_interpersonal_band"":""moderate""}","{   ""self_reported_group_ca"": 18,   ""self_reported_interpersonal_ca"": 12,   ""self_reported_band_group"": ""moderate"",   ""self_reported_band_interpersonal"": ""low"" }"
be2320c1076e2b66cb5cad7a6f8b704b80d4a32b864889e7791a0b35dda0dde0__full,"{""gt_group_ca"":8,""gt_interpersonal_ca"":15,""gt_group_band"":""low"",""gt_interpersonal_band"":""moderate""}","{   ""self_reported_group_ca"": 18,   ""self_reported_interpersonal_ca"": 12,   ""self_reported_band_group"": ""moderate"",   ""self_reported_band_interpersonal"": ""low"" }"
be2320c1076e2b66cb5cad7a6f8b704b80d4a32b864889e7791a0b35dda0dde0__v3_rideshare,"{""gt_group_ca"":8,""gt_interpersonal_ca"":15,""gt_group_band"":""low"",""gt_interpersonal_band"":""moderate""}","{   ""self_reported_group_ca"": 18,   ""self_reported_interpersonal_ca"": 12,   ""self_reported_band_group"": ""moderate"",   ""self_reported_band_interpersonal"": ""low"" }"
be2320c1076e2b66cb5cad7a6f8b704b80d4a32b864889e7791a0b35dda0dde0__v3_public_transit,"{""gt_group_ca"":8,""gt_interpersonal_ca"":15,""gt_group_band"":""low"",""gt_interpersonal_band"":""moderate""}","{   ""self_reported_group_ca"": 18,   ""self_reported_interpersonal_ca"": 12,   ""self_reported_band_group"": ""moderate"",   ""self_reported_band_interpersonal"": ""low"" }"
be2320c1076e2b66cb5cad7a6f8b704b80d4a32b864889e7791a0b35dda0dde0__v3_voice,"{""gt_group_ca"":8,""gt_interpersonal_ca"":15,""gt_group_band"":""low"",""gt_interpersonal_band"":""moderate""}","{   ""self_reported_group_ca"": 18,   ""self_reported_interpersonal_ca"": 12,   ""self_reported_band_group"": ""moderate"",   ""self_reported_band_interpersonal"": ""low"" }"
433b85694c3c4bfb19942e0aadb6062c270ac97349ed36194679af66e02d188a__demos,"{""gt_group_ca"":6,""gt_interpersonal_ca"":6,""gt_group_band"":""low"",""gt_interpersonal_band"":""low""}","{   ""self_reported_group_ca"": 18,   ""self_reported_interpersonal_ca"": 12,   ""self_reported_band_group"": ""moderate"",   ""self_reported_band_interpersonal"": ""low"" }"
433b85694c3c4bfb19942e0aadb6062c270ac97349ed36194679af66e02d188a__employment,"{""gt_group_ca"":6,""gt_interpersonal_ca"":6,""gt_group_band"":""low"",""gt_interpersonal_band"":""low""}","{   ""self_reported_group_ca"": 18,   ""self_reported_interpersonal_ca"": 12,   ""self_reported_band_group"": ""moderate"",   ""self_reported_band_interpersonal"": ""low"" }"
433b85694c3c4bfb19942e0aadb6062c270ac97349ed36194679af66e02d188a__geo,"{""gt_group_ca"":6,""gt_interpersonal_ca"":6,""gt_group_band"":""low"",""gt_interpersonal_band"":""low""}","{   ""self_reported_group_ca"": 18,   ""self_reported_interpersonal_ca"": 12,   ""self_reported_band_group"": ""moderate"",   ""self_reported_band_interpersonal"": ""low"" }"
433b85694c3c4bfb19942e0aadb6062c270ac97349ed36194679af66e02d188a__transit,"{""gt_group_ca"":6,""gt_interpersonal_ca"":6,""gt_group_band"":""low"",""gt_interpersonal_band"":""low""}","{   ""self_reported_group_ca"": 18,   ""self_reported_interpersonal_ca"": 12,   ""self_reported_band_group"": ""moderate"",   ""self_reported_band_interpersonal"": ""low"" }"
433b85694c3c4bfb19942e0aadb6062c270ac97349ed36194679af66e02d188a__full,"{""gt_group_ca"":6,""gt_interpersonal_ca"":6,""gt_group_band"":""low"",""gt_interpersonal_band"":""low""}","{   ""self_reported_group_ca"": 18,   ""self_reported_interpersonal_ca"": 12,   ""self_reported_band_group"": ""moderate"",   ""self_reported_band_interpersonal"": ""low"" }"
433b85694c3c4bfb19942e0aadb6062c270ac97349ed36194679af66e02d188a__v3_rideshare,"{""gt_group_ca"":6,""gt_interpersonal_ca"":6,""gt_group_band"":""low"",""gt_interpersonal_band"":""low""}","{   ""self_reported_group_ca"": 18,   ""self_reported_interpersonal_ca"": 12,   ""self_reported_band_group"": ""moderate"",   ""self_reported_band_interpersonal"": ""low"" }"
433b85694c3c4bfb19942e0aadb6062c270ac97349ed36194679af66e02d188a__v3_public_transit,"{""gt_group_ca"":6,""gt_interpersonal_ca"":6,""gt_group_band"":""low"",""gt_interpersonal_band"":""low""}","{   ""self_reported_group_ca"": 18,   ""self_reported_interpersonal_ca"": 12,   ""self_reported_band_group"": ""moderate"",   ""self_reported_band_interpersonal"": ""low"" }"
433b85694c3c4bfb19942e0aadb6062c270ac97349ed36194679af66e02d188a__v3_voice,"{""gt_group_ca"":6,""gt_interpersonal_ca"":6,""gt_group_band"":""low"",""gt_interpersonal_band"":""low""}","{   ""self_reported_group_ca"": 18,   ""self_reported_interpersonal_ca"": 12,   ""self_reported_band_group"": ""moderate"",   ""self_reported_band_interpersonal"": ""low"" }"
3b1a89a349b24f06bb8d663b74181ba84b2f105ab758867712a62442f317df06__demos,"{""gt_group_ca"":20,""gt_interpersonal_ca"":17,""gt_group_band"":""high"",""gt_interpersonal_band"":""moderate""}","{   ""self_reported_group_ca"": 18,   ""self_reported_interpersonal_ca"": 12,   ""self_reported_band_group"": ""moderate"",   ""self_reported_band_interpersonal"": ""low"" }"
3b1a89a349b24f06bb8d663b74181ba84b2f105ab758867712a62442f317df06__employment,"{""gt_group_ca"":20,""gt_interpersonal_ca"":17,""gt_group_band"":""high"",""gt_interpersonal_band"":""moderate""}","{   ""self_reported_group_ca"": 18,   ""self_reported_interpersonal_ca"": 12,   ""self_reported_band_group"": ""moderate"",   ""self_reported_band_interpersonal"": ""low"" }"
3b1a89a349b24f06bb8d663b74181ba84b2f105ab758867712a62442f317df06__geo,"{""gt_group_ca"":20,""gt_interpersonal_ca"":17,""gt_group_band"":""high"",""gt_interpersonal_band"":""moderate""}","{   ""self_reported_group_ca"": 18,   ""self_reported_interpersonal_ca"": 12,   ""self_reported_band_group"": ""moderate"",   ""self_reported_band_interpersonal"": ""low"" }"
3b1a89a349b24f06bb8d663b74181ba84b2f105ab758867712a62442f317df06__transit,"{""gt_group_ca"":20,""gt_interpersonal_ca"":17,""gt_group_band"":""high"",""gt_interpersonal_band"":""moderate""}","{   ""self_reported_group_ca"": 18,   ""self_reported_interpersonal_ca"": 12,   ""self_reported_band_group"": ""moderate"",   ""self_reported_band_interpersonal"": ""low"" }"
3b1a89a349b24f06bb8d663b74181ba84b2f105ab758867712a62442f317df06__full,"{""gt_group_ca"":20,""gt_interpersonal_ca"":17,""gt_group_band"":""high"",""gt_interpersonal_band"":""moderate""}","{   ""self_reported_group_ca"": 18,   ""self_reported_interpersonal_ca"": 12,   ""self_reported_band_group"": ""moderate"",   ""self_reported_band_interpersonal"": ""low"" }"
3b1a89a349b24f06bb8d663b74181ba84b2f105ab758867712a62442f317df06__v3_rideshare,"{""gt_group_ca"":20,""gt_interpersonal_ca"":17,""gt_group_band"":""high"",""gt_interpersonal_band"":""moderate""}","{   ""self_reported_group_ca"": 18,   ""self_reported_interpersonal_ca"": 12,   ""self_reported_band_group"": ""moderate"",   ""self_reported_band_interpersonal"": ""low"" }"
3b1a89a349b24f06bb8d663b74181ba84b2f105ab758867712a62442f317df06__v3_public_transit,"{""gt_group_ca"":20,""gt_interpersonal_ca"":17,""gt_group_band"":""high"",""gt_interpersonal_band"":""moderate""}","{   ""self_reported_group_ca"": 18,   ""self_reported_interpersonal_ca"": 12,   ""self_reported_band_group"": ""moderate"",   ""self_reported_band_interpersonal"": ""low"" }"
3b1a89a349b24f06bb8d663b74181ba84b2f105ab758867712a62442f317df06__v3_voice,"{""gt_group_ca"":20,""gt_interpersonal_ca"":17,""gt_group_band"":""high"",""gt_interpersonal_band"":""moderate""}","{   ""self_reported_group_ca"": 18,   ""self_reported_interpersonal_ca"": 12,   ""self_reported_band_group"": ""moderate"",   ""self_reported_band_interpersonal"": ""low"" }"
1c934bb5c05cb1694da7159da41e9d326792edfca3556cf1b0018a21c08ff678__demos,"{""gt_group_ca"":12,""gt_interpersonal_ca"":15,""gt_group_band"":""low"",""gt_interpersonal_band"":""moderate""}","{   ""self_reported_group_ca"": 18,   ""self_reported_interpersonal_ca"": 12,   ""self_reported_band_group"": ""moderate"",   ""self_reported_band_interpersonal"": ""low"" }"
1c934bb5c05cb1694da7159da41e9d326792edfca3556cf1b0018a21c08ff678__employment,"{""gt_group_ca"":12,""gt_interpersonal_ca"":15,""gt_group_band"":""low"",""gt_interpersonal_band"":""moderate""}","{   ""self_reported_group_ca"": 18,   ""self_reported_interpersonal_ca"": 12,   ""self_reported_band_group"": ""moderate"",   ""self_reported_band_interpersonal"": ""low"" }"
1c934bb5c05cb1694da7159da41e9d326792edfca3556cf1b0018a21c08ff678__geo,"{""gt_group_ca"":12,""gt_interpersonal_ca"":15,""gt_group_band"":""low"",""gt_interpersonal_band"":""moderate""}","{   ""self_reported_group_ca"": 18,   ""self_reported_interpersonal_ca"": 12,   ""self_reported_band_group"": ""moderate"",   ""self_reported_band_interpersonal"": ""low"" }"
1c934bb5c05cb1694da7159da41e9d326792edfca3556cf1b0018a21c08ff678__transit,"{""gt_group_ca"":12,""gt_interpersonal_ca"":15,""gt_group_band"":""low"",""gt_interpersonal_band"":""moderate""}","{   ""self_reported_group_ca"": 18,   ""self_reported_interpersonal_ca"": 12,   ""self_reported_band_group"": ""moderate"",   ""self_reported_band_interpersonal"": ""low"" }"
1c934bb5c05cb1694da7159da41e9d326792edfca3556cf1b0018a21c08ff678__full,"{""gt_group_ca"":12,""gt_interpersonal_ca"":15,""gt_group_band"":""low"",""gt_interpersonal_band"":""moderate""}","{   ""self_reported_group_ca"": 18,   ""self_reported_interpersonal_ca"": 12,   ""self_reported_band_group"": ""moderate"",   ""self_reported_band_interpersonal"": ""low"" }"
1c934bb5c05cb1694da7159da41e9d326792edfca3556cf1b0018a21c08ff678__v3_rideshare,"{""gt_group_ca"":12,""gt_interpersonal_ca"":15,""gt_group_band"":""low"",""gt_interpersonal_band"":""moderate""}","{   ""self_reported_group_ca"": 18,   ""self_reported_interpersonal_ca"": 12,   ""self_reported_band_group"": ""moderate"",   ""self_reported_band_interpersonal"": ""low"" }"
1c934bb5c05cb1694da7159da41e9d326792edfca3556cf1b0018a21c08ff678__v3_public_transit,"{""gt_group_ca"":12,""gt_interpersonal_ca"":15,""gt_group_band"":""low"",""gt_interpersonal_band"":""moderate""}","{   ""self_reported_group_ca"": 18,   ""self_reported_interpersonal_ca"": 12,   ""self_reported_band_group"": ""moderate"",   ""self_reported_band_interpersonal"": ""low"" }"
1c934bb5c05cb1694da7159da41e9d326792edfca3556cf1b0018a21c08ff678__v3_voice,"{""gt_group_ca"":12,""gt_interpersonal_ca"":15,""gt_group_band"":""low"",""gt_interpersonal_band"":""moderate""}","{   ""self_reported_group_ca"": 18,   ""self_reported_interpersonal_ca"": 12,   ""self_reported_band_group"": ""moderate"",   ""self_reported_band_interpersonal"": ""low"" }"
22745e62dc7a649ee1d49a05a53f2f366e7ce0551afb51340496bd088d3a57bb__demos,"{""gt_group_ca"":14,""gt_interpersonal_ca"":15,""gt_group_band"":""moderate"",""gt_interpersonal_band"":""moderate""}","{   ""self_reported_group_ca"": 18,   ""self_reported_interpersonal_ca"": 12,   ""self_reported_band_group"": ""moderate"",   ""self_reported_band_interpersonal"": ""low"" }"
22745e62dc7a649ee1d49a05a53f2f366e7ce0551afb51340496bd088d3a57bb__employment,"{""gt_group_ca"":14,""gt_interpersonal_ca"":15,""gt_group_band"":""moderate"",""gt_interpersonal_band"":""moderate""}","{   ""self_reported_group_ca"": 18,   ""self_reported_interpersonal_ca"": 12,   ""self_reported_band_group"": ""moderate"",   ""self_reported_band_interpersonal"": ""low"" }"
22745e62dc7a649ee1d49a05a53f2f366e7ce0551afb51340496bd088d3a57bb__geo,"{""gt_group_ca"":14,""gt_interpersonal_ca"":15,""gt_group_band"":""moderate"",""gt_interpersonal_band"":""moderate""}","{   ""self_reported_group_ca"": 18,   ""self_reported_interpersonal_ca"": 12,   ""self_reported_band_group"": ""moderate"",   ""self_reported_band_interpersonal"": ""low"" }"
22745e62dc7a649ee1d49a05a53f2f366e7ce0551afb51340496bd088d3a57bb__transit,"{""gt_group_ca"":14,""gt_interpersonal_ca"":15,""gt_group_band"":""moderate"",""gt_interpersonal_band"":""moderate""}","{   ""self_reported_group_ca"": 18,   ""self_reported_interpersonal_ca"": 12,   ""self_reported_band_group"": ""moderate"",   ""self_reported_band_interpersonal"": ""low"" }"
22745e62dc7a649ee1d49a05a53f2f366e7ce0551afb51340496bd088d3a57bb__full,"{""gt_group_ca"":14,""gt_interpersonal_ca"":15,""gt_group_band"":""moderate"",""gt_interpersonal_band"":""moderate""}","{   ""self_reported_group_ca"": 18,   ""self_reported_interpersonal_ca"": 12,   ""self_reported_band_group"": ""moderate"",   ""self_reported_band_interpersonal"": ""low"" }"
22745e62dc7a649ee1d49a05a53f2f366e7ce0551afb51340496bd088d3a57bb__v3_rideshare,"{""gt_group_ca"":14,""gt_interpersonal_ca"":15,""gt_group_band"":""moderate"",""gt_interpersonal_band"":""moderate""}","{   ""self_reported_group_ca"": 18,   ""self_reported_interpersonal_ca"": 12,   ""self_reported_band_group"": ""moderate"",   ""self_reported_band_interpersonal"": ""low"" }"
22745e62dc7a649ee1d49a05a53f2f366e7ce0551afb51340496bd088d3a57bb__v3_public_transit,"{""gt_group_ca"":14,""gt_interpersonal_ca"":15,""gt_group_band"":""moderate"",""gt_interpersonal_band"":""moderate""}","{   ""self_reported_group_ca"": 18,   ""self_reported_interpersonal_ca"": 12,   ""self_reported_band_group"": ""moderate"",   ""self_reported_band_interpersonal"": ""low"" }"
22745e62dc7a649ee1d49a05a53f2f366e7ce0551afb51340496bd088d3a57bb__v3_voice,"{""gt_group_ca"":14,""gt_interpersonal_ca"":15,""gt_group_band"":""moderate"",""gt_interpersonal_band"":""moderate""}","{   ""self_reported_group_ca"": 18,   ""self_reported_interpersonal_ca"": 12,   ""self_reported_band_group"": ""moderate"",   ""self_reported_band_interpersonal"": ""low"" }"
39c71c1496e7a0223fa78a11a39fb94c9bd542b60b9835bad6c71e04d8c985f5__demos,"{""gt_group_ca"":6,""gt_interpersonal_ca"":6,""gt_group_band"":""low"",""gt_interpersonal_band"":""low""}","{   ""self_reported_group_ca"": 18,   ""self_reported_interpersonal_ca"": 12,   ""self_reported_band_group"": ""moderate"",   ""self_reported_band_interpersonal"": ""low"" }"
39c71c1496e7a0223fa78a11a39fb94c9bd542b60b9835bad6c71e04d8c985f5__employment,"{""gt_group_ca"":6,""gt_interpersonal_ca"":6,""gt_group_band"":""low"",""gt_interpersonal_band"":""low""}","{   ""self_reported_group_ca"": 18,   ""self_reported_interpersonal_ca"": 12,   ""self_reported_band_group"": ""moderate"",   ""self_reported_band_interpersonal"": ""low"" }"
39c71c1496e7a0223fa78a11a39fb94c9bd542b60b9835bad6c71e04d8c985f5__geo,"{""gt_group_ca"":6,""gt_interpersonal_ca"":6,""gt_group_band"":""low"",""gt_interpersonal_band"":""low""}","{   ""self_reported_group_ca"": 18,   ""self_reported_interpersonal_ca"": 12,   ""self_reported_band_group"": ""moderate"",   ""self_reported_band_interpersonal"": ""low"" }"
39c71c1496e7a0223fa78a11a39fb94c9bd542b60b9835bad6c71e04d8c985f5__transit,"{""gt_group_ca"":6,""gt_interpersonal_ca"":6,""gt_group_band"":""low"",""gt_interpersonal_band"":""low""}","{   ""self_reported_group_ca"": 18,   ""self_reported_interpersonal_ca"": 12,   ""self_reported_band_group"": ""moderate"",   ""self_reported_band_interpersonal"": ""low"" }"
39c71c1496e7a0223fa78a11a39fb94c9bd542b60b9835bad6c71e04d8c985f5__full,"{""gt_group_ca"":6,""gt_interpersonal_ca"":6,""gt_group_band"":""low"",""gt_interpersonal_band"":""low""}","{   ""self_reported_group_ca"": 18,   ""self_reported_interpersonal_ca"": 12,   ""self_reported_band_group"": ""moderate"",   ""self_reported_band_interpersonal"": ""low"" }"
39c71c1496e7a0223fa78a11a39fb94c9bd542b60b9835bad6c71e04d8c985f5__v3_rideshare,"{""gt_group_ca"":6,""gt_interpersonal_ca"":6,""gt_group_band"":""low"",""gt_interpersonal_band"":""low""}","{   ""self_reported_group_ca"": 18,   ""self_reported_interpersonal_ca"": 12,   ""self_reported_band_group"": ""moderate"",   ""self_reported_band_interpersonal"": ""low"" }"
39c71c1496e7a0223fa78a11a39fb94c9bd542b60b9835bad6c71e04d8c985f5__v3_public_transit,"{""gt_group_ca"":6,""gt_interpersonal_ca"":6,""gt_group_band"":""low"",""gt_interpersonal_band"":""low""}","{   ""self_reported_group_ca"": 18,   ""self_reported_interpersonal_ca"": 12,   ""self_reported_band_group"": ""moderate"",   ""self_reported_band_interpersonal"": ""low"" }"
39c71c1496e7a0223fa78a11a39fb94c9bd542b60b9835bad6c71e04d8c985f5__v3_voice,"{""gt_group_ca"":6,""gt_interpersonal_ca"":6,""gt_group_band"":""low"",""gt_interpersonal_band"":""low""}","{   ""self_reported_group_ca"": 18,   ""self_reported_interpersonal_ca"": 12,   ""self_reported_band_group"": ""moderate"",   ""self_reported_band_interpersonal"": ""low"" }"
c44eb13c5642daf65d048836bd7bae186ce770aa8508e9f368f3cdc8fe7eb2f8__demos,"{""gt_group_ca"":7,""gt_interpersonal_ca"":6,""gt_group_band"":""low"",""gt_interpersonal_band"":""low""}","{   ""self_reported_group_ca"": 18,   ""self_reported_interpersonal_ca"": 12,   ""self_reported_band_group"": ""moderate"",   ""self_reported_band_interpersonal"": ""low"" }"
c44eb13c5642daf65d048836bd7bae186ce770aa8508e9f368f3cdc8fe7eb2f8__employment,"{""gt_group_ca"":7,""gt_interpersonal_ca"":6,""gt_group_band"":""low"",""gt_interpersonal_band"":""low""}","{   ""self_reported_group_ca"": 18,   ""self_reported_interpersonal_ca"": 12,   ""self_reported_band_group"": ""moderate"",   ""self_reported_band_interpersonal"": ""low"" }"
c44eb13c5642daf65d048836bd7bae186ce770aa8508e9f368f3cdc8fe7eb2f8__geo,"{""gt_group_ca"":7,""gt_interpersonal_ca"":6,""gt_group_band"":""low"",""gt_interpersonal_band"":""low""}","{   ""self_reported_group_ca"": 18,   ""self_reported_interpersonal_ca"": 12,   ""self_reported_band_group"": ""moderate"",   ""self_reported_band_interpersonal"": ""low"" }"
c44eb13c5642daf65d048836bd7bae186ce770aa8508e9f368f3cdc8fe7eb2f8__transit,"{""gt_group_ca"":7,""gt_interpersonal_ca"":6,""gt_group_band"":""low"",""gt_interpersonal_band"":""low""}","{   ""self_reported_group_ca"": 18,   ""self_reported_interpersonal_ca"": 12,   ""self_reported_band_group"": ""moderate"",   ""self_reported_band_interpersonal"": ""low"" }"
c44eb13c5642daf65d048836bd7bae186ce770aa8508e9f368f3cdc8fe7eb2f8__full,"{""gt_group_ca"":7,""gt_interpersonal_ca"":6,""gt_group_band"":""low"",""gt_interpersonal_band"":""low""}","{   ""self_reported_group_ca"": 18,   ""self_reported_interpersonal_ca"": 12,   ""self_reported_band_group"": ""moderate"",   ""self_reported_band_interpersonal"": ""low"" }"
c44eb13c5642daf65d048836bd7bae186ce770aa8508e9f368f3cdc8fe7eb2f8__v3_rideshare,"{""gt_group_ca"":7,""gt_interpersonal_ca"":6,""gt_group_band"":""low"",""gt_interpersonal_band"":""low""}","{   ""self_reported_group_ca"": 18,   ""self_reported_interpersonal_ca"": 12,   ""self_reported_band_group"": ""moderate"",   ""self_reported_band_interpersonal"": ""low"" }"
c44eb13c5642daf65d048836bd7bae186ce770aa8508e9f368f3cdc8fe7eb2f8__v3_public_transit,"{""gt_group_ca"":7,""gt_interpersonal_ca"":6,""gt_group_band"":""low"",""gt_interpersonal_band"":""low""}","{   ""self_reported_group_ca"": 18,   ""self_reported_interpersonal_ca"": 12,   ""self_reported_band_group"": ""moderate"",   ""self_reported_band_interpersonal"": ""low"" }"
c44eb13c5642daf65d048836bd7bae186ce770aa8508e9f368f3cdc8fe7eb2f8__v3_voice,"{""gt_group_ca"":7,""gt_interpersonal_ca"":6,""gt_group_band"":""low"",""gt_interpersonal_band"":""low""}","{   ""self_reported_group_ca"": 18,   ""self_reported_interpersonal_ca"": 12,   ""self_reported_band_group"": ""moderate"",   ""self_reported_band_interpersonal"": ""low"" }"
b9ad8be6896c5bf2e3e72e773516d1d7911573c33e92e9b20544cb4f9b4ff13a__demos,"{""gt_group_ca"":18,""gt_interpersonal_ca"":18,""gt_group_band"":""moderate"",""gt_interpersonal_band"":""moderate""}","{   ""self_reported_group_ca"": 18,   ""self_reported_interpersonal_ca"": 12,   ""self_reported_band_group"": ""moderate"",   ""self_reported_band_interpersonal"": ""low"" }"
b9ad8be6896c5bf2e3e72e773516d1d7911573c33e92e9b20544cb4f9b4ff13a__employment,"{""gt_group_ca"":18,""gt_interpersonal_ca"":18,""gt_group_band"":""moderate"",""gt_interpersonal_band"":""moderate""}","{   ""self_reported_group_ca"": 18,   ""self_reported_interpersonal_ca"": 12,   ""self_reported_band_group"": ""moderate"",   ""self_reported_band_interpersonal"": ""low"" }"
b9ad8be6896c5bf2e3e72e773516d1d7911573c33e92e9b20544cb4f9b4ff13a__geo,"{""gt_group_ca"":18,""gt_interpersonal_ca"":18,""gt_group_band"":""moderate"",""gt_interpersonal_band"":""moderate""}","{   ""self_reported_group_ca"": 18,   ""self_reported_interpersonal_ca"": 12,   ""self_reported_band_group"": ""moderate"",   ""self_reported_band_interpersonal"": ""low"" }"
b9ad8be6896c5bf2e3e72e773516d1d7911573c33e92e9b20544cb4f9b4ff13a__transit,"{""gt_group_ca"":18,""gt_interpersonal_ca"":18,""gt_group_band"":""moderate"",""gt_interpersonal_band"":""moderate""}","{   ""self_reported_group_ca"": 18,   ""self_reported_interpersonal_ca"": 12,   ""self_reported_band_group"": ""moderate"",   ""self_reported_band_interpersonal"": ""low"" }"
b9ad8be6896c5bf2e3e72e773516d1d7911573c33e92e9b20544cb4f9b4ff13a__full,"{""gt_group_ca"":18,""gt_interpersonal_ca"":18,""gt_group_band"":""moderate"",""gt_interpersonal_band"":""moderate""}","{   ""self_reported_group_ca"": 18,   ""self_reported_interpersonal_ca"": 12,   ""self_reported_band_group"": ""moderate"",   ""self_reported_band_interpersonal"": ""low"" }"
b9ad8be6896c5bf2e3e72e773516d1d7911573c33e92e9b20544cb4f9b4ff13a__v3_rideshare,"{""gt_group_ca"":18,""gt_interpersonal_ca"":18,""gt_group_band"":""moderate"",""gt_interpersonal_band"":""moderate""}","{   ""self_reported_group_ca"": 18,   ""self_reported_interpersonal_ca"": 12,   ""self_reported_band_group"": ""moderate"",   ""self_reported_band_interpersonal"": ""low"" }"
b9ad8be6896c5bf2e3e72e773516d1d7911573c33e92e9b20544cb4f9b4ff13a__v3_public_transit,"{""gt_group_ca"":18,""gt_interpersonal_ca"":18,""gt_group_band"":""moderate"",""gt_interpersonal_band"":""moderate""}","{   ""self_reported_group_ca"": 18,   ""self_reported_interpersonal_ca"": 12,   ""self_reported_band_group"": ""moderate"",   ""self_reported_band_interpersonal"": ""low"" }"
b9ad8be6896c5bf2e3e72e773516d1d7911573c33e92e9b20544cb4f9b4ff13a__v3_voice,"{""gt_group_ca"":18,""gt_interpersonal_ca"":18,""gt_group_band"":""moderate"",""gt_interpersonal_band"":""moderate""}","{   ""self_reported_group_ca"": 18,   ""self_reported_interpersonal_ca"": 12,   ""self_reported_band_group"": ""moderate"",   ""self_reported_band_interpersonal"": ""low"" }"
101776c41cd2dbbac39a0721e0a6543cace6154f90cebb6f81fe9023487b2520__demos,"{""gt_group_ca"":14,""gt_interpersonal_ca"":13,""gt_group_band"":""moderate"",""gt_interpersonal_band"":""low""}","{   ""self_reported_group_ca"": 18,   ""self_reported_interpersonal_ca"": 12,   ""self_reported_band_group"": ""moderate"",   ""self_reported_band_interpersonal"": ""low"" }"
101776c41cd2dbbac39a0721e0a6543cace6154f90cebb6f81fe9023487b2520__employment,"{""gt_group_ca"":14,""gt_interpersonal_ca"":13,""gt_group_band"":""moderate"",""gt_interpersonal_band"":""low""}","{   ""self_reported_group_ca"": 18,   ""self_reported_interpersonal_ca"": 12,   ""self_reported_band_group"": ""moderate"",   ""self_reported_band_interpersonal"": ""low"" }"
101776c41cd2dbbac39a0721e0a6543cace6154f90cebb6f81fe9023487b2520__geo,"{""gt_group_ca"":14,""gt_interpersonal_ca"":13,""gt_group_band"":""moderate"",""gt_interpersonal_band"":""low""}","{   ""self_reported_group_ca"": 18,   ""self_reported_interpersonal_ca"": 12,   ""self_reported_band_group"": ""moderate"",   ""self_reported_band_interpersonal"": ""low"" }"
101776c41cd2dbbac39a0721e0a6543cace6154f90cebb6f81fe9023487b2520__transit,"{""gt_group_ca"":14,""gt_interpersonal_ca"":13,""gt_group_band"":""moderate"",""gt_interpersonal_band"":""low""}","{   ""self_reported_group_ca"": 18,   ""self_reported_interpersonal_ca"": 12,   ""self_reported_band_group"": ""moderate"",   ""self_reported_band_interpersonal"": ""low"" }"
101776c41cd2dbbac39a0721e0a6543cace6154f90cebb6f81fe9023487b2520__full,"{""gt_group_ca"":14,""gt_interpersonal_ca"":13,""gt_group_band"":""moderate"",""gt_interpersonal_band"":""low""}","{   ""self_reported_group_ca"": 18,   ""self_reported_interpersonal_ca"": 12,   ""self_reported_band_group"": ""moderate"",   ""self_reported_band_interpersonal"": ""low"" }"
101776c41cd2dbbac39a0721e0a6543cace6154f90cebb6f81fe9023487b2520__v3_rideshare,"{""gt_group_ca"":14,""gt_interpersonal_ca"":13,""gt_group_band"":""moderate"",""gt_interpersonal_band"":""low""}","{   ""self_reported_group_ca"": 18,   ""self_reported_interpersonal_ca"": 12,   ""self_reported_band_group"": ""moderate"",   ""self_reported_band_interpersonal"": ""low"" }"
101776c41cd2dbbac39a0721e0a6543cace6154f90cebb6f81fe9023487b2520__v3_public_transit,"{""gt_group_ca"":14,""gt_interpersonal_ca"":13,""gt_group_band"":""moderate"",""gt_interpersonal_band"":""low""}","{   ""self_reported_group_ca"": 18,   ""self_reported_interpersonal_ca"": 12,   ""self_reported_band_group"": ""moderate"",   ""self_reported_band_interpersonal"": ""low"" }"
101776c41cd2dbbac39a0721e0a6543cace6154f90cebb6f81fe9023487b2520__v3_voice,"{""gt_group_ca"":14,""gt_interpersonal_ca"":13,""gt_group_band"":""moderate"",""gt_interpersonal_band"":""low""}","{   ""self_reported_group_ca"": 18,   ""self_reported_interpersonal_ca"": 12,   ""self_reported_band_group"": ""moderate"",   ""self_reported_band_interpersonal"": ""low"" }"
bf717b718324d175a28000b02af82bcee0a92a5c8a79810cd3b568c7f10d1ca3__demos,"{""gt_group_ca"":12,""gt_interpersonal_ca"":11,""gt_group_band"":""low"",""gt_interpersonal_band"":""low""}","{   ""self_reported_group_ca"": 18,   ""self_reported_interpersonal_ca"": 12,   ""self_reported_band_group"": ""moderate"",   ""self_reported_band_interpersonal"": ""low"" }"
bf717b718324d175a28000b02af82bcee0a92a5c8a79810cd3b568c7f10d1ca3__employment,"{""gt_group_ca"":12,""gt_interpersonal_ca"":11,""gt_group_band"":""low"",""gt_interpersonal_band"":""low""}","{   ""self_reported_group_ca"": 18,   ""self_reported_interpersonal_ca"": 12,   ""self_reported_band_group"": ""moderate"",   ""self_reported_band_interpersonal"": ""low"" }"
bf717b718324d175a28000b02af82bcee0a92a5c8a79810cd3b568c7f10d1ca3__geo,"{""gt_group_ca"":12,""gt_interpersonal_ca"":11,""gt_group_band"":""low"",""gt_interpersonal_band"":""low""}","{   ""self_reported_group_ca"": 18,   ""self_reported_interpersonal_ca"": 12,   ""self_reported_band_group"": ""moderate"",   ""self_reported_band_interpersonal"": ""low"" }"
bf717b718324d175a28000b02af82bcee0a92a5c8a79810cd3b568c7f10d1ca3__transit,"{""gt_group_ca"":12,""gt_interpersonal_ca"":11,""gt_group_band"":""low"",""gt_interpersonal_band"":""low""}","{   ""self_reported_group_ca"": 18,   ""self_reported_interpersonal_ca"": 12,   ""self_reported_band_group"": ""moderate"",   ""self_reported_band_interpersonal"": ""low"" }"
bf717b718324d175a28000b02af82bcee0a92a5c8a79810cd3b568c7f10d1ca3__full,"{""gt_group_ca"":12,""gt_interpersonal_ca"":11,""gt_group_band"":""low"",""gt_interpersonal_band"":""low""}","{   ""self_reported_group_ca"": 18,   ""self_reported_interpersonal_ca"": 12,   ""self_reported_band_group"": ""moderate"",   ""self_reported_band_interpersonal"": ""low"" }"
bf717b718324d175a28000b02af82bcee0a92a5c8a79810cd3b568c7f10d1ca3__v3_rideshare,"{""gt_group_ca"":12,""gt_interpersonal_ca"":11,""gt_group_band"":""low"",""gt_interpersonal_band"":""low""}","{   ""self_reported_group_ca"": 18,   ""self_reported_interpersonal_ca"": 12,   ""self_reported_band_group"": ""moderate"",   ""self_reported_band_interpersonal"": ""low"" }"
bf717b718324d175a28000b02af82bcee0a92a5c8a79810cd3b568c7f10d1ca3__v3_public_transit,"{""gt_group_ca"":12,""gt_interpersonal_ca"":11,""gt_group_band"":""low"",""gt_interpersonal_band"":""low""}","{   ""self_reported_group_ca"": 18,   ""self_reported_interpersonal_ca"": 12,   ""self_reported_band_group"": ""moderate"",   ""self_reported_band_interpersonal"": ""low"" }"
bf717b718324d175a28000b02af82bcee0a92a5c8a79810cd3b568c7f10d1ca3__v3_voice,"{""gt_group_ca"":12,""gt_interpersonal_ca"":11,""gt_group_band"":""low"",""gt_interpersonal_band"":""low""}","{   ""self_reported_group_ca"": 18,   ""self_reported_interpersonal_ca"": 12,   ""self_reported_band_group"": ""moderate"",   ""self_reported_band_interpersonal"": ""low"" }"
aaa6f524430a151ba1346063fefcec7823ad279947861eb5b31ce4da9889eb92__demos,"{""gt_group_ca"":8,""gt_interpersonal_ca"":6,""gt_group_band"":""low"",""gt_interpersonal_band"":""low""}","{   ""self_reported_group_ca"": 18,   ""self_reported_interpersonal_ca"": 12,   ""self_reported_band_group"": ""moderate"",   ""self_reported_band_interpersonal"": ""low"" }"
aaa6f524430a151ba1346063fefcec7823ad279947861eb5b31ce4da9889eb92__employment,"{""gt_group_ca"":8,""gt_interpersonal_ca"":6,""gt_group_band"":""low"",""gt_interpersonal_band"":""low""}","{   ""self_reported_group_ca"": 18,   ""self_reported_interpersonal_ca"": 12,   ""self_reported_band_group"": ""moderate"",   ""self_reported_band_interpersonal"": ""low"" }"
aaa6f524430a151ba1346063fefcec7823ad279947861eb5b31ce4da9889eb92__geo,"{""gt_group_ca"":8,""gt_interpersonal_ca"":6,""gt_group_band"":""low"",""gt_interpersonal_band"":""low""}","{   ""self_reported_group_ca"": 18,   ""self_reported_interpersonal_ca"": 12,   ""self_reported_band_group"": ""moderate"",   ""self_reported_band_interpersonal"": ""low"" }"
aaa6f524430a151ba1346063fefcec7823ad279947861eb5b31ce4da9889eb92__transit,"{""gt_group_ca"":8,""gt_interpersonal_ca"":6,""gt_group_band"":""low"",""gt_interpersonal_band"":""low""}","{   ""self_reported_group_ca"": 18,   ""self_reported_interpersonal_ca"": 12,   ""self_reported_band_group"": ""moderate"",   ""self_reported_band_interpersonal"": ""low"" }"
aaa6f524430a151ba1346063fefcec7823ad279947861eb5b31ce4da9889eb92__full,"{""gt_group_ca"":8,""gt_interpersonal_ca"":6,""gt_group_band"":""low"",""gt_interpersonal_band"":""low""}","{   ""self_reported_group_ca"": 18,   ""self_reported_interpersonal_ca"": 12,   ""self_reported_band_group"": ""moderate"",   ""self_reported_band_interpersonal"": ""low"" }"
aaa6f524430a151ba1346063fefcec7823ad279947861eb5b31ce4da9889eb92__v3_rideshare,"{""gt_group_ca"":8,""gt_interpersonal_ca"":6,""gt_group_band"":""low"",""gt_interpersonal_band"":""low""}","{   ""self_reported_group_ca"": 18,   ""self_reported_interpersonal_ca"": 12,   ""self_reported_band_group"": ""moderate"",   ""self_reported_band_interpersonal"": ""low"" }"
aaa6f524430a151ba1346063fefcec7823ad279947861eb5b31ce4da9889eb92__v3_public_transit,"{""gt_group_ca"":8,""gt_interpersonal_ca"":6,""gt_group_band"":""low"",""gt_interpersonal_band"":""low""}","{   ""self_reported_group_ca"": 18,   ""self_reported_interpersonal_ca"": 12,   ""self_reported_band_group"": ""moderate"",   ""self_reported_band_interpersonal"": ""low"" }"
aaa6f524430a151ba1346063fefcec7823ad279947861eb5b31ce4da9889eb92__v3_voice,"{""gt_group_ca"":8,""gt_interpersonal_ca"":6,""gt_group_band"":""low"",""gt_interpersonal_band"":""low""}","{   ""self_reported_group_ca"": 18,   ""self_reported_interpersonal_ca"": 12,   ""self_reported_band_group"": ""moderate"",   ""self_reported_band_interpersonal"": ""low"" }"
d6b8f91f1ef8af43817f23dd88988f6e914ce0de8b386d748aa89d0434168f84__demos,"{""gt_group_ca"":18,""gt_interpersonal_ca"":12,""gt_group_band"":""moderate"",""gt_interpersonal_band"":""low""}","{   ""self_reported_group_ca"": 22,   ""self_reported_interpersonal_ca"": 18,   ""self_reported_band_group"": ""high"",   ""self_reported_band_interpersonal"": ""moderate"" }"
d6b8f91f1ef8af43817f23dd88988f6e914ce0de8b386d748aa89d0434168f84__employment,"{""gt_group_ca"":18,""gt_interpersonal_ca"":12,""gt_group_band"":""moderate"",""gt_interpersonal_band"":""low""}","{   ""self_reported_group_ca"": 22,   ""self_reported_interpersonal_ca"": 18,   ""self_reported_band_group"": ""high"",   ""self_reported_band_interpersonal"": ""moderate"" }"
d6b8f91f1ef8af43817f23dd88988f6e914ce0de8b386d748aa89d0434168f84__geo,"{""gt_group_ca"":18,""gt_interpersonal_ca"":12,""gt_group_band"":""moderate"",""gt_interpersonal_band"":""low""}","{   ""self_reported_group_ca"": 18,   ""self_reported_interpersonal_ca"": 12,   ""self_reported_band_group"": ""moderate"",   ""self_reported_band_interpersonal"": ""low"" }"
d6b8f91f1ef8af43817f23dd88988f6e914ce0de8b386d748aa89d0434168f84__transit,"{""gt_group_ca"":18,""gt_interpersonal_ca"":12,""gt_group_band"":""moderate"",""gt_interpersonal_band"":""low""}","{   ""self_reported_group_ca"": 18,   ""self_reported_interpersonal_ca"": 12,   ""self_reported_band_group"": ""moderate"",   ""self_reported_band_interpersonal"": ""low"" }"
d6b8f91f1ef8af43817f23dd88988f6e914ce0de8b386d748aa89d0434168f84__full,"{""gt_group_ca"":18,""gt_interpersonal_ca"":12,""gt_group_band"":""moderate"",""gt_interpersonal_band"":""low""}","{   ""self_reported_group_ca"": 18,   ""self_reported_interpersonal_ca"": 12,   ""self_reported_band_group"": ""moderate"",   ""self_reported_band_interpersonal"": ""low"" }"
d6b8f91f1ef8af43817f23dd88988f6e914ce0de8b386d748aa89d0434168f84__v3_rideshare,"{""gt_group_ca"":18,""gt_interpersonal_ca"":12,""gt_group_band"":""moderate"",""gt_interpersonal_band"":""low""}","{   ""self_reported_group_ca"": 18,   ""self_reported_interpersonal_ca"": 12,   ""self_reported_band_group"": ""moderate"",   ""self_reported_band_interpersonal"": ""low"" }"
d6b8f91f1ef8af43817f23dd88988f6e914ce0de8b386d748aa89d0434168f84__v3_public_transit,"{""gt_group_ca"":18,""gt_interpersonal_ca"":12,""gt_group_band"":""moderate"",""gt_interpersonal_band"":""low""}","{   ""self_reported_group_ca"": 18,   ""self_reported_interpersonal_ca"": 12,   ""self_reported_band_group"": ""moderate"",   ""self_reported_band_interpersonal"": ""low"" }"
d6b8f91f1ef8af43817f23dd88988f6e914ce0de8b386d748aa89d0434168f84__v3_voice,"{""gt_group_ca"":18,""gt_interpersonal_ca"":12,""gt_group_band"":""moderate"",""gt_interpersonal_band"":""low""}","{   ""self_reported_group_ca"": 18,   ""self_reported_interpersonal_ca"": 12,   ""self_reported_band_group"": ""moderate"",   ""self_reported_band_interpersonal"": ""low"" }"
860b4f42915964f37f735d818db9e76ac1b1e138647cfe1bb7f05f8997d4c114__demos,"{""gt_group_ca"":18,""gt_interpersonal_ca"":18,""gt_group_band"":""moderate"",""gt_interpersonal_band"":""moderate""}","{   ""self_reported_group_ca"": 18,   ""self_reported_interpersonal_ca"": 12,   ""self_reported_band_group"": ""moderate"",   ""self_reported_band_interpersonal"": ""low"" }"
860b4f42915964f37f735d818db9e76ac1b1e138647cfe1bb7f05f8997d4c114__employment,"{""gt_group_ca"":18,""gt_interpersonal_ca"":18,""gt_group_band"":""moderate"",""gt_interpersonal_band"":""moderate""}","{   ""self_reported_group_ca"": 18,   ""self_reported_interpersonal_ca"": 12,   ""self_reported_band_group"": ""moderate"",   ""self_reported_band_interpersonal"": ""low"" }"
860b4f42915964f37f735d818db9e76ac1b1e138647cfe1bb7f05f8997d4c114__geo,"{""gt_group_ca"":18,""gt_interpersonal_ca"":18,""gt_group_band"":""moderate"",""gt_interpersonal_band"":""moderate""}","{   ""self_reported_group_ca"": 18,   ""self_reported_interpersonal_ca"": 12,   ""self_reported_band_group"": ""moderate"",   ""self_reported_band_interpersonal"": ""low"" }"
860b4f42915964f37f735d818db9e76ac1b1e138647cfe1bb7f05f8997d4c114__transit,"{""gt_group_ca"":18,""gt_interpersonal_ca"":18,""gt_group_band"":""moderate"",""gt_interpersonal_band"":""moderate""}","{   ""self_reported_group_ca"": 18,   ""self_reported_interpersonal_ca"": 12,   ""self_reported_band_group"": ""moderate"",   ""self_reported_band_interpersonal"": ""low"" }"
860b4f42915964f37f735d818db9e76ac1b1e138647cfe1bb7f05f8997d4c114__full,"{""gt_group_ca"":18,""gt_interpersonal_ca"":18,""gt_group_band"":""moderate"",""gt_interpersonal_band"":""moderate""}","{   ""self_reported_group_ca"": 18,   ""self_reported_interpersonal_ca"": 12,   ""self_reported_band_group"": ""moderate"",   ""self_reported_band_interpersonal"": ""low"" }"
860b4f42915964f37f735d818db9e76ac1b1e138647cfe1bb7f05f8997d4c114__v3_rideshare,"{""gt_group_ca"":18,""gt_interpersonal_ca"":18,""gt_group_band"":""moderate"",""gt_interpersonal_band"":""moderate""}","{   ""self_reported_group_ca"": 18,   ""self_reported_interpersonal_ca"": 12,   ""self_reported_band_group"": ""moderate"",   ""self_reported_band_interpersonal"": ""low"" }"
860b4f42915964f37f735d818db9e76ac1b1e138647cfe1bb7f05f8997d4c114__v3_public_transit,"{""gt_group_ca"":18,""gt_interpersonal_ca"":18,""gt_group_band"":""moderate"",""gt_interpersonal_band"":""moderate""}","{   ""self_reported_group_ca"": 18,   ""self_reported_interpersonal_ca"": 12,   ""self_reported_band_group"": ""moderate"",   ""self_reported_band_interpersonal"": ""low"" }"
860b4f42915964f37f735d818db9e76ac1b1e138647cfe1bb7f05f8997d4c114__v3_voice,"{""gt_group_ca"":18,""gt_interpersonal_ca"":18,""gt_group_band"":""moderate"",""gt_interpersonal_band"":""moderate""}","{   ""self_reported_group_ca"": 18,   ""self_reported_interpersonal_ca"": 12,   ""self_reported_band_group"": ""moderate"",   ""self_reported_band_interpersonal"": ""low"" }"
0b7da5ccfe616e7f5e67317b7c5d23ca3f2f94012db4fb376dbdbd2236e29875__demos,"{""gt_group_ca"":6,""gt_interpersonal_ca"":8,""gt_group_band"":""low"",""gt_interpersonal_band"":""low""}","{   ""self_reported_group_ca"": 18,   ""self_reported_interpersonal_ca"": 12,   ""self_reported_band_group"": ""moderate"",   ""self_reported_band_interpersonal"": ""low"" }"
0b7da5ccfe616e7f5e67317b7c5d23ca3f2f94012db4fb376dbdbd2236e29875__employment,"{""gt_group_ca"":6,""gt_interpersonal_ca"":8,""gt_group_band"":""low"",""gt_interpersonal_band"":""low""}","{   ""self_reported_group_ca"": 18,   ""self_reported_interpersonal_ca"": 12,   ""self_reported_band_group"": ""moderate"",   ""self_reported_band_interpersonal"": ""low"" }"
0b7da5ccfe616e7f5e67317b7c5d23ca3f2f94012db4fb376dbdbd2236e29875__geo,"{""gt_group_ca"":6,""gt_interpersonal_ca"":8,""gt_group_band"":""low"",""gt_interpersonal_band"":""low""}","{   ""self_reported_group_ca"": 18,   ""self_reported_interpersonal_ca"": 12,   ""self_reported_band_group"": ""moderate"",   ""self_reported_band_interpersonal"": ""low"" }"
0b7da5ccfe616e7f5e67317b7c5d23ca3f2f94012db4fb376dbdbd2236e29875__transit,"{""gt_group_ca"":6,""gt_interpersonal_ca"":8,""gt_group_band"":""low"",""gt_interpersonal_band"":""low""}","{   ""self_reported_group_ca"": 18,   ""self_reported_interpersonal_ca"": 12,   ""self_reported_band_group"": ""moderate"",   ""self_reported_band_interpersonal"": ""low"" }"
0b7da5ccfe616e7f5e67317b7c5d23ca3f2f94012db4fb376dbdbd2236e29875__full,"{""gt_group_ca"":6,""gt_interpersonal_ca"":8,""gt_group_band"":""low"",""gt_interpersonal_band"":""low""}","{   ""self_reported_group_ca"": 18,   ""self_reported_interpersonal_ca"": 12,   ""self_reported_band_group"": ""moderate"",   ""self_reported_band_interpersonal"": ""low"" }"
0b7da5ccfe616e7f5e67317b7c5d23ca3f2f94012db4fb376dbdbd2236e29875__v3_rideshare,"{""gt_group_ca"":6,""gt_interpersonal_ca"":8,""gt_group_band"":""low"",""gt_interpersonal_band"":""low""}","{   ""self_reported_group_ca"": 18,   ""self_reported_interpersonal_ca"": 12,   ""self_reported_band_group"": ""moderate"",   ""self_reported_band_interpersonal"": ""low"" }"
0b7da5ccfe616e7f5e67317b7c5d23ca3f2f94012db4fb376dbdbd2236e29875__v3_public_transit,"{""gt_group_ca"":6,""gt_interpersonal_ca"":8,""gt_group_band"":""low"",""gt_interpersonal_band"":""low""}","{   ""self_reported_group_ca"": 18,   ""self_reported_interpersonal_ca"": 12,   ""self_reported_band_group"": ""moderate"",   ""self_reported_band_interpersonal"": ""low"" }"
0b7da5ccfe616e7f5e67317b7c5d23ca3f2f94012db4fb376dbdbd2236e29875__v3_voice,"{""gt_group_ca"":6,""gt_interpersonal_ca"":8,""gt_group_band"":""low"",""gt_interpersonal_band"":""low""}","{   ""self_reported_group_ca"": 18,   ""self_reported_interpersonal_ca"": 12,   ""self_reported_band_group"": ""moderate"",   ""self_reported_band_interpersonal"": ""low"" }"
e2078bf3c954e9519fb5a096648bdf29381e55d316cf7e5eccc4a13b9a7e8f3a__demos,"{""gt_group_ca"":12,""gt_interpersonal_ca"":12,""gt_group_band"":""low"",""gt_interpersonal_band"":""low""}","{   ""self_reported_group_ca"": 18,   ""self_reported_interpersonal_ca"": 12,   ""self_reported_band_group"": ""moderate"",   ""self_reported_band_interpersonal"": ""low"" }"
e2078bf3c954e9519fb5a096648bdf29381e55d316cf7e5eccc4a13b9a7e8f3a__employment,"{""gt_group_ca"":12,""gt_interpersonal_ca"":12,""gt_group_band"":""low"",""gt_interpersonal_band"":""low""}","{   ""self_reported_group_ca"": 18,   ""self_reported_interpersonal_ca"": 12,   ""self_reported_band_group"": ""moderate"",   ""self_reported_band_interpersonal"": ""low"" }"
e2078bf3c954e9519fb5a096648bdf29381e55d316cf7e5eccc4a13b9a7e8f3a__geo,"{""gt_group_ca"":12,""gt_interpersonal_ca"":12,""gt_group_band"":""low"",""gt_interpersonal_band"":""low""}","{   ""self_reported_group_ca"": 18,   ""self_reported_interpersonal_ca"": 12,   ""self_reported_band_group"": ""moderate"",   ""self_reported_band_interpersonal"": ""low"" }"
e2078bf3c954e9519fb5a096648bdf29381e55d316cf7e5eccc4a13b9a7e8f3a__transit,"{""gt_group_ca"":12,""gt_interpersonal_ca"":12,""gt_group_band"":""low"",""gt_interpersonal_band"":""low""}","{   ""self_reported_group_ca"": 18,   ""self_reported_interpersonal_ca"": 12,   ""self_reported_band_group"": ""moderate"",   ""self_reported_band_interpersonal"": ""low"" }"
e2078bf3c954e9519fb5a096648bdf29381e55d316cf7e5eccc4a13b9a7e8f3a__full,"{""gt_group_ca"":12,""gt_interpersonal_ca"":12,""gt_group_band"":""low"",""gt_interpersonal_band"":""low""}","{   ""self_reported_group_ca"": 18,   ""self_reported_interpersonal_ca"": 12,   ""self_reported_band_group"": ""moderate"",   ""self_reported_band_interpersonal"": ""low"" }"
e2078bf3c954e9519fb5a096648bdf29381e55d316cf7e5eccc4a13b9a7e8f3a__v3_rideshare,"{""gt_group_ca"":12,""gt_interpersonal_ca"":12,""gt_group_band"":""low"",""gt_interpersonal_band"":""low""}","{   ""self_reported_group_ca"": 18,   ""self_reported_interpersonal_ca"": 12,   ""self_reported_band_group"": ""moderate"",   ""self_reported_band_interpersonal"": ""low"" }"
e2078bf3c954e9519fb5a096648bdf29381e55d316cf7e5eccc4a13b9a7e8f3a__v3_public_transit,"{""gt_group_ca"":12,""gt_interpersonal_ca"":12,""gt_group_band"":""low"",""gt_interpersonal_band"":""low""}","{   ""self_reported_group_ca"": 18,   ""self_reported_interpersonal_ca"": 12,   ""self_reported_band_group"": ""moderate"",   ""self_reported_band_interpersonal"": ""low"" }"
e2078bf3c954e9519fb5a096648bdf29381e55d316cf7e5eccc4a13b9a7e8f3a__v3_voice,"{""gt_group_ca"":12,""gt_interpersonal_ca"":12,""gt_group_band"":""low"",""gt_interpersonal_band"":""low""}","{   ""self_reported_group_ca"": 18,   ""self_reported_interpersonal_ca"": 12,   ""self_reported_band_group"": ""moderate"",   ""self_reported_band_interpersonal"": ""low"" }"
da338b6255829f37c0b15b3eb7305edf61ff79a55f4009646a21f15feee1f0e1__demos,"{""gt_group_ca"":12,""gt_interpersonal_ca"":10,""gt_group_band"":""low"",""gt_interpersonal_band"":""low""}","{   ""self_reported_group_ca"": 18,   ""self_reported_interpersonal_ca"": 12,   ""self_reported_band_group"": ""moderate"",   ""self_reported_band_interpersonal"": ""low"" }"
da338b6255829f37c0b15b3eb7305edf61ff79a55f4009646a21f15feee1f0e1__employment,"{""gt_group_ca"":12,""gt_interpersonal_ca"":10,""gt_group_band"":""low"",""gt_interpersonal_band"":""low""}","{   ""self_reported_group_ca"": 18,   ""self_reported_interpersonal_ca"": 12,   ""self_reported_band_group"": ""moderate"",   ""self_reported_band_interpersonal"": ""low"" }"
da338b6255829f37c0b15b3eb7305edf61ff79a55f4009646a21f15feee1f0e1__geo,"{""gt_group_ca"":12,""gt_interpersonal_ca"":10,""gt_group_band"":""low"",""gt_interpersonal_band"":""low""}","{   ""self_reported_group_ca"": 18,   ""self_reported_interpersonal_ca"": 12,   ""self_reported_band_group"": ""moderate"",   ""self_reported_band_interpersonal"": ""low"" }"
da338b6255829f37c0b15b3eb7305edf61ff79a55f4009646a21f15feee1f0e1__transit,"{""gt_group_ca"":12,""gt_interpersonal_ca"":10,""gt_group_band"":""low"",""gt_interpersonal_band"":""low""}","{   ""self_reported_group_ca"": 18,   ""self_reported_interpersonal_ca"": 12,   ""self_reported_band_group"": ""moderate"",   ""self_reported_band_interpersonal"": ""low"" }"
da338b6255829f37c0b15b3eb7305edf61ff79a55f4009646a21f15feee1f0e1__full,"{""gt_group_ca"":12,""gt_interpersonal_ca"":10,""gt_group_band"":""low"",""gt_interpersonal_band"":""low""}","{   ""self_reported_group_ca"": 18,   ""self_reported_interpersonal_ca"": 12,   ""self_reported_band_group"": ""moderate"",   ""self_reported_band_interpersonal"": ""low"" }"
da338b6255829f37c0b15b3eb7305edf61ff79a55f4009646a21f15feee1f0e1__v3_rideshare,"{""gt_group_ca"":12,""gt_interpersonal_ca"":10,""gt_group_band"":""low"",""gt_interpersonal_band"":""low""}","{   ""self_reported_group_ca"": 18,   ""self_reported_interpersonal_ca"": 12,   ""self_reported_band_group"": ""moderate"",   ""self_reported_band_interpersonal"": ""low"" }"
da338b6255829f37c0b15b3eb7305edf61ff79a55f4009646a21f15feee1f0e1__v3_public_transit,"{""gt_group_ca"":12,""gt_interpersonal_ca"":10,""gt_group_band"":""low"",""gt_interpersonal_band"":""low""}","{   ""self_reported_group_ca"": 18,   ""self_reported_interpersonal_ca"": 12,   ""self_reported_band_group"": ""moderate"",   ""self_reported_band_interpersonal"": ""low"" }"
da338b6255829f37c0b15b3eb7305edf61ff79a55f4009646a21f15feee1f0e1__v3_voice,"{""gt_group_ca"":12,""gt_interpersonal_ca"":10,""gt_group_band"":""low"",""gt_interpersonal_band"":""low""}","{   ""self_reported_group_ca"": 18,   ""self_reported_interpersonal_ca"": 12,   ""self_reported_band_group"": ""moderate"",   ""self_reported_band_interpersonal"": ""low"" }"
b84da9244bc40253f8033bc91bb13f3c5081e69f45392c285bb267e08da2cc98__demos,"{""gt_group_ca"":13,""gt_interpersonal_ca"":16,""gt_group_band"":""low"",""gt_interpersonal_band"":""moderate""}","{   ""self_reported_group_ca"": 18,   ""self_reported_interpersonal_ca"": 12,   ""self_reported_band_group"": ""moderate"",   ""self_reported_band_interpersonal"": ""low"" }"
b84da9244bc40253f8033bc91bb13f3c5081e69f45392c285bb267e08da2cc98__employment,"{""gt_group_ca"":13,""gt_interpersonal_ca"":16,""gt_group_band"":""low"",""gt_interpersonal_band"":""moderate""}","{   ""self_reported_group_ca"": 18,   ""self_reported_interpersonal_ca"": 12,   ""self_reported_band_group"": ""moderate"",   ""self_reported_band_interpersonal"": ""low"" }"
b84da9244bc40253f8033bc91bb13f3c5081e69f45392c285bb267e08da2cc98__geo,"{""gt_group_ca"":13,""gt_interpersonal_ca"":16,""gt_group_band"":""low"",""gt_interpersonal_band"":""moderate""}","{   ""self_reported_group_ca"": 18,   ""self_reported_interpersonal_ca"": 12,   ""self_reported_band_group"": ""moderate"",   ""self_reported_band_interpersonal"": ""low"" }"
b84da9244bc40253f8033bc91bb13f3c5081e69f45392c285bb267e08da2cc98__transit,"{""gt_group_ca"":13,""gt_interpersonal_ca"":16,""gt_group_band"":""low"",""gt_interpersonal_band"":""moderate""}","{   ""self_reported_group_ca"": 18,   ""self_reported_interpersonal_ca"": 12,   ""self_reported_band_group"": ""moderate"",   ""self_reported_band_interpersonal"": ""low"" }"
b84da9244bc40253f8033bc91bb13f3c5081e69f45392c285bb267e08da2cc98__full,"{""gt_group_ca"":13,""gt_interpersonal_ca"":16,""gt_group_band"":""low"",""gt_interpersonal_band"":""moderate""}","{   ""self_reported_group_ca"": 18,   ""self_reported_interpersonal_ca"": 12,   ""self_reported_band_group"": ""moderate"",   ""self_reported_band_interpersonal"": ""low"" }"
b84da9244bc40253f8033bc91bb13f3c5081e69f45392c285bb267e08da2cc98__v3_rideshare,"{""gt_group_ca"":13,""gt_interpersonal_ca"":16,""gt_group_band"":""low"",""gt_interpersonal_band"":""moderate""}","{   ""self_reported_group_ca"": 18,   ""self_reported_interpersonal_ca"": 12,   ""self_reported_band_group"": ""moderate"",   ""self_reported_band_interpersonal"": ""low"" }"
b84da9244bc40253f8033bc91bb13f3c5081e69f45392c285bb267e08da2cc98__v3_public_transit,"{""gt_group_ca"":13,""gt_interpersonal_ca"":16,""gt_group_band"":""low"",""gt_interpersonal_band"":""moderate""}","{   ""self_reported_group_ca"": 18,   ""self_reported_interpersonal_ca"": 12,   ""self_reported_band_group"": ""moderate"",   ""self_reported_band_interpersonal"": ""low"" }"
b84da9244bc40253f8033bc91bb13f3c5081e69f45392c285bb267e08da2cc98__v3_voice,"{""gt_group_ca"":13,""gt_interpersonal_ca"":16,""gt_group_band"":""low"",""gt_interpersonal_band"":""moderate""}","{   ""self_reported_group_ca"": 18,   ""self_reported_interpersonal_ca"": 12,   ""self_reported_band_group"": ""moderate"",   ""self_reported_band_interpersonal"": ""low"" }"
42a8de8ef09691d7100970bdd46304a2f2e92b3b4eb526b617111e5db598f80d__demos,"{""gt_group_ca"":11,""gt_interpersonal_ca"":8,""gt_group_band"":""low"",""gt_interpersonal_band"":""low""}","{   ""self_reported_group_ca"": 18,   ""self_reported_interpersonal_ca"": 12,   ""self_reported_band_group"": ""moderate"",   ""self_reported_band_interpersonal"": ""low"" }"
42a8de8ef09691d7100970bdd46304a2f2e92b3b4eb526b617111e5db598f80d__employment,"{""gt_group_ca"":11,""gt_interpersonal_ca"":8,""gt_group_band"":""low"",""gt_interpersonal_band"":""low""}","{   ""self_reported_group_ca"": 18,   ""self_reported_interpersonal_ca"": 12,   ""self_reported_band_group"": ""moderate"",   ""self_reported_band_interpersonal"": ""low"" }"
42a8de8ef09691d7100970bdd46304a2f2e92b3b4eb526b617111e5db598f80d__geo,"{""gt_group_ca"":11,""gt_interpersonal_ca"":8,""gt_group_band"":""low"",""gt_interpersonal_band"":""low""}","{   ""self_reported_group_ca"": 18,   ""self_reported_interpersonal_ca"": 12,   ""self_reported_band_group"": ""moderate"",   ""self_reported_band_interpersonal"": ""low"" }"
42a8de8ef09691d7100970bdd46304a2f2e92b3b4eb526b617111e5db598f80d__transit,"{""gt_group_ca"":11,""gt_interpersonal_ca"":8,""gt_group_band"":""low"",""gt_interpersonal_band"":""low""}","{   ""self_reported_group_ca"": 18,   ""self_reported_interpersonal_ca"": 12,   ""self_reported_band_group"": ""moderate"",   ""self_reported_band_interpersonal"": ""low"" }"
42a8de8ef09691d7100970bdd46304a2f2e92b3b4eb526b617111e5db598f80d__full,"{""gt_group_ca"":11,""gt_interpersonal_ca"":8,""gt_group_band"":""low"",""gt_interpersonal_band"":""low""}","{   ""self_reported_group_ca"": 18,   ""self_reported_interpersonal_ca"": 12,   ""self_reported_band_group"": ""moderate"",   ""self_reported_band_interpersonal"": ""low"" }"
42a8de8ef09691d7100970bdd46304a2f2e92b3b4eb526b617111e5db598f80d__v3_rideshare,"{""gt_group_ca"":11,""gt_interpersonal_ca"":8,""gt_group_band"":""low"",""gt_interpersonal_band"":""low""}","{   ""self_reported_group_ca"": 18,   ""self_reported_interpersonal_ca"": 12,   ""self_reported_band_group"": ""moderate"",   ""self_reported_band_interpersonal"": ""low"" }"
42a8de8ef09691d7100970bdd46304a2f2e92b3b4eb526b617111e5db598f80d__v3_public_transit,"{""gt_group_ca"":11,""gt_interpersonal_ca"":8,""gt_group_band"":""low"",""gt_interpersonal_band"":""low""}","{   ""self_reported_group_ca"": 18,   ""self_reported_interpersonal_ca"": 12,   ""self_reported_band_group"": ""moderate"",   ""self_reported_band_interpersonal"": ""low"" }"
42a8de8ef09691d7100970bdd46304a2f2e92b3b4eb526b617111e5db598f80d__v3_voice,"{""gt_group_ca"":11,""gt_interpersonal_ca"":8,""gt_group_band"":""low"",""gt_interpersonal_band"":""low""}","{   ""self_reported_group_ca"": 18,   ""self_reported_interpersonal_ca"": 12,   ""self_reported_band_group"": ""moderate"",   ""self_reported_band_interpersonal"": ""low"" }"
d3c5b8e8974659d201e51e5f17d4679a3aa00884ece815d4ace340a4f7b63b4c__demos,"{""gt_group_ca"":10,""gt_interpersonal_ca"":12,""gt_group_band"":""low"",""gt_interpersonal_band"":""low""}","{   ""self_reported_group_ca"": 18,   ""self_reported_interpersonal_ca"": 12,   ""self_reported_band_group"": ""moderate"",   ""self_reported_band_interpersonal"": ""low"" }"
d3c5b8e8974659d201e51e5f17d4679a3aa00884ece815d4ace340a4f7b63b4c__employment,"{""gt_group_ca"":10,""gt_interpersonal_ca"":12,""gt_group_band"":""low"",""gt_interpersonal_band"":""low""}","{   ""self_reported_group_ca"": 18,   ""self_reported_interpersonal_ca"": 12,   ""self_reported_band_group"": ""moderate"",   ""self_reported_band_interpersonal"": ""low"" }"
d3c5b8e8974659d201e51e5f17d4679a3aa00884ece815d4ace340a4f7b63b4c__geo,"{""gt_group_ca"":10,""gt_interpersonal_ca"":12,""gt_group_band"":""low"",""gt_interpersonal_band"":""low""}","{   ""self_reported_group_ca"": 18,   ""self_reported_interpersonal_ca"": 12,   ""self_reported_band_group"": ""moderate"",   ""self_reported_band_interpersonal"": ""low"" }"
d3c5b8e8974659d201e51e5f17d4679a3aa00884ece815d4ace340a4f7b63b4c__transit,"{""gt_group_ca"":10,""gt_interpersonal_ca"":12,""gt_group_band"":""low"",""gt_interpersonal_band"":""low""}","{   ""self_reported_group_ca"": 18,   ""self_reported_interpersonal_ca"": 12,   ""self_reported_band_group"": ""moderate"",   ""self_reported_band_interpersonal"": ""low"" }"
d3c5b8e8974659d201e51e5f17d4679a3aa00884ece815d4ace340a4f7b63b4c__full,"{""gt_group_ca"":10,""gt_interpersonal_ca"":12,""gt_group_band"":""low"",""gt_interpersonal_band"":""low""}","{   ""self_reported_group_ca"": 18,   ""self_reported_interpersonal_ca"": 12,   ""self_reported_band_group"": ""moderate"",   ""self_reported_band_interpersonal"": ""low"" }"
d3c5b8e8974659d201e51e5f17d4679a3aa00884ece815d4ace340a4f7b63b4c__v3_rideshare,"{""gt_group_ca"":10,""gt_interpersonal_ca"":12,""gt_group_band"":""low"",""gt_interpersonal_band"":""low""}","{   ""self_reported_group_ca"": 18,   ""self_reported_interpersonal_ca"": 12,   ""self_reported_band_group"": ""moderate"",   ""self_reported_band_interpersonal"": ""low"" }"
d3c5b8e8974659d201e51e5f17d4679a3aa00884ece815d4ace340a4f7b63b4c__v3_public_transit,"{""gt_group_ca"":10,""gt_interpersonal_ca"":12,""gt_group_band"":""low"",""gt_interpersonal_band"":""low""}","{   ""self_reported_group_ca"": 18,   ""self_reported_interpersonal_ca"": 12,   ""self_reported_band_group"": ""moderate"",   ""self_reported_band_interpersonal"": ""low"" }"
d3c5b8e8974659d201e51e5f17d4679a3aa00884ece815d4ace340a4f7b63b4c__v3_voice,"{""gt_group_ca"":10,""gt_interpersonal_ca"":12,""gt_group_band"":""low"",""gt_interpersonal_band"":""low""}","{   ""self_reported_group_ca"": 18,   ""self_reported_interpersonal_ca"": 12,   ""self_reported_band_group"": ""moderate"",   ""self_reported_band_interpersonal"": ""low"" }"
4d2636ad20c055a0424fc4b05384b67c0fddd7345505b86e42f37e936deadea9__demos,"{""gt_group_ca"":8,""gt_interpersonal_ca"":7,""gt_group_band"":""low"",""gt_interpersonal_band"":""low""}","{   ""self_reported_group_ca"": 18,   ""self_reported_interpersonal_ca"": 12,   ""self_reported_band_group"": ""moderate"",   ""self_reported_band_interpersonal"": ""low"" }"
4d2636ad20c055a0424fc4b05384b67c0fddd7345505b86e42f37e936deadea9__employment,"{""gt_group_ca"":8,""gt_interpersonal_ca"":7,""gt_group_band"":""low"",""gt_interpersonal_band"":""low""}","{   ""self_reported_group_ca"": 18,   ""self_reported_interpersonal_ca"": 12,   ""self_reported_band_group"": ""moderate"",   ""self_reported_band_interpersonal"": ""low"" }"
4d2636ad20c055a0424fc4b05384b67c0fddd7345505b86e42f37e936deadea9__geo,"{""gt_group_ca"":8,""gt_interpersonal_ca"":7,""gt_group_band"":""low"",""gt_interpersonal_band"":""low""}","{   ""self_reported_group_ca"": 18,   ""self_reported_interpersonal_ca"": 12,   ""self_reported_band_group"": ""moderate"",   ""self_reported_band_interpersonal"": ""low"" }"
4d2636ad20c055a0424fc4b05384b67c0fddd7345505b86e42f37e936deadea9__transit,"{""gt_group_ca"":8,""gt_interpersonal_ca"":7,""gt_group_band"":""low"",""gt_interpersonal_band"":""low""}","{   ""self_reported_group_ca"": 18,   ""self_reported_interpersonal_ca"": 12,   ""self_reported_band_group"": ""moderate"",   ""self_reported_band_interpersonal"": ""low"" }"
4d2636ad20c055a0424fc4b05384b67c0fddd7345505b86e42f37e936deadea9__full,"{""gt_group_ca"":8,""gt_interpersonal_ca"":7,""gt_group_band"":""low"",""gt_interpersonal_band"":""low""}","{   ""self_reported_group_ca"": 18,   ""self_reported_interpersonal_ca"": 12,   ""self_reported_band_group"": ""moderate"",   ""self_reported_band_interpersonal"": ""low"" }"
4d2636ad20c055a0424fc4b05384b67c0fddd7345505b86e42f37e936deadea9__v3_rideshare,"{""gt_group_ca"":8,""gt_interpersonal_ca"":7,""gt_group_band"":""low"",""gt_interpersonal_band"":""low""}","{   ""self_reported_group_ca"": 18,   ""self_reported_interpersonal_ca"": 12,   ""self_reported_band_group"": ""moderate"",   ""self_reported_band_interpersonal"": ""low"" }"
4d2636ad20c055a0424fc4b05384b67c0fddd7345505b86e42f37e936deadea9__v3_public_transit,"{""gt_group_ca"":8,""gt_interpersonal_ca"":7,""gt_group_band"":""low"",""gt_interpersonal_band"":""low""}","{   ""self_reported_group_ca"": 18,   ""self_reported_interpersonal_ca"": 12,   ""self_reported_band_group"": ""moderate"",   ""self_reported_band_interpersonal"": ""low"" }"
4d2636ad20c055a0424fc4b05384b67c0fddd7345505b86e42f37e936deadea9__v3_voice,"{""gt_group_ca"":8,""gt_interpersonal_ca"":7,""gt_group_band"":""low"",""gt_interpersonal_band"":""low""}","{   ""self_reported_group_ca"": 18,   ""self_reported_interpersonal_ca"": 12,   ""self_reported_band_group"": ""moderate"",   ""self_reported_band_interpersonal"": ""low"" }"
74cdd143e43b6f3acdefaab72f024f252daf345eea4ef641ec4418114fb420d0__demos,"{""gt_group_ca"":19,""gt_interpersonal_ca"":18,""gt_group_band"":""moderate"",""gt_interpersonal_band"":""moderate""}","{   ""self_reported_group_ca"": 18,   ""self_reported_interpersonal_ca"": 12,   ""self_reported_band_group"": ""moderate"",   ""self_reported_band_interpersonal"": ""low"" }"
74cdd143e43b6f3acdefaab72f024f252daf345eea4ef641ec4418114fb420d0__employment,"{""gt_group_ca"":19,""gt_interpersonal_ca"":18,""gt_group_band"":""moderate"",""gt_interpersonal_band"":""moderate""}","{   ""self_reported_group_ca"": 18,   ""self_reported_interpersonal_ca"": 12,   ""self_reported_band_group"": ""moderate"",   ""self_reported_band_interpersonal"": ""low"" }"
74cdd143e43b6f3acdefaab72f024f252daf345eea4ef641ec4418114fb420d0__geo,"{""gt_group_ca"":19,""gt_interpersonal_ca"":18,""gt_group_band"":""moderate"",""gt_interpersonal_band"":""moderate""}","{   ""self_reported_group_ca"": 18,   ""self_reported_interpersonal_ca"": 12,   ""self_reported_band_group"": ""moderate"",   ""self_reported_band_interpersonal"": ""low"" }"
74cdd143e43b6f3acdefaab72f024f252daf345eea4ef641ec4418114fb420d0__transit,"{""gt_group_ca"":19,""gt_interpersonal_ca"":18,""gt_group_band"":""moderate"",""gt_interpersonal_band"":""moderate""}","{   ""self_reported_group_ca"": 18,   ""self_reported_interpersonal_ca"": 12,   ""self_reported_band_group"": ""moderate"",   ""self_reported_band_interpersonal"": ""low"" }"
74cdd143e43b6f3acdefaab72f024f252daf345eea4ef641ec4418114fb420d0__full,"{""gt_group_ca"":19,""gt_interpersonal_ca"":18,""gt_group_band"":""moderate"",""gt_interpersonal_band"":""moderate""}","{   ""self_reported_group_ca"": 18,   ""self_reported_interpersonal_ca"": 12,   ""self_reported_band_group"": ""moderate"",   ""self_reported_band_interpersonal"": ""low"" }"
74cdd143e43b6f3acdefaab72f024f252daf345eea4ef641ec4418114fb420d0__v3_rideshare,"{""gt_group_ca"":19,""gt_interpersonal_ca"":18,""gt_group_band"":""moderate"",""gt_interpersonal_band"":""moderate""}","{   ""self_reported_group_ca"": 18,   ""self_reported_interpersonal_ca"": 12,   ""self_reported_band_group"": ""moderate"",   ""self_reported_band_interpersonal"": ""low"" }"
74cdd143e43b6f3acdefaab72f024f252daf345eea4ef641ec4418114fb420d0__v3_public_transit,"{""gt_group_ca"":19,""gt_interpersonal_ca"":18,""gt_group_band"":""moderate"",""gt_interpersonal_band"":""moderate""}","{   ""self_reported_group_ca"": 18,   ""self_reported_interpersonal_ca"": 12,   ""self_reported_band_group"": ""moderate"",   ""self_reported_band_interpersonal"": ""low"" }"
74cdd143e43b6f3acdefaab72f024f252daf345eea4ef641ec4418114fb420d0__v3_voice,"{""gt_group_ca"":19,""gt_interpersonal_ca"":18,""gt_group_band"":""moderate"",""gt_interpersonal_band"":""moderate""}","{   ""self_reported_group_ca"": 18,   ""self_reported_interpersonal_ca"": 12,   ""self_reported_band_group"": ""moderate"",   ""self_reported_band_interpersonal"": ""low"" }"
6d6f55dea82199ee328964c762a064a24b41ffcacac1e2e7e9efcf064c9828e0__demos,"{""gt_group_ca"":10,""gt_interpersonal_ca"":10,""gt_group_band"":""low"",""gt_interpersonal_band"":""low""}","{   ""self_reported_group_ca"": 18,   ""self_reported_interpersonal_ca"": 12,   ""self_reported_band_group"": ""moderate"",   ""self_reported_band_interpersonal"": ""low"" }"
6d6f55dea82199ee328964c762a064a24b41ffcacac1e2e7e9efcf064c9828e0__employment,"{""gt_group_ca"":10,""gt_interpersonal_ca"":10,""gt_group_band"":""low"",""gt_interpersonal_band"":""low""}","{   ""self_reported_group_ca"": 18,   ""self_reported_interpersonal_ca"": 12,   ""self_reported_band_group"": ""moderate"",   ""self_reported_band_interpersonal"": ""low"" }"
6d6f55dea82199ee328964c762a064a24b41ffcacac1e2e7e9efcf064c9828e0__geo,"{""gt_group_ca"":10,""gt_interpersonal_ca"":10,""gt_group_band"":""low"",""gt_interpersonal_band"":""low""}","{   ""self_reported_group_ca"": 18,   ""self_reported_interpersonal_ca"": 12,   ""self_reported_band_group"": ""moderate"",   ""self_reported_band_interpersonal"": ""low"" }"
6d6f55dea82199ee328964c762a064a24b41ffcacac1e2e7e9efcf064c9828e0__transit,"{""gt_group_ca"":10,""gt_interpersonal_ca"":10,""gt_group_band"":""low"",""gt_interpersonal_band"":""low""}","{   ""self_reported_group_ca"": 18,   ""self_reported_interpersonal_ca"": 12,   ""self_reported_band_group"": ""moderate"",   ""self_reported_band_interpersonal"": ""low"" }"
6d6f55dea82199ee328964c762a064a24b41ffcacac1e2e7e9efcf064c9828e0__full,"{""gt_group_ca"":10,""gt_interpersonal_ca"":10,""gt_group_band"":""low"",""gt_interpersonal_band"":""low""}","{   ""self_reported_group_ca"": 18,   ""self_reported_interpersonal_ca"": 12,   ""self_reported_band_group"": ""moderate"",   ""self_reported_band_interpersonal"": ""low"" }"
6d6f55dea82199ee328964c762a064a24b41ffcacac1e2e7e9efcf064c9828e0__v3_rideshare,"{""gt_group_ca"":10,""gt_interpersonal_ca"":10,""gt_group_band"":""low"",""gt_interpersonal_band"":""low""}","{   ""self_reported_group_ca"": 18,   ""self_reported_interpersonal_ca"": 12,   ""self_reported_band_group"": ""moderate"",   ""self_reported_band_interpersonal"": ""low"" }"
6d6f55dea82199ee328964c762a064a24b41ffcacac1e2e7e9efcf064c9828e0__v3_public_transit,"{""gt_group_ca"":10,""gt_interpersonal_ca"":10,""gt_group_band"":""low"",""gt_interpersonal_band"":""low""}","{   ""self_reported_group_ca"": 18,   ""self_reported_interpersonal_ca"": 12,   ""self_reported_band_group"": ""moderate"",   ""self_reported_band_interpersonal"": ""low"" }"
6d6f55dea82199ee328964c762a064a24b41ffcacac1e2e7e9efcf064c9828e0__v3_voice,"{""gt_group_ca"":10,""gt_interpersonal_ca"":10,""gt_group_band"":""low"",""gt_interpersonal_band"":""low""}","{   ""self_reported_group_ca"": 18,   ""self_reported_interpersonal_ca"": 12,   ""self_reported_band_group"": ""moderate"",   ""self_reported_band_interpersonal"": ""low"" }"
aac87b1d9f02e48da0b94297f1353bec2c0057d8ca6e15616562b9303d3aec69__demos,"{""gt_group_ca"":10,""gt_interpersonal_ca"":13,""gt_group_band"":""low"",""gt_interpersonal_band"":""low""}","{   ""self_reported_group_ca"": 18,   ""self_reported_interpersonal_ca"": 12,   ""self_reported_band_group"": ""moderate"",   ""self_reported_band_interpersonal"": ""low"" }"
aac87b1d9f02e48da0b94297f1353bec2c0057d8ca6e15616562b9303d3aec69__employment,"{""gt_group_ca"":10,""gt_interpersonal_ca"":13,""gt_group_band"":""low"",""gt_interpersonal_band"":""low""}","{   ""self_reported_group_ca"": 18,   ""self_reported_interpersonal_ca"": 12,   ""self_reported_band_group"": ""moderate"",   ""self_reported_band_interpersonal"": ""low"" }"
aac87b1d9f02e48da0b94297f1353bec2c0057d8ca6e15616562b9303d3aec69__geo,"{""gt_group_ca"":10,""gt_interpersonal_ca"":13,""gt_group_band"":""low"",""gt_interpersonal_band"":""low""}","{   ""self_reported_group_ca"": 18,   ""self_reported_interpersonal_ca"": 12,   ""self_reported_band_group"": ""moderate"",   ""self_reported_band_interpersonal"": ""low"" }"
aac87b1d9f02e48da0b94297f1353bec2c0057d8ca6e15616562b9303d3aec69__transit,"{""gt_group_ca"":10,""gt_interpersonal_ca"":13,""gt_group_band"":""low"",""gt_interpersonal_band"":""low""}","{   ""self_reported_group_ca"": 18,   ""self_reported_interpersonal_ca"": 12,   ""self_reported_band_group"": ""moderate"",   ""self_reported_band_interpersonal"": ""low"" }"
aac87b1d9f02e48da0b94297f1353bec2c0057d8ca6e15616562b9303d3aec69__full,"{""gt_group_ca"":10,""gt_interpersonal_ca"":13,""gt_group_band"":""low"",""gt_interpersonal_band"":""low""}","{   ""self_reported_group_ca"": 18,   ""self_reported_interpersonal_ca"": 12,   ""self_reported_band_group"": ""moderate"",   ""self_reported_band_interpersonal"": ""low"" }"
aac87b1d9f02e48da0b94297f1353bec2c0057d8ca6e15616562b9303d3aec69__v3_rideshare,"{""gt_group_ca"":10,""gt_interpersonal_ca"":13,""gt_group_band"":""low"",""gt_interpersonal_band"":""low""}","{   ""self_reported_group_ca"": 18,   ""self_reported_interpersonal_ca"": 12,   ""self_reported_band_group"": ""moderate"",   ""self_reported_band_interpersonal"": ""low"" }"
aac87b1d9f02e48da0b94297f1353bec2c0057d8ca6e15616562b9303d3aec69__v3_public_transit,"{""gt_group_ca"":10,""gt_interpersonal_ca"":13,""gt_group_band"":""low"",""gt_interpersonal_band"":""low""}","{   ""self_reported_group_ca"": 18,   ""self_reported_interpersonal_ca"": 12,   ""self_reported_band_group"": ""moderate"",   ""self_reported_band_interpersonal"": ""low"" }"
aac87b1d9f02e48da0b94297f1353bec2c0057d8ca6e15616562b9303d3aec69__v3_voice,"{""gt_group_ca"":10,""gt_interpersonal_ca"":13,""gt_group_band"":""low"",""gt_interpersonal_band"":""low""}","{   ""self_reported_group_ca"": 18,   ""self_reported_interpersonal_ca"": 12,   ""self_reported_band_group"": ""moderate"",   ""self_reported_band_interpersonal"": ""low"" }"
e0c7f7fdb941d16c191a2c26f534fa43364445ac13d977c415289f443db4a1d8__demos,"{""gt_group_ca"":23,""gt_interpersonal_ca"":16,""gt_group_band"":""high"",""gt_interpersonal_band"":""moderate""}","{   ""self_reported_group_ca"": 18,   ""self_reported_interpersonal_ca"": 12,   ""self_reported_band_group"": ""moderate"",   ""self_reported_band_interpersonal"": ""low"" }"
e0c7f7fdb941d16c191a2c26f534fa43364445ac13d977c415289f443db4a1d8__employment,"{""gt_group_ca"":23,""gt_interpersonal_ca"":16,""gt_group_band"":""high"",""gt_interpersonal_band"":""moderate""}","{   ""self_reported_group_ca"": 18,   ""self_reported_interpersonal_ca"": 12,   ""self_reported_band_group"": ""moderate"",   ""self_reported_band_interpersonal"": ""low"" }"
e0c7f7fdb941d16c191a2c26f534fa43364445ac13d977c415289f443db4a1d8__geo,"{""gt_group_ca"":23,""gt_interpersonal_ca"":16,""gt_group_band"":""high"",""gt_interpersonal_band"":""moderate""}","{   ""self_reported_group_ca"": 18,   ""self_reported_interpersonal_ca"": 12,   ""self_reported_band_group"": ""moderate"",   ""self_reported_band_interpersonal"": ""low"" }"
e0c7f7fdb941d16c191a2c26f534fa43364445ac13d977c415289f443db4a1d8__transit,"{""gt_group_ca"":23,""gt_interpersonal_ca"":16,""gt_group_band"":""high"",""gt_interpersonal_band"":""moderate""}","{   ""self_reported_group_ca"": 18,   ""self_reported_interpersonal_ca"": 12,   ""self_reported_band_group"": ""moderate"",   ""self_reported_band_interpersonal"": ""low"" }"
e0c7f7fdb941d16c191a2c26f534fa43364445ac13d977c415289f443db4a1d8__full,"{""gt_group_ca"":23,""gt_interpersonal_ca"":16,""gt_group_band"":""high"",""gt_interpersonal_band"":""moderate""}","{   ""self_reported_group_ca"": 18,   ""self_reported_interpersonal_ca"": 12,   ""self_reported_band_group"": ""moderate"",   ""self_reported_band_interpersonal"": ""low"" }"
e0c7f7fdb941d16c191a2c26f534fa43364445ac13d977c415289f443db4a1d8__v3_rideshare,"{""gt_group_ca"":23,""gt_interpersonal_ca"":16,""gt_group_band"":""high"",""gt_interpersonal_band"":""moderate""}","{   ""self_reported_group_ca"": 18,   ""self_reported_interpersonal_ca"": 12,   ""self_reported_band_group"": ""moderate"",   ""self_reported_band_interpersonal"": ""low"" }"
e0c7f7fdb941d16c191a2c26f534fa43364445ac13d977c415289f443db4a1d8__v3_public_transit,"{""gt_group_ca"":23,""gt_interpersonal_ca"":16,""gt_group_band"":""high"",""gt_interpersonal_band"":""moderate""}","{   ""self_reported_group_ca"": 18,   ""self_reported_interpersonal_ca"": 12,   ""self_reported_band_group"": ""moderate"",   ""self_reported_band_interpersonal"": ""low"" }"
e0c7f7fdb941d16c191a2c26f534fa43364445ac13d977c415289f443db4a1d8__v3_voice,"{""gt_group_ca"":23,""gt_interpersonal_ca"":16,""gt_group_band"":""high"",""gt_interpersonal_band"":""moderate""}","{   ""self_reported_group_ca"": 18,   ""self_reported_interpersonal_ca"": 12,   ""self_reported_band_group"": ""moderate"",   ""self_reported_band_interpersonal"": ""low"" }"
2ec6d46dd4fd933499847e83eb4d8322bca18d5440e8a5967652996718052950__demos,"{""gt_group_ca"":12,""gt_interpersonal_ca"":12,""gt_group_band"":""low"",""gt_interpersonal_band"":""low""}","{   ""self_reported_group_ca"": 18,   ""self_reported_interpersonal_ca"": 12,   ""self_reported_band_group"": ""moderate"",   ""self_reported_band_interpersonal"": ""low"" }"
2ec6d46dd4fd933499847e83eb4d8322bca18d5440e8a5967652996718052950__employment,"{""gt_group_ca"":12,""gt_interpersonal_ca"":12,""gt_group_band"":""low"",""gt_interpersonal_band"":""low""}","{   ""self_reported_group_ca"": 18,   ""self_reported_interpersonal_ca"": 12,   ""self_reported_band_group"": ""moderate"",   ""self_reported_band_interpersonal"": ""low"" }"
2ec6d46dd4fd933499847e83eb4d8322bca18d5440e8a5967652996718052950__geo,"{""gt_group_ca"":12,""gt_interpersonal_ca"":12,""gt_group_band"":""low"",""gt_interpersonal_band"":""low""}","{   ""self_reported_group_ca"": 18,   ""self_reported_interpersonal_ca"": 12,   ""self_reported_band_group"": ""moderate"",   ""self_reported_band_interpersonal"": ""low"" }"
2ec6d46dd4fd933499847e83eb4d8322bca18d5440e8a5967652996718052950__transit,"{""gt_group_ca"":12,""gt_interpersonal_ca"":12,""gt_group_band"":""low"",""gt_interpersonal_band"":""low""}","{   ""self_reported_group_ca"": 18,   ""self_reported_interpersonal_ca"": 12,   ""self_reported_band_group"": ""moderate"",   ""self_reported_band_interpersonal"": ""low"" }"
2ec6d46dd4fd933499847e83eb4d8322bca18d5440e8a5967652996718052950__full,"{""gt_group_ca"":12,""gt_interpersonal_ca"":12,""gt_group_band"":""low"",""gt_interpersonal_band"":""low""}","{   ""self_reported_group_ca"": 18,   ""self_reported_interpersonal_ca"": 12,   ""self_reported_band_group"": ""moderate"",   ""self_reported_band_interpersonal"": ""low"" }"
2ec6d46dd4fd933499847e83eb4d8322bca18d5440e8a5967652996718052950__v3_rideshare,"{""gt_group_ca"":12,""gt_interpersonal_ca"":12,""gt_group_band"":""low"",""gt_interpersonal_band"":""low""}","{   ""self_reported_group_ca"": 18,   ""self_reported_interpersonal_ca"": 12,   ""self_reported_band_group"": ""moderate"",   ""self_reported_band_interpersonal"": ""low"" }"
2ec6d46dd4fd933499847e83eb4d8322bca18d5440e8a5967652996718052950__v3_public_transit,"{""gt_group_ca"":12,""gt_interpersonal_ca"":12,""gt_group_band"":""low"",""gt_interpersonal_band"":""low""}","{   ""self_reported_group_ca"": 18,   ""self_reported_interpersonal_ca"": 12,   ""self_reported_band_group"": ""moderate"",   ""self_reported_band_interpersonal"": ""low"" }"
2ec6d46dd4fd933499847e83eb4d8322bca18d5440e8a5967652996718052950__v3_voice,"{""gt_group_ca"":12,""gt_interpersonal_ca"":12,""gt_group_band"":""low"",""gt_interpersonal_band"":""low""}","{   ""self_reported_group_ca"": 18,   ""self_reported_interpersonal_ca"": 12,   ""self_reported_band_group"": ""moderate"",   ""self_reported_band_interpersonal"": ""low"" }"
0bf4a5b64f16f705af6ef63539257d40c83ca841ae98e786d8cab3a75d066510__demos,"{""gt_group_ca"":12,""gt_interpersonal_ca"":13,""gt_group_band"":""low"",""gt_interpersonal_band"":""low""}","{   ""self_reported_group_ca"": 18,   ""self_reported_interpersonal_ca"": 12,   ""self_reported_band_group"": ""moderate"",   ""self_reported_band_interpersonal"": ""low"" }"
0bf4a5b64f16f705af6ef63539257d40c83ca841ae98e786d8cab3a75d066510__employment,"{""gt_group_ca"":12,""gt_interpersonal_ca"":13,""gt_group_band"":""low"",""gt_interpersonal_band"":""low""}","{   ""self_reported_group_ca"": 18,   ""self_reported_interpersonal_ca"": 12,   ""self_reported_band_group"": ""moderate"",   ""self_reported_band_interpersonal"": ""low"" }"
0bf4a5b64f16f705af6ef63539257d40c83ca841ae98e786d8cab3a75d066510__geo,"{""gt_group_ca"":12,""gt_interpersonal_ca"":13,""gt_group_band"":""low"",""gt_interpersonal_band"":""low""}","{   ""self_reported_group_ca"": 18,   ""self_reported_interpersonal_ca"": 12,   ""self_reported_band_group"": ""moderate"",   ""self_reported_band_interpersonal"": ""low"" }"
0bf4a5b64f16f705af6ef63539257d40c83ca841ae98e786d8cab3a75d066510__transit,"{""gt_group_ca"":12,""gt_interpersonal_ca"":13,""gt_group_band"":""low"",""gt_interpersonal_band"":""low""}","{   ""self_reported_group_ca"": 18,   ""self_reported_interpersonal_ca"": 12,   ""self_reported_band_group"": ""moderate"",   ""self_reported_band_interpersonal"": ""low"" }"
0bf4a5b64f16f705af6ef63539257d40c83ca841ae98e786d8cab3a75d066510__full,"{""gt_group_ca"":12,""gt_interpersonal_ca"":13,""gt_group_band"":""low"",""gt_interpersonal_band"":""low""}","{   ""self_reported_group_ca"": 18,   ""self_reported_interpersonal_ca"": 12,   ""self_reported_band_group"": ""moderate"",   ""self_reported_band_interpersonal"": ""low"" }"
0bf4a5b64f16f705af6ef63539257d40c83ca841ae98e786d8cab3a75d066510__v3_rideshare,"{""gt_group_ca"":12,""gt_interpersonal_ca"":13,""gt_group_band"":""low"",""gt_interpersonal_band"":""low""}","{   ""self_reported_group_ca"": 18,   ""self_reported_interpersonal_ca"": 12,   ""self_reported_band_group"": ""moderate"",   ""self_reported_band_interpersonal"": ""low"" }"
0bf4a5b64f16f705af6ef63539257d40c83ca841ae98e786d8cab3a75d066510__v3_public_transit,"{""gt_group_ca"":12,""gt_interpersonal_ca"":13,""gt_group_band"":""low"",""gt_interpersonal_band"":""low""}","{   ""self_reported_group_ca"": 18,   ""self_reported_interpersonal_ca"": 12,   ""self_reported_band_group"": ""moderate"",   ""self_reported_band_interpersonal"": ""low"" }"
0bf4a5b64f16f705af6ef63539257d40c83ca841ae98e786d8cab3a75d066510__v3_voice,"{""gt_group_ca"":12,""gt_interpersonal_ca"":13,""gt_group_band"":""low"",""gt_interpersonal_band"":""low""}","{   ""self_reported_group_ca"": 18,   ""self_reported_interpersonal_ca"": 12,   ""self_reported_band_group"": ""moderate"",   ""self_reported_band_interpersonal"": ""low"" }"
a6be4ac159b038e6b53160afc668852bcc6da4cca25de4bae3aab83cc483ef78__demos,"{""gt_group_ca"":22,""gt_interpersonal_ca"":16,""gt_group_band"":""high"",""gt_interpersonal_band"":""moderate""}","{   ""self_reported_group_ca"": 18,   ""self_reported_interpersonal_ca"": 12,   ""self_reported_band_group"": ""moderate"",   ""self_reported_band_interpersonal"": ""low"" }"
a6be4ac159b038e6b53160afc668852bcc6da4cca25de4bae3aab83cc483ef78__employment,"{""gt_group_ca"":22,""gt_interpersonal_ca"":16,""gt_group_band"":""high"",""gt_interpersonal_band"":""moderate""}","{   ""self_reported_group_ca"": 18,   ""self_reported_interpersonal_ca"": 12,   ""self_reported_band_group"": ""moderate"",   ""self_reported_band_interpersonal"": ""low"" }"
a6be4ac159b038e6b53160afc668852bcc6da4cca25de4bae3aab83cc483ef78__geo,"{""gt_group_ca"":22,""gt_interpersonal_ca"":16,""gt_group_band"":""high"",""gt_interpersonal_band"":""moderate""}","{   ""self_reported_group_ca"": 18,   ""self_reported_interpersonal_ca"": 12,   ""self_reported_band_group"": ""moderate"",   ""self_reported_band_interpersonal"": ""low"" }"
a6be4ac159b038e6b53160afc668852bcc6da4cca25de4bae3aab83cc483ef78__transit,"{""gt_group_ca"":22,""gt_interpersonal_ca"":16,""gt_group_band"":""high"",""gt_interpersonal_band"":""moderate""}","{   ""self_reported_group_ca"": 18,   ""self_reported_interpersonal_ca"": 12,   ""self_reported_band_group"": ""moderate"",   ""self_reported_band_interpersonal"": ""low"" }"
a6be4ac159b038e6b53160afc668852bcc6da4cca25de4bae3aab83cc483ef78__full,"{""gt_group_ca"":22,""gt_interpersonal_ca"":16,""gt_group_band"":""high"",""gt_interpersonal_band"":""moderate""}","{   ""self_reported_group_ca"": 18,   ""self_reported_interpersonal_ca"": 12,   ""self_reported_band_group"": ""moderate"",   ""self_reported_band_interpersonal"": ""low"" }"
a6be4ac159b038e6b53160afc668852bcc6da4cca25de4bae3aab83cc483ef78__v3_rideshare,"{""gt_group_ca"":22,""gt_interpersonal_ca"":16,""gt_group_band"":""high"",""gt_interpersonal_band"":""moderate""}","{   ""self_reported_group_ca"": 18,   ""self_reported_interpersonal_ca"": 12,   ""self_reported_band_group"": ""moderate"",   ""self_reported_band_interpersonal"": ""low"" }"
a6be4ac159b038e6b53160afc668852bcc6da4cca25de4bae3aab83cc483ef78__v3_public_transit,"{""gt_group_ca"":22,""gt_interpersonal_ca"":16,""gt_group_band"":""high"",""gt_interpersonal_band"":""moderate""}","{   ""self_reported_group_ca"": 18,   ""self_reported_interpersonal_ca"": 12,   ""self_reported_band_group"": ""moderate"",   ""self_reported_band_interpersonal"": ""low"" }"
a6be4ac159b038e6b53160afc668852bcc6da4cca25de4bae3aab83cc483ef78__v3_voice,"{""gt_group_ca"":22,""gt_interpersonal_ca"":16,""gt_group_band"":""high"",""gt_interpersonal_band"":""moderate""}","{   ""self_reported_group_ca"": 18,   ""self_reported_interpersonal_ca"": 12,   ""self_reported_band_group"": ""moderate"",   ""self_reported_band_interpersonal"": ""low"" }"
1bd40f32f179f589604b8c5ce7c98f245da1456225ba20692e14c9bc6a7124fb__demos,"{""gt_group_ca"":10,""gt_interpersonal_ca"":11,""gt_group_band"":""low"",""gt_interpersonal_band"":""low""}","{   ""self_reported_group_ca"": 18,   ""self_reported_interpersonal_ca"": 12,   ""self_reported_band_group"": ""moderate"",   ""self_reported_band_interpersonal"": ""low"" }"
1bd40f32f179f589604b8c5ce7c98f245da1456225ba20692e14c9bc6a7124fb__employment,"{""gt_group_ca"":10,""gt_interpersonal_ca"":11,""gt_group_band"":""low"",""gt_interpersonal_band"":""low""}","{   ""self_reported_group_ca"": 18,   ""self_reported_interpersonal_ca"": 12,   ""self_reported_band_group"": ""moderate"",   ""self_reported_band_interpersonal"": ""low"" }"
1bd40f32f179f589604b8c5ce7c98f245da1456225ba20692e14c9bc6a7124fb__geo,"{""gt_group_ca"":10,""gt_interpersonal_ca"":11,""gt_group_band"":""low"",""gt_interpersonal_band"":""low""}","{   ""self_reported_group_ca"": 18,   ""self_reported_interpersonal_ca"": 12,   ""self_reported_band_group"": ""moderate"",   ""self_reported_band_interpersonal"": ""low"" }"
1bd40f32f179f589604b8c5ce7c98f245da1456225ba20692e14c9bc6a7124fb__transit,"{""gt_group_ca"":10,""gt_interpersonal_ca"":11,""gt_group_band"":""low"",""gt_interpersonal_band"":""low""}","{   ""self_reported_group_ca"": 18,   ""self_reported_interpersonal_ca"": 12,   ""self_reported_band_group"": ""moderate"",   ""self_reported_band_interpersonal"": ""low"" }"
1bd40f32f179f589604b8c5ce7c98f245da1456225ba20692e14c9bc6a7124fb__full,"{""gt_group_ca"":10,""gt_interpersonal_ca"":11,""gt_group_band"":""low"",""gt_interpersonal_band"":""low""}","{   ""self_reported_group_ca"": 18,   ""self_reported_interpersonal_ca"": 12,   ""self_reported_band_group"": ""moderate"",   ""self_reported_band_interpersonal"": ""low"" }"
1bd40f32f179f589604b8c5ce7c98f245da1456225ba20692e14c9bc6a7124fb__v3_rideshare,"{""gt_group_ca"":10,""gt_interpersonal_ca"":11,""gt_group_band"":""low"",""gt_interpersonal_band"":""low""}","{   ""self_reported_group_ca"": 18,   ""self_reported_interpersonal_ca"": 12,   ""self_reported_band_group"": ""moderate"",   ""self_reported_band_interpersonal"": ""low"" }"
1bd40f32f179f589604b8c5ce7c98f245da1456225ba20692e14c9bc6a7124fb__v3_public_transit,"{""gt_group_ca"":10,""gt_interpersonal_ca"":11,""gt_group_band"":""low"",""gt_interpersonal_band"":""low""}","{   ""self_reported_group_ca"": 18,   ""self_reported_interpersonal_ca"": 12,   ""self_reported_band_group"": ""moderate"",   ""self_reported_band_interpersonal"": ""low"" }"
1bd40f32f179f589604b8c5ce7c98f245da1456225ba20692e14c9bc6a7124fb__v3_voice,"{""gt_group_ca"":10,""gt_interpersonal_ca"":11,""gt_group_band"":""low"",""gt_interpersonal_band"":""low""}","{   ""self_reported_group_ca"": 18,   ""self_reported_interpersonal_ca"": 12,   ""self_reported_band_group"": ""moderate"",   ""self_reported_band_interpersonal"": ""low"" }"
844eb500254d91c59c46b13b4e2c9bb9c2bd487a3dfea1240570cee252a1b229__demos,"{""gt_group_ca"":18,""gt_interpersonal_ca"":17,""gt_group_band"":""moderate"",""gt_interpersonal_band"":""moderate""}","{   ""self_reported_group_ca"": 18,   ""self_reported_interpersonal_ca"": 12,   ""self_reported_band_group"": ""moderate"",   ""self_reported_band_interpersonal"": ""low"" }"
844eb500254d91c59c46b13b4e2c9bb9c2bd487a3dfea1240570cee252a1b229__employment,"{""gt_group_ca"":18,""gt_interpersonal_ca"":17,""gt_group_band"":""moderate"",""gt_interpersonal_band"":""moderate""}","{   ""self_reported_group_ca"": 18,   ""self_reported_interpersonal_ca"": 12,   ""self_reported_band_group"": ""moderate"",   ""self_reported_band_interpersonal"": ""low"" }"
844eb500254d91c59c46b13b4e2c9bb9c2bd487a3dfea1240570cee252a1b229__geo,"{""gt_group_ca"":18,""gt_interpersonal_ca"":17,""gt_group_band"":""moderate"",""gt_interpersonal_band"":""moderate""}","{   ""self_reported_group_ca"": 18,   ""self_reported_interpersonal_ca"": 12,   ""self_reported_band_group"": ""moderate"",   ""self_reported_band_interpersonal"": ""low"" }"
844eb500254d91c59c46b13b4e2c9bb9c2bd487a3dfea1240570cee252a1b229__transit,"{""gt_group_ca"":18,""gt_interpersonal_ca"":17,""gt_group_band"":""moderate"",""gt_interpersonal_band"":""moderate""}","{   ""self_reported_group_ca"": 18,   ""self_reported_interpersonal_ca"": 12,   ""self_reported_band_group"": ""moderate"",   ""self_reported_band_interpersonal"": ""low"" }"
844eb500254d91c59c46b13b4e2c9bb9c2bd487a3dfea1240570cee252a1b229__full,"{""gt_group_ca"":18,""gt_interpersonal_ca"":17,""gt_group_band"":""moderate"",""gt_interpersonal_band"":""moderate""}","{   ""self_reported_group_ca"": 18,   ""self_reported_interpersonal_ca"": 12,   ""self_reported_band_group"": ""moderate"",   ""self_reported_band_interpersonal"": ""low"" }"
844eb500254d91c59c46b13b4e2c9bb9c2bd487a3dfea1240570cee252a1b229__v3_rideshare,"{""gt_group_ca"":18,""gt_interpersonal_ca"":17,""gt_group_band"":""moderate"",""gt_interpersonal_band"":""moderate""}","{   ""self_reported_group_ca"": 18,   ""self_reported_interpersonal_ca"": 12,   ""self_reported_band_group"": ""moderate"",   ""self_reported_band_interpersonal"": ""low"" }"
844eb500254d91c59c46b13b4e2c9bb9c2bd487a3dfea1240570cee252a1b229__v3_public_transit,"{""gt_group_ca"":18,""gt_interpersonal_ca"":17,""gt_group_band"":""moderate"",""gt_interpersonal_band"":""moderate""}","{   ""self_reported_group_ca"": 18,   ""self_reported_interpersonal_ca"": 12,   ""self_reported_band_group"": ""moderate"",   ""self_reported_band_interpersonal"": ""low"" }"
844eb500254d91c59c46b13b4e2c9bb9c2bd487a3dfea1240570cee252a1b229__v3_voice,"{""gt_group_ca"":18,""gt_interpersonal_ca"":17,""gt_group_band"":""moderate"",""gt_interpersonal_band"":""moderate""}","{   ""self_reported_group_ca"": 18,   ""self_reported_interpersonal_ca"": 12,   ""self_reported_band_group"": ""moderate"",   ""self_reported_band_interpersonal"": ""low"" }"
39a9136943f8a7886af88754707938890f970b883f9549819bf4c3315665c66a__demos,"{""gt_group_ca"":13,""gt_interpersonal_ca"":12,""gt_group_band"":""low"",""gt_interpersonal_band"":""low""}","{   ""self_reported_group_ca"": 18,   ""self_reported_interpersonal_ca"": 12,   ""self_reported_band_group"": ""moderate"",   ""self_reported_band_interpersonal"": ""low"" }"
39a9136943f8a7886af88754707938890f970b883f9549819bf4c3315665c66a__employment,"{""gt_group_ca"":13,""gt_interpersonal_ca"":12,""gt_group_band"":""low"",""gt_interpersonal_band"":""low""}","{   ""self_reported_group_ca"": 18,   ""self_reported_interpersonal_ca"": 12,   ""self_reported_band_group"": ""moderate"",   ""self_reported_band_interpersonal"": ""low"" }"
39a9136943f8a7886af88754707938890f970b883f9549819bf4c3315665c66a__geo,"{""gt_group_ca"":13,""gt_interpersonal_ca"":12,""gt_group_band"":""low"",""gt_interpersonal_band"":""low""}","{   ""self_reported_group_ca"": 18,   ""self_reported_interpersonal_ca"": 12,   ""self_reported_band_group"": ""moderate"",   ""self_reported_band_interpersonal"": ""low"" }"
39a9136943f8a7886af88754707938890f970b883f9549819bf4c3315665c66a__transit,"{""gt_group_ca"":13,""gt_interpersonal_ca"":12,""gt_group_band"":""low"",""gt_interpersonal_band"":""low""}","{   ""self_reported_group_ca"": 18,   ""self_reported_interpersonal_ca"": 12,   ""self_reported_band_group"": ""moderate"",   ""self_reported_band_interpersonal"": ""low"" }"
39a9136943f8a7886af88754707938890f970b883f9549819bf4c3315665c66a__full,"{""gt_group_ca"":13,""gt_interpersonal_ca"":12,""gt_group_band"":""low"",""gt_interpersonal_band"":""low""}","{   ""self_reported_group_ca"": 18,   ""self_reported_interpersonal_ca"": 12,   ""self_reported_band_group"": ""moderate"",   ""self_reported_band_interpersonal"": ""low"" }"
39a9136943f8a7886af88754707938890f970b883f9549819bf4c3315665c66a__v3_rideshare,"{""gt_group_ca"":13,""gt_interpersonal_ca"":12,""gt_group_band"":""low"",""gt_interpersonal_band"":""low""}","{   ""self_reported_group_ca"": 18,   ""self_reported_interpersonal_ca"": 12,   ""self_reported_band_group"": ""moderate"",   ""self_reported_band_interpersonal"": ""low"" }"
39a9136943f8a7886af88754707938890f970b883f9549819bf4c3315665c66a__v3_public_transit,"{""gt_group_ca"":13,""gt_interpersonal_ca"":12,""gt_group_band"":""low"",""gt_interpersonal_band"":""low""}","{   ""self_reported_group_ca"": 18,   ""self_reported_interpersonal_ca"": 12,   ""self_reported_band_group"": ""moderate"",   ""self_reported_band_interpersonal"": ""low"" }"
39a9136943f8a7886af88754707938890f970b883f9549819bf4c3315665c66a__v3_voice,"{""gt_group_ca"":13,""gt_interpersonal_ca"":12,""gt_group_band"":""low"",""gt_interpersonal_band"":""low""}","{   ""self_reported_group_ca"": 18,   ""self_reported_interpersonal_ca"": 12,   ""self_reported_band_group"": ""moderate"",   ""self_reported_band_interpersonal"": ""low"" }"
d27032a0ed0d657ba02115d362b2663718d7cad6513481357a8c04fe6fe67dad__demos,"{""gt_group_ca"":20,""gt_interpersonal_ca"":16,""gt_group_band"":""high"",""gt_interpersonal_band"":""moderate""}","{   ""self_reported_group_ca"": 18,   ""self_reported_interpersonal_ca"": 12,   ""self_reported_band_group"": ""moderate"",   ""self_reported_band_interpersonal"": ""low"" }"
d27032a0ed0d657ba02115d362b2663718d7cad6513481357a8c04fe6fe67dad__employment,"{""gt_group_ca"":20,""gt_interpersonal_ca"":16,""gt_group_band"":""high"",""gt_interpersonal_band"":""moderate""}","{   ""self_reported_group_ca"": 18,   ""self_reported_interpersonal_ca"": 12,   ""self_reported_band_group"": ""moderate"",   ""self_reported_band_interpersonal"": ""low"" }"
d27032a0ed0d657ba02115d362b2663718d7cad6513481357a8c04fe6fe67dad__geo,"{""gt_group_ca"":20,""gt_interpersonal_ca"":16,""gt_group_band"":""high"",""gt_interpersonal_band"":""moderate""}","{   ""self_reported_group_ca"": 18,   ""self_reported_interpersonal_ca"": 12,   ""self_reported_band_group"": ""moderate"",   ""self_reported_band_interpersonal"": ""low"" }"
d27032a0ed0d657ba02115d362b2663718d7cad6513481357a8c04fe6fe67dad__transit,"{""gt_group_ca"":20,""gt_interpersonal_ca"":16,""gt_group_band"":""high"",""gt_interpersonal_band"":""moderate""}","{   ""self_reported_group_ca"": 18,   ""self_reported_interpersonal_ca"": 12,   ""self_reported_band_group"": ""moderate"",   ""self_reported_band_interpersonal"": ""low"" }"
d27032a0ed0d657ba02115d362b2663718d7cad6513481357a8c04fe6fe67dad__full,"{""gt_group_ca"":20,""gt_interpersonal_ca"":16,""gt_group_band"":""high"",""gt_interpersonal_band"":""moderate""}","{   ""self_reported_group_ca"": 18,   ""self_reported_interpersonal_ca"": 12,   ""self_reported_band_group"": ""moderate"",   ""self_reported_band_interpersonal"": ""low"" }"
d27032a0ed0d657ba02115d362b2663718d7cad6513481357a8c04fe6fe67dad__v3_rideshare,"{""gt_group_ca"":20,""gt_interpersonal_ca"":16,""gt_group_band"":""high"",""gt_interpersonal_band"":""moderate""}","{   ""self_reported_group_ca"": 18,   ""self_reported_interpersonal_ca"": 12,   ""self_reported_band_group"": ""moderate"",   ""self_reported_band_interpersonal"": ""low"" }"
d27032a0ed0d657ba02115d362b2663718d7cad6513481357a8c04fe6fe67dad__v3_public_transit,"{""gt_group_ca"":20,""gt_interpersonal_ca"":16,""gt_group_band"":""high"",""gt_interpersonal_band"":""moderate""}","{   ""self_reported_group_ca"": 18,   ""self_reported_interpersonal_ca"": 12,   ""self_reported_band_group"": ""moderate"",   ""self_reported_band_interpersonal"": ""low"" }"
d27032a0ed0d657ba02115d362b2663718d7cad6513481357a8c04fe6fe67dad__v3_voice,"{""gt_group_ca"":20,""gt_interpersonal_ca"":16,""gt_group_band"":""high"",""gt_interpersonal_band"":""moderate""}","{   ""self_reported_group_ca"": 18,   ""self_reported_interpersonal_ca"": 12,   ""self_reported_band_group"": ""moderate"",   ""self_reported_band_interpersonal"": ""low"" }"
6bed08570e64a871d7187ded22fee599cf3e8216c0b9b650670a049bb2bfffbe__demos,"{""gt_group_ca"":19,""gt_interpersonal_ca"":20,""gt_group_band"":""moderate"",""gt_interpersonal_band"":""high""}","{   ""self_reported_group_ca"": 18,   ""self_reported_interpersonal_ca"": 12,   ""self_reported_band_group"": ""moderate"",   ""self_reported_band_interpersonal"": ""low"" }"
6bed08570e64a871d7187ded22fee599cf3e8216c0b9b650670a049bb2bfffbe__employment,"{""gt_group_ca"":19,""gt_interpersonal_ca"":20,""gt_group_band"":""moderate"",""gt_interpersonal_band"":""high""}","{   ""self_reported_group_ca"": 18,   ""self_reported_interpersonal_ca"": 12,   ""self_reported_band_group"": ""moderate"",   ""self_reported_band_interpersonal"": ""low"" }"
6bed08570e64a871d7187ded22fee599cf3e8216c0b9b650670a049bb2bfffbe__geo,"{""gt_group_ca"":19,""gt_interpersonal_ca"":20,""gt_group_band"":""moderate"",""gt_interpersonal_band"":""high""}","{   ""self_reported_group_ca"": 18,   ""self_reported_interpersonal_ca"": 12,   ""self_reported_band_group"": ""moderate"",   ""self_reported_band_interpersonal"": ""low"" }"
6bed08570e64a871d7187ded22fee599cf3e8216c0b9b650670a049bb2bfffbe__transit,"{""gt_group_ca"":19,""gt_interpersonal_ca"":20,""gt_group_band"":""moderate"",""gt_interpersonal_band"":""high""}","{   ""self_reported_group_ca"": 18,   ""self_reported_interpersonal_ca"": 12,   ""self_reported_band_group"": ""moderate"",   ""self_reported_band_interpersonal"": ""low"" }"
6bed08570e64a871d7187ded22fee599cf3e8216c0b9b650670a049bb2bfffbe__full,"{""gt_group_ca"":19,""gt_interpersonal_ca"":20,""gt_group_band"":""moderate"",""gt_interpersonal_band"":""high""}","{   ""self_reported_group_ca"": 18,   ""self_reported_interpersonal_ca"": 12,   ""self_reported_band_group"": ""moderate"",   ""self_reported_band_interpersonal"": ""low"" }"
6bed08570e64a871d7187ded22fee599cf3e8216c0b9b650670a049bb2bfffbe__v3_rideshare,"{""gt_group_ca"":19,""gt_interpersonal_ca"":20,""gt_group_band"":""moderate"",""gt_interpersonal_band"":""high""}","{   ""self_reported_group_ca"": 18,   ""self_reported_interpersonal_ca"": 12,   ""self_reported_band_group"": ""moderate"",   ""self_reported_band_interpersonal"": ""low"" }"
6bed08570e64a871d7187ded22fee599cf3e8216c0b9b650670a049bb2bfffbe__v3_public_transit,"{""gt_group_ca"":19,""gt_interpersonal_ca"":20,""gt_group_band"":""moderate"",""gt_interpersonal_band"":""high""}","{   ""self_reported_group_ca"": 18,   ""self_reported_interpersonal_ca"": 12,   ""self_reported_band_group"": ""moderate"",   ""self_reported_band_interpersonal"": ""low"" }"
6bed08570e64a871d7187ded22fee599cf3e8216c0b9b650670a049bb2bfffbe__v3_voice,"{""gt_group_ca"":19,""gt_interpersonal_ca"":20,""gt_group_band"":""moderate"",""gt_interpersonal_band"":""high""}","{   ""self_reported_group_ca"": 18,   ""self_reported_interpersonal_ca"": 12,   ""self_reported_band_group"": ""moderate"",   ""self_reported_band_interpersonal"": ""low"" }"
d1085bc24a7fe88b0d48a1501dbcd444ede1c0f1f134a5a05898a6bc84d7cf18__demos,"{""gt_group_ca"":26,""gt_interpersonal_ca"":27,""gt_group_band"":""high"",""gt_interpersonal_band"":""high""}","{   ""self_reported_group_ca"": 18,   ""self_reported_interpersonal_ca"": 12,   ""self_reported_band_group"": ""moderate"",   ""self_reported_band_interpersonal"": ""low"" }"
d1085bc24a7fe88b0d48a1501dbcd444ede1c0f1f134a5a05898a6bc84d7cf18__employment,"{""gt_group_ca"":26,""gt_interpersonal_ca"":27,""gt_group_band"":""high"",""gt_interpersonal_band"":""high""}","{   ""self_reported_group_ca"": 18,   ""self_reported_interpersonal_ca"": 12,   ""self_reported_band_group"": ""moderate"",   ""self_reported_band_interpersonal"": ""low"" }"
d1085bc24a7fe88b0d48a1501dbcd444ede1c0f1f134a5a05898a6bc84d7cf18__geo,"{""gt_group_ca"":26,""gt_interpersonal_ca"":27,""gt_group_band"":""high"",""gt_interpersonal_band"":""high""}","{   ""self_reported_group_ca"": 18,   ""self_reported_interpersonal_ca"": 12,   ""self_reported_band_group"": ""moderate"",   ""self_reported_band_interpersonal"": ""low"" }"
d1085bc24a7fe88b0d48a1501dbcd444ede1c0f1f134a5a05898a6bc84d7cf18__transit,"{""gt_group_ca"":26,""gt_interpersonal_ca"":27,""gt_group_band"":""high"",""gt_interpersonal_band"":""high""}","{   ""self_reported_group_ca"": 18,   ""self_reported_interpersonal_ca"": 12,   ""self_reported_band_group"": ""moderate"",   ""self_reported_band_interpersonal"": ""low"" }"
d1085bc24a7fe88b0d48a1501dbcd444ede1c0f1f134a5a05898a6bc84d7cf18__full,"{""gt_group_ca"":26,""gt_interpersonal_ca"":27,""gt_group_band"":""high"",""gt_interpersonal_band"":""high""}","{   ""self_reported_group_ca"": 18,   ""self_reported_interpersonal_ca"": 12,   ""self_reported_band_group"": ""moderate"",   ""self_reported_band_interpersonal"": ""low"" }"
d1085bc24a7fe88b0d48a1501dbcd444ede1c0f1f134a5a05898a6bc84d7cf18__v3_rideshare,"{""gt_group_ca"":26,""gt_interpersonal_ca"":27,""gt_group_band"":""high"",""gt_interpersonal_band"":""high""}","{   ""self_reported_group_ca"": 18,   ""self_reported_interpersonal_ca"": 12,   ""self_reported_band_group"": ""moderate"",   ""self_reported_band_interpersonal"": ""low"" }"
d1085bc24a7fe88b0d48a1501dbcd444ede1c0f1f134a5a05898a6bc84d7cf18__v3_public_transit,"{""gt_group_ca"":26,""gt_interpersonal_ca"":27,""gt_group_band"":""high"",""gt_interpersonal_band"":""high""}","{   ""self_reported_group_ca"": 18,   ""self_reported_interpersonal_ca"": 12,   ""self_reported_band_group"": ""moderate"",   ""self_reported_band_interpersonal"": ""low"" }"
d1085bc24a7fe88b0d48a1501dbcd444ede1c0f1f134a5a05898a6bc84d7cf18__v3_voice,"{""gt_group_ca"":26,""gt_interpersonal_ca"":27,""gt_group_band"":""high"",""gt_interpersonal_band"":""high""}","{   ""self_reported_group_ca"": 18,   ""self_reported_interpersonal_ca"": 12,   ""self_reported_band_group"": ""moderate"",   ""self_reported_band_interpersonal"": ""low"" }"
0f3ded842c5efc1b216f93f3e3c21bdf53c0f03eb9d047b682515b559eb2b880__demos,"{""gt_group_ca"":9,""gt_interpersonal_ca"":14,""gt_group_band"":""low"",""gt_interpersonal_band"":""moderate""}","{   ""self_reported_group_ca"": 18,   ""self_reported_interpersonal_ca"": 12,   ""self_reported_band_group"": ""moderate"",   ""self_reported_band_interpersonal"": ""low"" }"
0f3ded842c5efc1b216f93f3e3c21bdf53c0f03eb9d047b682515b559eb2b880__employment,"{""gt_group_ca"":9,""gt_interpersonal_ca"":14,""gt_group_band"":""low"",""gt_interpersonal_band"":""moderate""}","{   ""self_reported_group_ca"": 18,   ""self_reported_interpersonal_ca"": 12,   ""self_reported_band_group"": ""moderate"",   ""self_reported_band_interpersonal"": ""low"" }"
0f3ded842c5efc1b216f93f3e3c21bdf53c0f03eb9d047b682515b559eb2b880__geo,"{""gt_group_ca"":9,""gt_interpersonal_ca"":14,""gt_group_band"":""low"",""gt_interpersonal_band"":""moderate""}","{   ""self_reported_group_ca"": 18,   ""self_reported_interpersonal_ca"": 12,   ""self_reported_band_group"": ""moderate"",   ""self_reported_band_interpersonal"": ""low"" }"
0f3ded842c5efc1b216f93f3e3c21bdf53c0f03eb9d047b682515b559eb2b880__transit,"{""gt_group_ca"":9,""gt_interpersonal_ca"":14,""gt_group_band"":""low"",""gt_interpersonal_band"":""moderate""}","{   ""self_reported_group_ca"": 18,   ""self_reported_interpersonal_ca"": 12,   ""self_reported_band_group"": ""moderate"",   ""self_reported_band_interpersonal"": ""low"" }"
0f3ded842c5efc1b216f93f3e3c21bdf53c0f03eb9d047b682515b559eb2b880__full,"{""gt_group_ca"":9,""gt_interpersonal_ca"":14,""gt_group_band"":""low"",""gt_interpersonal_band"":""moderate""}","{   ""self_reported_group_ca"": 18,   ""self_reported_interpersonal_ca"": 12,   ""self_reported_band_group"": ""moderate"",   ""self_reported_band_interpersonal"": ""low"" }"
0f3ded842c5efc1b216f93f3e3c21bdf53c0f03eb9d047b682515b559eb2b880__v3_rideshare,"{""gt_group_ca"":9,""gt_interpersonal_ca"":14,""gt_group_band"":""low"",""gt_interpersonal_band"":""moderate""}","{   ""self_reported_group_ca"": 18,   ""self_reported_interpersonal_ca"": 12,   ""self_reported_band_group"": ""moderate"",   ""self_reported_band_interpersonal"": ""low"" }"
0f3ded842c5efc1b216f93f3e3c21bdf53c0f03eb9d047b682515b559eb2b880__v3_public_transit,"{""gt_group_ca"":9,""gt_interpersonal_ca"":14,""gt_group_band"":""low"",""gt_interpersonal_band"":""moderate""}","{   ""self_reported_group_ca"": 18,   ""self_reported_interpersonal_ca"": 12,   ""self_reported_band_group"": ""moderate"",   ""self_reported_band_interpersonal"": ""low"" }"
0f3ded842c5efc1b216f93f3e3c21bdf53c0f03eb9d047b682515b559eb2b880__v3_voice,"{""gt_group_ca"":9,""gt_interpersonal_ca"":14,""gt_group_band"":""low"",""gt_interpersonal_band"":""moderate""}","{   ""self_reported_group_ca"": 18,   ""self_reported_interpersonal_ca"": 12,   ""self_reported_band_group"": ""moderate"",   ""self_reported_band_interpersonal"": ""low"" }"
af444fbf978485752f02f6b2c60b0973747235bbc71a3e4331251a1250826863__demos,"{""gt_group_ca"":12,""gt_interpersonal_ca"":12,""gt_group_band"":""low"",""gt_interpersonal_band"":""low""}","{   ""self_reported_group_ca"": 18,   ""self_reported_interpersonal_ca"": 12,   ""self_reported_band_group"": ""moderate"",   ""self_reported_band_interpersonal"": ""low"" }"
af444fbf978485752f02f6b2c60b0973747235bbc71a3e4331251a1250826863__employment,"{""gt_group_ca"":12,""gt_interpersonal_ca"":12,""gt_group_band"":""low"",""gt_interpersonal_band"":""low""}","{   ""self_reported_group_ca"": 18,   ""self_reported_interpersonal_ca"": 12,   ""self_reported_band_group"": ""moderate"",   ""self_reported_band_interpersonal"": ""low"" }"
af444fbf978485752f02f6b2c60b0973747235bbc71a3e4331251a1250826863__geo,"{""gt_group_ca"":12,""gt_interpersonal_ca"":12,""gt_group_band"":""low"",""gt_interpersonal_band"":""low""}","{   ""self_reported_group_ca"": 18,   ""self_reported_interpersonal_ca"": 12,   ""self_reported_band_group"": ""moderate"",   ""self_reported_band_interpersonal"": ""low"" }"
af444fbf978485752f02f6b2c60b0973747235bbc71a3e4331251a1250826863__transit,"{""gt_group_ca"":12,""gt_interpersonal_ca"":12,""gt_group_band"":""low"",""gt_interpersonal_band"":""low""}","{   ""self_reported_group_ca"": 18,   ""self_reported_interpersonal_ca"": 12,   ""self_reported_band_group"": ""moderate"",   ""self_reported_band_interpersonal"": ""low"" }"
af444fbf978485752f02f6b2c60b0973747235bbc71a3e4331251a1250826863__full,"{""gt_group_ca"":12,""gt_interpersonal_ca"":12,""gt_group_band"":""low"",""gt_interpersonal_band"":""low""}","{   ""self_reported_group_ca"": 18,   ""self_reported_interpersonal_ca"": 12,   ""self_reported_band_group"": ""moderate"",   ""self_reported_band_interpersonal"": ""low"" }"
af444fbf978485752f02f6b2c60b0973747235bbc71a3e4331251a1250826863__v3_rideshare,"{""gt_group_ca"":12,""gt_interpersonal_ca"":12,""gt_group_band"":""low"",""gt_interpersonal_band"":""low""}","{   ""self_reported_group_ca"": 18,   ""self_reported_interpersonal_ca"": 12,   ""self_reported_band_group"": ""moderate"",   ""self_reported_band_interpersonal"": ""low"" }"
af444fbf978485752f02f6b2c60b0973747235bbc71a3e4331251a1250826863__v3_public_transit,"{""gt_group_ca"":12,""gt_interpersonal_ca"":12,""gt_group_band"":""low"",""gt_interpersonal_band"":""low""}","{   ""self_reported_group_ca"": 18,   ""self_reported_interpersonal_ca"": 12,   ""self_reported_band_group"": ""moderate"",   ""self_reported_band_interpersonal"": ""low"" }"
af444fbf978485752f02f6b2c60b0973747235bbc71a3e4331251a1250826863__v3_voice,"{""gt_group_ca"":12,""gt_interpersonal_ca"":12,""gt_group_band"":""low"",""gt_interpersonal_band"":""low""}","{   ""self_reported_group_ca"": 18,   ""self_reported_interpersonal_ca"": 12,   ""self_reported_band_group"": ""moderate"",   ""self_reported_band_interpersonal"": ""low"" }"
d62ab99472f5e49f89f4828b0ac93493b6f97704769997fc6cb506f7d17681d1__demos,"{""gt_group_ca"":24,""gt_interpersonal_ca"":16,""gt_group_band"":""high"",""gt_interpersonal_band"":""moderate""}","{   ""self_reported_group_ca"": 18,   ""self_reported_interpersonal_ca"": 12,   ""self_reported_band_group"": ""moderate"",   ""self_reported_band_interpersonal"": ""low"" }"
d62ab99472f5e49f89f4828b0ac93493b6f97704769997fc6cb506f7d17681d1__employment,"{""gt_group_ca"":24,""gt_interpersonal_ca"":16,""gt_group_band"":""high"",""gt_interpersonal_band"":""moderate""}","{   ""self_reported_group_ca"": 18,   ""self_reported_interpersonal_ca"": 12,   ""self_reported_band_group"": ""moderate"",   ""self_reported_band_interpersonal"": ""low"" }"
d62ab99472f5e49f89f4828b0ac93493b6f97704769997fc6cb506f7d17681d1__geo,"{""gt_group_ca"":24,""gt_interpersonal_ca"":16,""gt_group_band"":""high"",""gt_interpersonal_band"":""moderate""}","{   ""self_reported_group_ca"": 18,   ""self_reported_interpersonal_ca"": 12,   ""self_reported_band_group"": ""moderate"",   ""self_reported_band_interpersonal"": ""low"" }"
d62ab99472f5e49f89f4828b0ac93493b6f97704769997fc6cb506f7d17681d1__transit,"{""gt_group_ca"":24,""gt_interpersonal_ca"":16,""gt_group_band"":""high"",""gt_interpersonal_band"":""moderate""}","{   ""self_reported_group_ca"": 18,   ""self_reported_interpersonal_ca"": 12,   ""self_reported_band_group"": ""moderate"",   ""self_reported_band_interpersonal"": ""low"" }"
d62ab99472f5e49f89f4828b0ac93493b6f97704769997fc6cb506f7d17681d1__full,"{""gt_group_ca"":24,""gt_interpersonal_ca"":16,""gt_group_band"":""high"",""gt_interpersonal_band"":""moderate""}","{   ""self_reported_group_ca"": 18,   ""self_reported_interpersonal_ca"": 12,   ""self_reported_band_group"": ""moderate"",   ""self_reported_band_interpersonal"": ""low"" }"
d62ab99472f5e49f89f4828b0ac93493b6f97704769997fc6cb506f7d17681d1__v3_rideshare,"{""gt_group_ca"":24,""gt_interpersonal_ca"":16,""gt_group_band"":""high"",""gt_interpersonal_band"":""moderate""}","{   ""self_reported_group_ca"": 18,   ""self_reported_interpersonal_ca"": 12,   ""self_reported_band_group"": ""moderate"",   ""self_reported_band_interpersonal"": ""low"" }"
d62ab99472f5e49f89f4828b0ac93493b6f97704769997fc6cb506f7d17681d1__v3_public_transit,"{""gt_group_ca"":24,""gt_interpersonal_ca"":16,""gt_group_band"":""high"",""gt_interpersonal_band"":""moderate""}","{   ""self_reported_group_ca"": 18,   ""self_reported_interpersonal_ca"": 12,   ""self_reported_band_group"": ""moderate"",   ""self_reported_band_interpersonal"": ""low"" }"
d62ab99472f5e49f89f4828b0ac93493b6f97704769997fc6cb506f7d17681d1__v3_voice,"{""gt_group_ca"":24,""gt_interpersonal_ca"":16,""gt_group_band"":""high"",""gt_interpersonal_band"":""moderate""}","{   ""self_reported_group_ca"": 18,   ""self_reported_interpersonal_ca"": 12,   ""self_reported_band_group"": ""moderate"",   ""self_reported_band_interpersonal"": ""low"" }"
7f46795118cb1b4298784da138d49291cb3d0a15280330dcc1c43cfae11585ff__demos,"{""gt_group_ca"":14,""gt_interpersonal_ca"":9,""gt_group_band"":""moderate"",""gt_interpersonal_band"":""low""}","{   ""self_reported_group_ca"": 18,   ""self_reported_interpersonal_ca"": 12,   ""self_reported_band_group"": ""moderate"",   ""self_reported_band_interpersonal"": ""low"" }"
7f46795118cb1b4298784da138d49291cb3d0a15280330dcc1c43cfae11585ff__employment,"{""gt_group_ca"":14,""gt_interpersonal_ca"":9,""gt_group_band"":""moderate"",""gt_interpersonal_band"":""low""}","{   ""self_reported_group_ca"": 18,   ""self_reported_interpersonal_ca"": 12,   ""self_reported_band_group"": ""moderate"",   ""self_reported_band_interpersonal"": ""low"" }"
7f46795118cb1b4298784da138d49291cb3d0a15280330dcc1c43cfae11585ff__geo,"{""gt_group_ca"":14,""gt_interpersonal_ca"":9,""gt_group_band"":""moderate"",""gt_interpersonal_band"":""low""}","{   ""self_reported_group_ca"": 18,   ""self_reported_interpersonal_ca"": 12,   ""self_reported_band_group"": ""moderate"",   ""self_reported_band_interpersonal"": ""low"" }"
7f46795118cb1b4298784da138d49291cb3d0a15280330dcc1c43cfae11585ff__transit,"{""gt_group_ca"":14,""gt_interpersonal_ca"":9,""gt_group_band"":""moderate"",""gt_interpersonal_band"":""low""}","{   ""self_reported_group_ca"": 18,   ""self_reported_interpersonal_ca"": 12,   ""self_reported_band_group"": ""moderate"",   ""self_reported_band_interpersonal"": ""low"" }"
7f46795118cb1b4298784da138d49291cb3d0a15280330dcc1c43cfae11585ff__full,"{""gt_group_ca"":14,""gt_interpersonal_ca"":9,""gt_group_band"":""moderate"",""gt_interpersonal_band"":""low""}","{   ""self_reported_group_ca"": 18,   ""self_reported_interpersonal_ca"": 12,   ""self_reported_band_group"": ""moderate"",   ""self_reported_band_interpersonal"": ""low"" }"
7f46795118cb1b4298784da138d49291cb3d0a15280330dcc1c43cfae11585ff__v3_rideshare,"{""gt_group_ca"":14,""gt_interpersonal_ca"":9,""gt_group_band"":""moderate"",""gt_interpersonal_band"":""low""}","{   ""self_reported_group_ca"": 18,   ""self_reported_interpersonal_ca"": 12,   ""self_reported_band_group"": ""moderate"",   ""self_reported_band_interpersonal"": ""low"" }"
7f46795118cb1b4298784da138d49291cb3d0a15280330dcc1c43cfae11585ff__v3_public_transit,"{""gt_group_ca"":14,""gt_interpersonal_ca"":9,""gt_group_band"":""moderate"",""gt_interpersonal_band"":""low""}","{   ""self_reported_group_ca"": 18,   ""self_reported_interpersonal_ca"": 12,   ""self_reported_band_group"": ""moderate"",   ""self_reported_band_interpersonal"": ""low"" }"
7f46795118cb1b4298784da138d49291cb3d0a15280330dcc1c43cfae11585ff__v3_voice,"{""gt_group_ca"":14,""gt_interpersonal_ca"":9,""gt_group_band"":""moderate"",""gt_interpersonal_band"":""low""}","{   ""self_reported_group_ca"": 18,   ""self_reported_interpersonal_ca"": 12,   ""self_reported_band_group"": ""moderate"",   ""self_reported_band_interpersonal"": ""low"" }"
62faa876fdb62afd705635c6e391f5a93c242a1f6847b955507f5621bfea46cf__demos,"{""gt_group_ca"":10,""gt_interpersonal_ca"":8,""gt_group_band"":""low"",""gt_interpersonal_band"":""low""}","{   ""self_reported_group_ca"": 18,   ""self_reported_interpersonal_ca"": 12,   ""self_reported_band_group"": ""moderate"",   ""self_reported_band_interpersonal"": ""low"" }"
62faa876fdb62afd705635c6e391f5a93c242a1f6847b955507f5621bfea46cf__employment,"{""gt_group_ca"":10,""gt_interpersonal_ca"":8,""gt_group_band"":""low"",""gt_interpersonal_band"":""low""}","{   ""self_reported_group_ca"": 18,   ""self_reported_interpersonal_ca"": 12,   ""self_reported_band_group"": ""moderate"",   ""self_reported_band_interpersonal"": ""low"" }"
62faa876fdb62afd705635c6e391f5a93c242a1f6847b955507f5621bfea46cf__geo,"{""gt_group_ca"":10,""gt_interpersonal_ca"":8,""gt_group_band"":""low"",""gt_interpersonal_band"":""low""}","{   ""self_reported_group_ca"": 18,   ""self_reported_interpersonal_ca"": 12,   ""self_reported_band_group"": ""moderate"",   ""self_reported_band_interpersonal"": ""low"" }"
62faa876fdb62afd705635c6e391f5a93c242a1f6847b955507f5621bfea46cf__transit,"{""gt_group_ca"":10,""gt_interpersonal_ca"":8,""gt_group_band"":""low"",""gt_interpersonal_band"":""low""}","{   ""self_reported_group_ca"": 18,   ""self_reported_interpersonal_ca"": 12,   ""self_reported_band_group"": ""moderate"",   ""self_reported_band_interpersonal"": ""low"" }"
62faa876fdb62afd705635c6e391f5a93c242a1f6847b955507f5621bfea46cf__full,"{""gt_group_ca"":10,""gt_interpersonal_ca"":8,""gt_group_band"":""low"",""gt_interpersonal_band"":""low""}","{   ""self_reported_group_ca"": 18,   ""self_reported_interpersonal_ca"": 12,   ""self_reported_band_group"": ""moderate"",   ""self_reported_band_interpersonal"": ""low"" }"
62faa876fdb62afd705635c6e391f5a93c242a1f6847b955507f5621bfea46cf__v3_rideshare,"{""gt_group_ca"":10,""gt_interpersonal_ca"":8,""gt_group_band"":""low"",""gt_interpersonal_band"":""low""}","{   ""self_reported_group_ca"": 18,   ""self_reported_interpersonal_ca"": 12,   ""self_reported_band_group"": ""moderate"",   ""self_reported_band_interpersonal"": ""low"" }"
62faa876fdb62afd705635c6e391f5a93c242a1f6847b955507f5621bfea46cf__v3_public_transit,"{""gt_group_ca"":10,""gt_interpersonal_ca"":8,""gt_group_band"":""low"",""gt_interpersonal_band"":""low""}","{   ""self_reported_group_ca"": 18,   ""self_reported_interpersonal_ca"": 12,   ""self_reported_band_group"": ""moderate"",   ""self_reported_band_interpersonal"": ""low"" }"
62faa876fdb62afd705635c6e391f5a93c242a1f6847b955507f5621bfea46cf__v3_voice,"{""gt_group_ca"":10,""gt_interpersonal_ca"":8,""gt_group_band"":""low"",""gt_interpersonal_band"":""low""}","{   ""self_reported_group_ca"": 18,   ""self_reported_interpersonal_ca"": 12,   ""self_reported_band_group"": ""moderate"",   ""self_reported_band_interpersonal"": ""low"" }"
0a827ae922ec5f7f4102f6656fd65b754305a7f685c763f7671b7efecd52c21c__demos,"{""gt_group_ca"":11,""gt_interpersonal_ca"":6,""gt_group_band"":""low"",""gt_interpersonal_band"":""low""}","{   ""self_reported_group_ca"": 18,   ""self_reported_interpersonal_ca"": 12,   ""self_reported_band_group"": ""moderate"",   ""self_reported_band_interpersonal"": ""low"" }"
0a827ae922ec5f7f4102f6656fd65b754305a7f685c763f7671b7efecd52c21c__employment,"{""gt_group_ca"":11,""gt_interpersonal_ca"":6,""gt_group_band"":""low"",""gt_interpersonal_band"":""low""}","{   ""self_reported_group_ca"": 18,   ""self_reported_interpersonal_ca"": 12,   ""self_reported_band_group"": ""moderate"",   ""self_reported_band_interpersonal"": ""low"" }"
0a827ae922ec5f7f4102f6656fd65b754305a7f685c763f7671b7efecd52c21c__geo,"{""gt_group_ca"":11,""gt_interpersonal_ca"":6,""gt_group_band"":""low"",""gt_interpersonal_band"":""low""}","{   ""self_reported_group_ca"": 18,   ""self_reported_interpersonal_ca"": 12,   ""self_reported_band_group"": ""moderate"",   ""self_reported_band_interpersonal"": ""low"" }"
0a827ae922ec5f7f4102f6656fd65b754305a7f685c763f7671b7efecd52c21c__transit,"{""gt_group_ca"":11,""gt_interpersonal_ca"":6,""gt_group_band"":""low"",""gt_interpersonal_band"":""low""}","{   ""self_reported_group_ca"": 18,   ""self_reported_interpersonal_ca"": 12,   ""self_reported_band_group"": ""moderate"",   ""self_reported_band_interpersonal"": ""low"" }"
0a827ae922ec5f7f4102f6656fd65b754305a7f685c763f7671b7efecd52c21c__full,"{""gt_group_ca"":11,""gt_interpersonal_ca"":6,""gt_group_band"":""low"",""gt_interpersonal_band"":""low""}","{   ""self_reported_group_ca"": 18,   ""self_reported_interpersonal_ca"": 12,   ""self_reported_band_group"": ""moderate"",   ""self_reported_band_interpersonal"": ""low"" }"
0a827ae922ec5f7f4102f6656fd65b754305a7f685c763f7671b7efecd52c21c__v3_rideshare,"{""gt_group_ca"":11,""gt_interpersonal_ca"":6,""gt_group_band"":""low"",""gt_interpersonal_band"":""low""}","{   ""self_reported_group_ca"": 18,   ""self_reported_interpersonal_ca"": 12,   ""self_reported_band_group"": ""moderate"",   ""self_reported_band_interpersonal"": ""low"" }"
0a827ae922ec5f7f4102f6656fd65b754305a7f685c763f7671b7efecd52c21c__v3_public_transit,"{""gt_group_ca"":11,""gt_interpersonal_ca"":6,""gt_group_band"":""low"",""gt_interpersonal_band"":""low""}","{   ""self_reported_group_ca"": 18,   ""self_reported_interpersonal_ca"": 12,   ""self_reported_band_group"": ""moderate"",   ""self_reported_band_interpersonal"": ""low"" }"
0a827ae922ec5f7f4102f6656fd65b754305a7f685c763f7671b7efecd52c21c__v3_voice,"{""gt_group_ca"":11,""gt_interpersonal_ca"":6,""gt_group_band"":""low"",""gt_interpersonal_band"":""low""}","{   ""self_reported_group_ca"": 18,   ""self_reported_interpersonal_ca"": 12,   ""self_reported_band_group"": ""moderate"",   ""self_reported_band_interpersonal"": ""low"" }"
721370b37fe5dcec328251fc066ada21bb9e17724420f9bc3392bce880fb2c32__demos,"{""gt_group_ca"":22,""gt_interpersonal_ca"":24,""gt_group_band"":""high"",""gt_interpersonal_band"":""high""}","{   ""self_reported_group_ca"": 22,   ""self_reported_interpersonal_ca"": 18,   ""self_reported_band_group"": ""high"",   ""self_reported_band_interpersonal"": ""moderate"" }"
721370b37fe5dcec328251fc066ada21bb9e17724420f9bc3392bce880fb2c32__employment,"{""gt_group_ca"":22,""gt_interpersonal_ca"":24,""gt_group_band"":""high"",""gt_interpersonal_band"":""high""}","{   ""self_reported_group_ca"": 22,   ""self_reported_interpersonal_ca"": 18,   ""self_reported_band_group"": ""high"",   ""self_reported_band_interpersonal"": ""moderate"" }"
721370b37fe5dcec328251fc066ada21bb9e17724420f9bc3392bce880fb2c32__geo,"{""gt_group_ca"":22,""gt_interpersonal_ca"":24,""gt_group_band"":""high"",""gt_interpersonal_band"":""high""}","{   ""self_reported_group_ca"": 22,   ""self_reported_interpersonal_ca"": 18,   ""self_reported_band_group"": ""high"",   ""self_reported_band_interpersonal"": ""moderate"" }"
721370b37fe5dcec328251fc066ada21bb9e17724420f9bc3392bce880fb2c32__transit,"{""gt_group_ca"":22,""gt_interpersonal_ca"":24,""gt_group_band"":""high"",""gt_interpersonal_band"":""high""}","{   ""self_reported_group_ca"": 22,   ""self_reported_interpersonal_ca"": 18,   ""self_reported_band_group"": ""high"",   ""self_reported_band_interpersonal"": ""moderate"" }"
721370b37fe5dcec328251fc066ada21bb9e17724420f9bc3392bce880fb2c32__full,"{""gt_group_ca"":22,""gt_interpersonal_ca"":24,""gt_group_band"":""high"",""gt_interpersonal_band"":""high""}","{   ""self_reported_group_ca"": 22,   ""self_reported_interpersonal_ca"": 18,   ""self_reported_band_group"": ""high"",   ""self_reported_band_interpersonal"": ""moderate"" }"
721370b37fe5dcec328251fc066ada21bb9e17724420f9bc3392bce880fb2c32__v3_rideshare,"{""gt_group_ca"":22,""gt_interpersonal_ca"":24,""gt_group_band"":""high"",""gt_interpersonal_band"":""high""}","{   ""self_reported_group_ca"": 22,   ""self_reported_interpersonal_ca"": 18,   ""self_reported_band_group"": ""high"",   ""self_reported_band_interpersonal"": ""moderate"" }"
721370b37fe5dcec328251fc066ada21bb9e17724420f9bc3392bce880fb2c32__v3_public_transit,"{""gt_group_ca"":22,""gt_interpersonal_ca"":24,""gt_group_band"":""high"",""gt_interpersonal_band"":""high""}","{   ""self_reported_group_ca"": 22,   ""self_reported_interpersonal_ca"": 18,   ""self_reported_band_group"": ""high"",   ""self_reported_band_interpersonal"": ""moderate"" }"
721370b37fe5dcec328251fc066ada21bb9e17724420f9bc3392bce880fb2c32__v3_voice,"{""gt_group_ca"":22,""gt_interpersonal_ca"":24,""gt_group_band"":""high"",""gt_interpersonal_band"":""high""}","{   ""self_reported_group_ca"": 22,   ""self_reported_interpersonal_ca"": 18,   ""self_reported_band_group"": ""high"",   ""self_reported_band_interpersonal"": ""moderate"" }"
26ee872a08526d4a2c7861c94834961ae4b8938bd076f5c9641b5174f96efcc5__demos,"{""gt_group_ca"":6,""gt_interpersonal_ca"":6,""gt_group_band"":""low"",""gt_interpersonal_band"":""low""}","{   ""self_reported_group_ca"": 18,   ""self_reported_interpersonal_ca"": 12,   ""self_reported_band_group"": ""moderate"",   ""self_reported_band_interpersonal"": ""low"" }"
26ee872a08526d4a2c7861c94834961ae4b8938bd076f5c9641b5174f96efcc5__employment,"{""gt_group_ca"":6,""gt_interpersonal_ca"":6,""gt_group_band"":""low"",""gt_interpersonal_band"":""low""}","{   ""self_reported_group_ca"": 18,   ""self_reported_interpersonal_ca"": 12,   ""self_reported_band_group"": ""moderate"",   ""self_reported_band_interpersonal"": ""low"" }"
26ee872a08526d4a2c7861c94834961ae4b8938bd076f5c9641b5174f96efcc5__geo,"{""gt_group_ca"":6,""gt_interpersonal_ca"":6,""gt_group_band"":""low"",""gt_interpersonal_band"":""low""}","{   ""self_reported_group_ca"": 18,   ""self_reported_interpersonal_ca"": 12,   ""self_reported_band_group"": ""moderate"",   ""self_reported_band_interpersonal"": ""low"" }"
26ee872a08526d4a2c7861c94834961ae4b8938bd076f5c9641b5174f96efcc5__transit,"{""gt_group_ca"":6,""gt_interpersonal_ca"":6,""gt_group_band"":""low"",""gt_interpersonal_band"":""low""}","{   ""self_reported_group_ca"": 18,   ""self_reported_interpersonal_ca"": 12,   ""self_reported_band_group"": ""moderate"",   ""self_reported_band_interpersonal"": ""low"" }"
26ee872a08526d4a2c7861c94834961ae4b8938bd076f5c9641b5174f96efcc5__full,"{""gt_group_ca"":6,""gt_interpersonal_ca"":6,""gt_group_band"":""low"",""gt_interpersonal_band"":""low""}","{   ""self_reported_group_ca"": 18,   ""self_reported_interpersonal_ca"": 12,   ""self_reported_band_group"": ""moderate"",   ""self_reported_band_interpersonal"": ""low"" }"
26ee872a08526d4a2c7861c94834961ae4b8938bd076f5c9641b5174f96efcc5__v3_rideshare,"{""gt_group_ca"":6,""gt_interpersonal_ca"":6,""gt_group_band"":""low"",""gt_interpersonal_band"":""low""}","{   ""self_reported_group_ca"": 18,   ""self_reported_interpersonal_ca"": 12,   ""self_reported_band_group"": ""moderate"",   ""self_reported_band_interpersonal"": ""low"" }"
26ee872a08526d4a2c7861c94834961ae4b8938bd076f5c9641b5174f96efcc5__v3_public_transit,"{""gt_group_ca"":6,""gt_interpersonal_ca"":6,""gt_group_band"":""low"",""gt_interpersonal_band"":""low""}","{   ""self_reported_group_ca"": 18,   ""self_reported_interpersonal_ca"": 12,   ""self_reported_band_group"": ""moderate"",   ""self_reported_band_interpersonal"": ""low"" }"
26ee872a08526d4a2c7861c94834961ae4b8938bd076f5c9641b5174f96efcc5__v3_voice,"{""gt_group_ca"":6,""gt_interpersonal_ca"":6,""gt_group_band"":""low"",""gt_interpersonal_band"":""low""}","{   ""self_reported_group_ca"": 18,   ""self_reported_interpersonal_ca"": 12,   ""self_reported_band_group"": ""moderate"",   ""self_reported_band_interpersonal"": ""low"" }"
7e07c11381eb8a3eba20e67e3e069a1fe3bb87a8671531b5c4d108660f78943b__demos,"{""gt_group_ca"":8,""gt_interpersonal_ca"":8,""gt_group_band"":""low"",""gt_interpersonal_band"":""low""}","{   ""self_reported_group_ca"": 18,   ""self_reported_interpersonal_ca"": 12,   ""self_reported_band_group"": ""moderate"",   ""self_reported_band_interpersonal"": ""low"" }"
7e07c11381eb8a3eba20e67e3e069a1fe3bb87a8671531b5c4d108660f78943b__employment,"{""gt_group_ca"":8,""gt_interpersonal_ca"":8,""gt_group_band"":""low"",""gt_interpersonal_band"":""low""}","{   ""self_reported_group_ca"": 18,   ""self_reported_interpersonal_ca"": 12,   ""self_reported_band_group"": ""moderate"",   ""self_reported_band_interpersonal"": ""low"" }"
7e07c11381eb8a3eba20e67e3e069a1fe3bb87a8671531b5c4d108660f78943b__geo,"{""gt_group_ca"":8,""gt_interpersonal_ca"":8,""gt_group_band"":""low"",""gt_interpersonal_band"":""low""}","{   ""self_reported_group_ca"": 18,   ""self_reported_interpersonal_ca"": 12,   ""self_reported_band_group"": ""moderate"",   ""self_reported_band_interpersonal"": ""low"" }"
7e07c11381eb8a3eba20e67e3e069a1fe3bb87a8671531b5c4d108660f78943b__transit,"{""gt_group_ca"":8,""gt_interpersonal_ca"":8,""gt_group_band"":""low"",""gt_interpersonal_band"":""low""}","{   ""self_reported_group_ca"": 18,   ""self_reported_interpersonal_ca"": 12,   ""self_reported_band_group"": ""moderate"",   ""self_reported_band_interpersonal"": ""low"" }"
7e07c11381eb8a3eba20e67e3e069a1fe3bb87a8671531b5c4d108660f78943b__full,"{""gt_group_ca"":8,""gt_interpersonal_ca"":8,""gt_group_band"":""low"",""gt_interpersonal_band"":""low""}","{   ""self_reported_group_ca"": 18,   ""self_reported_interpersonal_ca"": 12,   ""self_reported_band_group"": ""moderate"",   ""self_reported_band_interpersonal"": ""low"" }"
7e07c11381eb8a3eba20e67e3e069a1fe3bb87a8671531b5c4d108660f78943b__v3_rideshare,"{""gt_group_ca"":8,""gt_interpersonal_ca"":8,""gt_group_band"":""low"",""gt_interpersonal_band"":""low""}","{   ""self_reported_group_ca"": 18,   ""self_reported_interpersonal_ca"": 12,   ""self_reported_band_group"": ""moderate"",   ""self_reported_band_interpersonal"": ""low"" }"
7e07c11381eb8a3eba20e67e3e069a1fe3bb87a8671531b5c4d108660f78943b__v3_public_transit,"{""gt_group_ca"":8,""gt_interpersonal_ca"":8,""gt_group_band"":""low"",""gt_interpersonal_band"":""low""}","{   ""self_reported_group_ca"": 18,   ""self_reported_interpersonal_ca"": 12,   ""self_reported_band_group"": ""moderate"",   ""self_reported_band_interpersonal"": ""low"" }"
7e07c11381eb8a3eba20e67e3e069a1fe3bb87a8671531b5c4d108660f78943b__v3_voice,"{""gt_group_ca"":8,""gt_interpersonal_ca"":8,""gt_group_band"":""low"",""gt_interpersonal_band"":""low""}","{   ""self_reported_group_ca"": 18,   ""self_reported_interpersonal_ca"": 12,   ""self_reported_band_group"": ""moderate"",   ""self_reported_band_interpersonal"": ""low"" }"
1668925157c24af79aa1c6caa81c5a1b6680925be98fd11c7748caffe8d543ce__demos,"{""gt_group_ca"":6,""gt_interpersonal_ca"":6,""gt_group_band"":""low"",""gt_interpersonal_band"":""low""}","{   ""self_reported_group_ca"": 18,   ""self_reported_interpersonal_ca"": 12,   ""self_reported_band_group"": ""moderate"",   ""self_reported_band_interpersonal"": ""low"" }"
1668925157c24af79aa1c6caa81c5a1b6680925be98fd11c7748caffe8d543ce__employment,"{""gt_group_ca"":6,""gt_interpersonal_ca"":6,""gt_group_band"":""low"",""gt_interpersonal_band"":""low""}","{   ""self_reported_group_ca"": 18,   ""self_reported_interpersonal_ca"": 12,   ""self_reported_band_group"": ""moderate"",   ""self_reported_band_interpersonal"": ""low"" }"
1668925157c24af79aa1c6caa81c5a1b6680925be98fd11c7748caffe8d543ce__geo,"{""gt_group_ca"":6,""gt_interpersonal_ca"":6,""gt_group_band"":""low"",""gt_interpersonal_band"":""low""}","{   ""self_reported_group_ca"": 18,   ""self_reported_interpersonal_ca"": 12,   ""self_reported_band_group"": ""moderate"",   ""self_reported_band_interpersonal"": ""low"" }"
1668925157c24af79aa1c6caa81c5a1b6680925be98fd11c7748caffe8d543ce__transit,"{""gt_group_ca"":6,""gt_interpersonal_ca"":6,""gt_group_band"":""low"",""gt_interpersonal_band"":""low""}","{   ""self_reported_group_ca"": 18,   ""self_reported_interpersonal_ca"": 12,   ""self_reported_band_group"": ""moderate"",   ""self_reported_band_interpersonal"": ""low"" }"
1668925157c24af79aa1c6caa81c5a1b6680925be98fd11c7748caffe8d543ce__full,"{""gt_group_ca"":6,""gt_interpersonal_ca"":6,""gt_group_band"":""low"",""gt_interpersonal_band"":""low""}","{   ""self_reported_group_ca"": 18,   ""self_reported_interpersonal_ca"": 12,   ""self_reported_band_group"": ""moderate"",   ""self_reported_band_interpersonal"": ""low"" }"
1668925157c24af79aa1c6caa81c5a1b6680925be98fd11c7748caffe8d543ce__v3_rideshare,"{""gt_group_ca"":6,""gt_interpersonal_ca"":6,""gt_group_band"":""low"",""gt_interpersonal_band"":""low""}","{   ""self_reported_group_ca"": 18,   ""self_reported_interpersonal_ca"": 12,   ""self_reported_band_group"": ""moderate"",   ""self_reported_band_interpersonal"": ""low"" }"
1668925157c24af79aa1c6caa81c5a1b6680925be98fd11c7748caffe8d543ce__v3_public_transit,"{""gt_group_ca"":6,""gt_interpersonal_ca"":6,""gt_group_band"":""low"",""gt_interpersonal_band"":""low""}","{   ""self_reported_group_ca"": 18,   ""self_reported_interpersonal_ca"": 12,   ""self_reported_band_group"": ""moderate"",   ""self_reported_band_interpersonal"": ""low"" }"
1668925157c24af79aa1c6caa81c5a1b6680925be98fd11c7748caffe8d543ce__v3_voice,"{""gt_group_ca"":6,""gt_interpersonal_ca"":6,""gt_group_band"":""low"",""gt_interpersonal_band"":""low""}","{   ""self_reported_group_ca"": 18,   ""self_reported_interpersonal_ca"": 12,   ""self_reported_band_group"": ""moderate"",   ""self_reported_band_interpersonal"": ""low"" }"
7e1ac38fbbf1d4004e219e08d0de00b86ddc951f6f6f58834e2c7905adce60f3__demos,"{""gt_group_ca"":8,""gt_interpersonal_ca"":14,""gt_group_band"":""low"",""gt_interpersonal_band"":""moderate""}","{   ""self_reported_group_ca"": 18,   ""self_reported_interpersonal_ca"": 12,   ""self_reported_band_group"": ""moderate"",   ""self_reported_band_interpersonal"": ""low"" }"
7e1ac38fbbf1d4004e219e08d0de00b86ddc951f6f6f58834e2c7905adce60f3__employment,"{""gt_group_ca"":8,""gt_interpersonal_ca"":14,""gt_group_band"":""low"",""gt_interpersonal_band"":""moderate""}","{   ""self_reported_group_ca"": 18,   ""self_reported_interpersonal_ca"": 12,   ""self_reported_band_group"": ""moderate"",   ""self_reported_band_interpersonal"": ""low"" }"
7e1ac38fbbf1d4004e219e08d0de00b86ddc951f6f6f58834e2c7905adce60f3__geo,"{""gt_group_ca"":8,""gt_interpersonal_ca"":14,""gt_group_band"":""low"",""gt_interpersonal_band"":""moderate""}","{   ""self_reported_group_ca"": 18,   ""self_reported_interpersonal_ca"": 12,   ""self_reported_band_group"": ""moderate"",   ""self_reported_band_interpersonal"": ""low"" }"
7e1ac38fbbf1d4004e219e08d0de00b86ddc951f6f6f58834e2c7905adce60f3__transit,"{""gt_group_ca"":8,""gt_interpersonal_ca"":14,""gt_group_band"":""low"",""gt_interpersonal_band"":""moderate""}","{   ""self_reported_group_ca"": 18,   ""self_reported_interpersonal_ca"": 12,   ""self_reported_band_group"": ""moderate"",   ""self_reported_band_interpersonal"": ""low"" }"
7e1ac38fbbf1d4004e219e08d0de00b86ddc951f6f6f58834e2c7905adce60f3__full,"{""gt_group_ca"":8,""gt_interpersonal_ca"":14,""gt_group_band"":""low"",""gt_interpersonal_band"":""moderate""}","{   ""self_reported_group_ca"": 18,   ""self_reported_interpersonal_ca"": 12,   ""self_reported_band_group"": ""moderate"",   ""self_reported_band_interpersonal"": ""low"" }"
7e1ac38fbbf1d4004e219e08d0de00b86ddc951f6f6f58834e2c7905adce60f3__v3_rideshare,"{""gt_group_ca"":8,""gt_interpersonal_ca"":14,""gt_group_band"":""low"",""gt_interpersonal_band"":""moderate""}","{   ""self_reported_group_ca"": 18,   ""self_reported_interpersonal_ca"": 12,   ""self_reported_band_group"": ""moderate"",   ""self_reported_band_interpersonal"": ""low"" }"
7e1ac38fbbf1d4004e219e08d0de00b86ddc951f6f6f58834e2c7905adce60f3__v3_public_transit,"{""gt_group_ca"":8,""gt_interpersonal_ca"":14,""gt_group_band"":""low"",""gt_interpersonal_band"":""moderate""}","{   ""self_reported_group_ca"": 18,   ""self_reported_interpersonal_ca"": 12,   ""self_reported_band_group"": ""moderate"",   ""self_reported_band_interpersonal"": ""low"" }"
7e1ac38fbbf1d4004e219e08d0de00b86ddc951f6f6f58834e2c7905adce60f3__v3_voice,"{""gt_group_ca"":8,""gt_interpersonal_ca"":14,""gt_group_band"":""low"",""gt_interpersonal_band"":""moderate""}","{   ""self_reported_group_ca"": 18,   ""self_reported_interpersonal_ca"": 12,   ""self_reported_band_group"": ""moderate"",   ""self_reported_band_interpersonal"": ""low"" }"
68bbc2f0221553d1ac73d56563e2bdf545ae7b0b4d408e8e386ee6903451b0b6__demos,"{""gt_group_ca"":12,""gt_interpersonal_ca"":13,""gt_group_band"":""low"",""gt_interpersonal_band"":""low""}","{   ""self_reported_group_ca"": 18,   ""self_reported_interpersonal_ca"": 12,   ""self_reported_band_group"": ""moderate"",   ""self_reported_band_interpersonal"": ""low"" }"
68bbc2f0221553d1ac73d56563e2bdf545ae7b0b4d408e8e386ee6903451b0b6__employment,"{""gt_group_ca"":12,""gt_interpersonal_ca"":13,""gt_group_band"":""low"",""gt_interpersonal_band"":""low""}","{   ""self_reported_group_ca"": 18,   ""self_reported_interpersonal_ca"": 12,   ""self_reported_band_group"": ""moderate"",   ""self_reported_band_interpersonal"": ""low"" }"
68bbc2f0221553d1ac73d56563e2bdf545ae7b0b4d408e8e386ee6903451b0b6__geo,"{""gt_group_ca"":12,""gt_interpersonal_ca"":13,""gt_group_band"":""low"",""gt_interpersonal_band"":""low""}","{   ""self_reported_group_ca"": 18,   ""self_reported_interpersonal_ca"": 12,   ""self_reported_band_group"": ""moderate"",   ""self_reported_band_interpersonal"": ""low"" }"
68bbc2f0221553d1ac73d56563e2bdf545ae7b0b4d408e8e386ee6903451b0b6__transit,"{""gt_group_ca"":12,""gt_interpersonal_ca"":13,""gt_group_band"":""low"",""gt_interpersonal_band"":""low""}","{   ""self_reported_group_ca"": 18,   ""self_reported_interpersonal_ca"": 12,   ""self_reported_band_group"": ""moderate"",   ""self_reported_band_interpersonal"": ""low"" }"
68bbc2f0221553d1ac73d56563e2bdf545ae7b0b4d408e8e386ee6903451b0b6__full,"{""gt_group_ca"":12,""gt_interpersonal_ca"":13,""gt_group_band"":""low"",""gt_interpersonal_band"":""low""}","{   ""self_reported_group_ca"": 18,   ""self_reported_interpersonal_ca"": 12,   ""self_reported_band_group"": ""moderate"",   ""self_reported_band_interpersonal"": ""low"" }"
68bbc2f0221553d1ac73d56563e2bdf545ae7b0b4d408e8e386ee6903451b0b6__v3_rideshare,"{""gt_group_ca"":12,""gt_interpersonal_ca"":13,""gt_group_band"":""low"",""gt_interpersonal_band"":""low""}","{   ""self_reported_group_ca"": 18,   ""self_reported_interpersonal_ca"": 12,   ""self_reported_band_group"": ""moderate"",   ""self_reported_band_interpersonal"": ""low"" }"
68bbc2f0221553d1ac73d56563e2bdf545ae7b0b4d408e8e386ee6903451b0b6__v3_public_transit,"{""gt_group_ca"":12,""gt_interpersonal_ca"":13,""gt_group_band"":""low"",""gt_interpersonal_band"":""low""}","{   ""self_reported_group_ca"": 18,   ""self_reported_interpersonal_ca"": 12,   ""self_reported_band_group"": ""moderate"",   ""self_reported_band_interpersonal"": ""low"" }"
68bbc2f0221553d1ac73d56563e2bdf545ae7b0b4d408e8e386ee6903451b0b6__v3_voice,"{""gt_group_ca"":12,""gt_interpersonal_ca"":13,""gt_group_band"":""low"",""gt_interpersonal_band"":""low""}","{   ""self_reported_group_ca"": 18,   ""self_reported_interpersonal_ca"": 12,   ""self_reported_band_group"": ""moderate"",   ""self_reported_band_interpersonal"": ""low"" }"
b8b17f3de56950d4fcbf08d353c0139b03d80c7cddc7614f746afeb11d0b7d64__demos,"{""gt_group_ca"":27,""gt_interpersonal_ca"":30,""gt_group_band"":""high"",""gt_interpersonal_band"":""high""}","{   ""self_reported_group_ca"": 18,   ""self_reported_interpersonal_ca"": 12,   ""self_reported_band_group"": ""moderate"",   ""self_reported_band_interpersonal"": ""low"" }"
b8b17f3de56950d4fcbf08d353c0139b03d80c7cddc7614f746afeb11d0b7d64__employment,"{""gt_group_ca"":27,""gt_interpersonal_ca"":30,""gt_group_band"":""high"",""gt_interpersonal_band"":""high""}","{   ""self_reported_group_ca"": 18,   ""self_reported_interpersonal_ca"": 12,   ""self_reported_band_group"": ""moderate"",   ""self_reported_band_interpersonal"": ""low"" }"
b8b17f3de56950d4fcbf08d353c0139b03d80c7cddc7614f746afeb11d0b7d64__geo,"{""gt_group_ca"":27,""gt_interpersonal_ca"":30,""gt_group_band"":""high"",""gt_interpersonal_band"":""high""}","{   ""self_reported_group_ca"": 18,   ""self_reported_interpersonal_ca"": 12,   ""self_reported_band_group"": ""moderate"",   ""self_reported_band_interpersonal"": ""low"" }"
b8b17f3de56950d4fcbf08d353c0139b03d80c7cddc7614f746afeb11d0b7d64__transit,"{""gt_group_ca"":27,""gt_interpersonal_ca"":30,""gt_group_band"":""high"",""gt_interpersonal_band"":""high""}","{   ""self_reported_group_ca"": 18,   ""self_reported_interpersonal_ca"": 12,   ""self_reported_band_group"": ""moderate"",   ""self_reported_band_interpersonal"": ""low"" }"
b8b17f3de56950d4fcbf08d353c0139b03d80c7cddc7614f746afeb11d0b7d64__full,"{""gt_group_ca"":27,""gt_interpersonal_ca"":30,""gt_group_band"":""high"",""gt_interpersonal_band"":""high""}","{   ""self_reported_group_ca"": 18,   ""self_reported_interpersonal_ca"": 12,   ""self_reported_band_group"": ""moderate"",   ""self_reported_band_interpersonal"": ""low"" }"
b8b17f3de56950d4fcbf08d353c0139b03d80c7cddc7614f746afeb11d0b7d64__v3_rideshare,"{""gt_group_ca"":27,""gt_interpersonal_ca"":30,""gt_group_band"":""high"",""gt_interpersonal_band"":""high""}","{   ""self_reported_group_ca"": 18,   ""self_reported_interpersonal_ca"": 12,   ""self_reported_band_group"": ""moderate"",   ""self_reported_band_interpersonal"": ""low"" }"
b8b17f3de56950d4fcbf08d353c0139b03d80c7cddc7614f746afeb11d0b7d64__v3_public_transit,"{""gt_group_ca"":27,""gt_interpersonal_ca"":30,""gt_group_band"":""high"",""gt_interpersonal_band"":""high""}","{   ""self_reported_group_ca"": 18,   ""self_reported_interpersonal_ca"": 12,   ""self_reported_band_group"": ""moderate"",   ""self_reported_band_interpersonal"": ""low"" }"
b8b17f3de56950d4fcbf08d353c0139b03d80c7cddc7614f746afeb11d0b7d64__v3_voice,"{""gt_group_ca"":27,""gt_interpersonal_ca"":30,""gt_group_band"":""high"",""gt_interpersonal_band"":""high""}","{   ""self_reported_group_ca"": 18,   ""self_reported_interpersonal_ca"": 12,   ""self_reported_band_group"": ""moderate"",   ""self_reported_band_interpersonal"": ""low"" }"
eb5a8b5f7f424965c03f04042c0d95dd152657e2f46a2ffbb4db19b6e61d50a4__demos,"{""gt_group_ca"":19,""gt_interpersonal_ca"":17,""gt_group_band"":""moderate"",""gt_interpersonal_band"":""moderate""}","{   ""self_reported_group_ca"": 18,   ""self_reported_interpersonal_ca"": 12,   ""self_reported_band_group"": ""moderate"",   ""self_reported_band_interpersonal"": ""low"" }"
eb5a8b5f7f424965c03f04042c0d95dd152657e2f46a2ffbb4db19b6e61d50a4__employment,"{""gt_group_ca"":19,""gt_interpersonal_ca"":17,""gt_group_band"":""moderate"",""gt_interpersonal_band"":""moderate""}","{   ""self_reported_group_ca"": 18,   ""self_reported_interpersonal_ca"": 12,   ""self_reported_band_group"": ""moderate"",   ""self_reported_band_interpersonal"": ""low"" }"
eb5a8b5f7f424965c03f04042c0d95dd152657e2f46a2ffbb4db19b6e61d50a4__geo,"{""gt_group_ca"":19,""gt_interpersonal_ca"":17,""gt_group_band"":""moderate"",""gt_interpersonal_band"":""moderate""}","{   ""self_reported_group_ca"": 18,   ""self_reported_interpersonal_ca"": 12,   ""self_reported_band_group"": ""moderate"",   ""self_reported_band_interpersonal"": ""low"" }"
eb5a8b5f7f424965c03f04042c0d95dd152657e2f46a2ffbb4db19b6e61d50a4__transit,"{""gt_group_ca"":19,""gt_interpersonal_ca"":17,""gt_group_band"":""moderate"",""gt_interpersonal_band"":""moderate""}","{   ""self_reported_group_ca"": 18,   ""self_reported_interpersonal_ca"": 12,   ""self_reported_band_group"": ""moderate"",   ""self_reported_band_interpersonal"": ""low"" }"
eb5a8b5f7f424965c03f04042c0d95dd152657e2f46a2ffbb4db19b6e61d50a4__full,"{""gt_group_ca"":19,""gt_interpersonal_ca"":17,""gt_group_band"":""moderate"",""gt_interpersonal_band"":""moderate""}","{   ""self_reported_group_ca"": 18,   ""self_reported_interpersonal_ca"": 12,   ""self_reported_band_group"": ""moderate"",   ""self_reported_band_interpersonal"": ""low"" }"
eb5a8b5f7f424965c03f04042c0d95dd152657e2f46a2ffbb4db19b6e61d50a4__v3_rideshare,"{""gt_group_ca"":19,""gt_interpersonal_ca"":17,""gt_group_band"":""moderate"",""gt_interpersonal_band"":""moderate""}","{   ""self_reported_group_ca"": 18,   ""self_reported_interpersonal_ca"": 12,   ""self_reported_band_group"": ""moderate"",   ""self_reported_band_interpersonal"": ""low"" }"
eb5a8b5f7f424965c03f04042c0d95dd152657e2f46a2ffbb4db19b6e61d50a4__v3_public_transit,"{""gt_group_ca"":19,""gt_interpersonal_ca"":17,""gt_group_band"":""moderate"",""gt_interpersonal_band"":""moderate""}","{   ""self_reported_group_ca"": 18,   ""self_reported_interpersonal_ca"": 12,   ""self_reported_band_group"": ""moderate"",   ""self_reported_band_interpersonal"": ""low"" }"
eb5a8b5f7f424965c03f04042c0d95dd152657e2f46a2ffbb4db19b6e61d50a4__v3_voice,"{""gt_group_ca"":19,""gt_interpersonal_ca"":17,""gt_group_band"":""moderate"",""gt_interpersonal_band"":""moderate""}","{   ""self_reported_group_ca"": 18,   ""self_reported_interpersonal_ca"": 12,   ""self_reported_band_group"": ""moderate"",   ""self_reported_band_interpersonal"": ""low"" }"
4dd6a3edf9c4583b4846e3a7427d1ca43b0913ebce429eb6c69622085810073e__demos,"{""gt_group_ca"":12,""gt_interpersonal_ca"":8,""gt_group_band"":""low"",""gt_interpersonal_band"":""low""}","{   ""self_reported_group_ca"": 22,   ""self_reported_interpersonal_ca"": 18,   ""self_reported_band_group"": ""high"",   ""self_reported_band_interpersonal"": ""moderate"" }"
4dd6a3edf9c4583b4846e3a7427d1ca43b0913ebce429eb6c69622085810073e__employment,"{""gt_group_ca"":12,""gt_interpersonal_ca"":8,""gt_group_band"":""low"",""gt_interpersonal_band"":""low""}","{   ""self_reported_group_ca"": 22,   ""self_reported_interpersonal_ca"": 18,   ""self_reported_band_group"": ""high"",   ""self_reported_band_interpersonal"": ""moderate"" }"
4dd6a3edf9c4583b4846e3a7427d1ca43b0913ebce429eb6c69622085810073e__geo,"{""gt_group_ca"":12,""gt_interpersonal_ca"":8,""gt_group_band"":""low"",""gt_interpersonal_band"":""low""}","{   ""self_reported_group_ca"": 18,   ""self_reported_interpersonal_ca"": 12,   ""self_reported_band_group"": ""moderate"",   ""self_reported_band_interpersonal"": ""low"" }"
4dd6a3edf9c4583b4846e3a7427d1ca43b0913ebce429eb6c69622085810073e__transit,"{""gt_group_ca"":12,""gt_interpersonal_ca"":8,""gt_group_band"":""low"",""gt_interpersonal_band"":""low""}","{   ""self_reported_group_ca"": 22,   ""self_reported_interpersonal_ca"": 18,   ""self_reported_band_group"": ""high"",   ""self_reported_band_interpersonal"": ""moderate"" }"
4dd6a3edf9c4583b4846e3a7427d1ca43b0913ebce429eb6c69622085810073e__full,"{""gt_group_ca"":12,""gt_interpersonal_ca"":8,""gt_group_band"":""low"",""gt_interpersonal_band"":""low""}","{   ""self_reported_group_ca"": 22,   ""self_reported_interpersonal_ca"": 18,   ""self_reported_band_group"": ""high"",   ""self_reported_band_interpersonal"": ""moderate"" }"
4dd6a3edf9c4583b4846e3a7427d1ca43b0913ebce429eb6c69622085810073e__v3_rideshare,"{""gt_group_ca"":12,""gt_interpersonal_ca"":8,""gt_group_band"":""low"",""gt_interpersonal_band"":""low""}","{   ""self_reported_group_ca"": 18,   ""self_reported_interpersonal_ca"": 12,   ""self_reported_band_group"": ""moderate"",   ""self_reported_band_interpersonal"": ""low"" }"
4dd6a3edf9c4583b4846e3a7427d1ca43b0913ebce429eb6c69622085810073e__v3_public_transit,"{""gt_group_ca"":12,""gt_interpersonal_ca"":8,""gt_group_band"":""low"",""gt_interpersonal_band"":""low""}","{   ""self_reported_group_ca"": 22,   ""self_reported_interpersonal_ca"": 18,   ""self_reported_band_group"": ""high"",   ""self_reported_band_interpersonal"": ""moderate"" }"
4dd6a3edf9c4583b4846e3a7427d1ca43b0913ebce429eb6c69622085810073e__v3_voice,"{""gt_group_ca"":12,""gt_interpersonal_ca"":8,""gt_group_band"":""low"",""gt_interpersonal_band"":""low""}","{   ""self_reported_group_ca"": 18,   ""self_reported_interpersonal_ca"": 12,   ""self_reported_band_group"": ""moderate"",   ""self_reported_band_interpersonal"": ""low"" }"
b08df79ff4969c7b8cd08976873f21894166d48581efee96c130746ef5b67a8a__demos,"{""gt_group_ca"":10,""gt_interpersonal_ca"":10,""gt_group_band"":""low"",""gt_interpersonal_band"":""low""}","{   ""self_reported_group_ca"": 18,   ""self_reported_interpersonal_ca"": 12,   ""self_reported_band_group"": ""moderate"",   ""self_reported_band_interpersonal"": ""low"" }"
b08df79ff4969c7b8cd08976873f21894166d48581efee96c130746ef5b67a8a__employment,"{""gt_group_ca"":10,""gt_interpersonal_ca"":10,""gt_group_band"":""low"",""gt_interpersonal_band"":""low""}","{   ""self_reported_group_ca"": 18,   ""self_reported_interpersonal_ca"": 12,   ""self_reported_band_group"": ""moderate"",   ""self_reported_band_interpersonal"": ""low"" }"
b08df79ff4969c7b8cd08976873f21894166d48581efee96c130746ef5b67a8a__geo,"{""gt_group_ca"":10,""gt_interpersonal_ca"":10,""gt_group_band"":""low"",""gt_interpersonal_band"":""low""}","{   ""self_reported_group_ca"": 18,   ""self_reported_interpersonal_ca"": 12,   ""self_reported_band_group"": ""moderate"",   ""self_reported_band_interpersonal"": ""low"" }"
b08df79ff4969c7b8cd08976873f21894166d48581efee96c130746ef5b67a8a__transit,"{""gt_group_ca"":10,""gt_interpersonal_ca"":10,""gt_group_band"":""low"",""gt_interpersonal_band"":""low""}","{   ""self_reported_group_ca"": 18,   ""self_reported_interpersonal_ca"": 12,   ""self_reported_band_group"": ""moderate"",   ""self_reported_band_interpersonal"": ""low"" }"
b08df79ff4969c7b8cd08976873f21894166d48581efee96c130746ef5b67a8a__full,"{""gt_group_ca"":10,""gt_interpersonal_ca"":10,""gt_group_band"":""low"",""gt_interpersonal_band"":""low""}","{   ""self_reported_group_ca"": 18,   ""self_reported_interpersonal_ca"": 12,   ""self_reported_band_group"": ""moderate"",   ""self_reported_band_interpersonal"": ""low"" }"
b08df79ff4969c7b8cd08976873f21894166d48581efee96c130746ef5b67a8a__v3_rideshare,"{""gt_group_ca"":10,""gt_interpersonal_ca"":10,""gt_group_band"":""low"",""gt_interpersonal_band"":""low""}","{   ""self_reported_group_ca"": 18,   ""self_reported_interpersonal_ca"": 12,   ""self_reported_band_group"": ""moderate"",   ""self_reported_band_interpersonal"": ""low"" }"
b08df79ff4969c7b8cd08976873f21894166d48581efee96c130746ef5b67a8a__v3_public_transit,"{""gt_group_ca"":10,""gt_interpersonal_ca"":10,""gt_group_band"":""low"",""gt_interpersonal_band"":""low""}","{   ""self_reported_group_ca"": 18,   ""self_reported_interpersonal_ca"": 12,   ""self_reported_band_group"": ""moderate"",   ""self_reported_band_interpersonal"": ""low"" }"
b08df79ff4969c7b8cd08976873f21894166d48581efee96c130746ef5b67a8a__v3_voice,"{""gt_group_ca"":10,""gt_interpersonal_ca"":10,""gt_group_band"":""low"",""gt_interpersonal_band"":""low""}","{   ""self_reported_group_ca"": 18,   ""self_reported_interpersonal_ca"": 12,   ""self_reported_band_group"": ""moderate"",   ""self_reported_band_interpersonal"": ""low"" }"
ec3fd47dbf258cb35c251773f3cde0870fcfa798317fde221c381998762f9427__demos,"{""gt_group_ca"":8,""gt_interpersonal_ca"":12,""gt_group_band"":""low"",""gt_interpersonal_band"":""low""}","{   ""self_reported_group_ca"": 18,   ""self_reported_interpersonal_ca"": 12,   ""self_reported_band_group"": ""moderate"",   ""self_reported_band_interpersonal"": ""low"" }"
ec3fd47dbf258cb35c251773f3cde0870fcfa798317fde221c381998762f9427__employment,"{""gt_group_ca"":8,""gt_interpersonal_ca"":12,""gt_group_band"":""low"",""gt_interpersonal_band"":""low""}","{   ""self_reported_group_ca"": 18,   ""self_reported_interpersonal_ca"": 12,   ""self_reported_band_group"": ""moderate"",   ""self_reported_band_interpersonal"": ""low"" }"
ec3fd47dbf258cb35c251773f3cde0870fcfa798317fde221c381998762f9427__geo,"{""gt_group_ca"":8,""gt_interpersonal_ca"":12,""gt_group_band"":""low"",""gt_interpersonal_band"":""low""}","{   ""self_reported_group_ca"": 18,   ""self_reported_interpersonal_ca"": 12,   ""self_reported_band_group"": ""moderate"",   ""self_reported_band_interpersonal"": ""low"" }"
ec3fd47dbf258cb35c251773f3cde0870fcfa798317fde221c381998762f9427__transit,"{""gt_group_ca"":8,""gt_interpersonal_ca"":12,""gt_group_band"":""low"",""gt_interpersonal_band"":""low""}","{   ""self_reported_group_ca"": 18,   ""self_reported_interpersonal_ca"": 12,   ""self_reported_band_group"": ""moderate"",   ""self_reported_band_interpersonal"": ""low"" }"
ec3fd47dbf258cb35c251773f3cde0870fcfa798317fde221c381998762f9427__full,"{""gt_group_ca"":8,""gt_interpersonal_ca"":12,""gt_group_band"":""low"",""gt_interpersonal_band"":""low""}","{   ""self_reported_group_ca"": 18,   ""self_reported_interpersonal_ca"": 12,   ""self_reported_band_group"": ""moderate"",   ""self_reported_band_interpersonal"": ""low"" }"
ec3fd47dbf258cb35c251773f3cde0870fcfa798317fde221c381998762f9427__v3_rideshare,"{""gt_group_ca"":8,""gt_interpersonal_ca"":12,""gt_group_band"":""low"",""gt_interpersonal_band"":""low""}","{   ""self_reported_group_ca"": 18,   ""self_reported_interpersonal_ca"": 12,   ""self_reported_band_group"": ""moderate"",   ""self_reported_band_interpersonal"": ""low"" }"
ec3fd47dbf258cb35c251773f3cde0870fcfa798317fde221c381998762f9427__v3_public_transit,"{""gt_group_ca"":8,""gt_interpersonal_ca"":12,""gt_group_band"":""low"",""gt_interpersonal_band"":""low""}","{   ""self_reported_group_ca"": 18,   ""self_reported_interpersonal_ca"": 12,   ""self_reported_band_group"": ""moderate"",   ""self_reported_band_interpersonal"": ""low"" }"
ec3fd47dbf258cb35c251773f3cde0870fcfa798317fde221c381998762f9427__v3_voice,"{""gt_group_ca"":8,""gt_interpersonal_ca"":12,""gt_group_band"":""low"",""gt_interpersonal_band"":""low""}","{   ""self_reported_group_ca"": 18,   ""self_reported_interpersonal_ca"": 12,   ""self_reported_band_group"": ""moderate"",   ""self_reported_band_interpersonal"": ""low"" }"
de5374e38167789ec180c825f27e5e12d0b8f03e8e1bb6bba16371f71a5879b0__demos,"{""gt_group_ca"":6,""gt_interpersonal_ca"":13,""gt_group_band"":""low"",""gt_interpersonal_band"":""low""}","{   ""self_reported_group_ca"": 18,   ""self_reported_interpersonal_ca"": 12,   ""self_reported_band_group"": ""moderate"",   ""self_reported_band_interpersonal"": ""low"" }"
de5374e38167789ec180c825f27e5e12d0b8f03e8e1bb6bba16371f71a5879b0__employment,"{""gt_group_ca"":6,""gt_interpersonal_ca"":13,""gt_group_band"":""low"",""gt_interpersonal_band"":""low""}","{   ""self_reported_group_ca"": 18,   ""self_reported_interpersonal_ca"": 12,   ""self_reported_band_group"": ""moderate"",   ""self_reported_band_interpersonal"": ""low"" }"
de5374e38167789ec180c825f27e5e12d0b8f03e8e1bb6bba16371f71a5879b0__geo,"{""gt_group_ca"":6,""gt_interpersonal_ca"":13,""gt_group_band"":""low"",""gt_interpersonal_band"":""low""}","{   ""self_reported_group_ca"": 18,   ""self_reported_interpersonal_ca"": 12,   ""self_reported_band_group"": ""moderate"",   ""self_reported_band_interpersonal"": ""low"" }"
de5374e38167789ec180c825f27e5e12d0b8f03e8e1bb6bba16371f71a5879b0__transit,"{""gt_group_ca"":6,""gt_interpersonal_ca"":13,""gt_group_band"":""low"",""gt_interpersonal_band"":""low""}","{   ""self_reported_group_ca"": 18,   ""self_reported_interpersonal_ca"": 12,   ""self_reported_band_group"": ""moderate"",   ""self_reported_band_interpersonal"": ""low"" }"
de5374e38167789ec180c825f27e5e12d0b8f03e8e1bb6bba16371f71a5879b0__full,"{""gt_group_ca"":6,""gt_interpersonal_ca"":13,""gt_group_band"":""low"",""gt_interpersonal_band"":""low""}","{   ""self_reported_group_ca"": 18,   ""self_reported_interpersonal_ca"": 12,   ""self_reported_band_group"": ""moderate"",   ""self_reported_band_interpersonal"": ""low"" }"
de5374e38167789ec180c825f27e5e12d0b8f03e8e1bb6bba16371f71a5879b0__v3_rideshare,"{""gt_group_ca"":6,""gt_interpersonal_ca"":13,""gt_group_band"":""low"",""gt_interpersonal_band"":""low""}","{   ""self_reported_group_ca"": 18,   ""self_reported_interpersonal_ca"": 12,   ""self_reported_band_group"": ""moderate"",   ""self_reported_band_interpersonal"": ""low"" }"
de5374e38167789ec180c825f27e5e12d0b8f03e8e1bb6bba16371f71a5879b0__v3_public_transit,"{""gt_group_ca"":6,""gt_interpersonal_ca"":13,""gt_group_band"":""low"",""gt_interpersonal_band"":""low""}","{   ""self_reported_group_ca"": 18,   ""self_reported_interpersonal_ca"": 12,   ""self_reported_band_group"": ""moderate"",   ""self_reported_band_interpersonal"": ""low"" }"
de5374e38167789ec180c825f27e5e12d0b8f03e8e1bb6bba16371f71a5879b0__v3_voice,"{""gt_group_ca"":6,""gt_interpersonal_ca"":13,""gt_group_band"":""low"",""gt_interpersonal_band"":""low""}","{   ""self_reported_group_ca"": 18,   ""self_reported_interpersonal_ca"": 12,   ""self_reported_band_group"": ""moderate"",   ""self_reported_band_interpersonal"": ""low"" }"
5a8c0b02b9d365b11c0f81576b54e778008687be9dc53a571b3b7ba18bd45b00__demos,"{""gt_group_ca"":13,""gt_interpersonal_ca"":12,""gt_group_band"":""low"",""gt_interpersonal_band"":""low""}","{   ""self_reported_group_ca"": 18,   ""self_reported_interpersonal_ca"": 12,   ""self_reported_band_group"": ""moderate"",   ""self_reported_band_interpersonal"": ""low"" }"
5a8c0b02b9d365b11c0f81576b54e778008687be9dc53a571b3b7ba18bd45b00__employment,"{""gt_group_ca"":13,""gt_interpersonal_ca"":12,""gt_group_band"":""low"",""gt_interpersonal_band"":""low""}","{   ""self_reported_group_ca"": 18,   ""self_reported_interpersonal_ca"": 12,   ""self_reported_band_group"": ""moderate"",   ""self_reported_band_interpersonal"": ""low"" }"
5a8c0b02b9d365b11c0f81576b54e778008687be9dc53a571b3b7ba18bd45b00__geo,"{""gt_group_ca"":13,""gt_interpersonal_ca"":12,""gt_group_band"":""low"",""gt_interpersonal_band"":""low""}","{   ""self_reported_group_ca"": 18,   ""self_reported_interpersonal_ca"": 12,   ""self_reported_band_group"": ""moderate"",   ""self_reported_band_interpersonal"": ""low"" }"
5a8c0b02b9d365b11c0f81576b54e778008687be9dc53a571b3b7ba18bd45b00__transit,"{""gt_group_ca"":13,""gt_interpersonal_ca"":12,""gt_group_band"":""low"",""gt_interpersonal_band"":""low""}","{   ""self_reported_group_ca"": 18,   ""self_reported_interpersonal_ca"": 12,   ""self_reported_band_group"": ""moderate"",   ""self_reported_band_interpersonal"": ""low"" }"
5a8c0b02b9d365b11c0f81576b54e778008687be9dc53a571b3b7ba18bd45b00__full,"{""gt_group_ca"":13,""gt_interpersonal_ca"":12,""gt_group_band"":""low"",""gt_interpersonal_band"":""low""}","{   ""self_reported_group_ca"": 18,   ""self_reported_interpersonal_ca"": 12,   ""self_reported_band_group"": ""moderate"",   ""self_reported_band_interpersonal"": ""low"" }"
5a8c0b02b9d365b11c0f81576b54e778008687be9dc53a571b3b7ba18bd45b00__v3_rideshare,"{""gt_group_ca"":13,""gt_interpersonal_ca"":12,""gt_group_band"":""low"",""gt_interpersonal_band"":""low""}","{   ""self_reported_group_ca"": 18,   ""self_reported_interpersonal_ca"": 12,   ""self_reported_band_group"": ""moderate"",   ""self_reported_band_interpersonal"": ""low"" }"
5a8c0b02b9d365b11c0f81576b54e778008687be9dc53a571b3b7ba18bd45b00__v3_public_transit,"{""gt_group_ca"":13,""gt_interpersonal_ca"":12,""gt_group_band"":""low"",""gt_interpersonal_band"":""low""}","{   ""self_reported_group_ca"": 18,   ""self_reported_interpersonal_ca"": 12,   ""self_reported_band_group"": ""moderate"",   ""self_reported_band_interpersonal"": ""low"" }"
5a8c0b02b9d365b11c0f81576b54e778008687be9dc53a571b3b7ba18bd45b00__v3_voice,"{""gt_group_ca"":13,""gt_interpersonal_ca"":12,""gt_group_band"":""low"",""gt_interpersonal_band"":""low""}","{   ""self_reported_group_ca"": 18,   ""self_reported_interpersonal_ca"": 12,   ""self_reported_band_group"": ""moderate"",   ""self_reported_band_interpersonal"": ""low"" }"
79a7690ded603d7a1fdd9aba77ef07ee3e4ebd7bbb96773783b56a76b4dd5277__demos,"{""gt_group_ca"":22,""gt_interpersonal_ca"":15,""gt_group_band"":""high"",""gt_interpersonal_band"":""moderate""}","{   ""self_reported_group_ca"": 18,   ""self_reported_interpersonal_ca"": 12,   ""self_reported_band_group"": ""moderate"",   ""self_reported_band_interpersonal"": ""low"" }"
79a7690ded603d7a1fdd9aba77ef07ee3e4ebd7bbb96773783b56a76b4dd5277__employment,"{""gt_group_ca"":22,""gt_interpersonal_ca"":15,""gt_group_band"":""high"",""gt_interpersonal_band"":""moderate""}","{   ""self_reported_group_ca"": 18,   ""self_reported_interpersonal_ca"": 12,   ""self_reported_band_group"": ""moderate"",   ""self_reported_band_interpersonal"": ""low"" }"
79a7690ded603d7a1fdd9aba77ef07ee3e4ebd7bbb96773783b56a76b4dd5277__geo,"{""gt_group_ca"":22,""gt_interpersonal_ca"":15,""gt_group_band"":""high"",""gt_interpersonal_band"":""moderate""}","{   ""self_reported_group_ca"": 18,   ""self_reported_interpersonal_ca"": 12,   ""self_reported_band_group"": ""moderate"",   ""self_reported_band_interpersonal"": ""low"" }"
79a7690ded603d7a1fdd9aba77ef07ee3e4ebd7bbb96773783b56a76b4dd5277__transit,"{""gt_group_ca"":22,""gt_interpersonal_ca"":15,""gt_group_band"":""high"",""gt_interpersonal_band"":""moderate""}","{   ""self_reported_group_ca"": 18,   ""self_reported_interpersonal_ca"": 12,   ""self_reported_band_group"": ""moderate"",   ""self_reported_band_interpersonal"": ""low"" }"
79a7690ded603d7a1fdd9aba77ef07ee3e4ebd7bbb96773783b56a76b4dd5277__full,"{""gt_group_ca"":22,""gt_interpersonal_ca"":15,""gt_group_band"":""high"",""gt_interpersonal_band"":""moderate""}","{   ""self_reported_group_ca"": 18,   ""self_reported_interpersonal_ca"": 12,   ""self_reported_band_group"": ""moderate"",   ""self_reported_band_interpersonal"": ""low"" }"
79a7690ded603d7a1fdd9aba77ef07ee3e4ebd7bbb96773783b56a76b4dd5277__v3_rideshare,"{""gt_group_ca"":22,""gt_interpersonal_ca"":15,""gt_group_band"":""high"",""gt_interpersonal_band"":""moderate""}","{   ""self_reported_group_ca"": 18,   ""self_reported_interpersonal_ca"": 12,   ""self_reported_band_group"": ""moderate"",   ""self_reported_band_interpersonal"": ""low"" }"
79a7690ded603d7a1fdd9aba77ef07ee3e4ebd7bbb96773783b56a76b4dd5277__v3_public_transit,"{""gt_group_ca"":22,""gt_interpersonal_ca"":15,""gt_group_band"":""high"",""gt_interpersonal_band"":""moderate""}","{   ""self_reported_group_ca"": 18,   ""self_reported_interpersonal_ca"": 12,   ""self_reported_band_group"": ""moderate"",   ""self_reported_band_interpersonal"": ""low"" }"
79a7690ded603d7a1fdd9aba77ef07ee3e4ebd7bbb96773783b56a76b4dd5277__v3_voice,"{""gt_group_ca"":22,""gt_interpersonal_ca"":15,""gt_group_band"":""high"",""gt_interpersonal_band"":""moderate""}","{   ""self_reported_group_ca"": 18,   ""self_reported_interpersonal_ca"": 12,   ""self_reported_band_group"": ""moderate"",   ""self_reported_band_interpersonal"": ""low"" }"
95ed67f67dae85a33b5f68f5e50bf019dffb7409de52a177f0ce4ccebe52e847__demos,"{""gt_group_ca"":19,""gt_interpersonal_ca"":10,""gt_group_band"":""moderate"",""gt_interpersonal_band"":""low""}","{   ""self_reported_group_ca"": 18,   ""self_reported_interpersonal_ca"": 12,   ""self_reported_band_group"": ""moderate"",   ""self_reported_band_interpersonal"": ""low"" }"
95ed67f67dae85a33b5f68f5e50bf019dffb7409de52a177f0ce4ccebe52e847__employment,"{""gt_group_ca"":19,""gt_interpersonal_ca"":10,""gt_group_band"":""moderate"",""gt_interpersonal_band"":""low""}","{   ""self_reported_group_ca"": 18,   ""self_reported_interpersonal_ca"": 12,   ""self_reported_band_group"": ""moderate"",   ""self_reported_band_interpersonal"": ""low"" }"
95ed67f67dae85a33b5f68f5e50bf019dffb7409de52a177f0ce4ccebe52e847__geo,"{""gt_group_ca"":19,""gt_interpersonal_ca"":10,""gt_group_band"":""moderate"",""gt_interpersonal_band"":""low""}","{   ""self_reported_group_ca"": 18,   ""self_reported_interpersonal_ca"": 12,   ""self_reported_band_group"": ""moderate"",   ""self_reported_band_interpersonal"": ""low"" }"
95ed67f67dae85a33b5f68f5e50bf019dffb7409de52a177f0ce4ccebe52e847__transit,"{""gt_group_ca"":19,""gt_interpersonal_ca"":10,""gt_group_band"":""moderate"",""gt_interpersonal_band"":""low""}","{   ""self_reported_group_ca"": 18,   ""self_reported_interpersonal_ca"": 12,   ""self_reported_band_group"": ""moderate"",   ""self_reported_band_interpersonal"": ""low"" }"
95ed67f67dae85a33b5f68f5e50bf019dffb7409de52a177f0ce4ccebe52e847__full,"{""gt_group_ca"":19,""gt_interpersonal_ca"":10,""gt_group_band"":""moderate"",""gt_interpersonal_band"":""low""}","{   ""self_reported_group_ca"": 18,   ""self_reported_interpersonal_ca"": 12,   ""self_reported_band_group"": ""moderate"",   ""self_reported_band_interpersonal"": ""low"" }"
95ed67f67dae85a33b5f68f5e50bf019dffb7409de52a177f0ce4ccebe52e847__v3_rideshare,"{""gt_group_ca"":19,""gt_interpersonal_ca"":10,""gt_group_band"":""moderate"",""gt_interpersonal_band"":""low""}","{   ""self_reported_group_ca"": 18,   ""self_reported_interpersonal_ca"": 12,   ""self_reported_band_group"": ""moderate"",   ""self_reported_band_interpersonal"": ""low"" }"
95ed67f67dae85a33b5f68f5e50bf019dffb7409de52a177f0ce4ccebe52e847__v3_public_transit,"{""gt_group_ca"":19,""gt_interpersonal_ca"":10,""gt_group_band"":""moderate"",""gt_interpersonal_band"":""low""}","{   ""self_reported_group_ca"": 18,   ""self_reported_interpersonal_ca"": 12,   ""self_reported_band_group"": ""moderate"",   ""self_reported_band_interpersonal"": ""low"" }"
95ed67f67dae85a33b5f68f5e50bf019dffb7409de52a177f0ce4ccebe52e847__v3_voice,"{""gt_group_ca"":19,""gt_interpersonal_ca"":10,""gt_group_band"":""moderate"",""gt_interpersonal_band"":""low""}","{   ""self_reported_group_ca"": 18,   ""self_reported_interpersonal_ca"": 12,   ""self_reported_band_group"": ""moderate"",   ""self_reported_band_interpersonal"": ""low"" }"
2132c4e72843f510a097f2fd65a46eae103825791e5693723ff199b5b823d677__demos,"{""gt_group_ca"":23,""gt_interpersonal_ca"":23,""gt_group_band"":""high"",""gt_interpersonal_band"":""high""}","{   ""self_reported_group_ca"": 18,   ""self_reported_interpersonal_ca"": 12,   ""self_reported_band_group"": ""moderate"",   ""self_reported_band_interpersonal"": ""low"" }"
2132c4e72843f510a097f2fd65a46eae103825791e5693723ff199b5b823d677__employment,"{""gt_group_ca"":23,""gt_interpersonal_ca"":23,""gt_group_band"":""high"",""gt_interpersonal_band"":""high""}","{   ""self_reported_group_ca"": 18,   ""self_reported_interpersonal_ca"": 12,   ""self_reported_band_group"": ""moderate"",   ""self_reported_band_interpersonal"": ""low"" }"
2132c4e72843f510a097f2fd65a46eae103825791e5693723ff199b5b823d677__geo,"{""gt_group_ca"":23,""gt_interpersonal_ca"":23,""gt_group_band"":""high"",""gt_interpersonal_band"":""high""}","{   ""self_reported_group_ca"": 18,   ""self_reported_interpersonal_ca"": 12,   ""self_reported_band_group"": ""moderate"",   ""self_reported_band_interpersonal"": ""low"" }"
2132c4e72843f510a097f2fd65a46eae103825791e5693723ff199b5b823d677__transit,"{""gt_group_ca"":23,""gt_interpersonal_ca"":23,""gt_group_band"":""high"",""gt_interpersonal_band"":""high""}","{   ""self_reported_group_ca"": 18,   ""self_reported_interpersonal_ca"": 12,   ""self_reported_band_group"": ""moderate"",   ""self_reported_band_interpersonal"": ""low"" }"
2132c4e72843f510a097f2fd65a46eae103825791e5693723ff199b5b823d677__full,"{""gt_group_ca"":23,""gt_interpersonal_ca"":23,""gt_group_band"":""high"",""gt_interpersonal_band"":""high""}","{   ""self_reported_group_ca"": 18,   ""self_reported_interpersonal_ca"": 12,   ""self_reported_band_group"": ""moderate"",   ""self_reported_band_interpersonal"": ""low"" }"
2132c4e72843f510a097f2fd65a46eae103825791e5693723ff199b5b823d677__v3_rideshare,"{""gt_group_ca"":23,""gt_interpersonal_ca"":23,""gt_group_band"":""high"",""gt_interpersonal_band"":""high""}","{   ""self_reported_group_ca"": 18,   ""self_reported_interpersonal_ca"": 12,   ""self_reported_band_group"": ""moderate"",   ""self_reported_band_interpersonal"": ""low"" }"
2132c4e72843f510a097f2fd65a46eae103825791e5693723ff199b5b823d677__v3_public_transit,"{""gt_group_ca"":23,""gt_interpersonal_ca"":23,""gt_group_band"":""high"",""gt_interpersonal_band"":""high""}","{   ""self_reported_group_ca"": 18,   ""self_reported_interpersonal_ca"": 12,   ""self_reported_band_group"": ""moderate"",   ""self_reported_band_interpersonal"": ""low"" }"
2132c4e72843f510a097f2fd65a46eae103825791e5693723ff199b5b823d677__v3_voice,"{""gt_group_ca"":23,""gt_interpersonal_ca"":23,""gt_group_band"":""high"",""gt_interpersonal_band"":""high""}","{   ""self_reported_group_ca"": 18,   ""self_reported_interpersonal_ca"": 12,   ""self_reported_band_group"": ""moderate"",   ""self_reported_band_interpersonal"": ""low"" }"
59bf206766decf1eb20587204ac50399cd688aea1260cc6eb0f918790cd1af7b__demos,"{""gt_group_ca"":19,""gt_interpersonal_ca"":16,""gt_group_band"":""moderate"",""gt_interpersonal_band"":""moderate""}","{   ""self_reported_group_ca"": 18,   ""self_reported_interpersonal_ca"": 12,   ""self_reported_band_group"": ""moderate"",   ""self_reported_band_interpersonal"": ""low"" }"
59bf206766decf1eb20587204ac50399cd688aea1260cc6eb0f918790cd1af7b__employment,"{""gt_group_ca"":19,""gt_interpersonal_ca"":16,""gt_group_band"":""moderate"",""gt_interpersonal_band"":""moderate""}","{   ""self_reported_group_ca"": 18,   ""self_reported_interpersonal_ca"": 12,   ""self_reported_band_group"": ""moderate"",   ""self_reported_band_interpersonal"": ""low"" }"
59bf206766decf1eb20587204ac50399cd688aea1260cc6eb0f918790cd1af7b__geo,"{""gt_group_ca"":19,""gt_interpersonal_ca"":16,""gt_group_band"":""moderate"",""gt_interpersonal_band"":""moderate""}","{   ""self_reported_group_ca"": 18,   ""self_reported_interpersonal_ca"": 12,   ""self_reported_band_group"": ""moderate"",   ""self_reported_band_interpersonal"": ""low"" }"
59bf206766decf1eb20587204ac50399cd688aea1260cc6eb0f918790cd1af7b__transit,"{""gt_group_ca"":19,""gt_interpersonal_ca"":16,""gt_group_band"":""moderate"",""gt_interpersonal_band"":""moderate""}","{   ""self_reported_group_ca"": 18,   ""self_reported_interpersonal_ca"": 12,   ""self_reported_band_group"": ""moderate"",   ""self_reported_band_interpersonal"": ""low"" }"
59bf206766decf1eb20587204ac50399cd688aea1260cc6eb0f918790cd1af7b__full,"{""gt_group_ca"":19,""gt_interpersonal_ca"":16,""gt_group_band"":""moderate"",""gt_interpersonal_band"":""moderate""}","{   ""self_reported_group_ca"": 18,   ""self_reported_interpersonal_ca"": 12,   ""self_reported_band_group"": ""moderate"",   ""self_reported_band_interpersonal"": ""low"" }"
59bf206766decf1eb20587204ac50399cd688aea1260cc6eb0f918790cd1af7b__v3_rideshare,"{""gt_group_ca"":19,""gt_interpersonal_ca"":16,""gt_group_band"":""moderate"",""gt_interpersonal_band"":""moderate""}","{   ""self_reported_group_ca"": 18,   ""self_reported_interpersonal_ca"": 12,   ""self_reported_band_group"": ""moderate"",   ""self_reported_band_interpersonal"": ""low"" }"
59bf206766decf1eb20587204ac50399cd688aea1260cc6eb0f918790cd1af7b__v3_public_transit,"{""gt_group_ca"":19,""gt_interpersonal_ca"":16,""gt_group_band"":""moderate"",""gt_interpersonal_band"":""moderate""}","{   ""self_reported_group_ca"": 18,   ""self_reported_interpersonal_ca"": 12,   ""self_reported_band_group"": ""moderate"",   ""self_reported_band_interpersonal"": ""low"" }"
59bf206766decf1eb20587204ac50399cd688aea1260cc6eb0f918790cd1af7b__v3_voice,"{""gt_group_ca"":19,""gt_interpersonal_ca"":16,""gt_group_band"":""moderate"",""gt_interpersonal_band"":""moderate""}","{   ""self_reported_group_ca"": 18,   ""self_reported_interpersonal_ca"": 12,   ""self_reported_band_group"": ""moderate"",   ""self_reported_band_interpersonal"": ""low"" }"
0b7b608e95ac791a2e561ebd34498c617e36ed73f4aff1a8e76c2392b5277447__demos,"{""gt_group_ca"":26,""gt_interpersonal_ca"":29,""gt_group_band"":""high"",""gt_interpersonal_band"":""high""}","{   ""self_reported_group_ca"": 18,   ""self_reported_interpersonal_ca"": 12,   ""self_reported_band_group"": ""moderate"",   ""self_reported_band_interpersonal"": ""low"" }"
0b7b608e95ac791a2e561ebd34498c617e36ed73f4aff1a8e76c2392b5277447__employment,"{""gt_group_ca"":26,""gt_interpersonal_ca"":29,""gt_group_band"":""high"",""gt_interpersonal_band"":""high""}","{   ""self_reported_group_ca"": 18,   ""self_reported_interpersonal_ca"": 12,   ""self_reported_band_group"": ""moderate"",   ""self_reported_band_interpersonal"": ""low"" }"
0b7b608e95ac791a2e561ebd34498c617e36ed73f4aff1a8e76c2392b5277447__geo,"{""gt_group_ca"":26,""gt_interpersonal_ca"":29,""gt_group_band"":""high"",""gt_interpersonal_band"":""high""}","{   ""self_reported_group_ca"": 18,   ""self_reported_interpersonal_ca"": 12,   ""self_reported_band_group"": ""moderate"",   ""self_reported_band_interpersonal"": ""low"" }"
0b7b608e95ac791a2e561ebd34498c617e36ed73f4aff1a8e76c2392b5277447__transit,"{""gt_group_ca"":26,""gt_interpersonal_ca"":29,""gt_group_band"":""high"",""gt_interpersonal_band"":""high""}","{   ""self_reported_group_ca"": 18,   ""self_reported_interpersonal_ca"": 12,   ""self_reported_band_group"": ""moderate"",   ""self_reported_band_interpersonal"": ""low"" }"
0b7b608e95ac791a2e561ebd34498c617e36ed73f4aff1a8e76c2392b5277447__full,"{""gt_group_ca"":26,""gt_interpersonal_ca"":29,""gt_group_band"":""high"",""gt_interpersonal_band"":""high""}","{   ""self_reported_group_ca"": 18,   ""self_reported_interpersonal_ca"": 12,   ""self_reported_band_group"": ""moderate"",   ""self_reported_band_interpersonal"": ""low"" }"
0b7b608e95ac791a2e561ebd34498c617e36ed73f4aff1a8e76c2392b5277447__v3_rideshare,"{""gt_group_ca"":26,""gt_interpersonal_ca"":29,""gt_group_band"":""high"",""gt_interpersonal_band"":""high""}","{   ""self_reported_group_ca"": 18,   ""self_reported_interpersonal_ca"": 12,   ""self_reported_band_group"": ""moderate"",   ""self_reported_band_interpersonal"": ""low"" }"
0b7b608e95ac791a2e561ebd34498c617e36ed73f4aff1a8e76c2392b5277447__v3_public_transit,"{""gt_group_ca"":26,""gt_interpersonal_ca"":29,""gt_group_band"":""high"",""gt_interpersonal_band"":""high""}","{   ""self_reported_group_ca"": 18,   ""self_reported_interpersonal_ca"": 12,   ""self_reported_band_group"": ""moderate"",   ""self_reported_band_interpersonal"": ""low"" }"
0b7b608e95ac791a2e561ebd34498c617e36ed73f4aff1a8e76c2392b5277447__v3_voice,"{""gt_group_ca"":26,""gt_interpersonal_ca"":29,""gt_group_band"":""high"",""gt_interpersonal_band"":""high""}","{   ""self_reported_group_ca"": 18,   ""self_reported_interpersonal_ca"": 12,   ""self_reported_band_group"": ""moderate"",   ""self_reported_band_interpersonal"": ""low"" }"
fb8e16c512cc50472676843fd43b3b3e722ab76eb2873211f28bba36b94af38d__demos,"{""gt_group_ca"":10,""gt_interpersonal_ca"":7,""gt_group_band"":""low"",""gt_interpersonal_band"":""low""}","{   ""self_reported_group_ca"": 18,   ""self_reported_interpersonal_ca"": 12,   ""self_reported_band_group"": ""moderate"",   ""self_reported_band_interpersonal"": ""low"" }"
fb8e16c512cc50472676843fd43b3b3e722ab76eb2873211f28bba36b94af38d__employment,"{""gt_group_ca"":10,""gt_interpersonal_ca"":7,""gt_group_band"":""low"",""gt_interpersonal_band"":""low""}","{   ""self_reported_group_ca"": 18,   ""self_reported_interpersonal_ca"": 12,   ""self_reported_band_group"": ""moderate"",   ""self_reported_band_interpersonal"": ""low"" }"
fb8e16c512cc50472676843fd43b3b3e722ab76eb2873211f28bba36b94af38d__geo,"{""gt_group_ca"":10,""gt_interpersonal_ca"":7,""gt_group_band"":""low"",""gt_interpersonal_band"":""low""}","{   ""self_reported_group_ca"": 18,   ""self_reported_interpersonal_ca"": 12,   ""self_reported_band_group"": ""moderate"",   ""self_reported_band_interpersonal"": ""low"" }"
fb8e16c512cc50472676843fd43b3b3e722ab76eb2873211f28bba36b94af38d__transit,"{""gt_group_ca"":10,""gt_interpersonal_ca"":7,""gt_group_band"":""low"",""gt_interpersonal_band"":""low""}","{   ""self_reported_group_ca"": 18,   ""self_reported_interpersonal_ca"": 12,   ""self_reported_band_group"": ""moderate"",   ""self_reported_band_interpersonal"": ""low"" }"
fb8e16c512cc50472676843fd43b3b3e722ab76eb2873211f28bba36b94af38d__full,"{""gt_group_ca"":10,""gt_interpersonal_ca"":7,""gt_group_band"":""low"",""gt_interpersonal_band"":""low""}","{   ""self_reported_group_ca"": 18,   ""self_reported_interpersonal_ca"": 12,   ""self_reported_band_group"": ""moderate"",   ""self_reported_band_interpersonal"": ""low"" }"
fb8e16c512cc50472676843fd43b3b3e722ab76eb2873211f28bba36b94af38d__v3_rideshare,"{""gt_group_ca"":10,""gt_interpersonal_ca"":7,""gt_group_band"":""low"",""gt_interpersonal_band"":""low""}","{   ""self_reported_group_ca"": 18,   ""self_reported_interpersonal_ca"": 12,   ""self_reported_band_group"": ""moderate"",   ""self_reported_band_interpersonal"": ""low"" }"
fb8e16c512cc50472676843fd43b3b3e722ab76eb2873211f28bba36b94af38d__v3_public_transit,"{""gt_group_ca"":10,""gt_interpersonal_ca"":7,""gt_group_band"":""low"",""gt_interpersonal_band"":""low""}","{   ""self_reported_group_ca"": 18,   ""self_reported_interpersonal_ca"": 12,   ""self_reported_band_group"": ""moderate"",   ""self_reported_band_interpersonal"": ""low"" }"
fb8e16c512cc50472676843fd43b3b3e722ab76eb2873211f28bba36b94af38d__v3_voice,"{""gt_group_ca"":10,""gt_interpersonal_ca"":7,""gt_group_band"":""low"",""gt_interpersonal_band"":""low""}","{   ""self_reported_group_ca"": 18,   ""self_reported_interpersonal_ca"": 12,   ""self_reported_band_group"": ""moderate"",   ""self_reported_band_interpersonal"": ""low"" }"
7baab1ca0bc909dbeab74231b3683f35fd6d416352d79b13fbe65bea9c535e12__demos,"{""gt_group_ca"":14,""gt_interpersonal_ca"":16,""gt_group_band"":""moderate"",""gt_interpersonal_band"":""moderate""}","{   ""self_reported_group_ca"": 18,   ""self_reported_interpersonal_ca"": 12,   ""self_reported_band_group"": ""moderate"",   ""self_reported_band_interpersonal"": ""low"" }"
7baab1ca0bc909dbeab74231b3683f35fd6d416352d79b13fbe65bea9c535e12__employment,"{""gt_group_ca"":14,""gt_interpersonal_ca"":16,""gt_group_band"":""moderate"",""gt_interpersonal_band"":""moderate""}","{   ""self_reported_group_ca"": 18,   ""self_reported_interpersonal_ca"": 12,   ""self_reported_band_group"": ""moderate"",   ""self_reported_band_interpersonal"": ""low"" }"
7baab1ca0bc909dbeab74231b3683f35fd6d416352d79b13fbe65bea9c535e12__geo,"{""gt_group_ca"":14,""gt_interpersonal_ca"":16,""gt_group_band"":""moderate"",""gt_interpersonal_band"":""moderate""}","{   ""self_reported_group_ca"": 18,   ""self_reported_interpersonal_ca"": 12,   ""self_reported_band_group"": ""moderate"",   ""self_reported_band_interpersonal"": ""low"" }"
7baab1ca0bc909dbeab74231b3683f35fd6d416352d79b13fbe65bea9c535e12__transit,"{""gt_group_ca"":14,""gt_interpersonal_ca"":16,""gt_group_band"":""moderate"",""gt_interpersonal_band"":""moderate""}","{   ""self_reported_group_ca"": 18,   ""self_reported_interpersonal_ca"": 12,   ""self_reported_band_group"": ""moderate"",   ""self_reported_band_interpersonal"": ""low"" }"
7baab1ca0bc909dbeab74231b3683f35fd6d416352d79b13fbe65bea9c535e12__full,"{""gt_group_ca"":14,""gt_interpersonal_ca"":16,""gt_group_band"":""moderate"",""gt_interpersonal_band"":""moderate""}","{   ""self_reported_group_ca"": 18,   ""self_reported_interpersonal_ca"": 12,   ""self_reported_band_group"": ""moderate"",   ""self_reported_band_interpersonal"": ""low"" }"
7baab1ca0bc909dbeab74231b3683f35fd6d416352d79b13fbe65bea9c535e12__v3_rideshare,"{""gt_group_ca"":14,""gt_interpersonal_ca"":16,""gt_group_band"":""moderate"",""gt_interpersonal_band"":""moderate""}","{   ""self_reported_group_ca"": 18,   ""self_reported_interpersonal_ca"": 12,   ""self_reported_band_group"": ""moderate"",   ""self_reported_band_interpersonal"": ""low"" }"
7baab1ca0bc909dbeab74231b3683f35fd6d416352d79b13fbe65bea9c535e12__v3_public_transit,"{""gt_group_ca"":14,""gt_interpersonal_ca"":16,""gt_group_band"":""moderate"",""gt_interpersonal_band"":""moderate""}","{   ""self_reported_group_ca"": 18,   ""self_reported_interpersonal_ca"": 12,   ""self_reported_band_group"": ""moderate"",   ""self_reported_band_interpersonal"": ""low"" }"
7baab1ca0bc909dbeab74231b3683f35fd6d416352d79b13fbe65bea9c535e12__v3_voice,"{""gt_group_ca"":14,""gt_interpersonal_ca"":16,""gt_group_band"":""moderate"",""gt_interpersonal_band"":""moderate""}","{   ""self_reported_group_ca"": 18,   ""self_reported_interpersonal_ca"": 12,   ""self_reported_band_group"": ""moderate"",   ""self_reported_band_interpersonal"": ""low"" }"
e0d1460f395fcd75a8fc7c195f0d6b86eed8f127c39c90034b0748bcd7bfe8dd__demos,"{""gt_group_ca"":15,""gt_interpersonal_ca"":15,""gt_group_band"":""moderate"",""gt_interpersonal_band"":""moderate""}","{   ""self_reported_group_ca"": 18,   ""self_reported_interpersonal_ca"": 12,   ""self_reported_band_group"": ""moderate"",   ""self_reported_band_interpersonal"": ""low"" }"
e0d1460f395fcd75a8fc7c195f0d6b86eed8f127c39c90034b0748bcd7bfe8dd__employment,"{""gt_group_ca"":15,""gt_interpersonal_ca"":15,""gt_group_band"":""moderate"",""gt_interpersonal_band"":""moderate""}","{   ""self_reported_group_ca"": 18,   ""self_reported_interpersonal_ca"": 12,   ""self_reported_band_group"": ""moderate"",   ""self_reported_band_interpersonal"": ""low"" }"
e0d1460f395fcd75a8fc7c195f0d6b86eed8f127c39c90034b0748bcd7bfe8dd__geo,"{""gt_group_ca"":15,""gt_interpersonal_ca"":15,""gt_group_band"":""moderate"",""gt_interpersonal_band"":""moderate""}","{   ""self_reported_group_ca"": 18,   ""self_reported_interpersonal_ca"": 12,   ""self_reported_band_group"": ""moderate"",   ""self_reported_band_interpersonal"": ""low"" }"
e0d1460f395fcd75a8fc7c195f0d6b86eed8f127c39c90034b0748bcd7bfe8dd__transit,"{""gt_group_ca"":15,""gt_interpersonal_ca"":15,""gt_group_band"":""moderate"",""gt_interpersonal_band"":""moderate""}","{   ""self_reported_group_ca"": 18,   ""self_reported_interpersonal_ca"": 12,   ""self_reported_band_group"": ""moderate"",   ""self_reported_band_interpersonal"": ""low"" }"
e0d1460f395fcd75a8fc7c195f0d6b86eed8f127c39c90034b0748bcd7bfe8dd__full,"{""gt_group_ca"":15,""gt_interpersonal_ca"":15,""gt_group_band"":""moderate"",""gt_interpersonal_band"":""moderate""}","{   ""self_reported_group_ca"": 18,   ""self_reported_interpersonal_ca"": 12,   ""self_reported_band_group"": ""moderate"",   ""self_reported_band_interpersonal"": ""low"" }"
e0d1460f395fcd75a8fc7c195f0d6b86eed8f127c39c90034b0748bcd7bfe8dd__v3_rideshare,"{""gt_group_ca"":15,""gt_interpersonal_ca"":15,""gt_group_band"":""moderate"",""gt_interpersonal_band"":""moderate""}","{   ""self_reported_group_ca"": 18,   ""self_reported_interpersonal_ca"": 12,   ""self_reported_band_group"": ""moderate"",   ""self_reported_band_interpersonal"": ""low"" }"
e0d1460f395fcd75a8fc7c195f0d6b86eed8f127c39c90034b0748bcd7bfe8dd__v3_public_transit,"{""gt_group_ca"":15,""gt_interpersonal_ca"":15,""gt_group_band"":""moderate"",""gt_interpersonal_band"":""moderate""}","{   ""self_reported_group_ca"": 18,   ""self_reported_interpersonal_ca"": 12,   ""self_reported_band_group"": ""moderate"",   ""self_reported_band_interpersonal"": ""low"" }"
e0d1460f395fcd75a8fc7c195f0d6b86eed8f127c39c90034b0748bcd7bfe8dd__v3_voice,"{""gt_group_ca"":15,""gt_interpersonal_ca"":15,""gt_group_band"":""moderate"",""gt_interpersonal_band"":""moderate""}","{   ""self_reported_group_ca"": 18,   ""self_reported_interpersonal_ca"": 12,   ""self_reported_band_group"": ""moderate"",   ""self_reported_band_interpersonal"": ""low"" }"
552bb67894d190042e297453b66c114ca555c85101cf0fd72646d863eb01ec18__demos,"{""gt_group_ca"":24,""gt_interpersonal_ca"":23,""gt_group_band"":""high"",""gt_interpersonal_band"":""high""}","{   ""self_reported_group_ca"": 18,   ""self_reported_interpersonal_ca"": 12,   ""self_reported_band_group"": ""moderate"",   ""self_reported_band_interpersonal"": ""low"" }"
552bb67894d190042e297453b66c114ca555c85101cf0fd72646d863eb01ec18__employment,"{""gt_group_ca"":24,""gt_interpersonal_ca"":23,""gt_group_band"":""high"",""gt_interpersonal_band"":""high""}","{   ""self_reported_group_ca"": 18,   ""self_reported_interpersonal_ca"": 12,   ""self_reported_band_group"": ""moderate"",   ""self_reported_band_interpersonal"": ""low"" }"
552bb67894d190042e297453b66c114ca555c85101cf0fd72646d863eb01ec18__geo,"{""gt_group_ca"":24,""gt_interpersonal_ca"":23,""gt_group_band"":""high"",""gt_interpersonal_band"":""high""}","{   ""self_reported_group_ca"": 18,   ""self_reported_interpersonal_ca"": 12,   ""self_reported_band_group"": ""moderate"",   ""self_reported_band_interpersonal"": ""low"" }"
552bb67894d190042e297453b66c114ca555c85101cf0fd72646d863eb01ec18__transit,"{""gt_group_ca"":24,""gt_interpersonal_ca"":23,""gt_group_band"":""high"",""gt_interpersonal_band"":""high""}","{   ""self_reported_group_ca"": 18,   ""self_reported_interpersonal_ca"": 12,   ""self_reported_band_group"": ""moderate"",   ""self_reported_band_interpersonal"": ""low"" }"
552bb67894d190042e297453b66c114ca555c85101cf0fd72646d863eb01ec18__full,"{""gt_group_ca"":24,""gt_interpersonal_ca"":23,""gt_group_band"":""high"",""gt_interpersonal_band"":""high""}","{   ""self_reported_group_ca"": 22,   ""self_reported_interpersonal_ca"": 18,   ""self_reported_band_group"": ""high"",   ""self_reported_band_interpersonal"": ""moderate"" }"
552bb67894d190042e297453b66c114ca555c85101cf0fd72646d863eb01ec18__v3_rideshare,"{""gt_group_ca"":24,""gt_interpersonal_ca"":23,""gt_group_band"":""high"",""gt_interpersonal_band"":""high""}","{   ""self_reported_group_ca"": 18,   ""self_reported_interpersonal_ca"": 12,   ""self_reported_band_group"": ""moderate"",   ""self_reported_band_interpersonal"": ""low"" }"
552bb67894d190042e297453b66c114ca555c85101cf0fd72646d863eb01ec18__v3_public_transit,"{""gt_group_ca"":24,""gt_interpersonal_ca"":23,""gt_group_band"":""high"",""gt_interpersonal_band"":""high""}","{   ""self_reported_group_ca"": 18,   ""self_reported_interpersonal_ca"": 12,   ""self_reported_band_group"": ""moderate"",   ""self_reported_band_interpersonal"": ""low"" }"
552bb67894d190042e297453b66c114ca555c85101cf0fd72646d863eb01ec18__v3_voice,"{""gt_group_ca"":24,""gt_interpersonal_ca"":23,""gt_group_band"":""high"",""gt_interpersonal_band"":""high""}","{   ""self_reported_group_ca"": 22,   ""self_reported_interpersonal_ca"": 18,   ""self_reported_band_group"": ""high"",   ""self_reported_band_interpersonal"": ""moderate"" }"
42be387ad79154b97cafefaaf464ac57dacca6663a0330a3ddb7073ab4d4bdfc__demos,"{""gt_group_ca"":11,""gt_interpersonal_ca"":11,""gt_group_band"":""low"",""gt_interpersonal_band"":""low""}","{   ""self_reported_group_ca"": 18,   ""self_reported_interpersonal_ca"": 12,   ""self_reported_band_group"": ""moderate"",   ""self_reported_band_interpersonal"": ""low"" }"
42be387ad79154b97cafefaaf464ac57dacca6663a0330a3ddb7073ab4d4bdfc__employment,"{""gt_group_ca"":11,""gt_interpersonal_ca"":11,""gt_group_band"":""low"",""gt_interpersonal_band"":""low""}","{   ""self_reported_group_ca"": 18,   ""self_reported_interpersonal_ca"": 12,   ""self_reported_band_group"": ""moderate"",   ""self_reported_band_interpersonal"": ""low"" }"
42be387ad79154b97cafefaaf464ac57dacca6663a0330a3ddb7073ab4d4bdfc__geo,"{""gt_group_ca"":11,""gt_interpersonal_ca"":11,""gt_group_band"":""low"",""gt_interpersonal_band"":""low""}","{   ""self_reported_group_ca"": 18,   ""self_reported_interpersonal_ca"": 12,   ""self_reported_band_group"": ""moderate"",   ""self_reported_band_interpersonal"": ""low"" }"
42be387ad79154b97cafefaaf464ac57dacca6663a0330a3ddb7073ab4d4bdfc__transit,"{""gt_group_ca"":11,""gt_interpersonal_ca"":11,""gt_group_band"":""low"",""gt_interpersonal_band"":""low""}","{   ""self_reported_group_ca"": 18,   ""self_reported_interpersonal_ca"": 12,   ""self_reported_band_group"": ""moderate"",   ""self_reported_band_interpersonal"": ""low"" }"
42be387ad79154b97cafefaaf464ac57dacca6663a0330a3ddb7073ab4d4bdfc__full,"{""gt_group_ca"":11,""gt_interpersonal_ca"":11,""gt_group_band"":""low"",""gt_interpersonal_band"":""low""}","{   ""self_reported_group_ca"": 18,   ""self_reported_interpersonal_ca"": 12,   ""self_reported_band_group"": ""moderate"",   ""self_reported_band_interpersonal"": ""low"" }"
42be387ad79154b97cafefaaf464ac57dacca6663a0330a3ddb7073ab4d4bdfc__v3_rideshare,"{""gt_group_ca"":11,""gt_interpersonal_ca"":11,""gt_group_band"":""low"",""gt_interpersonal_band"":""low""}","{   ""self_reported_group_ca"": 18,   ""self_reported_interpersonal_ca"": 12,   ""self_reported_band_group"": ""moderate"",   ""self_reported_band_interpersonal"": ""low"" }"
42be387ad79154b97cafefaaf464ac57dacca6663a0330a3ddb7073ab4d4bdfc__v3_public_transit,"{""gt_group_ca"":11,""gt_interpersonal_ca"":11,""gt_group_band"":""low"",""gt_interpersonal_band"":""low""}","{   ""self_reported_group_ca"": 18,   ""self_reported_interpersonal_ca"": 12,   ""self_reported_band_group"": ""moderate"",   ""self_reported_band_interpersonal"": ""low"" }"
42be387ad79154b97cafefaaf464ac57dacca6663a0330a3ddb7073ab4d4bdfc__v3_voice,"{""gt_group_ca"":11,""gt_interpersonal_ca"":11,""gt_group_band"":""low"",""gt_interpersonal_band"":""low""}","{   ""self_reported_group_ca"": 18,   ""self_reported_interpersonal_ca"": 12,   ""self_reported_band_group"": ""moderate"",   ""self_reported_band_interpersonal"": ""low"" }"
28367bc595c10685c5017797915166ee4da391772e4ffb91cff563f21955a25c__demos,"{""gt_group_ca"":12,""gt_interpersonal_ca"":12,""gt_group_band"":""low"",""gt_interpersonal_band"":""low""}","{   ""self_reported_group_ca"": 18,   ""self_reported_interpersonal_ca"": 12,   ""self_reported_band_group"": ""moderate"",   ""self_reported_band_interpersonal"": ""low"" }"
28367bc595c10685c5017797915166ee4da391772e4ffb91cff563f21955a25c__employment,"{""gt_group_ca"":12,""gt_interpersonal_ca"":12,""gt_group_band"":""low"",""gt_interpersonal_band"":""low""}","{   ""self_reported_group_ca"": 18,   ""self_reported_interpersonal_ca"": 12,   ""self_reported_band_group"": ""moderate"",   ""self_reported_band_interpersonal"": ""low"" }"
28367bc595c10685c5017797915166ee4da391772e4ffb91cff563f21955a25c__geo,"{""gt_group_ca"":12,""gt_interpersonal_ca"":12,""gt_group_band"":""low"",""gt_interpersonal_band"":""low""}","{   ""self_reported_group_ca"": 18,   ""self_reported_interpersonal_ca"": 12,   ""self_reported_band_group"": ""moderate"",   ""self_reported_band_interpersonal"": ""low"" }"
28367bc595c10685c5017797915166ee4da391772e4ffb91cff563f21955a25c__transit,"{""gt_group_ca"":12,""gt_interpersonal_ca"":12,""gt_group_band"":""low"",""gt_interpersonal_band"":""low""}","{   ""self_reported_group_ca"": 18,   ""self_reported_interpersonal_ca"": 12,   ""self_reported_band_group"": ""moderate"",   ""self_reported_band_interpersonal"": ""low"" }"
28367bc595c10685c5017797915166ee4da391772e4ffb91cff563f21955a25c__full,"{""gt_group_ca"":12,""gt_interpersonal_ca"":12,""gt_group_band"":""low"",""gt_interpersonal_band"":""low""}","{   ""self_reported_group_ca"": 18,   ""self_reported_interpersonal_ca"": 12,   ""self_reported_band_group"": ""moderate"",   ""self_reported_band_interpersonal"": ""low"" }"
28367bc595c10685c5017797915166ee4da391772e4ffb91cff563f21955a25c__v3_rideshare,"{""gt_group_ca"":12,""gt_interpersonal_ca"":12,""gt_group_band"":""low"",""gt_interpersonal_band"":""low""}","{   ""self_reported_group_ca"": 18,   ""self_reported_interpersonal_ca"": 12,   ""self_reported_band_group"": ""moderate"",   ""self_reported_band_interpersonal"": ""low"" }"
28367bc595c10685c5017797915166ee4da391772e4ffb91cff563f21955a25c__v3_public_transit,"{""gt_group_ca"":12,""gt_interpersonal_ca"":12,""gt_group_band"":""low"",""gt_interpersonal_band"":""low""}","{   ""self_reported_group_ca"": 18,   ""self_reported_interpersonal_ca"": 12,   ""self_reported_band_group"": ""moderate"",   ""self_reported_band_interpersonal"": ""low"" }"
28367bc595c10685c5017797915166ee4da391772e4ffb91cff563f21955a25c__v3_voice,"{""gt_group_ca"":12,""gt_interpersonal_ca"":12,""gt_group_band"":""low"",""gt_interpersonal_band"":""low""}","{   ""self_reported_group_ca"": 18,   ""self_reported_interpersonal_ca"": 12,   ""self_reported_band_group"": ""moderate"",   ""self_reported_band_interpersonal"": ""low"" }"
2431de6253439a2a8dd040736a49ecd2bad6ce5b0d1527b7ac8284b7ac40f022__demos,"{""gt_group_ca"":14,""gt_interpersonal_ca"":12,""gt_group_band"":""moderate"",""gt_interpersonal_band"":""low""}","{   ""self_reported_group_ca"": 18,   ""self_reported_interpersonal_ca"": 12,   ""self_reported_band_group"": ""moderate"",   ""self_reported_band_interpersonal"": ""low"" }"
2431de6253439a2a8dd040736a49ecd2bad6ce5b0d1527b7ac8284b7ac40f022__employment,"{""gt_group_ca"":14,""gt_interpersonal_ca"":12,""gt_group_band"":""moderate"",""gt_interpersonal_band"":""low""}","{   ""self_reported_group_ca"": 18,   ""self_reported_interpersonal_ca"": 12,   ""self_reported_band_group"": ""moderate"",   ""self_reported_band_interpersonal"": ""low"" }"
2431de6253439a2a8dd040736a49ecd2bad6ce5b0d1527b7ac8284b7ac40f022__geo,"{""gt_group_ca"":14,""gt_interpersonal_ca"":12,""gt_group_band"":""moderate"",""gt_interpersonal_band"":""low""}","{   ""self_reported_group_ca"": 18,   ""self_reported_interpersonal_ca"": 12,   ""self_reported_band_group"": ""moderate"",   ""self_reported_band_interpersonal"": ""low"" }"
2431de6253439a2a8dd040736a49ecd2bad6ce5b0d1527b7ac8284b7ac40f022__transit,"{""gt_group_ca"":14,""gt_interpersonal_ca"":12,""gt_group_band"":""moderate"",""gt_interpersonal_band"":""low""}","{   ""self_reported_group_ca"": 18,   ""self_reported_interpersonal_ca"": 12,   ""self_reported_band_group"": ""moderate"",   ""self_reported_band_interpersonal"": ""low"" }"
2431de6253439a2a8dd040736a49ecd2bad6ce5b0d1527b7ac8284b7ac40f022__full,"{""gt_group_ca"":14,""gt_interpersonal_ca"":12,""gt_group_band"":""moderate"",""gt_interpersonal_band"":""low""}","{   ""self_reported_group_ca"": 18,   ""self_reported_interpersonal_ca"": 12,   ""self_reported_band_group"": ""moderate"",   ""self_reported_band_interpersonal"": ""low"" }"
2431de6253439a2a8dd040736a49ecd2bad6ce5b0d1527b7ac8284b7ac40f022__v3_rideshare,"{""gt_group_ca"":14,""gt_interpersonal_ca"":12,""gt_group_band"":""moderate"",""gt_interpersonal_band"":""low""}","{   ""self_reported_group_ca"": 18,   ""self_reported_interpersonal_ca"": 12,   ""self_reported_band_group"": ""moderate"",   ""self_reported_band_interpersonal"": ""low"" }"
2431de6253439a2a8dd040736a49ecd2bad6ce5b0d1527b7ac8284b7ac40f022__v3_public_transit,"{""gt_group_ca"":14,""gt_interpersonal_ca"":12,""gt_group_band"":""moderate"",""gt_interpersonal_band"":""low""}","{   ""self_reported_group_ca"": 18,   ""self_reported_interpersonal_ca"": 12,   ""self_reported_band_group"": ""moderate"",   ""self_reported_band_interpersonal"": ""low"" }"
2431de6253439a2a8dd040736a49ecd2bad6ce5b0d1527b7ac8284b7ac40f022__v3_voice,"{""gt_group_ca"":14,""gt_interpersonal_ca"":12,""gt_group_band"":""moderate"",""gt_interpersonal_band"":""low""}","{   ""self_reported_group_ca"": 18,   ""self_reported_interpersonal_ca"": 12,   ""self_reported_band_group"": ""moderate"",   ""self_reported_band_interpersonal"": ""low"" }"
314d41b4f14c666f1d6082ec3e1d9127b12f1c0c921409a34cbbd26997f99e57__demos,"{""gt_group_ca"":9,""gt_interpersonal_ca"":15,""gt_group_band"":""low"",""gt_interpersonal_band"":""moderate""}","{   ""self_reported_group_ca"": 18,   ""self_reported_interpersonal_ca"": 12,   ""self_reported_band_group"": ""moderate"",   ""self_reported_band_interpersonal"": ""low"" }"
314d41b4f14c666f1d6082ec3e1d9127b12f1c0c921409a34cbbd26997f99e57__employment,"{""gt_group_ca"":9,""gt_interpersonal_ca"":15,""gt_group_band"":""low"",""gt_interpersonal_band"":""moderate""}","{   ""self_reported_group_ca"": 18,   ""self_reported_interpersonal_ca"": 12,   ""self_reported_band_group"": ""moderate"",   ""self_reported_band_interpersonal"": ""low"" }"
314d41b4f14c666f1d6082ec3e1d9127b12f1c0c921409a34cbbd26997f99e57__geo,"{""gt_group_ca"":9,""gt_interpersonal_ca"":15,""gt_group_band"":""low"",""gt_interpersonal_band"":""moderate""}","{   ""self_reported_group_ca"": 18,   ""self_reported_interpersonal_ca"": 12,   ""self_reported_band_group"": ""moderate"",   ""self_reported_band_interpersonal"": ""low"" }"
314d41b4f14c666f1d6082ec3e1d9127b12f1c0c921409a34cbbd26997f99e57__transit,"{""gt_group_ca"":9,""gt_interpersonal_ca"":15,""gt_group_band"":""low"",""gt_interpersonal_band"":""moderate""}","{   ""self_reported_group_ca"": 18,   ""self_reported_interpersonal_ca"": 12,   ""self_reported_band_group"": ""moderate"",   ""self_reported_band_interpersonal"": ""low"" }"
314d41b4f14c666f1d6082ec3e1d9127b12f1c0c921409a34cbbd26997f99e57__full,"{""gt_group_ca"":9,""gt_interpersonal_ca"":15,""gt_group_band"":""low"",""gt_interpersonal_band"":""moderate""}","{   ""self_reported_group_ca"": 18,   ""self_reported_interpersonal_ca"": 12,   ""self_reported_band_group"": ""moderate"",   ""self_reported_band_interpersonal"": ""low"" }"
314d41b4f14c666f1d6082ec3e1d9127b12f1c0c921409a34cbbd26997f99e57__v3_rideshare,"{""gt_group_ca"":9,""gt_interpersonal_ca"":15,""gt_group_band"":""low"",""gt_interpersonal_band"":""moderate""}","{   ""self_reported_group_ca"": 18,   ""self_reported_interpersonal_ca"": 12,   ""self_reported_band_group"": ""moderate"",   ""self_reported_band_interpersonal"": ""low"" }"
314d41b4f14c666f1d6082ec3e1d9127b12f1c0c921409a34cbbd26997f99e57__v3_public_transit,"{""gt_group_ca"":9,""gt_interpersonal_ca"":15,""gt_group_band"":""low"",""gt_interpersonal_band"":""moderate""}","{   ""self_reported_group_ca"": 18,   ""self_reported_interpersonal_ca"": 12,   ""self_reported_band_group"": ""moderate"",   ""self_reported_band_interpersonal"": ""low"" }"
314d41b4f14c666f1d6082ec3e1d9127b12f1c0c921409a34cbbd26997f99e57__v3_voice,"{""gt_group_ca"":9,""gt_interpersonal_ca"":15,""gt_group_band"":""low"",""gt_interpersonal_band"":""moderate""}","{   ""self_reported_group_ca"": 18,   ""self_reported_interpersonal_ca"": 12,   ""self_reported_band_group"": ""moderate"",   ""self_reported_band_interpersonal"": ""low"" }"
fd2146a6db13b5448283d92be645d200c305eeb1969770462866b704a64a7575__demos,"{""gt_group_ca"":24,""gt_interpersonal_ca"":25,""gt_group_band"":""high"",""gt_interpersonal_band"":""high""}","{   ""self_reported_group_ca"": 18,   ""self_reported_interpersonal_ca"": 12,   ""self_reported_band_group"": ""moderate"",   ""self_reported_band_interpersonal"": ""low"" }"
fd2146a6db13b5448283d92be645d200c305eeb1969770462866b704a64a7575__employment,"{""gt_group_ca"":24,""gt_interpersonal_ca"":25,""gt_group_band"":""high"",""gt_interpersonal_band"":""high""}","{   ""self_reported_group_ca"": 18,   ""self_reported_interpersonal_ca"": 12,   ""self_reported_band_group"": ""moderate"",   ""self_reported_band_interpersonal"": ""low"" }"
fd2146a6db13b5448283d92be645d200c305eeb1969770462866b704a64a7575__geo,"{""gt_group_ca"":24,""gt_interpersonal_ca"":25,""gt_group_band"":""high"",""gt_interpersonal_band"":""high""}","{   ""self_reported_group_ca"": 18,   ""self_reported_interpersonal_ca"": 12,   ""self_reported_band_group"": ""moderate"",   ""self_reported_band_interpersonal"": ""low"" }"
fd2146a6db13b5448283d92be645d200c305eeb1969770462866b704a64a7575__transit,"{""gt_group_ca"":24,""gt_interpersonal_ca"":25,""gt_group_band"":""high"",""gt_interpersonal_band"":""high""}","{   ""self_reported_group_ca"": 18,   ""self_reported_interpersonal_ca"": 12,   ""self_reported_band_group"": ""moderate"",   ""self_reported_band_interpersonal"": ""low"" }"
fd2146a6db13b5448283d92be645d200c305eeb1969770462866b704a64a7575__full,"{""gt_group_ca"":24,""gt_interpersonal_ca"":25,""gt_group_band"":""high"",""gt_interpersonal_band"":""high""}","{   ""self_reported_group_ca"": 18,   ""self_reported_interpersonal_ca"": 12,   ""self_reported_band_group"": ""moderate"",   ""self_reported_band_interpersonal"": ""low"" }"
fd2146a6db13b5448283d92be645d200c305eeb1969770462866b704a64a7575__v3_rideshare,"{""gt_group_ca"":24,""gt_interpersonal_ca"":25,""gt_group_band"":""high"",""gt_interpersonal_band"":""high""}","{   ""self_reported_group_ca"": 18,   ""self_reported_interpersonal_ca"": 12,   ""self_reported_band_group"": ""moderate"",   ""self_reported_band_interpersonal"": ""low"" }"
fd2146a6db13b5448283d92be645d200c305eeb1969770462866b704a64a7575__v3_public_transit,"{""gt_group_ca"":24,""gt_interpersonal_ca"":25,""gt_group_band"":""high"",""gt_interpersonal_band"":""high""}","{   ""self_reported_group_ca"": 18,   ""self_reported_interpersonal_ca"": 12,   ""self_reported_band_group"": ""moderate"",   ""self_reported_band_interpersonal"": ""low"" }"
fd2146a6db13b5448283d92be645d200c305eeb1969770462866b704a64a7575__v3_voice,"{""gt_group_ca"":24,""gt_interpersonal_ca"":25,""gt_group_band"":""high"",""gt_interpersonal_band"":""high""}","{   ""self_reported_group_ca"": 18,   ""self_reported_interpersonal_ca"": 12,   ""self_reported_band_group"": ""moderate"",   ""self_reported_band_interpersonal"": ""low"" }"
fd2ed0e2cec9ac66ee6b8ed3883614c761eec83d2cadcb5dccb9c99038851155__demos,"{""gt_group_ca"":23,""gt_interpersonal_ca"":23,""gt_group_band"":""high"",""gt_interpersonal_band"":""high""}","{   ""self_reported_group_ca"": 18,   ""self_reported_interpersonal_ca"": 12,   ""self_reported_band_group"": ""moderate"",   ""self_reported_band_interpersonal"": ""low"" }"
fd2ed0e2cec9ac66ee6b8ed3883614c761eec83d2cadcb5dccb9c99038851155__employment,"{""gt_group_ca"":23,""gt_interpersonal_ca"":23,""gt_group_band"":""high"",""gt_interpersonal_band"":""high""}","{   ""self_reported_group_ca"": 18,   ""self_reported_interpersonal_ca"": 12,   ""self_reported_band_group"": ""moderate"",   ""self_reported_band_interpersonal"": ""low"" }"
fd2ed0e2cec9ac66ee6b8ed3883614c761eec83d2cadcb5dccb9c99038851155__geo,"{""gt_group_ca"":23,""gt_interpersonal_ca"":23,""gt_group_band"":""high"",""gt_interpersonal_band"":""high""}","{   ""self_reported_group_ca"": 18,   ""self_reported_interpersonal_ca"": 12,   ""self_reported_band_group"": ""moderate"",   ""self_reported_band_interpersonal"": ""low"" }"
fd2ed0e2cec9ac66ee6b8ed3883614c761eec83d2cadcb5dccb9c99038851155__transit,"{""gt_group_ca"":23,""gt_interpersonal_ca"":23,""gt_group_band"":""high"",""gt_interpersonal_band"":""high""}","{   ""self_reported_group_ca"": 18,   ""self_reported_interpersonal_ca"": 12,   ""self_reported_band_group"": ""moderate"",   ""self_reported_band_interpersonal"": ""low"" }"
fd2ed0e2cec9ac66ee6b8ed3883614c761eec83d2cadcb5dccb9c99038851155__full,"{""gt_group_ca"":23,""gt_interpersonal_ca"":23,""gt_group_band"":""high"",""gt_interpersonal_band"":""high""}","{   ""self_reported_group_ca"": 18,   ""self_reported_interpersonal_ca"": 12,   ""self_reported_band_group"": ""moderate"",   ""self_reported_band_interpersonal"": ""low"" }"
fd2ed0e2cec9ac66ee6b8ed3883614c761eec83d2cadcb5dccb9c99038851155__v3_rideshare,"{""gt_group_ca"":23,""gt_interpersonal_ca"":23,""gt_group_band"":""high"",""gt_interpersonal_band"":""high""}","{   ""self_reported_group_ca"": 18,   ""self_reported_interpersonal_ca"": 12,   ""self_reported_band_group"": ""moderate"",   ""self_reported_band_interpersonal"": ""low"" }"
fd2ed0e2cec9ac66ee6b8ed3883614c761eec83d2cadcb5dccb9c99038851155__v3_public_transit,"{""gt_group_ca"":23,""gt_interpersonal_ca"":23,""gt_group_band"":""high"",""gt_interpersonal_band"":""high""}","{   ""self_reported_group_ca"": 18,   ""self_reported_interpersonal_ca"": 12,   ""self_reported_band_group"": ""moderate"",   ""self_reported_band_interpersonal"": ""low"" }"
fd2ed0e2cec9ac66ee6b8ed3883614c761eec83d2cadcb5dccb9c99038851155__v3_voice,"{""gt_group_ca"":23,""gt_interpersonal_ca"":23,""gt_group_band"":""high"",""gt_interpersonal_band"":""high""}","{   ""self_reported_group_ca"": 18,   ""self_reported_interpersonal_ca"": 12,   ""self_reported_band_group"": ""moderate"",   ""self_reported_band_interpersonal"": ""low"" }"
c4ed2a666807390541e3063ad6b6757a7308edb39efb3af0db88b611cd1ea83a__demos,"{""gt_group_ca"":13,""gt_interpersonal_ca"":12,""gt_group_band"":""low"",""gt_interpersonal_band"":""low""}","{   ""self_reported_group_ca"": 18,   ""self_reported_interpersonal_ca"": 12,   ""self_reported_band_group"": ""moderate"",   ""self_reported_band_interpersonal"": ""low"" }"
c4ed2a666807390541e3063ad6b6757a7308edb39efb3af0db88b611cd1ea83a__employment,"{""gt_group_ca"":13,""gt_interpersonal_ca"":12,""gt_group_band"":""low"",""gt_interpersonal_band"":""low""}","{   ""self_reported_group_ca"": 18,   ""self_reported_interpersonal_ca"": 12,   ""self_reported_band_group"": ""moderate"",   ""self_reported_band_interpersonal"": ""low"" }"
c4ed2a666807390541e3063ad6b6757a7308edb39efb3af0db88b611cd1ea83a__geo,"{""gt_group_ca"":13,""gt_interpersonal_ca"":12,""gt_group_band"":""low"",""gt_interpersonal_band"":""low""}","{   ""self_reported_group_ca"": 18,   ""self_reported_interpersonal_ca"": 12,   ""self_reported_band_group"": ""moderate"",   ""self_reported_band_interpersonal"": ""low"" }"
c4ed2a666807390541e3063ad6b6757a7308edb39efb3af0db88b611cd1ea83a__transit,"{""gt_group_ca"":13,""gt_interpersonal_ca"":12,""gt_group_band"":""low"",""gt_interpersonal_band"":""low""}","{   ""self_reported_group_ca"": 18,   ""self_reported_interpersonal_ca"": 12,   ""self_reported_band_group"": ""moderate"",   ""self_reported_band_interpersonal"": ""low"" }"
c4ed2a666807390541e3063ad6b6757a7308edb39efb3af0db88b611cd1ea83a__full,"{""gt_group_ca"":13,""gt_interpersonal_ca"":12,""gt_group_band"":""low"",""gt_interpersonal_band"":""low""}","{   ""self_reported_group_ca"": 18,   ""self_reported_interpersonal_ca"": 12,   ""self_reported_band_group"": ""moderate"",   ""self_reported_band_interpersonal"": ""low"" }"
c4ed2a666807390541e3063ad6b6757a7308edb39efb3af0db88b611cd1ea83a__v3_rideshare,"{""gt_group_ca"":13,""gt_interpersonal_ca"":12,""gt_group_band"":""low"",""gt_interpersonal_band"":""low""}","{   ""self_reported_group_ca"": 18,   ""self_reported_interpersonal_ca"": 12,   ""self_reported_band_group"": ""moderate"",   ""self_reported_band_interpersonal"": ""low"" }"
c4ed2a666807390541e3063ad6b6757a7308edb39efb3af0db88b611cd1ea83a__v3_public_transit,"{""gt_group_ca"":13,""gt_interpersonal_ca"":12,""gt_group_band"":""low"",""gt_interpersonal_band"":""low""}","{   ""self_reported_group_ca"": 18,   ""self_reported_interpersonal_ca"": 12,   ""self_reported_band_group"": ""moderate"",   ""self_reported_band_interpersonal"": ""low"" }"
c4ed2a666807390541e3063ad6b6757a7308edb39efb3af0db88b611cd1ea83a__v3_voice,"{""gt_group_ca"":13,""gt_interpersonal_ca"":12,""gt_group_band"":""low"",""gt_interpersonal_band"":""low""}","{   ""self_reported_group_ca"": 18,   ""self_reported_interpersonal_ca"": 12,   ""self_reported_band_group"": ""moderate"",   ""self_reported_band_interpersonal"": ""low"" }"
f9f9a78004affb6a32f1cb1195de363286b19c88822b1433b371a65c5ce8f059__demos,"{""gt_group_ca"":12,""gt_interpersonal_ca"":9,""gt_group_band"":""low"",""gt_interpersonal_band"":""low""}","{   ""self_reported_group_ca"": 18,   ""self_reported_interpersonal_ca"": 12,   ""self_reported_band_group"": ""moderate"",   ""self_reported_band_interpersonal"": ""low"" }"
f9f9a78004affb6a32f1cb1195de363286b19c88822b1433b371a65c5ce8f059__employment,"{""gt_group_ca"":12,""gt_interpersonal_ca"":9,""gt_group_band"":""low"",""gt_interpersonal_band"":""low""}","{   ""self_reported_group_ca"": 18,   ""self_reported_interpersonal_ca"": 12,   ""self_reported_band_group"": ""moderate"",   ""self_reported_band_interpersonal"": ""low"" }"
f9f9a78004affb6a32f1cb1195de363286b19c88822b1433b371a65c5ce8f059__geo,"{""gt_group_ca"":12,""gt_interpersonal_ca"":9,""gt_group_band"":""low"",""gt_interpersonal_band"":""low""}","{   ""self_reported_group_ca"": 18,   ""self_reported_interpersonal_ca"": 12,   ""self_reported_band_group"": ""moderate"",   ""self_reported_band_interpersonal"": ""low"" }"
f9f9a78004affb6a32f1cb1195de363286b19c88822b1433b371a65c5ce8f059__transit,"{""gt_group_ca"":12,""gt_interpersonal_ca"":9,""gt_group_band"":""low"",""gt_interpersonal_band"":""low""}","{   ""self_reported_group_ca"": 18,   ""self_reported_interpersonal_ca"": 12,   ""self_reported_band_group"": ""moderate"",   ""self_reported_band_interpersonal"": ""low"" }"
f9f9a78004affb6a32f1cb1195de363286b19c88822b1433b371a65c5ce8f059__full,"{""gt_group_ca"":12,""gt_interpersonal_ca"":9,""gt_group_band"":""low"",""gt_interpersonal_band"":""low""}","{   ""self_reported_group_ca"": 18,   ""self_reported_interpersonal_ca"": 12,   ""self_reported_band_group"": ""moderate"",   ""self_reported_band_interpersonal"": ""low"" }"
f9f9a78004affb6a32f1cb1195de363286b19c88822b1433b371a65c5ce8f059__v3_rideshare,"{""gt_group_ca"":12,""gt_interpersonal_ca"":9,""gt_group_band"":""low"",""gt_interpersonal_band"":""low""}","{   ""self_reported_group_ca"": 18,   ""self_reported_interpersonal_ca"": 12,   ""self_reported_band_group"": ""moderate"",   ""self_reported_band_interpersonal"": ""low"" }"
f9f9a78004affb6a32f1cb1195de363286b19c88822b1433b371a65c5ce8f059__v3_public_transit,"{""gt_group_ca"":12,""gt_interpersonal_ca"":9,""gt_group_band"":""low"",""gt_interpersonal_band"":""low""}","{   ""self_reported_group_ca"": 18,   ""self_reported_interpersonal_ca"": 12,   ""self_reported_band_group"": ""moderate"",   ""self_reported_band_interpersonal"": ""low"" }"
f9f9a78004affb6a32f1cb1195de363286b19c88822b1433b371a65c5ce8f059__v3_voice,"{""gt_group_ca"":12,""gt_interpersonal_ca"":9,""gt_group_band"":""low"",""gt_interpersonal_band"":""low""}","{   ""self_reported_group_ca"": 18,   ""self_reported_interpersonal_ca"": 12,   ""self_reported_band_group"": ""moderate"",   ""self_reported_band_interpersonal"": ""low"" }"
0249e61e3a173da6ac2e5417f91dd474d39bec678466a100bb57fde389020a6b__demos,"{""gt_group_ca"":23,""gt_interpersonal_ca"":23,""gt_group_band"":""high"",""gt_interpersonal_band"":""high""}","{   ""self_reported_group_ca"": 18,   ""self_reported_interpersonal_ca"": 12,   ""self_reported_band_group"": ""moderate"",   ""self_reported_band_interpersonal"": ""low"" }"
0249e61e3a173da6ac2e5417f91dd474d39bec678466a100bb57fde389020a6b__employment,"{""gt_group_ca"":23,""gt_interpersonal_ca"":23,""gt_group_band"":""high"",""gt_interpersonal_band"":""high""}","{   ""self_reported_group_ca"": 18,   ""self_reported_interpersonal_ca"": 12,   ""self_reported_band_group"": ""moderate"",   ""self_reported_band_interpersonal"": ""low"" }"
0249e61e3a173da6ac2e5417f91dd474d39bec678466a100bb57fde389020a6b__geo,"{""gt_group_ca"":23,""gt_interpersonal_ca"":23,""gt_group_band"":""high"",""gt_interpersonal_band"":""high""}","{   ""self_reported_group_ca"": 18,   ""self_reported_interpersonal_ca"": 12,   ""self_reported_band_group"": ""moderate"",   ""self_reported_band_interpersonal"": ""low"" }"
0249e61e3a173da6ac2e5417f91dd474d39bec678466a100bb57fde389020a6b__transit,"{""gt_group_ca"":23,""gt_interpersonal_ca"":23,""gt_group_band"":""high"",""gt_interpersonal_band"":""high""}","{   ""self_reported_group_ca"": 18,   ""self_reported_interpersonal_ca"": 12,   ""self_reported_band_group"": ""moderate"",   ""self_reported_band_interpersonal"": ""low"" }"
0249e61e3a173da6ac2e5417f91dd474d39bec678466a100bb57fde389020a6b__full,"{""gt_group_ca"":23,""gt_interpersonal_ca"":23,""gt_group_band"":""high"",""gt_interpersonal_band"":""high""}","{   ""self_reported_group_ca"": 18,   ""self_reported_interpersonal_ca"": 12,   ""self_reported_band_group"": ""moderate"",   ""self_reported_band_interpersonal"": ""low"" }"
0249e61e3a173da6ac2e5417f91dd474d39bec678466a100bb57fde389020a6b__v3_rideshare,"{""gt_group_ca"":23,""gt_interpersonal_ca"":23,""gt_group_band"":""high"",""gt_interpersonal_band"":""high""}","{   ""self_reported_group_ca"": 18,   ""self_reported_interpersonal_ca"": 12,   ""self_reported_band_group"": ""moderate"",   ""self_reported_band_interpersonal"": ""low"" }"
0249e61e3a173da6ac2e5417f91dd474d39bec678466a100bb57fde389020a6b__v3_public_transit,"{""gt_group_ca"":23,""gt_interpersonal_ca"":23,""gt_group_band"":""high"",""gt_interpersonal_band"":""high""}","{   ""self_reported_group_ca"": 18,   ""self_reported_interpersonal_ca"": 12,   ""self_reported_band_group"": ""moderate"",   ""self_reported_band_interpersonal"": ""low"" }"
0249e61e3a173da6ac2e5417f91dd474d39bec678466a100bb57fde389020a6b__v3_voice,"{""gt_group_ca"":23,""gt_interpersonal_ca"":23,""gt_group_band"":""high"",""gt_interpersonal_band"":""high""}","{   ""self_reported_group_ca"": 18,   ""self_reported_interpersonal_ca"": 12,   ""self_reported_band_group"": ""moderate"",   ""self_reported_band_interpersonal"": ""low"" }"
ced5fd157d4c771a0ea7d044ffbb1e09e8b725d0d7ca0d0d3bdd23a857d57db7__demos,"{""gt_group_ca"":18,""gt_interpersonal_ca"":20,""gt_group_band"":""moderate"",""gt_interpersonal_band"":""high""}","{   ""self_reported_group_ca"": 18,   ""self_reported_interpersonal_ca"": 12,   ""self_reported_band_group"": ""moderate"",   ""self_reported_band_interpersonal"": ""low"" }"
ced5fd157d4c771a0ea7d044ffbb1e09e8b725d0d7ca0d0d3bdd23a857d57db7__employment,"{""gt_group_ca"":18,""gt_interpersonal_ca"":20,""gt_group_band"":""moderate"",""gt_interpersonal_band"":""high""}","{   ""self_reported_group_ca"": 18,   ""self_reported_interpersonal_ca"": 12,   ""self_reported_band_group"": ""moderate"",   ""self_reported_band_interpersonal"": ""low"" }"
ced5fd157d4c771a0ea7d044ffbb1e09e8b725d0d7ca0d0d3bdd23a857d57db7__geo,"{""gt_group_ca"":18,""gt_interpersonal_ca"":20,""gt_group_band"":""moderate"",""gt_interpersonal_band"":""high""}","{   ""self_reported_group_ca"": 18,   ""self_reported_interpersonal_ca"": 12,   ""self_reported_band_group"": ""moderate"",   ""self_reported_band_interpersonal"": ""low"" }"
ced5fd157d4c771a0ea7d044ffbb1e09e8b725d0d7ca0d0d3bdd23a857d57db7__transit,"{""gt_group_ca"":18,""gt_interpersonal_ca"":20,""gt_group_band"":""moderate"",""gt_interpersonal_band"":""high""}","{   ""self_reported_group_ca"": 18,   ""self_reported_interpersonal_ca"": 12,   ""self_reported_band_group"": ""moderate"",   ""self_reported_band_interpersonal"": ""low"" }"
ced5fd157d4c771a0ea7d044ffbb1e09e8b725d0d7ca0d0d3bdd23a857d57db7__full,"{""gt_group_ca"":18,""gt_interpersonal_ca"":20,""gt_group_band"":""moderate"",""gt_interpersonal_band"":""high""}","{   ""self_reported_group_ca"": 18,   ""self_reported_interpersonal_ca"": 12,   ""self_reported_band_group"": ""moderate"",   ""self_reported_band_interpersonal"": ""low"" }"
ced5fd157d4c771a0ea7d044ffbb1e09e8b725d0d7ca0d0d3bdd23a857d57db7__v3_rideshare,"{""gt_group_ca"":18,""gt_interpersonal_ca"":20,""gt_group_band"":""moderate"",""gt_interpersonal_band"":""high""}","{   ""self_reported_group_ca"": 18,   ""self_reported_interpersonal_ca"": 12,   ""self_reported_band_group"": ""moderate"",   ""self_reported_band_interpersonal"": ""low"" }"
ced5fd157d4c771a0ea7d044ffbb1e09e8b725d0d7ca0d0d3bdd23a857d57db7__v3_public_transit,"{""gt_group_ca"":18,""gt_interpersonal_ca"":20,""gt_group_band"":""moderate"",""gt_interpersonal_band"":""high""}","{   ""self_reported_group_ca"": 18,   ""self_reported_interpersonal_ca"": 12,   ""self_reported_band_group"": ""moderate"",   ""self_reported_band_interpersonal"": ""low"" }"
ced5fd157d4c771a0ea7d044ffbb1e09e8b725d0d7ca0d0d3bdd23a857d57db7__v3_voice,"{""gt_group_ca"":18,""gt_interpersonal_ca"":20,""gt_group_band"":""moderate"",""gt_interpersonal_band"":""high""}","{   ""self_reported_group_ca"": 18,   ""self_reported_interpersonal_ca"": 12,   ""self_reported_band_group"": ""moderate"",   ""self_reported_band_interpersonal"": ""low"" }"
a222ac047214b42649c047abe2d18324a05559ab8586a2b693f6babda1797d08__demos,"{""gt_group_ca"":17,""gt_interpersonal_ca"":11,""gt_group_band"":""moderate"",""gt_interpersonal_band"":""low""}","{   ""self_reported_group_ca"": 18,   ""self_reported_interpersonal_ca"": 12,   ""self_reported_band_group"": ""moderate"",   ""self_reported_band_interpersonal"": ""low"" }"
a222ac047214b42649c047abe2d18324a05559ab8586a2b693f6babda1797d08__employment,"{""gt_group_ca"":17,""gt_interpersonal_ca"":11,""gt_group_band"":""moderate"",""gt_interpersonal_band"":""low""}","{   ""self_reported_group_ca"": 18,   ""self_reported_interpersonal_ca"": 12,   ""self_reported_band_group"": ""moderate"",   ""self_reported_band_interpersonal"": ""low"" }"
a222ac047214b42649c047abe2d18324a05559ab8586a2b693f6babda1797d08__geo,"{""gt_group_ca"":17,""gt_interpersonal_ca"":11,""gt_group_band"":""moderate"",""gt_interpersonal_band"":""low""}","{   ""self_reported_group_ca"": 18,   ""self_reported_interpersonal_ca"": 12,   ""self_reported_band_group"": ""moderate"",   ""self_reported_band_interpersonal"": ""low"" }"
a222ac047214b42649c047abe2d18324a05559ab8586a2b693f6babda1797d08__transit,"{""gt_group_ca"":17,""gt_interpersonal_ca"":11,""gt_group_band"":""moderate"",""gt_interpersonal_band"":""low""}","{   ""self_reported_group_ca"": 18,   ""self_reported_interpersonal_ca"": 12,   ""self_reported_band_group"": ""moderate"",   ""self_reported_band_interpersonal"": ""low"" }"
a222ac047214b42649c047abe2d18324a05559ab8586a2b693f6babda1797d08__full,"{""gt_group_ca"":17,""gt_interpersonal_ca"":11,""gt_group_band"":""moderate"",""gt_interpersonal_band"":""low""}","{   ""self_reported_group_ca"": 18,   ""self_reported_interpersonal_ca"": 12,   ""self_reported_band_group"": ""moderate"",   ""self_reported_band_interpersonal"": ""low"" }"
a222ac047214b42649c047abe2d18324a05559ab8586a2b693f6babda1797d08__v3_rideshare,"{""gt_group_ca"":17,""gt_interpersonal_ca"":11,""gt_group_band"":""moderate"",""gt_interpersonal_band"":""low""}","{   ""self_reported_group_ca"": 18,   ""self_reported_interpersonal_ca"": 12,   ""self_reported_band_group"": ""moderate"",   ""self_reported_band_interpersonal"": ""low"" }"
a222ac047214b42649c047abe2d18324a05559ab8586a2b693f6babda1797d08__v3_public_transit,"{""gt_group_ca"":17,""gt_interpersonal_ca"":11,""gt_group_band"":""moderate"",""gt_interpersonal_band"":""low""}","{   ""self_reported_group_ca"": 18,   ""self_reported_interpersonal_ca"": 12,   ""self_reported_band_group"": ""moderate"",   ""self_reported_band_interpersonal"": ""low"" }"
a222ac047214b42649c047abe2d18324a05559ab8586a2b693f6babda1797d08__v3_voice,"{""gt_group_ca"":17,""gt_interpersonal_ca"":11,""gt_group_band"":""moderate"",""gt_interpersonal_band"":""low""}","{   ""self_reported_group_ca"": 18,   ""self_reported_interpersonal_ca"": 12,   ""self_reported_band_group"": ""moderate"",   ""self_reported_band_interpersonal"": ""low"" }"
d65f865744801e9eeff43f199b7bd2fb93f8ccbbdee4767194ce570489a32e03__demos,"{""gt_group_ca"":20,""gt_interpersonal_ca"":19,""gt_group_band"":""high"",""gt_interpersonal_band"":""moderate""}","{   ""self_reported_group_ca"": 18,   ""self_reported_interpersonal_ca"": 12,   ""self_reported_band_group"": ""moderate"",   ""self_reported_band_interpersonal"": ""low"" }"
d65f865744801e9eeff43f199b7bd2fb93f8ccbbdee4767194ce570489a32e03__employment,"{""gt_group_ca"":20,""gt_interpersonal_ca"":19,""gt_group_band"":""high"",""gt_interpersonal_band"":""moderate""}","{   ""self_reported_group_ca"": 18,   ""self_reported_interpersonal_ca"": 12,   ""self_reported_band_group"": ""moderate"",   ""self_reported_band_interpersonal"": ""low"" }"
d65f865744801e9eeff43f199b7bd2fb93f8ccbbdee4767194ce570489a32e03__geo,"{""gt_group_ca"":20,""gt_interpersonal_ca"":19,""gt_group_band"":""high"",""gt_interpersonal_band"":""moderate""}","{   ""self_reported_group_ca"": 18,   ""self_reported_interpersonal_ca"": 12,   ""self_reported_band_group"": ""moderate"",   ""self_reported_band_interpersonal"": ""low"" }"
d65f865744801e9eeff43f199b7bd2fb93f8ccbbdee4767194ce570489a32e03__transit,"{""gt_group_ca"":20,""gt_interpersonal_ca"":19,""gt_group_band"":""high"",""gt_interpersonal_band"":""moderate""}","{   ""self_reported_group_ca"": 18,   ""self_reported_interpersonal_ca"": 12,   ""self_reported_band_group"": ""moderate"",   ""self_reported_band_interpersonal"": ""low"" }"
d65f865744801e9eeff43f199b7bd2fb93f8ccbbdee4767194ce570489a32e03__full,"{""gt_group_ca"":20,""gt_interpersonal_ca"":19,""gt_group_band"":""high"",""gt_interpersonal_band"":""moderate""}","{   ""self_reported_group_ca"": 18,   ""self_reported_interpersonal_ca"": 12,   ""self_reported_band_group"": ""moderate"",   ""self_reported_band_interpersonal"": ""low"" }"
d65f865744801e9eeff43f199b7bd2fb93f8ccbbdee4767194ce570489a32e03__v3_rideshare,"{""gt_group_ca"":20,""gt_interpersonal_ca"":19,""gt_group_band"":""high"",""gt_interpersonal_band"":""moderate""}","{   ""self_reported_group_ca"": 18,   ""self_reported_interpersonal_ca"": 12,   ""self_reported_band_group"": ""moderate"",   ""self_reported_band_interpersonal"": ""low"" }"
d65f865744801e9eeff43f199b7bd2fb93f8ccbbdee4767194ce570489a32e03__v3_public_transit,"{""gt_group_ca"":20,""gt_interpersonal_ca"":19,""gt_group_band"":""high"",""gt_interpersonal_band"":""moderate""}","{   ""self_reported_group_ca"": 18,   ""self_reported_interpersonal_ca"": 12,   ""self_reported_band_group"": ""moderate"",   ""self_reported_band_interpersonal"": ""low"" }"
d65f865744801e9eeff43f199b7bd2fb93f8ccbbdee4767194ce570489a32e03__v3_voice,"{""gt_group_ca"":20,""gt_interpersonal_ca"":19,""gt_group_band"":""high"",""gt_interpersonal_band"":""moderate""}","{   ""self_reported_group_ca"": 18,   ""self_reported_interpersonal_ca"": 12,   ""self_reported_band_group"": ""moderate"",   ""self_reported_band_interpersonal"": ""low"" }"
9a6fb92d35a4765ddfc9e2b056d69bd5381851997e60bb445dab9237ab164ea6__demos,"{""gt_group_ca"":10,""gt_interpersonal_ca"":6,""gt_group_band"":""low"",""gt_interpersonal_band"":""low""}","{   ""self_reported_group_ca"": 18,   ""self_reported_interpersonal_ca"": 12,   ""self_reported_band_group"": ""moderate"",   ""self_reported_band_interpersonal"": ""low"" }"
9a6fb92d35a4765ddfc9e2b056d69bd5381851997e60bb445dab9237ab164ea6__employment,"{""gt_group_ca"":10,""gt_interpersonal_ca"":6,""gt_group_band"":""low"",""gt_interpersonal_band"":""low""}","{   ""self_reported_group_ca"": 18,   ""self_reported_interpersonal_ca"": 12,   ""self_reported_band_group"": ""moderate"",   ""self_reported_band_interpersonal"": ""low"" }"
9a6fb92d35a4765ddfc9e2b056d69bd5381851997e60bb445dab9237ab164ea6__geo,"{""gt_group_ca"":10,""gt_interpersonal_ca"":6,""gt_group_band"":""low"",""gt_interpersonal_band"":""low""}","{   ""self_reported_group_ca"": 18,   ""self_reported_interpersonal_ca"": 12,   ""self_reported_band_group"": ""moderate"",   ""self_reported_band_interpersonal"": ""low"" }"
9a6fb92d35a4765ddfc9e2b056d69bd5381851997e60bb445dab9237ab164ea6__transit,"{""gt_group_ca"":10,""gt_interpersonal_ca"":6,""gt_group_band"":""low"",""gt_interpersonal_band"":""low""}","{   ""self_reported_group_ca"": 18,   ""self_reported_interpersonal_ca"": 12,   ""self_reported_band_group"": ""moderate"",   ""self_reported_band_interpersonal"": ""low"" }"
9a6fb92d35a4765ddfc9e2b056d69bd5381851997e60bb445dab9237ab164ea6__full,"{""gt_group_ca"":10,""gt_interpersonal_ca"":6,""gt_group_band"":""low"",""gt_interpersonal_band"":""low""}","{   ""self_reported_group_ca"": 18,   ""self_reported_interpersonal_ca"": 12,   ""self_reported_band_group"": ""moderate"",   ""self_reported_band_interpersonal"": ""low"" }"
9a6fb92d35a4765ddfc9e2b056d69bd5381851997e60bb445dab9237ab164ea6__v3_rideshare,"{""gt_group_ca"":10,""gt_interpersonal_ca"":6,""gt_group_band"":""low"",""gt_interpersonal_band"":""low""}","{   ""self_reported_group_ca"": 18,   ""self_reported_interpersonal_ca"": 12,   ""self_reported_band_group"": ""moderate"",   ""self_reported_band_interpersonal"": ""low"" }"
9a6fb92d35a4765ddfc9e2b056d69bd5381851997e60bb445dab9237ab164ea6__v3_public_transit,"{""gt_group_ca"":10,""gt_interpersonal_ca"":6,""gt_group_band"":""low"",""gt_interpersonal_band"":""low""}","{   ""self_reported_group_ca"": 18,   ""self_reported_interpersonal_ca"": 12,   ""self_reported_band_group"": ""moderate"",   ""self_reported_band_interpersonal"": ""low"" }"
9a6fb92d35a4765ddfc9e2b056d69bd5381851997e60bb445dab9237ab164ea6__v3_voice,"{""gt_group_ca"":10,""gt_interpersonal_ca"":6,""gt_group_band"":""low"",""gt_interpersonal_band"":""low""}","{   ""self_reported_group_ca"": 18,   ""self_reported_interpersonal_ca"": 12,   ""self_reported_band_group"": ""moderate"",   ""self_reported_band_interpersonal"": ""low"" }"
e6bb6f36c36988d766236dc0290b1fcd6d21fb54d4872706802b1989ed91234a__demos,"{""gt_group_ca"":20,""gt_interpersonal_ca"":22,""gt_group_band"":""high"",""gt_interpersonal_band"":""high""}","{   ""self_reported_group_ca"": 18,   ""self_reported_interpersonal_ca"": 12,   ""self_reported_band_group"": ""moderate"",   ""self_reported_band_interpersonal"": ""low"" }"
e6bb6f36c36988d766236dc0290b1fcd6d21fb54d4872706802b1989ed91234a__employment,"{""gt_group_ca"":20,""gt_interpersonal_ca"":22,""gt_group_band"":""high"",""gt_interpersonal_band"":""high""}","{   ""self_reported_group_ca"": 18,   ""self_reported_interpersonal_ca"": 12,   ""self_reported_band_group"": ""moderate"",   ""self_reported_band_interpersonal"": ""low"" }"
e6bb6f36c36988d766236dc0290b1fcd6d21fb54d4872706802b1989ed91234a__geo,"{""gt_group_ca"":20,""gt_interpersonal_ca"":22,""gt_group_band"":""high"",""gt_interpersonal_band"":""high""}","{   ""self_reported_group_ca"": 18,   ""self_reported_interpersonal_ca"": 12,   ""self_reported_band_group"": ""moderate"",   ""self_reported_band_interpersonal"": ""low"" }"
e6bb6f36c36988d766236dc0290b1fcd6d21fb54d4872706802b1989ed91234a__transit,"{""gt_group_ca"":20,""gt_interpersonal_ca"":22,""gt_group_band"":""high"",""gt_interpersonal_band"":""high""}","{   ""self_reported_group_ca"": 18,   ""self_reported_interpersonal_ca"": 12,   ""self_reported_band_group"": ""moderate"",   ""self_reported_band_interpersonal"": ""low"" }"
e6bb6f36c36988d766236dc0290b1fcd6d21fb54d4872706802b1989ed91234a__full,"{""gt_group_ca"":20,""gt_interpersonal_ca"":22,""gt_group_band"":""high"",""gt_interpersonal_band"":""high""}","{   ""self_reported_group_ca"": 18,   ""self_reported_interpersonal_ca"": 12,   ""self_reported_band_group"": ""moderate"",   ""self_reported_band_interpersonal"": ""low"" }"
e6bb6f36c36988d766236dc0290b1fcd6d21fb54d4872706802b1989ed91234a__v3_rideshare,"{""gt_group_ca"":20,""gt_interpersonal_ca"":22,""gt_group_band"":""high"",""gt_interpersonal_band"":""high""}","{   ""self_reported_group_ca"": 18,   ""self_reported_interpersonal_ca"": 12,   ""self_reported_band_group"": ""moderate"",   ""self_reported_band_interpersonal"": ""low"" }"
e6bb6f36c36988d766236dc0290b1fcd6d21fb54d4872706802b1989ed91234a__v3_public_transit,"{""gt_group_ca"":20,""gt_interpersonal_ca"":22,""gt_group_band"":""high"",""gt_interpersonal_band"":""high""}","{   ""self_reported_group_ca"": 18,   ""self_reported_interpersonal_ca"": 12,   ""self_reported_band_group"": ""moderate"",   ""self_reported_band_interpersonal"": ""low"" }"
e6bb6f36c36988d766236dc0290b1fcd6d21fb54d4872706802b1989ed91234a__v3_voice,"{""gt_group_ca"":20,""gt_interpersonal_ca"":22,""gt_group_band"":""high"",""gt_interpersonal_band"":""high""}","{   ""self_reported_group_ca"": 18,   ""self_reported_interpersonal_ca"": 12,   ""self_reported_band_group"": ""moderate"",   ""self_reported_band_interpersonal"": ""low"" }"
7176cbe5675119100c051cec9cf0ccc6ffeea0f58eaad99a7ad469bdbe59eefc__demos,"{""gt_group_ca"":24,""gt_interpersonal_ca"":24,""gt_group_band"":""high"",""gt_interpersonal_band"":""high""}","{   ""self_reported_group_ca"": 18,   ""self_reported_interpersonal_ca"": 12,   ""self_reported_band_group"": ""moderate"",   ""self_reported_band_interpersonal"": ""low"" }"
7176cbe5675119100c051cec9cf0ccc6ffeea0f58eaad99a7ad469bdbe59eefc__employment,"{""gt_group_ca"":24,""gt_interpersonal_ca"":24,""gt_group_band"":""high"",""gt_interpersonal_band"":""high""}","{   ""self_reported_group_ca"": 18,   ""self_reported_interpersonal_ca"": 12,   ""self_reported_band_group"": ""moderate"",   ""self_reported_band_interpersonal"": ""low"" }"
7176cbe5675119100c051cec9cf0ccc6ffeea0f58eaad99a7ad469bdbe59eefc__geo,"{""gt_group_ca"":24,""gt_interpersonal_ca"":24,""gt_group_band"":""high"",""gt_interpersonal_band"":""high""}","{   ""self_reported_group_ca"": 18,   ""self_reported_interpersonal_ca"": 12,   ""self_reported_band_group"": ""moderate"",   ""self_reported_band_interpersonal"": ""low"" }"
7176cbe5675119100c051cec9cf0ccc6ffeea0f58eaad99a7ad469bdbe59eefc__transit,"{""gt_group_ca"":24,""gt_interpersonal_ca"":24,""gt_group_band"":""high"",""gt_interpersonal_band"":""high""}","{   ""self_reported_group_ca"": 18,   ""self_reported_interpersonal_ca"": 12,   ""self_reported_band_group"": ""moderate"",   ""self_reported_band_interpersonal"": ""low"" }"
7176cbe5675119100c051cec9cf0ccc6ffeea0f58eaad99a7ad469bdbe59eefc__full,"{""gt_group_ca"":24,""gt_interpersonal_ca"":24,""gt_group_band"":""high"",""gt_interpersonal_band"":""high""}","{   ""self_reported_group_ca"": 18,   ""self_reported_interpersonal_ca"": 12,   ""self_reported_band_group"": ""moderate"",   ""self_reported_band_interpersonal"": ""low"" }"
7176cbe5675119100c051cec9cf0ccc6ffeea0f58eaad99a7ad469bdbe59eefc__v3_rideshare,"{""gt_group_ca"":24,""gt_interpersonal_ca"":24,""gt_group_band"":""high"",""gt_interpersonal_band"":""high""}","{   ""self_reported_group_ca"": 18,   ""self_reported_interpersonal_ca"": 12,   ""self_reported_band_group"": ""moderate"",   ""self_reported_band_interpersonal"": ""low"" }"
7176cbe5675119100c051cec9cf0ccc6ffeea0f58eaad99a7ad469bdbe59eefc__v3_public_transit,"{""gt_group_ca"":24,""gt_interpersonal_ca"":24,""gt_group_band"":""high"",""gt_interpersonal_band"":""high""}","{   ""self_reported_group_ca"": 18,   ""self_reported_interpersonal_ca"": 12,   ""self_reported_band_group"": ""moderate"",   ""self_reported_band_interpersonal"": ""low"" }"
7176cbe5675119100c051cec9cf0ccc6ffeea0f58eaad99a7ad469bdbe59eefc__v3_voice,"{""gt_group_ca"":24,""gt_interpersonal_ca"":24,""gt_group_band"":""high"",""gt_interpersonal_band"":""high""}","{   ""self_reported_group_ca"": 18,   ""self_reported_interpersonal_ca"": 12,   ""self_reported_band_group"": ""moderate"",   ""self_reported_band_interpersonal"": ""low"" }"
01ed97565030e4d13eba2ecba6f408ba9b1d77f47fa2cc7363c45f3f15796020__demos,"{""gt_group_ca"":7,""gt_interpersonal_ca"":6,""gt_group_band"":""low"",""gt_interpersonal_band"":""low""}","{   ""self_reported_group_ca"": 18,   ""self_reported_interpersonal_ca"": 12,   ""self_reported_band_group"": ""moderate"",   ""self_reported_band_interpersonal"": ""low"" }"
01ed97565030e4d13eba2ecba6f408ba9b1d77f47fa2cc7363c45f3f15796020__employment,"{""gt_group_ca"":7,""gt_interpersonal_ca"":6,""gt_group_band"":""low"",""gt_interpersonal_band"":""low""}","{   ""self_reported_group_ca"": 18,   ""self_reported_interpersonal_ca"": 12,   ""self_reported_band_group"": ""moderate"",   ""self_reported_band_interpersonal"": ""low"" }"
01ed97565030e4d13eba2ecba6f408ba9b1d77f47fa2cc7363c45f3f15796020__geo,"{""gt_group_ca"":7,""gt_interpersonal_ca"":6,""gt_group_band"":""low"",""gt_interpersonal_band"":""low""}","{   ""self_reported_group_ca"": 18,   ""self_reported_interpersonal_ca"": 12,   ""self_reported_band_group"": ""moderate"",   ""self_reported_band_interpersonal"": ""low"" }"
01ed97565030e4d13eba2ecba6f408ba9b1d77f47fa2cc7363c45f3f15796020__transit,"{""gt_group_ca"":7,""gt_interpersonal_ca"":6,""gt_group_band"":""low"",""gt_interpersonal_band"":""low""}","{   ""self_reported_group_ca"": 18,   ""self_reported_interpersonal_ca"": 12,   ""self_reported_band_group"": ""moderate"",   ""self_reported_band_interpersonal"": ""low"" }"
01ed97565030e4d13eba2ecba6f408ba9b1d77f47fa2cc7363c45f3f15796020__full,"{""gt_group_ca"":7,""gt_interpersonal_ca"":6,""gt_group_band"":""low"",""gt_interpersonal_band"":""low""}","{   ""self_reported_group_ca"": 18,   ""self_reported_interpersonal_ca"": 12,   ""self_reported_band_group"": ""moderate"",   ""self_reported_band_interpersonal"": ""low"" }"
01ed97565030e4d13eba2ecba6f408ba9b1d77f47fa2cc7363c45f3f15796020__v3_rideshare,"{""gt_group_ca"":7,""gt_interpersonal_ca"":6,""gt_group_band"":""low"",""gt_interpersonal_band"":""low""}","{   ""self_reported_group_ca"": 18,   ""self_reported_interpersonal_ca"": 12,   ""self_reported_band_group"": ""moderate"",   ""self_reported_band_interpersonal"": ""low"" }"
01ed97565030e4d13eba2ecba6f408ba9b1d77f47fa2cc7363c45f3f15796020__v3_public_transit,"{""gt_group_ca"":7,""gt_interpersonal_ca"":6,""gt_group_band"":""low"",""gt_interpersonal_band"":""low""}","{   ""self_reported_group_ca"": 18,   ""self_reported_interpersonal_ca"": 12,   ""self_reported_band_group"": ""moderate"",   ""self_reported_band_interpersonal"": ""low"" }"
01ed97565030e4d13eba2ecba6f408ba9b1d77f47fa2cc7363c45f3f15796020__v3_voice,"{""gt_group_ca"":7,""gt_interpersonal_ca"":6,""gt_group_band"":""low"",""gt_interpersonal_band"":""low""}","{   ""self_reported_group_ca"": 18,   ""self_reported_interpersonal_ca"": 12,   ""self_reported_band_group"": ""moderate"",   ""self_reported_band_interpersonal"": ""low"" }"
5651a3644c6d6b9d6ad01d4880b6599e3c7e2b821679f6100eba1a153142b3fe__demos,"{""gt_group_ca"":16,""gt_interpersonal_ca"":18,""gt_group_band"":""moderate"",""gt_interpersonal_band"":""moderate""}","{   ""self_reported_group_ca"": 18,   ""self_reported_interpersonal_ca"": 12,   ""self_reported_band_group"": ""moderate"",   ""self_reported_band_interpersonal"": ""low"" }"
5651a3644c6d6b9d6ad01d4880b6599e3c7e2b821679f6100eba1a153142b3fe__employment,"{""gt_group_ca"":16,""gt_interpersonal_ca"":18,""gt_group_band"":""moderate"",""gt_interpersonal_band"":""moderate""}","{   ""self_reported_group_ca"": 18,   ""self_reported_interpersonal_ca"": 12,   ""self_reported_band_group"": ""moderate"",   ""self_reported_band_interpersonal"": ""low"" }"
5651a3644c6d6b9d6ad01d4880b6599e3c7e2b821679f6100eba1a153142b3fe__geo,"{""gt_group_ca"":16,""gt_interpersonal_ca"":18,""gt_group_band"":""moderate"",""gt_interpersonal_band"":""moderate""}","{   ""self_reported_group_ca"": 18,   ""self_reported_interpersonal_ca"": 12,   ""self_reported_band_group"": ""moderate"",   ""self_reported_band_interpersonal"": ""low"" }"
5651a3644c6d6b9d6ad01d4880b6599e3c7e2b821679f6100eba1a153142b3fe__transit,"{""gt_group_ca"":16,""gt_interpersonal_ca"":18,""gt_group_band"":""moderate"",""gt_interpersonal_band"":""moderate""}","{   ""self_reported_group_ca"": 18,   ""self_reported_interpersonal_ca"": 12,   ""self_reported_band_group"": ""moderate"",   ""self_reported_band_interpersonal"": ""low"" }"
5651a3644c6d6b9d6ad01d4880b6599e3c7e2b821679f6100eba1a153142b3fe__full,"{""gt_group_ca"":16,""gt_interpersonal_ca"":18,""gt_group_band"":""moderate"",""gt_interpersonal_band"":""moderate""}","{   ""self_reported_group_ca"": 18,   ""self_reported_interpersonal_ca"": 12,   ""self_reported_band_group"": ""moderate"",   ""self_reported_band_interpersonal"": ""low"" }"
5651a3644c6d6b9d6ad01d4880b6599e3c7e2b821679f6100eba1a153142b3fe__v3_rideshare,"{""gt_group_ca"":16,""gt_interpersonal_ca"":18,""gt_group_band"":""moderate"",""gt_interpersonal_band"":""moderate""}","{   ""self_reported_group_ca"": 18,   ""self_reported_interpersonal_ca"": 12,   ""self_reported_band_group"": ""moderate"",   ""self_reported_band_interpersonal"": ""low"" }"
5651a3644c6d6b9d6ad01d4880b6599e3c7e2b821679f6100eba1a153142b3fe__v3_public_transit,"{""gt_group_ca"":16,""gt_interpersonal_ca"":18,""gt_group_band"":""moderate"",""gt_interpersonal_band"":""moderate""}","{   ""self_reported_group_ca"": 18,   ""self_reported_interpersonal_ca"": 12,   ""self_reported_band_group"": ""moderate"",   ""self_reported_band_interpersonal"": ""low"" }"
5651a3644c6d6b9d6ad01d4880b6599e3c7e2b821679f6100eba1a153142b3fe__v3_voice,"{""gt_group_ca"":16,""gt_interpersonal_ca"":18,""gt_group_band"":""moderate"",""gt_interpersonal_band"":""moderate""}","{   ""self_reported_group_ca"": 18,   ""self_reported_interpersonal_ca"": 12,   ""self_reported_band_group"": ""moderate"",   ""self_reported_band_interpersonal"": ""low"" }"
d1877c807e7cfbd218196d57f1dd184643863d06e6363579390683fd2ae81cc5__demos,"{""gt_group_ca"":8,""gt_interpersonal_ca"":9,""gt_group_band"":""low"",""gt_interpersonal_band"":""low""}","{   ""self_reported_group_ca"": 18,   ""self_reported_interpersonal_ca"": 12,   ""self_reported_band_group"": ""moderate"",   ""self_reported_band_interpersonal"": ""low"" }"
d1877c807e7cfbd218196d57f1dd184643863d06e6363579390683fd2ae81cc5__employment,"{""gt_group_ca"":8,""gt_interpersonal_ca"":9,""gt_group_band"":""low"",""gt_interpersonal_band"":""low""}","{   ""self_reported_group_ca"": 18,   ""self_reported_interpersonal_ca"": 12,   ""self_reported_band_group"": ""moderate"",   ""self_reported_band_interpersonal"": ""low"" }"
d1877c807e7cfbd218196d57f1dd184643863d06e6363579390683fd2ae81cc5__geo,"{""gt_group_ca"":8,""gt_interpersonal_ca"":9,""gt_group_band"":""low"",""gt_interpersonal_band"":""low""}","{   ""self_reported_group_ca"": 18,   ""self_reported_interpersonal_ca"": 12,   ""self_reported_band_group"": ""moderate"",   ""self_reported_band_interpersonal"": ""low"" }"
d1877c807e7cfbd218196d57f1dd184643863d06e6363579390683fd2ae81cc5__transit,"{""gt_group_ca"":8,""gt_interpersonal_ca"":9,""gt_group_band"":""low"",""gt_interpersonal_band"":""low""}","{   ""self_reported_group_ca"": 18,   ""self_reported_interpersonal_ca"": 12,   ""self_reported_band_group"": ""moderate"",   ""self_reported_band_interpersonal"": ""low"" }"
d1877c807e7cfbd218196d57f1dd184643863d06e6363579390683fd2ae81cc5__full,"{""gt_group_ca"":8,""gt_interpersonal_ca"":9,""gt_group_band"":""low"",""gt_interpersonal_band"":""low""}","{   ""self_reported_group_ca"": 18,   ""self_reported_interpersonal_ca"": 12,   ""self_reported_band_group"": ""moderate"",   ""self_reported_band_interpersonal"": ""low"" }"
d1877c807e7cfbd218196d57f1dd184643863d06e6363579390683fd2ae81cc5__v3_rideshare,"{""gt_group_ca"":8,""gt_interpersonal_ca"":9,""gt_group_band"":""low"",""gt_interpersonal_band"":""low""}","{   ""self_reported_group_ca"": 18,   ""self_reported_interpersonal_ca"": 12,   ""self_reported_band_group"": ""moderate"",   ""self_reported_band_interpersonal"": ""low"" }"
d1877c807e7cfbd218196d57f1dd184643863d06e6363579390683fd2ae81cc5__v3_public_transit,"{""gt_group_ca"":8,""gt_interpersonal_ca"":9,""gt_group_band"":""low"",""gt_interpersonal_band"":""low""}","{   ""self_reported_group_ca"": 18,   ""self_reported_interpersonal_ca"": 12,   ""self_reported_band_group"": ""moderate"",   ""self_reported_band_interpersonal"": ""low"" }"
d1877c807e7cfbd218196d57f1dd184643863d06e6363579390683fd2ae81cc5__v3_voice,"{""gt_group_ca"":8,""gt_interpersonal_ca"":9,""gt_group_band"":""low"",""gt_interpersonal_band"":""low""}","{   ""self_reported_group_ca"": 18,   ""self_reported_interpersonal_ca"": 12,   ""self_reported_band_group"": ""moderate"",   ""self_reported_band_interpersonal"": ""low"" }"
a08338b44f7708b19fd1f8bb6ef8842b1473b9b189e97f264cb66f7e87caa68c__demos,"{""gt_group_ca"":10,""gt_interpersonal_ca"":6,""gt_group_band"":""low"",""gt_interpersonal_band"":""low""}","{   ""self_reported_group_ca"": 18,   ""self_reported_interpersonal_ca"": 12,   ""self_reported_band_group"": ""moderate"",   ""self_reported_band_interpersonal"": ""low"" }"
a08338b44f7708b19fd1f8bb6ef8842b1473b9b189e97f264cb66f7e87caa68c__employment,"{""gt_group_ca"":10,""gt_interpersonal_ca"":6,""gt_group_band"":""low"",""gt_interpersonal_band"":""low""}","{   ""self_reported_group_ca"": 18,   ""self_reported_interpersonal_ca"": 12,   ""self_reported_band_group"": ""moderate"",   ""self_reported_band_interpersonal"": ""low"" }"
a08338b44f7708b19fd1f8bb6ef8842b1473b9b189e97f264cb66f7e87caa68c__geo,"{""gt_group_ca"":10,""gt_interpersonal_ca"":6,""gt_group_band"":""low"",""gt_interpersonal_band"":""low""}","{   ""self_reported_group_ca"": 18,   ""self_reported_interpersonal_ca"": 12,   ""self_reported_band_group"": ""moderate"",   ""self_reported_band_interpersonal"": ""low"" }"
a08338b44f7708b19fd1f8bb6ef8842b1473b9b189e97f264cb66f7e87caa68c__transit,"{""gt_group_ca"":10,""gt_interpersonal_ca"":6,""gt_group_band"":""low"",""gt_interpersonal_band"":""low""}","{   ""self_reported_group_ca"": 18,   ""self_reported_interpersonal_ca"": 12,   ""self_reported_band_group"": ""moderate"",   ""self_reported_band_interpersonal"": ""low"" }"
a08338b44f7708b19fd1f8bb6ef8842b1473b9b189e97f264cb66f7e87caa68c__full,"{""gt_group_ca"":10,""gt_interpersonal_ca"":6,""gt_group_band"":""low"",""gt_interpersonal_band"":""low""}","{   ""self_reported_group_ca"": 18,   ""self_reported_interpersonal_ca"": 12,   ""self_reported_band_group"": ""moderate"",   ""self_reported_band_interpersonal"": ""low"" }"
a08338b44f7708b19fd1f8bb6ef8842b1473b9b189e97f264cb66f7e87caa68c__v3_rideshare,"{""gt_group_ca"":10,""gt_interpersonal_ca"":6,""gt_group_band"":""low"",""gt_interpersonal_band"":""low""}","{   ""self_reported_group_ca"": 18,   ""self_reported_interpersonal_ca"": 12,   ""self_reported_band_group"": ""moderate"",   ""self_reported_band_interpersonal"": ""low"" }"
a08338b44f7708b19fd1f8bb6ef8842b1473b9b189e97f264cb66f7e87caa68c__v3_public_transit,"{""gt_group_ca"":10,""gt_interpersonal_ca"":6,""gt_group_band"":""low"",""gt_interpersonal_band"":""low""}","{   ""self_reported_group_ca"": 18,   ""self_reported_interpersonal_ca"": 12,   ""self_reported_band_group"": ""moderate"",   ""self_reported_band_interpersonal"": ""low"" }"
a08338b44f7708b19fd1f8bb6ef8842b1473b9b189e97f264cb66f7e87caa68c__v3_voice,"{""gt_group_ca"":10,""gt_interpersonal_ca"":6,""gt_group_band"":""low"",""gt_interpersonal_band"":""low""}","{   ""self_reported_group_ca"": 18,   ""self_reported_interpersonal_ca"": 12,   ""self_reported_band_group"": ""moderate"",   ""self_reported_band_interpersonal"": ""low"" }"
5b283a19c4dc3709e8dcd905f86fb60ecbfaeba073a36fd5a513e96bdc840449__demos,"{""gt_group_ca"":20,""gt_interpersonal_ca"":22,""gt_group_band"":""high"",""gt_interpersonal_band"":""high""}","{   ""self_reported_group_ca"": 18,   ""self_reported_interpersonal_ca"": 12,   ""self_reported_band_group"": ""moderate"",   ""self_reported_band_interpersonal"": ""low"" }"
5b283a19c4dc3709e8dcd905f86fb60ecbfaeba073a36fd5a513e96bdc840449__employment,"{""gt_group_ca"":20,""gt_interpersonal_ca"":22,""gt_group_band"":""high"",""gt_interpersonal_band"":""high""}","{   ""self_reported_group_ca"": 18,   ""self_reported_interpersonal_ca"": 12,   ""self_reported_band_group"": ""moderate"",   ""self_reported_band_interpersonal"": ""low"" }"
5b283a19c4dc3709e8dcd905f86fb60ecbfaeba073a36fd5a513e96bdc840449__geo,"{""gt_group_ca"":20,""gt_interpersonal_ca"":22,""gt_group_band"":""high"",""gt_interpersonal_band"":""high""}","{   ""self_reported_group_ca"": 18,   ""self_reported_interpersonal_ca"": 12,   ""self_reported_band_group"": ""moderate"",   ""self_reported_band_interpersonal"": ""low"" }"
5b283a19c4dc3709e8dcd905f86fb60ecbfaeba073a36fd5a513e96bdc840449__transit,"{""gt_group_ca"":20,""gt_interpersonal_ca"":22,""gt_group_band"":""high"",""gt_interpersonal_band"":""high""}","{   ""self_reported_group_ca"": 18,   ""self_reported_interpersonal_ca"": 12,   ""self_reported_band_group"": ""moderate"",   ""self_reported_band_interpersonal"": ""low"" }"
5b283a19c4dc3709e8dcd905f86fb60ecbfaeba073a36fd5a513e96bdc840449__full,"{""gt_group_ca"":20,""gt_interpersonal_ca"":22,""gt_group_band"":""high"",""gt_interpersonal_band"":""high""}","{   ""self_reported_group_ca"": 18,   ""self_reported_interpersonal_ca"": 12,   ""self_reported_band_group"": ""moderate"",   ""self_reported_band_interpersonal"": ""low"" }"
5b283a19c4dc3709e8dcd905f86fb60ecbfaeba073a36fd5a513e96bdc840449__v3_rideshare,"{""gt_group_ca"":20,""gt_interpersonal_ca"":22,""gt_group_band"":""high"",""gt_interpersonal_band"":""high""}","{   ""self_reported_group_ca"": 18,   ""self_reported_interpersonal_ca"": 12,   ""self_reported_band_group"": ""moderate"",   ""self_reported_band_interpersonal"": ""low"" }"
5b283a19c4dc3709e8dcd905f86fb60ecbfaeba073a36fd5a513e96bdc840449__v3_public_transit,"{""gt_group_ca"":20,""gt_interpersonal_ca"":22,""gt_group_band"":""high"",""gt_interpersonal_band"":""high""}","{   ""self_reported_group_ca"": 18,   ""self_reported_interpersonal_ca"": 12,   ""self_reported_band_group"": ""moderate"",   ""self_reported_band_interpersonal"": ""low"" }"
5b283a19c4dc3709e8dcd905f86fb60ecbfaeba073a36fd5a513e96bdc840449__v3_voice,"{""gt_group_ca"":20,""gt_interpersonal_ca"":22,""gt_group_band"":""high"",""gt_interpersonal_band"":""high""}","{   ""self_reported_group_ca"": 18,   ""self_reported_interpersonal_ca"": 12,   ""self_reported_band_group"": ""moderate"",   ""self_reported_band_interpersonal"": ""low"" }"
fb7b411a0e83ac6fb85bf20c0e62e0f4d1942343126a2d697631c6c3f394df98__demos,"{""gt_group_ca"":24,""gt_interpersonal_ca"":21,""gt_group_band"":""high"",""gt_interpersonal_band"":""high""}","{   ""self_reported_group_ca"": 18,   ""self_reported_interpersonal_ca"": 12,   ""self_reported_band_group"": ""moderate"",   ""self_reported_band_interpersonal"": ""low"" }"
fb7b411a0e83ac6fb85bf20c0e62e0f4d1942343126a2d697631c6c3f394df98__employment,"{""gt_group_ca"":24,""gt_interpersonal_ca"":21,""gt_group_band"":""high"",""gt_interpersonal_band"":""high""}","{   ""self_reported_group_ca"": 18,   ""self_reported_interpersonal_ca"": 12,   ""self_reported_band_group"": ""moderate"",   ""self_reported_band_interpersonal"": ""low"" }"
fb7b411a0e83ac6fb85bf20c0e62e0f4d1942343126a2d697631c6c3f394df98__geo,"{""gt_group_ca"":24,""gt_interpersonal_ca"":21,""gt_group_band"":""high"",""gt_interpersonal_band"":""high""}","{   ""self_reported_group_ca"": 18,   ""self_reported_interpersonal_ca"": 12,   ""self_reported_band_group"": ""moderate"",   ""self_reported_band_interpersonal"": ""low"" }"
fb7b411a0e83ac6fb85bf20c0e62e0f4d1942343126a2d697631c6c3f394df98__transit,"{""gt_group_ca"":24,""gt_interpersonal_ca"":21,""gt_group_band"":""high"",""gt_interpersonal_band"":""high""}","{   ""self_reported_group_ca"": 18,   ""self_reported_interpersonal_ca"": 12,   ""self_reported_band_group"": ""moderate"",   ""self_reported_band_interpersonal"": ""low"" }"
fb7b411a0e83ac6fb85bf20c0e62e0f4d1942343126a2d697631c6c3f394df98__full,"{""gt_group_ca"":24,""gt_interpersonal_ca"":21,""gt_group_band"":""high"",""gt_interpersonal_band"":""high""}","{   ""self_reported_group_ca"": 18,   ""self_reported_interpersonal_ca"": 12,   ""self_reported_band_group"": ""moderate"",   ""self_reported_band_interpersonal"": ""low"" }"
fb7b411a0e83ac6fb85bf20c0e62e0f4d1942343126a2d697631c6c3f394df98__v3_rideshare,"{""gt_group_ca"":24,""gt_interpersonal_ca"":21,""gt_group_band"":""high"",""gt_interpersonal_band"":""high""}","{   ""self_reported_group_ca"": 18,   ""self_reported_interpersonal_ca"": 12,   ""self_reported_band_group"": ""moderate"",   ""self_reported_band_interpersonal"": ""low"" }"
fb7b411a0e83ac6fb85bf20c0e62e0f4d1942343126a2d697631c6c3f394df98__v3_public_transit,"{""gt_group_ca"":24,""gt_interpersonal_ca"":21,""gt_group_band"":""high"",""gt_interpersonal_band"":""high""}","{   ""self_reported_group_ca"": 18,   ""self_reported_interpersonal_ca"": 12,   ""self_reported_band_group"": ""moderate"",   ""self_reported_band_interpersonal"": ""low"" }"
fb7b411a0e83ac6fb85bf20c0e62e0f4d1942343126a2d697631c6c3f394df98__v3_voice,"{""gt_group_ca"":24,""gt_interpersonal_ca"":21,""gt_group_band"":""high"",""gt_interpersonal_band"":""high""}","{   ""self_reported_group_ca"": 18,   ""self_reported_interpersonal_ca"": 12,   ""self_reported_band_group"": ""moderate"",   ""self_reported_band_interpersonal"": ""low"" }"
706d491160251e65c2e6100abb167a5ea5e5164111af26d27502e02e1ebad036__demos,"{""gt_group_ca"":18,""gt_interpersonal_ca"":16,""gt_group_band"":""moderate"",""gt_interpersonal_band"":""moderate""}","{   ""self_reported_group_ca"": 18,   ""self_reported_interpersonal_ca"": 12,   ""self_reported_band_group"": ""moderate"",   ""self_reported_band_interpersonal"": ""low"" }"
706d491160251e65c2e6100abb167a5ea5e5164111af26d27502e02e1ebad036__employment,"{""gt_group_ca"":18,""gt_interpersonal_ca"":16,""gt_group_band"":""moderate"",""gt_interpersonal_band"":""moderate""}","{   ""self_reported_group_ca"": 18,   ""self_reported_interpersonal_ca"": 12,   ""self_reported_band_group"": ""moderate"",   ""self_reported_band_interpersonal"": ""low"" }"
706d491160251e65c2e6100abb167a5ea5e5164111af26d27502e02e1ebad036__geo,"{""gt_group_ca"":18,""gt_interpersonal_ca"":16,""gt_group_band"":""moderate"",""gt_interpersonal_band"":""moderate""}","{   ""self_reported_group_ca"": 18,   ""self_reported_interpersonal_ca"": 12,   ""self_reported_band_group"": ""moderate"",   ""self_reported_band_interpersonal"": ""low"" }"
706d491160251e65c2e6100abb167a5ea5e5164111af26d27502e02e1ebad036__transit,"{""gt_group_ca"":18,""gt_interpersonal_ca"":16,""gt_group_band"":""moderate"",""gt_interpersonal_band"":""moderate""}","{   ""self_reported_group_ca"": 18,   ""self_reported_interpersonal_ca"": 12,   ""self_reported_band_group"": ""moderate"",   ""self_reported_band_interpersonal"": ""low"" }"
706d491160251e65c2e6100abb167a5ea5e5164111af26d27502e02e1ebad036__full,"{""gt_group_ca"":18,""gt_interpersonal_ca"":16,""gt_group_band"":""moderate"",""gt_interpersonal_band"":""moderate""}","{   ""self_reported_group_ca"": 18,   ""self_reported_interpersonal_ca"": 12,   ""self_reported_band_group"": ""moderate"",   ""self_reported_band_interpersonal"": ""low"" }"
706d491160251e65c2e6100abb167a5ea5e5164111af26d27502e02e1ebad036__v3_rideshare,"{""gt_group_ca"":18,""gt_interpersonal_ca"":16,""gt_group_band"":""moderate"",""gt_interpersonal_band"":""moderate""}","{   ""self_reported_group_ca"": 18,   ""self_reported_interpersonal_ca"": 12,   ""self_reported_band_group"": ""moderate"",   ""self_reported_band_interpersonal"": ""low"" }"
706d491160251e65c2e6100abb167a5ea5e5164111af26d27502e02e1ebad036__v3_public_transit,"{""gt_group_ca"":18,""gt_interpersonal_ca"":16,""gt_group_band"":""moderate"",""gt_interpersonal_band"":""moderate""}","{   ""self_reported_group_ca"": 18,   ""self_reported_interpersonal_ca"": 12,   ""self_reported_band_group"": ""moderate"",   ""self_reported_band_interpersonal"": ""low"" }"
706d491160251e65c2e6100abb167a5ea5e5164111af26d27502e02e1ebad036__v3_voice,"{""gt_group_ca"":18,""gt_interpersonal_ca"":16,""gt_group_band"":""moderate"",""gt_interpersonal_band"":""moderate""}","{   ""self_reported_group_ca"": 18,   ""self_reported_interpersonal_ca"": 12,   ""self_reported_band_group"": ""moderate"",   ""self_reported_band_interpersonal"": ""low"" }"
2bc2ff887a983471845d3d81ac8964e332a97099ecae176666c0ee714e2e35a6__demos,"{""gt_group_ca"":7,""gt_interpersonal_ca"":7,""gt_group_band"":""low"",""gt_interpersonal_band"":""low""}","{   ""self_reported_group_ca"": 18,   ""self_reported_interpersonal_ca"": 12,   ""self_reported_band_group"": ""moderate"",   ""self_reported_band_interpersonal"": ""low"" }"
2bc2ff887a983471845d3d81ac8964e332a97099ecae176666c0ee714e2e35a6__employment,"{""gt_group_ca"":7,""gt_interpersonal_ca"":7,""gt_group_band"":""low"",""gt_interpersonal_band"":""low""}","{   ""self_reported_group_ca"": 18,   ""self_reported_interpersonal_ca"": 12,   ""self_reported_band_group"": ""moderate"",   ""self_reported_band_interpersonal"": ""low"" }"
2bc2ff887a983471845d3d81ac8964e332a97099ecae176666c0ee714e2e35a6__geo,"{""gt_group_ca"":7,""gt_interpersonal_ca"":7,""gt_group_band"":""low"",""gt_interpersonal_band"":""low""}","{   ""self_reported_group_ca"": 18,   ""self_reported_interpersonal_ca"": 12,   ""self_reported_band_group"": ""moderate"",   ""self_reported_band_interpersonal"": ""low"" }"
2bc2ff887a983471845d3d81ac8964e332a97099ecae176666c0ee714e2e35a6__transit,"{""gt_group_ca"":7,""gt_interpersonal_ca"":7,""gt_group_band"":""low"",""gt_interpersonal_band"":""low""}","{   ""self_reported_group_ca"": 18,   ""self_reported_interpersonal_ca"": 12,   ""self_reported_band_group"": ""moderate"",   ""self_reported_band_interpersonal"": ""low"" }"
2bc2ff887a983471845d3d81ac8964e332a97099ecae176666c0ee714e2e35a6__full,"{""gt_group_ca"":7,""gt_interpersonal_ca"":7,""gt_group_band"":""low"",""gt_interpersonal_band"":""low""}","{   ""self_reported_group_ca"": 18,   ""self_reported_interpersonal_ca"": 12,   ""self_reported_band_group"": ""moderate"",   ""self_reported_band_interpersonal"": ""low"" }"
2bc2ff887a983471845d3d81ac8964e332a97099ecae176666c0ee714e2e35a6__v3_rideshare,"{""gt_group_ca"":7,""gt_interpersonal_ca"":7,""gt_group_band"":""low"",""gt_interpersonal_band"":""low""}","{   ""self_reported_group_ca"": 18,   ""self_reported_interpersonal_ca"": 12,   ""self_reported_band_group"": ""moderate"",   ""self_reported_band_interpersonal"": ""low"" }"
2bc2ff887a983471845d3d81ac8964e332a97099ecae176666c0ee714e2e35a6__v3_public_transit,"{""gt_group_ca"":7,""gt_interpersonal_ca"":7,""gt_group_band"":""low"",""gt_interpersonal_band"":""low""}","{   ""self_reported_group_ca"": 18,   ""self_reported_interpersonal_ca"": 12,   ""self_reported_band_group"": ""moderate"",   ""self_reported_band_interpersonal"": ""low"" }"
2bc2ff887a983471845d3d81ac8964e332a97099ecae176666c0ee714e2e35a6__v3_voice,"{""gt_group_ca"":7,""gt_interpersonal_ca"":7,""gt_group_band"":""low"",""gt_interpersonal_band"":""low""}","{   ""self_reported_group_ca"": 18,   ""self_reported_interpersonal_ca"": 12,   ""self_reported_band_group"": ""moderate"",   ""self_reported_band_interpersonal"": ""low"" }"
96c3fb9271fa667eb5ace8a2b2082e34ec0fbfd6b738717ccb3a8ca47a760a1d__demos,"{""gt_group_ca"":10,""gt_interpersonal_ca"":14,""gt_group_band"":""low"",""gt_interpersonal_band"":""moderate""}","{   ""self_reported_group_ca"": 18,   ""self_reported_interpersonal_ca"": 12,   ""self_reported_band_group"": ""moderate"",   ""self_reported_band_interpersonal"": ""low"" }"
96c3fb9271fa667eb5ace8a2b2082e34ec0fbfd6b738717ccb3a8ca47a760a1d__employment,"{""gt_group_ca"":10,""gt_interpersonal_ca"":14,""gt_group_band"":""low"",""gt_interpersonal_band"":""moderate""}","{   ""self_reported_group_ca"": 18,   ""self_reported_interpersonal_ca"": 12,   ""self_reported_band_group"": ""moderate"",   ""self_reported_band_interpersonal"": ""low"" }"
96c3fb9271fa667eb5ace8a2b2082e34ec0fbfd6b738717ccb3a8ca47a760a1d__geo,"{""gt_group_ca"":10,""gt_interpersonal_ca"":14,""gt_group_band"":""low"",""gt_interpersonal_band"":""moderate""}","{   ""self_reported_group_ca"": 18,   ""self_reported_interpersonal_ca"": 12,   ""self_reported_band_group"": ""moderate"",   ""self_reported_band_interpersonal"": ""low"" }"
96c3fb9271fa667eb5ace8a2b2082e34ec0fbfd6b738717ccb3a8ca47a760a1d__transit,"{""gt_group_ca"":10,""gt_interpersonal_ca"":14,""gt_group_band"":""low"",""gt_interpersonal_band"":""moderate""}","{   ""self_reported_group_ca"": 18,   ""self_reported_interpersonal_ca"": 12,   ""self_reported_band_group"": ""moderate"",   ""self_reported_band_interpersonal"": ""low"" }"
96c3fb9271fa667eb5ace8a2b2082e34ec0fbfd6b738717ccb3a8ca47a760a1d__full,"{""gt_group_ca"":10,""gt_interpersonal_ca"":14,""gt_group_band"":""low"",""gt_interpersonal_band"":""moderate""}","{   ""self_reported_group_ca"": 18,   ""self_reported_interpersonal_ca"": 12,   ""self_reported_band_group"": ""moderate"",   ""self_reported_band_interpersonal"": ""low"" }"
96c3fb9271fa667eb5ace8a2b2082e34ec0fbfd6b738717ccb3a8ca47a760a1d__v3_rideshare,"{""gt_group_ca"":10,""gt_interpersonal_ca"":14,""gt_group_band"":""low"",""gt_interpersonal_band"":""moderate""}","{   ""self_reported_group_ca"": 18,   ""self_reported_interpersonal_ca"": 12,   ""self_reported_band_group"": ""moderate"",   ""self_reported_band_interpersonal"": ""low"" }"
96c3fb9271fa667eb5ace8a2b2082e34ec0fbfd6b738717ccb3a8ca47a760a1d__v3_public_transit,"{""gt_group_ca"":10,""gt_interpersonal_ca"":14,""gt_group_band"":""low"",""gt_interpersonal_band"":""moderate""}","{   ""self_reported_group_ca"": 18,   ""self_reported_interpersonal_ca"": 12,   ""self_reported_band_group"": ""moderate"",   ""self_reported_band_interpersonal"": ""low"" }"
96c3fb9271fa667eb5ace8a2b2082e34ec0fbfd6b738717ccb3a8ca47a760a1d__v3_voice,"{""gt_group_ca"":10,""gt_interpersonal_ca"":14,""gt_group_band"":""low"",""gt_interpersonal_band"":""moderate""}","{   ""self_reported_group_ca"": 16,   ""self_reported_interpersonal_ca"": 10,   ""self_reported_band_group"": ""moderate"",   ""self_reported_band_interpersonal"": ""low"" }"
247752584b0f1056a1252063ca44aec54c1542e029709ec4d018d3b509f2abe0__demos,"{""gt_group_ca"":13,""gt_interpersonal_ca"":9,""gt_group_band"":""low"",""gt_interpersonal_band"":""low""}","{   ""self_reported_group_ca"": 18,   ""self_reported_interpersonal_ca"": 12,   ""self_reported_band_group"": ""moderate"",   ""self_reported_band_interpersonal"": ""low"" }"
247752584b0f1056a1252063ca44aec54c1542e029709ec4d018d3b509f2abe0__employment,"{""gt_group_ca"":13,""gt_interpersonal_ca"":9,""gt_group_band"":""low"",""gt_interpersonal_band"":""low""}","{   ""self_reported_group_ca"": 18,   ""self_reported_interpersonal_ca"": 12,   ""self_reported_band_group"": ""moderate"",   ""self_reported_band_interpersonal"": ""low"" }"
247752584b0f1056a1252063ca44aec54c1542e029709ec4d018d3b509f2abe0__geo,"{""gt_group_ca"":13,""gt_interpersonal_ca"":9,""gt_group_band"":""low"",""gt_interpersonal_band"":""low""}","{   ""self_reported_group_ca"": 18,   ""self_reported_interpersonal_ca"": 12,   ""self_reported_band_group"": ""moderate"",   ""self_reported_band_interpersonal"": ""low"" }"
247752584b0f1056a1252063ca44aec54c1542e029709ec4d018d3b509f2abe0__transit,"{""gt_group_ca"":13,""gt_interpersonal_ca"":9,""gt_group_band"":""low"",""gt_interpersonal_band"":""low""}","{   ""self_reported_group_ca"": 18,   ""self_reported_interpersonal_ca"": 12,   ""self_reported_band_group"": ""moderate"",   ""self_reported_band_interpersonal"": ""low"" }"
247752584b0f1056a1252063ca44aec54c1542e029709ec4d018d3b509f2abe0__full,"{""gt_group_ca"":13,""gt_interpersonal_ca"":9,""gt_group_band"":""low"",""gt_interpersonal_band"":""low""}","{   ""self_reported_group_ca"": 18,   ""self_reported_interpersonal_ca"": 12,   ""self_reported_band_group"": ""moderate"",   ""self_reported_band_interpersonal"": ""low"" }"
247752584b0f1056a1252063ca44aec54c1542e029709ec4d018d3b509f2abe0__v3_rideshare,"{""gt_group_ca"":13,""gt_interpersonal_ca"":9,""gt_group_band"":""low"",""gt_interpersonal_band"":""low""}","{   ""self_reported_group_ca"": 18,   ""self_reported_interpersonal_ca"": 12,   ""self_reported_band_group"": ""moderate"",   ""self_reported_band_interpersonal"": ""low"" }"
247752584b0f1056a1252063ca44aec54c1542e029709ec4d018d3b509f2abe0__v3_public_transit,"{""gt_group_ca"":13,""gt_interpersonal_ca"":9,""gt_group_band"":""low"",""gt_interpersonal_band"":""low""}","{   ""self_reported_group_ca"": 18,   ""self_reported_interpersonal_ca"": 12,   ""self_reported_band_group"": ""moderate"",   ""self_reported_band_interpersonal"": ""low"" }"
247752584b0f1056a1252063ca44aec54c1542e029709ec4d018d3b509f2abe0__v3_voice,"{""gt_group_ca"":13,""gt_interpersonal_ca"":9,""gt_group_band"":""low"",""gt_interpersonal_band"":""low""}","{   ""self_reported_group_ca"": 18,   ""self_reported_interpersonal_ca"": 12,   ""self_reported_band_group"": ""moderate"",   ""self_reported_band_interpersonal"": ""low"" }"
492e95559cabe4d9449360b650f08bafb7a10486536308ce7d5bd5057e8d206c__demos,"{""gt_group_ca"":6,""gt_interpersonal_ca"":6,""gt_group_band"":""low"",""gt_interpersonal_band"":""low""}","{   ""self_reported_group_ca"": 18,   ""self_reported_interpersonal_ca"": 12,   ""self_reported_band_group"": ""moderate"",   ""self_reported_band_interpersonal"": ""low"" }"
492e95559cabe4d9449360b650f08bafb7a10486536308ce7d5bd5057e8d206c__employment,"{""gt_group_ca"":6,""gt_interpersonal_ca"":6,""gt_group_band"":""low"",""gt_interpersonal_band"":""low""}","{   ""self_reported_group_ca"": 18,   ""self_reported_interpersonal_ca"": 12,   ""self_reported_band_group"": ""moderate"",   ""self_reported_band_interpersonal"": ""low"" }"
492e95559cabe4d9449360b650f08bafb7a10486536308ce7d5bd5057e8d206c__geo,"{""gt_group_ca"":6,""gt_interpersonal_ca"":6,""gt_group_band"":""low"",""gt_interpersonal_band"":""low""}","{   ""self_reported_group_ca"": 18,   ""self_reported_interpersonal_ca"": 12,   ""self_reported_band_group"": ""moderate"",   ""self_reported_band_interpersonal"": ""low"" }"
492e95559cabe4d9449360b650f08bafb7a10486536308ce7d5bd5057e8d206c__transit,"{""gt_group_ca"":6,""gt_interpersonal_ca"":6,""gt_group_band"":""low"",""gt_interpersonal_band"":""low""}","{   ""self_reported_group_ca"": 18,   ""self_reported_interpersonal_ca"": 12,   ""self_reported_band_group"": ""moderate"",   ""self_reported_band_interpersonal"": ""low"" }"
492e95559cabe4d9449360b650f08bafb7a10486536308ce7d5bd5057e8d206c__full,"{""gt_group_ca"":6,""gt_interpersonal_ca"":6,""gt_group_band"":""low"",""gt_interpersonal_band"":""low""}","{   ""self_reported_group_ca"": 18,   ""self_reported_interpersonal_ca"": 12,   ""self_reported_band_group"": ""moderate"",   ""self_reported_band_interpersonal"": ""low"" }"
492e95559cabe4d9449360b650f08bafb7a10486536308ce7d5bd5057e8d206c__v3_rideshare,"{""gt_group_ca"":6,""gt_interpersonal_ca"":6,""gt_group_band"":""low"",""gt_interpersonal_band"":""low""}","{   ""self_reported_group_ca"": 18,   ""self_reported_interpersonal_ca"": 12,   ""self_reported_band_group"": ""moderate"",   ""self_reported_band_interpersonal"": ""low"" }"
492e95559cabe4d9449360b650f08bafb7a10486536308ce7d5bd5057e8d206c__v3_public_transit,"{""gt_group_ca"":6,""gt_interpersonal_ca"":6,""gt_group_band"":""low"",""gt_interpersonal_band"":""low""}","{   ""self_reported_group_ca"": 18,   ""self_reported_interpersonal_ca"": 12,   ""self_reported_band_group"": ""moderate"",   ""self_reported_band_interpersonal"": ""low"" }"
492e95559cabe4d9449360b650f08bafb7a10486536308ce7d5bd5057e8d206c__v3_voice,"{""gt_group_ca"":6,""gt_interpersonal_ca"":6,""gt_group_band"":""low"",""gt_interpersonal_band"":""low""}","{   ""self_reported_group_ca"": 18,   ""self_reported_interpersonal_ca"": 12,   ""self_reported_band_group"": ""moderate"",   ""self_reported_band_interpersonal"": ""low"" }"
f5a66297007dc67c8321d56e0778fd9da5683c56fce8d5f619c6d0504fd77540__demos,"{""gt_group_ca"":17,""gt_interpersonal_ca"":16,""gt_group_band"":""moderate"",""gt_interpersonal_band"":""moderate""}","{   ""self_reported_group_ca"": 18,   ""self_reported_interpersonal_ca"": 12,   ""self_reported_band_group"": ""moderate"",   ""self_reported_band_interpersonal"": ""low"" }"
f5a66297007dc67c8321d56e0778fd9da5683c56fce8d5f619c6d0504fd77540__employment,"{""gt_group_ca"":17,""gt_interpersonal_ca"":16,""gt_group_band"":""moderate"",""gt_interpersonal_band"":""moderate""}","{   ""self_reported_group_ca"": 18,   ""self_reported_interpersonal_ca"": 12,   ""self_reported_band_group"": ""moderate"",   ""self_reported_band_interpersonal"": ""low"" }"
f5a66297007dc67c8321d56e0778fd9da5683c56fce8d5f619c6d0504fd77540__geo,"{""gt_group_ca"":17,""gt_interpersonal_ca"":16,""gt_group_band"":""moderate"",""gt_interpersonal_band"":""moderate""}","{   ""self_reported_group_ca"": 18,   ""self_reported_interpersonal_ca"": 12,   ""self_reported_band_group"": ""moderate"",   ""self_reported_band_interpersonal"": ""low"" }"
f5a66297007dc67c8321d56e0778fd9da5683c56fce8d5f619c6d0504fd77540__transit,"{""gt_group_ca"":17,""gt_interpersonal_ca"":16,""gt_group_band"":""moderate"",""gt_interpersonal_band"":""moderate""}","{   ""self_reported_group_ca"": 18,   ""self_reported_interpersonal_ca"": 12,   ""self_reported_band_group"": ""moderate"",   ""self_reported_band_interpersonal"": ""low"" }"
f5a66297007dc67c8321d56e0778fd9da5683c56fce8d5f619c6d0504fd77540__full,"{""gt_group_ca"":17,""gt_interpersonal_ca"":16,""gt_group_band"":""moderate"",""gt_interpersonal_band"":""moderate""}","{   ""self_reported_group_ca"": 18,   ""self_reported_interpersonal_ca"": 12,   ""self_reported_band_group"": ""moderate"",   ""self_reported_band_interpersonal"": ""low"" }"
f5a66297007dc67c8321d56e0778fd9da5683c56fce8d5f619c6d0504fd77540__v3_rideshare,"{""gt_group_ca"":17,""gt_interpersonal_ca"":16,""gt_group_band"":""moderate"",""gt_interpersonal_band"":""moderate""}","{   ""self_reported_group_ca"": 18,   ""self_reported_interpersonal_ca"": 12,   ""self_reported_band_group"": ""moderate"",   ""self_reported_band_interpersonal"": ""low"" }"
f5a66297007dc67c8321d56e0778fd9da5683c56fce8d5f619c6d0504fd77540__v3_public_transit,"{""gt_group_ca"":17,""gt_interpersonal_ca"":16,""gt_group_band"":""moderate"",""gt_interpersonal_band"":""moderate""}","{   ""self_reported_group_ca"": 18,   ""self_reported_interpersonal_ca"": 12,   ""self_reported_band_group"": ""moderate"",   ""self_reported_band_interpersonal"": ""low"" }"
f5a66297007dc67c8321d56e0778fd9da5683c56fce8d5f619c6d0504fd77540__v3_voice,"{""gt_group_ca"":17,""gt_interpersonal_ca"":16,""gt_group_band"":""moderate"",""gt_interpersonal_band"":""moderate""}","{   ""self_reported_group_ca"": 18,   ""self_reported_interpersonal_ca"": 12,   ""self_reported_band_group"": ""moderate"",   ""self_reported_band_interpersonal"": ""low"" }"
21e912ebf7857c343510fd53b5c3fbf79f5ce4b4804d22d7525d783be87a0cec__demos,"{""gt_group_ca"":13,""gt_interpersonal_ca"":11,""gt_group_band"":""low"",""gt_interpersonal_band"":""low""}","{   ""self_reported_group_ca"": 18,   ""self_reported_interpersonal_ca"": 12,   ""self_reported_band_group"": ""moderate"",   ""self_reported_band_interpersonal"": ""low"" }"
21e912ebf7857c343510fd53b5c3fbf79f5ce4b4804d22d7525d783be87a0cec__employment,"{""gt_group_ca"":13,""gt_interpersonal_ca"":11,""gt_group_band"":""low"",""gt_interpersonal_band"":""low""}","{   ""self_reported_group_ca"": 18,   ""self_reported_interpersonal_ca"": 12,   ""self_reported_band_group"": ""moderate"",   ""self_reported_band_interpersonal"": ""low"" }"
21e912ebf7857c343510fd53b5c3fbf79f5ce4b4804d22d7525d783be87a0cec__geo,"{""gt_group_ca"":13,""gt_interpersonal_ca"":11,""gt_group_band"":""low"",""gt_interpersonal_band"":""low""}","{   ""self_reported_group_ca"": 18,   ""self_reported_interpersonal_ca"": 12,   ""self_reported_band_group"": ""moderate"",   ""self_reported_band_interpersonal"": ""low"" }"
21e912ebf7857c343510fd53b5c3fbf79f5ce4b4804d22d7525d783be87a0cec__transit,"{""gt_group_ca"":13,""gt_interpersonal_ca"":11,""gt_group_band"":""low"",""gt_interpersonal_band"":""low""}","{   ""self_reported_group_ca"": 18,   ""self_reported_interpersonal_ca"": 12,   ""self_reported_band_group"": ""moderate"",   ""self_reported_band_interpersonal"": ""low"" }"
21e912ebf7857c343510fd53b5c3fbf79f5ce4b4804d22d7525d783be87a0cec__full,"{""gt_group_ca"":13,""gt_interpersonal_ca"":11,""gt_group_band"":""low"",""gt_interpersonal_band"":""low""}","{   ""self_reported_group_ca"": 18,   ""self_reported_interpersonal_ca"": 12,   ""self_reported_band_group"": ""moderate"",   ""self_reported_band_interpersonal"": ""low"" }"
21e912ebf7857c343510fd53b5c3fbf79f5ce4b4804d22d7525d783be87a0cec__v3_rideshare,"{""gt_group_ca"":13,""gt_interpersonal_ca"":11,""gt_group_band"":""low"",""gt_interpersonal_band"":""low""}","{   ""self_reported_group_ca"": 18,   ""self_reported_interpersonal_ca"": 12,   ""self_reported_band_group"": ""moderate"",   ""self_reported_band_interpersonal"": ""low"" }"
21e912ebf7857c343510fd53b5c3fbf79f5ce4b4804d22d7525d783be87a0cec__v3_public_transit,"{""gt_group_ca"":13,""gt_interpersonal_ca"":11,""gt_group_band"":""low"",""gt_interpersonal_band"":""low""}","{   ""self_reported_group_ca"": 18,   ""self_reported_interpersonal_ca"": 12,   ""self_reported_band_group"": ""moderate"",   ""self_reported_band_interpersonal"": ""low"" }"
21e912ebf7857c343510fd53b5c3fbf79f5ce4b4804d22d7525d783be87a0cec__v3_voice,"{""gt_group_ca"":13,""gt_interpersonal_ca"":11,""gt_group_band"":""low"",""gt_interpersonal_band"":""low""}","{   ""self_reported_group_ca"": 18,   ""self_reported_interpersonal_ca"": 12,   ""self_reported_band_group"": ""moderate"",   ""self_reported_band_interpersonal"": ""low"" }"
3eebe5b3376e12915fe73703356e0637dadaaac3df3ff282b440816b09209668__demos,"{""gt_group_ca"":16,""gt_interpersonal_ca"":21,""gt_group_band"":""moderate"",""gt_interpersonal_band"":""high""}","{   ""self_reported_group_ca"": 18,   ""self_reported_interpersonal_ca"": 12,   ""self_reported_band_group"": ""moderate"",   ""self_reported_band_interpersonal"": ""low"" }"
3eebe5b3376e12915fe73703356e0637dadaaac3df3ff282b440816b09209668__employment,"{""gt_group_ca"":16,""gt_interpersonal_ca"":21,""gt_group_band"":""moderate"",""gt_interpersonal_band"":""high""}","{   ""self_reported_group_ca"": 18,   ""self_reported_interpersonal_ca"": 12,   ""self_reported_band_group"": ""moderate"",   ""self_reported_band_interpersonal"": ""low"" }"
3eebe5b3376e12915fe73703356e0637dadaaac3df3ff282b440816b09209668__geo,"{""gt_group_ca"":16,""gt_interpersonal_ca"":21,""gt_group_band"":""moderate"",""gt_interpersonal_band"":""high""}","{   ""self_reported_group_ca"": 18,   ""self_reported_interpersonal_ca"": 12,   ""self_reported_band_group"": ""moderate"",   ""self_reported_band_interpersonal"": ""low"" }"
3eebe5b3376e12915fe73703356e0637dadaaac3df3ff282b440816b09209668__transit,"{""gt_group_ca"":16,""gt_interpersonal_ca"":21,""gt_group_band"":""moderate"",""gt_interpersonal_band"":""high""}","{   ""self_reported_group_ca"": 18,   ""self_reported_interpersonal_ca"": 12,   ""self_reported_band_group"": ""moderate"",   ""self_reported_band_interpersonal"": ""low"" }"
3eebe5b3376e12915fe73703356e0637dadaaac3df3ff282b440816b09209668__full,"{""gt_group_ca"":16,""gt_interpersonal_ca"":21,""gt_group_band"":""moderate"",""gt_interpersonal_band"":""high""}","{   ""self_reported_group_ca"": 18,   ""self_reported_interpersonal_ca"": 12,   ""self_reported_band_group"": ""moderate"",   ""self_reported_band_interpersonal"": ""low"" }"
3eebe5b3376e12915fe73703356e0637dadaaac3df3ff282b440816b09209668__v3_rideshare,"{""gt_group_ca"":16,""gt_interpersonal_ca"":21,""gt_group_band"":""moderate"",""gt_interpersonal_band"":""high""}","{   ""self_reported_group_ca"": 18,   ""self_reported_interpersonal_ca"": 12,   ""self_reported_band_group"": ""moderate"",   ""self_reported_band_interpersonal"": ""low"" }"
3eebe5b3376e12915fe73703356e0637dadaaac3df3ff282b440816b09209668__v3_public_transit,"{""gt_group_ca"":16,""gt_interpersonal_ca"":21,""gt_group_band"":""moderate"",""gt_interpersonal_band"":""high""}","{   ""self_reported_group_ca"": 18,   ""self_reported_interpersonal_ca"": 12,   ""self_reported_band_group"": ""moderate"",   ""self_reported_band_interpersonal"": ""low"" }"
3eebe5b3376e12915fe73703356e0637dadaaac3df3ff282b440816b09209668__v3_voice,"{""gt_group_ca"":16,""gt_interpersonal_ca"":21,""gt_group_band"":""moderate"",""gt_interpersonal_band"":""high""}","{   ""self_reported_group_ca"": 18,   ""self_reported_interpersonal_ca"": 12,   ""self_reported_band_group"": ""moderate"",   ""self_reported_band_interpersonal"": ""low"" }"
24aec908fc451525c562f3c971195b9b6b62b596a3e9dc18f5531b440898d4ab__demos,"{""gt_group_ca"":12,""gt_interpersonal_ca"":12,""gt_group_band"":""low"",""gt_interpersonal_band"":""low""}","{   ""self_reported_group_ca"": 18,   ""self_reported_interpersonal_ca"": 12,   ""self_reported_band_group"": ""moderate"",   ""self_reported_band_interpersonal"": ""low"" }"
24aec908fc451525c562f3c971195b9b6b62b596a3e9dc18f5531b440898d4ab__employment,"{""gt_group_ca"":12,""gt_interpersonal_ca"":12,""gt_group_band"":""low"",""gt_interpersonal_band"":""low""}","{   ""self_reported_group_ca"": 18,   ""self_reported_interpersonal_ca"": 12,   ""self_reported_band_group"": ""moderate"",   ""self_reported_band_interpersonal"": ""low"" }"
24aec908fc451525c562f3c971195b9b6b62b596a3e9dc18f5531b440898d4ab__geo,"{""gt_group_ca"":12,""gt_interpersonal_ca"":12,""gt_group_band"":""low"",""gt_interpersonal_band"":""low""}","{   ""self_reported_group_ca"": 18,   ""self_reported_interpersonal_ca"": 12,   ""self_reported_band_group"": ""moderate"",   ""self_reported_band_interpersonal"": ""low"" }"
24aec908fc451525c562f3c971195b9b6b62b596a3e9dc18f5531b440898d4ab__transit,"{""gt_group_ca"":12,""gt_interpersonal_ca"":12,""gt_group_band"":""low"",""gt_interpersonal_band"":""low""}","{   ""self_reported_group_ca"": 18,   ""self_reported_interpersonal_ca"": 12,   ""self_reported_band_group"": ""moderate"",   ""self_reported_band_interpersonal"": ""low"" }"
24aec908fc451525c562f3c971195b9b6b62b596a3e9dc18f5531b440898d4ab__full,"{""gt_group_ca"":12,""gt_interpersonal_ca"":12,""gt_group_band"":""low"",""gt_interpersonal_band"":""low""}","{   ""self_reported_group_ca"": 18,   ""self_reported_interpersonal_ca"": 12,   ""self_reported_band_group"": ""moderate"",   ""self_reported_band_interpersonal"": ""low"" }"
24aec908fc451525c562f3c971195b9b6b62b596a3e9dc18f5531b440898d4ab__v3_rideshare,"{""gt_group_ca"":12,""gt_interpersonal_ca"":12,""gt_group_band"":""low"",""gt_interpersonal_band"":""low""}","{   ""self_reported_group_ca"": 18,   ""self_reported_interpersonal_ca"": 12,   ""self_reported_band_group"": ""moderate"",   ""self_reported_band_interpersonal"": ""low"" }"
24aec908fc451525c562f3c971195b9b6b62b596a3e9dc18f5531b440898d4ab__v3_public_transit,"{""gt_group_ca"":12,""gt_interpersonal_ca"":12,""gt_group_band"":""low"",""gt_interpersonal_band"":""low""}","{   ""self_reported_group_ca"": 18,   ""self_reported_interpersonal_ca"": 12,   ""self_reported_band_group"": ""moderate"",   ""self_reported_band_interpersonal"": ""low"" }"
24aec908fc451525c562f3c971195b9b6b62b596a3e9dc18f5531b440898d4ab__v3_voice,"{""gt_group_ca"":12,""gt_interpersonal_ca"":12,""gt_group_band"":""low"",""gt_interpersonal_band"":""low""}","{   ""self_reported_group_ca"": 18,   ""self_reported_interpersonal_ca"": 12,   ""self_reported_band_group"": ""moderate"",   ""self_reported_band_interpersonal"": ""low"" }"
6de01ad713f78e3f71a356e1ddf72747325b0da002f0ae18dd9f59fe8b4c7783__demos,"{""gt_group_ca"":9,""gt_interpersonal_ca"":6,""gt_group_band"":""low"",""gt_interpersonal_band"":""low""}","{   ""self_reported_group_ca"": 18,   ""self_reported_interpersonal_ca"": 12,   ""self_reported_band_group"": ""moderate"",   ""self_reported_band_interpersonal"": ""low"" }"
6de01ad713f78e3f71a356e1ddf72747325b0da002f0ae18dd9f59fe8b4c7783__employment,"{""gt_group_ca"":9,""gt_interpersonal_ca"":6,""gt_group_band"":""low"",""gt_interpersonal_band"":""low""}","{   ""self_reported_group_ca"": 18,   ""self_reported_interpersonal_ca"": 12,   ""self_reported_band_group"": ""moderate"",   ""self_reported_band_interpersonal"": ""low"" }"
6de01ad713f78e3f71a356e1ddf72747325b0da002f0ae18dd9f59fe8b4c7783__geo,"{""gt_group_ca"":9,""gt_interpersonal_ca"":6,""gt_group_band"":""low"",""gt_interpersonal_band"":""low""}","{   ""self_reported_group_ca"": 18,   ""self_reported_interpersonal_ca"": 12,   ""self_reported_band_group"": ""moderate"",   ""self_reported_band_interpersonal"": ""low"" }"
6de01ad713f78e3f71a356e1ddf72747325b0da002f0ae18dd9f59fe8b4c7783__transit,"{""gt_group_ca"":9,""gt_interpersonal_ca"":6,""gt_group_band"":""low"",""gt_interpersonal_band"":""low""}","{   ""self_reported_group_ca"": 18,   ""self_reported_interpersonal_ca"": 12,   ""self_reported_band_group"": ""moderate"",   ""self_reported_band_interpersonal"": ""low"" }"
6de01ad713f78e3f71a356e1ddf72747325b0da002f0ae18dd9f59fe8b4c7783__full,"{""gt_group_ca"":9,""gt_interpersonal_ca"":6,""gt_group_band"":""low"",""gt_interpersonal_band"":""low""}","{   ""self_reported_group_ca"": 18,   ""self_reported_interpersonal_ca"": 12,   ""self_reported_band_group"": ""moderate"",   ""self_reported_band_interpersonal"": ""low"" }"
6de01ad713f78e3f71a356e1ddf72747325b0da002f0ae18dd9f59fe8b4c7783__v3_rideshare,"{""gt_group_ca"":9,""gt_interpersonal_ca"":6,""gt_group_band"":""low"",""gt_interpersonal_band"":""low""}","{   ""self_reported_group_ca"": 18,   ""self_reported_interpersonal_ca"": 12,   ""self_reported_band_group"": ""moderate"",   ""self_reported_band_interpersonal"": ""low"" }"
6de01ad713f78e3f71a356e1ddf72747325b0da002f0ae18dd9f59fe8b4c7783__v3_public_transit,"{""gt_group_ca"":9,""gt_interpersonal_ca"":6,""gt_group_band"":""low"",""gt_interpersonal_band"":""low""}","{   ""self_reported_group_ca"": 18,   ""self_reported_interpersonal_ca"": 12,   ""self_reported_band_group"": ""moderate"",   ""self_reported_band_interpersonal"": ""low"" }"
6de01ad713f78e3f71a356e1ddf72747325b0da002f0ae18dd9f59fe8b4c7783__v3_voice,"{""gt_group_ca"":9,""gt_interpersonal_ca"":6,""gt_group_band"":""low"",""gt_interpersonal_band"":""low""}","{   ""self_reported_group_ca"": 18,   ""self_reported_interpersonal_ca"": 12,   ""self_reported_band_group"": ""moderate"",   ""self_reported_band_interpersonal"": ""low"" }"
7e302e00ae17d666575bc5cf542a77f3597bcc9b8647aa3077ce0e248c42b8aa__demos,"{""gt_group_ca"":14,""gt_interpersonal_ca"":13,""gt_group_band"":""moderate"",""gt_interpersonal_band"":""low""}","{   ""self_reported_group_ca"": 18,   ""self_reported_interpersonal_ca"": 12,   ""self_reported_band_group"": ""moderate"",   ""self_reported_band_interpersonal"": ""low"" }"
7e302e00ae17d666575bc5cf542a77f3597bcc9b8647aa3077ce0e248c42b8aa__employment,"{""gt_group_ca"":14,""gt_interpersonal_ca"":13,""gt_group_band"":""moderate"",""gt_interpersonal_band"":""low""}","{   ""self_reported_group_ca"": 18,   ""self_reported_interpersonal_ca"": 12,   ""self_reported_band_group"": ""moderate"",   ""self_reported_band_interpersonal"": ""low"" }"
7e302e00ae17d666575bc5cf542a77f3597bcc9b8647aa3077ce0e248c42b8aa__geo,"{""gt_group_ca"":14,""gt_interpersonal_ca"":13,""gt_group_band"":""moderate"",""gt_interpersonal_band"":""low""}","{   ""self_reported_group_ca"": 18,   ""self_reported_interpersonal_ca"": 12,   ""self_reported_band_group"": ""moderate"",   ""self_reported_band_interpersonal"": ""low"" }"
7e302e00ae17d666575bc5cf542a77f3597bcc9b8647aa3077ce0e248c42b8aa__transit,"{""gt_group_ca"":14,""gt_interpersonal_ca"":13,""gt_group_band"":""moderate"",""gt_interpersonal_band"":""low""}","{   ""self_reported_group_ca"": 18,   ""self_reported_interpersonal_ca"": 12,   ""self_reported_band_group"": ""moderate"",   ""self_reported_band_interpersonal"": ""low"" }"
7e302e00ae17d666575bc5cf542a77f3597bcc9b8647aa3077ce0e248c42b8aa__full,"{""gt_group_ca"":14,""gt_interpersonal_ca"":13,""gt_group_band"":""moderate"",""gt_interpersonal_band"":""low""}","{   ""self_reported_group_ca"": 18,   ""self_reported_interpersonal_ca"": 12,   ""self_reported_band_group"": ""moderate"",   ""self_reported_band_interpersonal"": ""low"" }"
7e302e00ae17d666575bc5cf542a77f3597bcc9b8647aa3077ce0e248c42b8aa__v3_rideshare,"{""gt_group_ca"":14,""gt_interpersonal_ca"":13,""gt_group_band"":""moderate"",""gt_interpersonal_band"":""low""}","{   ""self_reported_group_ca"": 18,   ""self_reported_interpersonal_ca"": 12,   ""self_reported_band_group"": ""moderate"",   ""self_reported_band_interpersonal"": ""low"" }"
7e302e00ae17d666575bc5cf542a77f3597bcc9b8647aa3077ce0e248c42b8aa__v3_public_transit,"{""gt_group_ca"":14,""gt_interpersonal_ca"":13,""gt_group_band"":""moderate"",""gt_interpersonal_band"":""low""}","{   ""self_reported_group_ca"": 18,   ""self_reported_interpersonal_ca"": 12,   ""self_reported_band_group"": ""moderate"",   ""self_reported_band_interpersonal"": ""low"" }"
7e302e00ae17d666575bc5cf542a77f3597bcc9b8647aa3077ce0e248c42b8aa__v3_voice,"{""gt_group_ca"":14,""gt_interpersonal_ca"":13,""gt_group_band"":""moderate"",""gt_interpersonal_band"":""low""}","{   ""self_reported_group_ca"": 18,   ""self_reported_interpersonal_ca"": 12,   ""self_reported_band_group"": ""moderate"",   ""self_reported_band_interpersonal"": ""low"" }"
4e8344dc173b5b2cb43965d938d7c40cdab36337a287acae508bb41b28d6db27__demos,"{""gt_group_ca"":11,""gt_interpersonal_ca"":10,""gt_group_band"":""low"",""gt_interpersonal_band"":""low""}","{   ""self_reported_group_ca"": 18,   ""self_reported_interpersonal_ca"": 12,   ""self_reported_band_group"": ""moderate"",   ""self_reported_band_interpersonal"": ""low"" }"
4e8344dc173b5b2cb43965d938d7c40cdab36337a287acae508bb41b28d6db27__employment,"{""gt_group_ca"":11,""gt_interpersonal_ca"":10,""gt_group_band"":""low"",""gt_interpersonal_band"":""low""}","{   ""self_reported_group_ca"": 18,   ""self_reported_interpersonal_ca"": 12,   ""self_reported_band_group"": ""moderate"",   ""self_reported_band_interpersonal"": ""low"" }"
4e8344dc173b5b2cb43965d938d7c40cdab36337a287acae508bb41b28d6db27__geo,"{""gt_group_ca"":11,""gt_interpersonal_ca"":10,""gt_group_band"":""low"",""gt_interpersonal_band"":""low""}","{   ""self_reported_group_ca"": 18,   ""self_reported_interpersonal_ca"": 12,   ""self_reported_band_group"": ""moderate"",   ""self_reported_band_interpersonal"": ""low"" }"
4e8344dc173b5b2cb43965d938d7c40cdab36337a287acae508bb41b28d6db27__transit,"{""gt_group_ca"":11,""gt_interpersonal_ca"":10,""gt_group_band"":""low"",""gt_interpersonal_band"":""low""}","{   ""self_reported_group_ca"": 18,   ""self_reported_interpersonal_ca"": 12,   ""self_reported_band_group"": ""moderate"",   ""self_reported_band_interpersonal"": ""low"" }"
4e8344dc173b5b2cb43965d938d7c40cdab36337a287acae508bb41b28d6db27__full,"{""gt_group_ca"":11,""gt_interpersonal_ca"":10,""gt_group_band"":""low"",""gt_interpersonal_band"":""low""}","{   ""self_reported_group_ca"": 18,   ""self_reported_interpersonal_ca"": 12,   ""self_reported_band_group"": ""moderate"",   ""self_reported_band_interpersonal"": ""low"" }"
4e8344dc173b5b2cb43965d938d7c40cdab36337a287acae508bb41b28d6db27__v3_rideshare,"{""gt_group_ca"":11,""gt_interpersonal_ca"":10,""gt_group_band"":""low"",""gt_interpersonal_band"":""low""}","{   ""self_reported_group_ca"": 18,   ""self_reported_interpersonal_ca"": 12,   ""self_reported_band_group"": ""moderate"",   ""self_reported_band_interpersonal"": ""low"" }"
4e8344dc173b5b2cb43965d938d7c40cdab36337a287acae508bb41b28d6db27__v3_public_transit,"{""gt_group_ca"":11,""gt_interpersonal_ca"":10,""gt_group_band"":""low"",""gt_interpersonal_band"":""low""}","{   ""self_reported_group_ca"": 18,   ""self_reported_interpersonal_ca"": 12,   ""self_reported_band_group"": ""moderate"",   ""self_reported_band_interpersonal"": ""low"" }"
4e8344dc173b5b2cb43965d938d7c40cdab36337a287acae508bb41b28d6db27__v3_voice,"{""gt_group_ca"":11,""gt_interpersonal_ca"":10,""gt_group_band"":""low"",""gt_interpersonal_band"":""low""}","{   ""self_reported_group_ca"": 18,   ""self_reported_interpersonal_ca"": 12,   ""self_reported_band_group"": ""moderate"",   ""self_reported_band_interpersonal"": ""low"" }"
78658c9aa04078524d959ce38d2eacab4775d10f6612ff2d75d9773a56af4e9e__demos,"{""gt_group_ca"":18,""gt_interpersonal_ca"":15,""gt_group_band"":""moderate"",""gt_interpersonal_band"":""moderate""}","{   ""self_reported_group_ca"": 18,   ""self_reported_interpersonal_ca"": 12,   ""self_reported_band_group"": ""moderate"",   ""self_reported_band_interpersonal"": ""low"" }"
78658c9aa04078524d959ce38d2eacab4775d10f6612ff2d75d9773a56af4e9e__employment,"{""gt_group_ca"":18,""gt_interpersonal_ca"":15,""gt_group_band"":""moderate"",""gt_interpersonal_band"":""moderate""}","{   ""self_reported_group_ca"": 18,   ""self_reported_interpersonal_ca"": 12,   ""self_reported_band_group"": ""moderate"",   ""self_reported_band_interpersonal"": ""low"" }"
78658c9aa04078524d959ce38d2eacab4775d10f6612ff2d75d9773a56af4e9e__geo,"{""gt_group_ca"":18,""gt_interpersonal_ca"":15,""gt_group_band"":""moderate"",""gt_interpersonal_band"":""moderate""}","{   ""self_reported_group_ca"": 18,   ""self_reported_interpersonal_ca"": 12,   ""self_reported_band_group"": ""moderate"",   ""self_reported_band_interpersonal"": ""low"" }"
78658c9aa04078524d959ce38d2eacab4775d10f6612ff2d75d9773a56af4e9e__transit,"{""gt_group_ca"":18,""gt_interpersonal_ca"":15,""gt_group_band"":""moderate"",""gt_interpersonal_band"":""moderate""}","{   ""self_reported_group_ca"": 18,   ""self_reported_interpersonal_ca"": 12,   ""self_reported_band_group"": ""moderate"",   ""self_reported_band_interpersonal"": ""low"" }"
78658c9aa04078524d959ce38d2eacab4775d10f6612ff2d75d9773a56af4e9e__full,"{""gt_group_ca"":18,""gt_interpersonal_ca"":15,""gt_group_band"":""moderate"",""gt_interpersonal_band"":""moderate""}","{   ""self_reported_group_ca"": 18,   ""self_reported_interpersonal_ca"": 12,   ""self_reported_band_group"": ""moderate"",   ""self_reported_band_interpersonal"": ""low"" }"
78658c9aa04078524d959ce38d2eacab4775d10f6612ff2d75d9773a56af4e9e__v3_rideshare,"{""gt_group_ca"":18,""gt_interpersonal_ca"":15,""gt_group_band"":""moderate"",""gt_interpersonal_band"":""moderate""}","{   ""self_reported_group_ca"": 18,   ""self_reported_interpersonal_ca"": 12,   ""self_reported_band_group"": ""moderate"",   ""self_reported_band_interpersonal"": ""low"" }"
78658c9aa04078524d959ce38d2eacab4775d10f6612ff2d75d9773a56af4e9e__v3_public_transit,"{""gt_group_ca"":18,""gt_interpersonal_ca"":15,""gt_group_band"":""moderate"",""gt_interpersonal_band"":""moderate""}","{   ""self_reported_group_ca"": 18,   ""self_reported_interpersonal_ca"": 12,   ""self_reported_band_group"": ""moderate"",   ""self_reported_band_interpersonal"": ""low"" }"
78658c9aa04078524d959ce38d2eacab4775d10f6612ff2d75d9773a56af4e9e__v3_voice,"{""gt_group_ca"":18,""gt_interpersonal_ca"":15,""gt_group_band"":""moderate"",""gt_interpersonal_band"":""moderate""}","{   ""self_reported_group_ca"": 18,   ""self_reported_interpersonal_ca"": 12,   ""self_reported_band_group"": ""moderate"",   ""self_reported_band_interpersonal"": ""low"" }"
d4821a24190df96e427e943fe9db9c04b08efa1ea1abb786ab05620d0b4d9932__demos,"{""gt_group_ca"":15,""gt_interpersonal_ca"":13,""gt_group_band"":""moderate"",""gt_interpersonal_band"":""low""}","{   ""self_reported_group_ca"": 18,   ""self_reported_interpersonal_ca"": 12,   ""self_reported_band_group"": ""moderate"",   ""self_reported_band_interpersonal"": ""low"" }"
d4821a24190df96e427e943fe9db9c04b08efa1ea1abb786ab05620d0b4d9932__employment,"{""gt_group_ca"":15,""gt_interpersonal_ca"":13,""gt_group_band"":""moderate"",""gt_interpersonal_band"":""low""}","{   ""self_reported_group_ca"": 18,   ""self_reported_interpersonal_ca"": 12,   ""self_reported_band_group"": ""moderate"",   ""self_reported_band_interpersonal"": ""low"" }"
d4821a24190df96e427e943fe9db9c04b08efa1ea1abb786ab05620d0b4d9932__geo,"{""gt_group_ca"":15,""gt_interpersonal_ca"":13,""gt_group_band"":""moderate"",""gt_interpersonal_band"":""low""}","{   ""self_reported_group_ca"": 18,   ""self_reported_interpersonal_ca"": 12,   ""self_reported_band_group"": ""moderate"",   ""self_reported_band_interpersonal"": ""low"" }"
d4821a24190df96e427e943fe9db9c04b08efa1ea1abb786ab05620d0b4d9932__transit,"{""gt_group_ca"":15,""gt_interpersonal_ca"":13,""gt_group_band"":""moderate"",""gt_interpersonal_band"":""low""}","{   ""self_reported_group_ca"": 18,   ""self_reported_interpersonal_ca"": 12,   ""self_reported_band_group"": ""moderate"",   ""self_reported_band_interpersonal"": ""low"" }"
d4821a24190df96e427e943fe9db9c04b08efa1ea1abb786ab05620d0b4d9932__full,"{""gt_group_ca"":15,""gt_interpersonal_ca"":13,""gt_group_band"":""moderate"",""gt_interpersonal_band"":""low""}","{   ""self_reported_group_ca"": 18,   ""self_reported_interpersonal_ca"": 12,   ""self_reported_band_group"": ""moderate"",   ""self_reported_band_interpersonal"": ""low"" }"
d4821a24190df96e427e943fe9db9c04b08efa1ea1abb786ab05620d0b4d9932__v3_rideshare,"{""gt_group_ca"":15,""gt_interpersonal_ca"":13,""gt_group_band"":""moderate"",""gt_interpersonal_band"":""low""}","{   ""self_reported_group_ca"": 18,   ""self_reported_interpersonal_ca"": 12,   ""self_reported_band_group"": ""moderate"",   ""self_reported_band_interpersonal"": ""low"" }"
d4821a24190df96e427e943fe9db9c04b08efa1ea1abb786ab05620d0b4d9932__v3_public_transit,"{""gt_group_ca"":15,""gt_interpersonal_ca"":13,""gt_group_band"":""moderate"",""gt_interpersonal_band"":""low""}","{   ""self_reported_group_ca"": 18,   ""self_reported_interpersonal_ca"": 12,   ""self_reported_band_group"": ""moderate"",   ""self_reported_band_interpersonal"": ""low"" }"
d4821a24190df96e427e943fe9db9c04b08efa1ea1abb786ab05620d0b4d9932__v3_voice,"{""gt_group_ca"":15,""gt_interpersonal_ca"":13,""gt_group_band"":""moderate"",""gt_interpersonal_band"":""low""}","{   ""self_reported_group_ca"": 18,   ""self_reported_interpersonal_ca"": 12,   ""self_reported_band_group"": ""moderate"",   ""self_reported_band_interpersonal"": ""low"" }"
67fe6359a2e5c6fd5f148e8483ded2a4551cb32f1fab7c6cd15cf89369e338e0__demos,"{""gt_group_ca"":12,""gt_interpersonal_ca"":10,""gt_group_band"":""low"",""gt_interpersonal_band"":""low""}","{   ""self_reported_group_ca"": 18,   ""self_reported_interpersonal_ca"": 12,   ""self_reported_band_group"": ""moderate"",   ""self_reported_band_interpersonal"": ""low"" }"
67fe6359a2e5c6fd5f148e8483ded2a4551cb32f1fab7c6cd15cf89369e338e0__employment,"{""gt_group_ca"":12,""gt_interpersonal_ca"":10,""gt_group_band"":""low"",""gt_interpersonal_band"":""low""}","{   ""self_reported_group_ca"": 18,   ""self_reported_interpersonal_ca"": 12,   ""self_reported_band_group"": ""moderate"",   ""self_reported_band_interpersonal"": ""low"" }"
67fe6359a2e5c6fd5f148e8483ded2a4551cb32f1fab7c6cd15cf89369e338e0__geo,"{""gt_group_ca"":12,""gt_interpersonal_ca"":10,""gt_group_band"":""low"",""gt_interpersonal_band"":""low""}","{   ""self_reported_group_ca"": 18,   ""self_reported_interpersonal_ca"": 12,   ""self_reported_band_group"": ""moderate"",   ""self_reported_band_interpersonal"": ""low"" }"
67fe6359a2e5c6fd5f148e8483ded2a4551cb32f1fab7c6cd15cf89369e338e0__transit,"{""gt_group_ca"":12,""gt_interpersonal_ca"":10,""gt_group_band"":""low"",""gt_interpersonal_band"":""low""}","{   ""self_reported_group_ca"": 18,   ""self_reported_interpersonal_ca"": 12,   ""self_reported_band_group"": ""moderate"",   ""self_reported_band_interpersonal"": ""low"" }"
67fe6359a2e5c6fd5f148e8483ded2a4551cb32f1fab7c6cd15cf89369e338e0__full,"{""gt_group_ca"":12,""gt_interpersonal_ca"":10,""gt_group_band"":""low"",""gt_interpersonal_band"":""low""}","{   ""self_reported_group_ca"": 18,   ""self_reported_interpersonal_ca"": 12,   ""self_reported_band_group"": ""moderate"",   ""self_reported_band_interpersonal"": ""low"" }"
67fe6359a2e5c6fd5f148e8483ded2a4551cb32f1fab7c6cd15cf89369e338e0__v3_rideshare,"{""gt_group_ca"":12,""gt_interpersonal_ca"":10,""gt_group_band"":""low"",""gt_interpersonal_band"":""low""}","{   ""self_reported_group_ca"": 18,   ""self_reported_interpersonal_ca"": 12,   ""self_reported_band_group"": ""moderate"",   ""self_reported_band_interpersonal"": ""low"" }"
67fe6359a2e5c6fd5f148e8483ded2a4551cb32f1fab7c6cd15cf89369e338e0__v3_public_transit,"{""gt_group_ca"":12,""gt_interpersonal_ca"":10,""gt_group_band"":""low"",""gt_interpersonal_band"":""low""}","{   ""self_reported_group_ca"": 18,   ""self_reported_interpersonal_ca"": 12,   ""self_reported_band_group"": ""moderate"",   ""self_reported_band_interpersonal"": ""low"" }"
67fe6359a2e5c6fd5f148e8483ded2a4551cb32f1fab7c6cd15cf89369e338e0__v3_voice,"{""gt_group_ca"":12,""gt_interpersonal_ca"":10,""gt_group_band"":""low"",""gt_interpersonal_band"":""low""}","{   ""self_reported_group_ca"": 18,   ""self_reported_interpersonal_ca"": 12,   ""self_reported_band_group"": ""moderate"",   ""self_reported_band_interpersonal"": ""low"" }"
bd6ad80b197d5bb5e3abd72993d5e117c08534f069529a84724f79e3a0ca4872__demos,"{""gt_group_ca"":16,""gt_interpersonal_ca"":14,""gt_group_band"":""moderate"",""gt_interpersonal_band"":""moderate""}","{   ""self_reported_group_ca"": 18,   ""self_reported_interpersonal_ca"": 12,   ""self_reported_band_group"": ""moderate"",   ""self_reported_band_interpersonal"": ""low"" }"
bd6ad80b197d5bb5e3abd72993d5e117c08534f069529a84724f79e3a0ca4872__employment,"{""gt_group_ca"":16,""gt_interpersonal_ca"":14,""gt_group_band"":""moderate"",""gt_interpersonal_band"":""moderate""}","{   ""self_reported_group_ca"": 18,   ""self_reported_interpersonal_ca"": 12,   ""self_reported_band_group"": ""moderate"",   ""self_reported_band_interpersonal"": ""low"" }"
bd6ad80b197d5bb5e3abd72993d5e117c08534f069529a84724f79e3a0ca4872__geo,"{""gt_group_ca"":16,""gt_interpersonal_ca"":14,""gt_group_band"":""moderate"",""gt_interpersonal_band"":""moderate""}","{   ""self_reported_group_ca"": 18,   ""self_reported_interpersonal_ca"": 12,   ""self_reported_band_group"": ""moderate"",   ""self_reported_band_interpersonal"": ""low"" }"
bd6ad80b197d5bb5e3abd72993d5e117c08534f069529a84724f79e3a0ca4872__transit,"{""gt_group_ca"":16,""gt_interpersonal_ca"":14,""gt_group_band"":""moderate"",""gt_interpersonal_band"":""moderate""}","{   ""self_reported_group_ca"": 18,   ""self_reported_interpersonal_ca"": 12,   ""self_reported_band_group"": ""moderate"",   ""self_reported_band_interpersonal"": ""low"" }"
bd6ad80b197d5bb5e3abd72993d5e117c08534f069529a84724f79e3a0ca4872__full,"{""gt_group_ca"":16,""gt_interpersonal_ca"":14,""gt_group_band"":""moderate"",""gt_interpersonal_band"":""moderate""}","{   ""self_reported_group_ca"": 18,   ""self_reported_interpersonal_ca"": 12,   ""self_reported_band_group"": ""moderate"",   ""self_reported_band_interpersonal"": ""low"" }"
bd6ad80b197d5bb5e3abd72993d5e117c08534f069529a84724f79e3a0ca4872__v3_rideshare,"{""gt_group_ca"":16,""gt_interpersonal_ca"":14,""gt_group_band"":""moderate"",""gt_interpersonal_band"":""moderate""}","{   ""self_reported_group_ca"": 18,   ""self_reported_interpersonal_ca"": 12,   ""self_reported_band_group"": ""moderate"",   ""self_reported_band_interpersonal"": ""low"" }"
bd6ad80b197d5bb5e3abd72993d5e117c08534f069529a84724f79e3a0ca4872__v3_public_transit,"{""gt_group_ca"":16,""gt_interpersonal_ca"":14,""gt_group_band"":""moderate"",""gt_interpersonal_band"":""moderate""}","{   ""self_reported_group_ca"": 18,   ""self_reported_interpersonal_ca"": 12,   ""self_reported_band_group"": ""moderate"",   ""self_reported_band_interpersonal"": ""low"" }"
bd6ad80b197d5bb5e3abd72993d5e117c08534f069529a84724f79e3a0ca4872__v3_voice,"{""gt_group_ca"":16,""gt_interpersonal_ca"":14,""gt_group_band"":""moderate"",""gt_interpersonal_band"":""moderate""}","{   ""self_reported_group_ca"": 18,   ""self_reported_interpersonal_ca"": 12,   ""self_reported_band_group"": ""moderate"",   ""self_reported_band_interpersonal"": ""low"" }"
5f010025a6a64bd5ca93b493dcf7106bb485dbdba82367e3af21ffe3425dce14__demos,"{""gt_group_ca"":10,""gt_interpersonal_ca"":6,""gt_group_band"":""low"",""gt_interpersonal_band"":""low""}","{   ""self_reported_group_ca"": 18,   ""self_reported_interpersonal_ca"": 12,   ""self_reported_band_group"": ""moderate"",   ""self_reported_band_interpersonal"": ""low"" }"
5f010025a6a64bd5ca93b493dcf7106bb485dbdba82367e3af21ffe3425dce14__employment,"{""gt_group_ca"":10,""gt_interpersonal_ca"":6,""gt_group_band"":""low"",""gt_interpersonal_band"":""low""}","{   ""self_reported_group_ca"": 18,   ""self_reported_interpersonal_ca"": 12,   ""self_reported_band_group"": ""moderate"",   ""self_reported_band_interpersonal"": ""low"" }"
5f010025a6a64bd5ca93b493dcf7106bb485dbdba82367e3af21ffe3425dce14__geo,"{""gt_group_ca"":10,""gt_interpersonal_ca"":6,""gt_group_band"":""low"",""gt_interpersonal_band"":""low""}","{   ""self_reported_group_ca"": 18,   ""self_reported_interpersonal_ca"": 12,   ""self_reported_band_group"": ""moderate"",   ""self_reported_band_interpersonal"": ""low"" }"
5f010025a6a64bd5ca93b493dcf7106bb485dbdba82367e3af21ffe3425dce14__transit,"{""gt_group_ca"":10,""gt_interpersonal_ca"":6,""gt_group_band"":""low"",""gt_interpersonal_band"":""low""}","{   ""self_reported_group_ca"": 18,   ""self_reported_interpersonal_ca"": 12,   ""self_reported_band_group"": ""moderate"",   ""self_reported_band_interpersonal"": ""low"" }"
5f010025a6a64bd5ca93b493dcf7106bb485dbdba82367e3af21ffe3425dce14__full,"{""gt_group_ca"":10,""gt_interpersonal_ca"":6,""gt_group_band"":""low"",""gt_interpersonal_band"":""low""}","{   ""self_reported_group_ca"": 18,   ""self_reported_interpersonal_ca"": 12,   ""self_reported_band_group"": ""moderate"",   ""self_reported_band_interpersonal"": ""low"" }"
5f010025a6a64bd5ca93b493dcf7106bb485dbdba82367e3af21ffe3425dce14__v3_rideshare,"{""gt_group_ca"":10,""gt_interpersonal_ca"":6,""gt_group_band"":""low"",""gt_interpersonal_band"":""low""}","{   ""self_reported_group_ca"": 18,   ""self_reported_interpersonal_ca"": 12,   ""self_reported_band_group"": ""moderate"",   ""self_reported_band_interpersonal"": ""low"" }"
5f010025a6a64bd5ca93b493dcf7106bb485dbdba82367e3af21ffe3425dce14__v3_public_transit,"{""gt_group_ca"":10,""gt_interpersonal_ca"":6,""gt_group_band"":""low"",""gt_interpersonal_band"":""low""}","{   ""self_reported_group_ca"": 18,   ""self_reported_interpersonal_ca"": 12,   ""self_reported_band_group"": ""moderate"",   ""self_reported_band_interpersonal"": ""low"" }"
5f010025a6a64bd5ca93b493dcf7106bb485dbdba82367e3af21ffe3425dce14__v3_voice,"{""gt_group_ca"":10,""gt_interpersonal_ca"":6,""gt_group_band"":""low"",""gt_interpersonal_band"":""low""}","{   ""self_reported_group_ca"": 18,   ""self_reported_interpersonal_ca"": 12,   ""self_reported_band_group"": ""moderate"",   ""self_reported_band_interpersonal"": ""low"" }"
e5e4aa2160893c19db0f744bd4d5c0b16f613355754865fc64cb74a3ce757e6e__demos,"{""gt_group_ca"":15,""gt_interpersonal_ca"":14,""gt_group_band"":""moderate"",""gt_interpersonal_band"":""moderate""}","{   ""self_reported_group_ca"": 18,   ""self_reported_interpersonal_ca"": 12,   ""self_reported_band_group"": ""moderate"",   ""self_reported_band_interpersonal"": ""low"" }"
e5e4aa2160893c19db0f744bd4d5c0b16f613355754865fc64cb74a3ce757e6e__employment,"{""gt_group_ca"":15,""gt_interpersonal_ca"":14,""gt_group_band"":""moderate"",""gt_interpersonal_band"":""moderate""}","{   ""self_reported_group_ca"": 18,   ""self_reported_interpersonal_ca"": 12,   ""self_reported_band_group"": ""moderate"",   ""self_reported_band_interpersonal"": ""low"" }"
e5e4aa2160893c19db0f744bd4d5c0b16f613355754865fc64cb74a3ce757e6e__geo,"{""gt_group_ca"":15,""gt_interpersonal_ca"":14,""gt_group_band"":""moderate"",""gt_interpersonal_band"":""moderate""}","{   ""self_reported_group_ca"": 18,   ""self_reported_interpersonal_ca"": 12,   ""self_reported_band_group"": ""moderate"",   ""self_reported_band_interpersonal"": ""low"" }"
e5e4aa2160893c19db0f744bd4d5c0b16f613355754865fc64cb74a3ce757e6e__transit,"{""gt_group_ca"":15,""gt_interpersonal_ca"":14,""gt_group_band"":""moderate"",""gt_interpersonal_band"":""moderate""}","{   ""self_reported_group_ca"": 18,   ""self_reported_interpersonal_ca"": 12,   ""self_reported_band_group"": ""moderate"",   ""self_reported_band_interpersonal"": ""low"" }"
e5e4aa2160893c19db0f744bd4d5c0b16f613355754865fc64cb74a3ce757e6e__full,"{""gt_group_ca"":15,""gt_interpersonal_ca"":14,""gt_group_band"":""moderate"",""gt_interpersonal_band"":""moderate""}","{   ""self_reported_group_ca"": 18,   ""self_reported_interpersonal_ca"": 12,   ""self_reported_band_group"": ""moderate"",   ""self_reported_band_interpersonal"": ""low"" }"
e5e4aa2160893c19db0f744bd4d5c0b16f613355754865fc64cb74a3ce757e6e__v3_rideshare,"{""gt_group_ca"":15,""gt_interpersonal_ca"":14,""gt_group_band"":""moderate"",""gt_interpersonal_band"":""moderate""}","{   ""self_reported_group_ca"": 18,   ""self_reported_interpersonal_ca"": 12,   ""self_reported_band_group"": ""moderate"",   ""self_reported_band_interpersonal"": ""low"" }"
e5e4aa2160893c19db0f744bd4d5c0b16f613355754865fc64cb74a3ce757e6e__v3_public_transit,"{""gt_group_ca"":15,""gt_interpersonal_ca"":14,""gt_group_band"":""moderate"",""gt_interpersonal_band"":""moderate""}","{   ""self_reported_group_ca"": 18,   ""self_reported_interpersonal_ca"": 12,   ""self_reported_band_group"": ""moderate"",   ""self_reported_band_interpersonal"": ""low"" }"
e5e4aa2160893c19db0f744bd4d5c0b16f613355754865fc64cb74a3ce757e6e__v3_voice,"{""gt_group_ca"":15,""gt_interpersonal_ca"":14,""gt_group_band"":""moderate"",""gt_interpersonal_band"":""moderate""}","{   ""self_reported_group_ca"": 18,   ""self_reported_interpersonal_ca"": 12,   ""self_reported_band_group"": ""moderate"",   ""self_reported_band_interpersonal"": ""low"" }"
1e6048b8cb2fd2e0a5c12087943eba1ffa4676d5ec322bfa2489419dc52076a7__demos,"{""gt_group_ca"":18,""gt_interpersonal_ca"":18,""gt_group_band"":""moderate"",""gt_interpersonal_band"":""moderate""}","{   ""self_reported_group_ca"": 18,   ""self_reported_interpersonal_ca"": 12,   ""self_reported_band_group"": ""moderate"",   ""self_reported_band_interpersonal"": ""low"" }"
1e6048b8cb2fd2e0a5c12087943eba1ffa4676d5ec322bfa2489419dc52076a7__employment,"{""gt_group_ca"":18,""gt_interpersonal_ca"":18,""gt_group_band"":""moderate"",""gt_interpersonal_band"":""moderate""}","{   ""self_reported_group_ca"": 18,   ""self_reported_interpersonal_ca"": 12,   ""self_reported_band_group"": ""moderate"",   ""self_reported_band_interpersonal"": ""low"" }"
1e6048b8cb2fd2e0a5c12087943eba1ffa4676d5ec322bfa2489419dc52076a7__geo,"{""gt_group_ca"":18,""gt_interpersonal_ca"":18,""gt_group_band"":""moderate"",""gt_interpersonal_band"":""moderate""}","{   ""self_reported_group_ca"": 18,   ""self_reported_interpersonal_ca"": 12,   ""self_reported_band_group"": ""moderate"",   ""self_reported_band_interpersonal"": ""low"" }"
1e6048b8cb2fd2e0a5c12087943eba1ffa4676d5ec322bfa2489419dc52076a7__transit,"{""gt_group_ca"":18,""gt_interpersonal_ca"":18,""gt_group_band"":""moderate"",""gt_interpersonal_band"":""moderate""}","{   ""self_reported_group_ca"": 18,   ""self_reported_interpersonal_ca"": 12,   ""self_reported_band_group"": ""moderate"",   ""self_reported_band_interpersonal"": ""low"" }"
1e6048b8cb2fd2e0a5c12087943eba1ffa4676d5ec322bfa2489419dc52076a7__full,"{""gt_group_ca"":18,""gt_interpersonal_ca"":18,""gt_group_band"":""moderate"",""gt_interpersonal_band"":""moderate""}","{   ""self_reported_group_ca"": 18,   ""self_reported_interpersonal_ca"": 12,   ""self_reported_band_group"": ""moderate"",   ""self_reported_band_interpersonal"": ""low"" }"
1e6048b8cb2fd2e0a5c12087943eba1ffa4676d5ec322bfa2489419dc52076a7__v3_rideshare,"{""gt_group_ca"":18,""gt_interpersonal_ca"":18,""gt_group_band"":""moderate"",""gt_interpersonal_band"":""moderate""}","{   ""self_reported_group_ca"": 18,   ""self_reported_interpersonal_ca"": 12,   ""self_reported_band_group"": ""moderate"",   ""self_reported_band_interpersonal"": ""low"" }"
1e6048b8cb2fd2e0a5c12087943eba1ffa4676d5ec322bfa2489419dc52076a7__v3_public_transit,"{""gt_group_ca"":18,""gt_interpersonal_ca"":18,""gt_group_band"":""moderate"",""gt_interpersonal_band"":""moderate""}","{   ""self_reported_group_ca"": 18,   ""self_reported_interpersonal_ca"": 12,   ""self_reported_band_group"": ""moderate"",   ""self_reported_band_interpersonal"": ""low"" }"
1e6048b8cb2fd2e0a5c12087943eba1ffa4676d5ec322bfa2489419dc52076a7__v3_voice,"{""gt_group_ca"":18,""gt_interpersonal_ca"":18,""gt_group_band"":""moderate"",""gt_interpersonal_band"":""moderate""}","{   ""self_reported_group_ca"": 18,   ""self_reported_interpersonal_ca"": 12,   ""self_reported_band_group"": ""moderate"",   ""self_reported_band_interpersonal"": ""low"" }"
45d70188554e33e9b8f141f040769b3c4f0cfc25febe2cbb4cf137a2e9ca0113__demos,"{""gt_group_ca"":12,""gt_interpersonal_ca"":10,""gt_group_band"":""low"",""gt_interpersonal_band"":""low""}","{   ""self_reported_group_ca"": 18,   ""self_reported_interpersonal_ca"": 12,   ""self_reported_band_group"": ""moderate"",   ""self_reported_band_interpersonal"": ""low"" }"
45d70188554e33e9b8f141f040769b3c4f0cfc25febe2cbb4cf137a2e9ca0113__employment,"{""gt_group_ca"":12,""gt_interpersonal_ca"":10,""gt_group_band"":""low"",""gt_interpersonal_band"":""low""}","{   ""self_reported_group_ca"": 18,   ""self_reported_interpersonal_ca"": 12,   ""self_reported_band_group"": ""moderate"",   ""self_reported_band_interpersonal"": ""low"" }"
45d70188554e33e9b8f141f040769b3c4f0cfc25febe2cbb4cf137a2e9ca0113__geo,"{""gt_group_ca"":12,""gt_interpersonal_ca"":10,""gt_group_band"":""low"",""gt_interpersonal_band"":""low""}","{   ""self_reported_group_ca"": 18,   ""self_reported_interpersonal_ca"": 12,   ""self_reported_band_group"": ""moderate"",   ""self_reported_band_interpersonal"": ""low"" }"
45d70188554e33e9b8f141f040769b3c4f0cfc25febe2cbb4cf137a2e9ca0113__transit,"{""gt_group_ca"":12,""gt_interpersonal_ca"":10,""gt_group_band"":""low"",""gt_interpersonal_band"":""low""}","{   ""self_reported_group_ca"": 18,   ""self_reported_interpersonal_ca"": 12,   ""self_reported_band_group"": ""moderate"",   ""self_reported_band_interpersonal"": ""low"" }"
45d70188554e33e9b8f141f040769b3c4f0cfc25febe2cbb4cf137a2e9ca0113__full,"{""gt_group_ca"":12,""gt_interpersonal_ca"":10,""gt_group_band"":""low"",""gt_interpersonal_band"":""low""}","{   ""self_reported_group_ca"": 18,   ""self_reported_interpersonal_ca"": 12,   ""self_reported_band_group"": ""moderate"",   ""self_reported_band_interpersonal"": ""low"" }"
45d70188554e33e9b8f141f040769b3c4f0cfc25febe2cbb4cf137a2e9ca0113__v3_rideshare,"{""gt_group_ca"":12,""gt_interpersonal_ca"":10,""gt_group_band"":""low"",""gt_interpersonal_band"":""low""}","{   ""self_reported_group_ca"": 18,   ""self_reported_interpersonal_ca"": 12,   ""self_reported_band_group"": ""moderate"",   ""self_reported_band_interpersonal"": ""low"" }"
45d70188554e33e9b8f141f040769b3c4f0cfc25febe2cbb4cf137a2e9ca0113__v3_public_transit,"{""gt_group_ca"":12,""gt_interpersonal_ca"":10,""gt_group_band"":""low"",""gt_interpersonal_band"":""low""}","{   ""self_reported_group_ca"": 18,   ""self_reported_interpersonal_ca"": 12,   ""self_reported_band_group"": ""moderate"",   ""self_reported_band_interpersonal"": ""low"" }"
45d70188554e33e9b8f141f040769b3c4f0cfc25febe2cbb4cf137a2e9ca0113__v3_voice,"{""gt_group_ca"":12,""gt_interpersonal_ca"":10,""gt_group_band"":""low"",""gt_interpersonal_band"":""low""}","{   ""self_reported_group_ca"": 18,   ""self_reported_interpersonal_ca"": 12,   ""self_reported_band_group"": ""moderate"",   ""self_reported_band_interpersonal"": ""low"" }"
88e271cadaeae900779984cbe96fac749c1d624d58c222819024cedd0e6b711c__demos,"{""gt_group_ca"":30,""gt_interpersonal_ca"":26,""gt_group_band"":""high"",""gt_interpersonal_band"":""high""}","{   ""self_reported_group_ca"": 18,   ""self_reported_interpersonal_ca"": 12,   ""self_reported_band_group"": ""moderate"",   ""self_reported_band_interpersonal"": ""low"" }"
88e271cadaeae900779984cbe96fac749c1d624d58c222819024cedd0e6b711c__employment,"{""gt_group_ca"":30,""gt_interpersonal_ca"":26,""gt_group_band"":""high"",""gt_interpersonal_band"":""high""}","{   ""self_reported_group_ca"": 18,   ""self_reported_interpersonal_ca"": 12,   ""self_reported_band_group"": ""moderate"",   ""self_reported_band_interpersonal"": ""low"" }"
88e271cadaeae900779984cbe96fac749c1d624d58c222819024cedd0e6b711c__geo,"{""gt_group_ca"":30,""gt_interpersonal_ca"":26,""gt_group_band"":""high"",""gt_interpersonal_band"":""high""}","{   ""self_reported_group_ca"": 18,   ""self_reported_interpersonal_ca"": 12,   ""self_reported_band_group"": ""moderate"",   ""self_reported_band_interpersonal"": ""low"" }"
88e271cadaeae900779984cbe96fac749c1d624d58c222819024cedd0e6b711c__transit,"{""gt_group_ca"":30,""gt_interpersonal_ca"":26,""gt_group_band"":""high"",""gt_interpersonal_band"":""high""}","{   ""self_reported_group_ca"": 18,   ""self_reported_interpersonal_ca"": 12,   ""self_reported_band_group"": ""moderate"",   ""self_reported_band_interpersonal"": ""low"" }"
88e271cadaeae900779984cbe96fac749c1d624d58c222819024cedd0e6b711c__full,"{""gt_group_ca"":30,""gt_interpersonal_ca"":26,""gt_group_band"":""high"",""gt_interpersonal_band"":""high""}","{   ""self_reported_group_ca"": 24,   ""self_reported_interpersonal_ca"": 22,   ""self_reported_band_group"": ""high"",   ""self_reported_band_interpersonal"": ""high"" }"
88e271cadaeae900779984cbe96fac749c1d624d58c222819024cedd0e6b711c__v3_rideshare,"{""gt_group_ca"":30,""gt_interpersonal_ca"":26,""gt_group_band"":""high"",""gt_interpersonal_band"":""high""}","{   ""self_reported_group_ca"": 18,   ""self_reported_interpersonal_ca"": 12,   ""self_reported_band_group"": ""moderate"",   ""self_reported_band_interpersonal"": ""low"" }"
88e271cadaeae900779984cbe96fac749c1d624d58c222819024cedd0e6b711c__v3_public_transit,"{""gt_group_ca"":30,""gt_interpersonal_ca"":26,""gt_group_band"":""high"",""gt_interpersonal_band"":""high""}","{   ""self_reported_group_ca"": 18,   ""self_reported_interpersonal_ca"": 12,   ""self_reported_band_group"": ""moderate"",   ""self_reported_band_interpersonal"": ""low"" }"
88e271cadaeae900779984cbe96fac749c1d624d58c222819024cedd0e6b711c__v3_voice,"{""gt_group_ca"":30,""gt_interpersonal_ca"":26,""gt_group_band"":""high"",""gt_interpersonal_band"":""high""}","{   ""self_reported_group_ca"": 24,   ""self_reported_interpersonal_ca"": 22,   ""self_reported_band_group"": ""high"",   ""self_reported_band_interpersonal"": ""high"" }"
6f9e371b4c6344b508682fe9372a27453abe9dffde0b9aa6a603d539ff78271e__demos,"{""gt_group_ca"":24,""gt_interpersonal_ca"":19,""gt_group_band"":""high"",""gt_interpersonal_band"":""moderate""}","{   ""self_reported_group_ca"": 22,   ""self_reported_interpersonal_ca"": 18,   ""self_reported_band_group"": ""high"",   ""self_reported_band_interpersonal"": ""moderate"" }"
6f9e371b4c6344b508682fe9372a27453abe9dffde0b9aa6a603d539ff78271e__employment,"{""gt_group_ca"":24,""gt_interpersonal_ca"":19,""gt_group_band"":""high"",""gt_interpersonal_band"":""moderate""}","{   ""self_reported_group_ca"": 22,   ""self_reported_interpersonal_ca"": 18,   ""self_reported_band_group"": ""high"",   ""self_reported_band_interpersonal"": ""moderate"" }"
6f9e371b4c6344b508682fe9372a27453abe9dffde0b9aa6a603d539ff78271e__geo,"{""gt_group_ca"":24,""gt_interpersonal_ca"":19,""gt_group_band"":""high"",""gt_interpersonal_band"":""moderate""}","{   ""self_reported_group_ca"": 22,   ""self_reported_interpersonal_ca"": 18,   ""self_reported_band_group"": ""high"",   ""self_reported_band_interpersonal"": ""moderate"" }"
6f9e371b4c6344b508682fe9372a27453abe9dffde0b9aa6a603d539ff78271e__transit,"{""gt_group_ca"":24,""gt_interpersonal_ca"":19,""gt_group_band"":""high"",""gt_interpersonal_band"":""moderate""}","{   ""self_reported_group_ca"": 22,   ""self_reported_interpersonal_ca"": 18,   ""self_reported_band_group"": ""high"",   ""self_reported_band_interpersonal"": ""moderate"" }"
6f9e371b4c6344b508682fe9372a27453abe9dffde0b9aa6a603d539ff78271e__full,"{""gt_group_ca"":24,""gt_interpersonal_ca"":19,""gt_group_band"":""high"",""gt_interpersonal_band"":""moderate""}","{   ""self_reported_group_ca"": 22,   ""self_reported_interpersonal_ca"": 18,   ""self_reported_band_group"": ""high"",   ""self_reported_band_interpersonal"": ""moderate"" }"
6f9e371b4c6344b508682fe9372a27453abe9dffde0b9aa6a603d539ff78271e__v3_rideshare,"{""gt_group_ca"":24,""gt_interpersonal_ca"":19,""gt_group_band"":""high"",""gt_interpersonal_band"":""moderate""}","{   ""self_reported_group_ca"": 22,   ""self_reported_interpersonal_ca"": 18,   ""self_reported_band_group"": ""high"",   ""self_reported_band_interpersonal"": ""moderate"" }"
6f9e371b4c6344b508682fe9372a27453abe9dffde0b9aa6a603d539ff78271e__v3_public_transit,"{""gt_group_ca"":24,""gt_interpersonal_ca"":19,""gt_group_band"":""high"",""gt_interpersonal_band"":""moderate""}","{   ""self_reported_group_ca"": 22,   ""self_reported_interpersonal_ca"": 18,   ""self_reported_band_group"": ""high"",   ""self_reported_band_interpersonal"": ""moderate"" }"
6f9e371b4c6344b508682fe9372a27453abe9dffde0b9aa6a603d539ff78271e__v3_voice,"{""gt_group_ca"":24,""gt_interpersonal_ca"":19,""gt_group_band"":""high"",""gt_interpersonal_band"":""moderate""}","{   ""self_reported_group_ca"": 22,   ""self_reported_interpersonal_ca"": 18,   ""self_reported_band_group"": ""high"",   ""self_reported_band_interpersonal"": ""moderate"" }"
2698ceeea3b488344028f36ddea21d6f10eb7e9f6f52b45b600f3cb73c5a653e__demos,"{""gt_group_ca"":10,""gt_interpersonal_ca"":13,""gt_group_band"":""low"",""gt_interpersonal_band"":""low""}","{   ""self_reported_group_ca"": 18,   ""self_reported_interpersonal_ca"": 12,   ""self_reported_band_group"": ""moderate"",   ""self_reported_band_interpersonal"": ""low"" }"
2698ceeea3b488344028f36ddea21d6f10eb7e9f6f52b45b600f3cb73c5a653e__employment,"{""gt_group_ca"":10,""gt_interpersonal_ca"":13,""gt_group_band"":""low"",""gt_interpersonal_band"":""low""}","{   ""self_reported_group_ca"": 18,   ""self_reported_interpersonal_ca"": 12,   ""self_reported_band_group"": ""moderate"",   ""self_reported_band_interpersonal"": ""low"" }"
2698ceeea3b488344028f36ddea21d6f10eb7e9f6f52b45b600f3cb73c5a653e__geo,"{""gt_group_ca"":10,""gt_interpersonal_ca"":13,""gt_group_band"":""low"",""gt_interpersonal_band"":""low""}","{   ""self_reported_group_ca"": 18,   ""self_reported_interpersonal_ca"": 12,   ""self_reported_band_group"": ""moderate"",   ""self_reported_band_interpersonal"": ""low"" }"
2698ceeea3b488344028f36ddea21d6f10eb7e9f6f52b45b600f3cb73c5a653e__transit,"{""gt_group_ca"":10,""gt_interpersonal_ca"":13,""gt_group_band"":""low"",""gt_interpersonal_band"":""low""}","{   ""self_reported_group_ca"": 18,   ""self_reported_interpersonal_ca"": 12,   ""self_reported_band_group"": ""moderate"",   ""self_reported_band_interpersonal"": ""low"" }"
2698ceeea3b488344028f36ddea21d6f10eb7e9f6f52b45b600f3cb73c5a653e__full,"{""gt_group_ca"":10,""gt_interpersonal_ca"":13,""gt_group_band"":""low"",""gt_interpersonal_band"":""low""}","{   ""self_reported_group_ca"": 18,   ""self_reported_interpersonal_ca"": 12,   ""self_reported_band_group"": ""moderate"",   ""self_reported_band_interpersonal"": ""low"" }"
2698ceeea3b488344028f36ddea21d6f10eb7e9f6f52b45b600f3cb73c5a653e__v3_rideshare,"{""gt_group_ca"":10,""gt_interpersonal_ca"":13,""gt_group_band"":""low"",""gt_interpersonal_band"":""low""}","{   ""self_reported_group_ca"": 18,   ""self_reported_interpersonal_ca"": 12,   ""self_reported_band_group"": ""moderate"",   ""self_reported_band_interpersonal"": ""low"" }"
2698ceeea3b488344028f36ddea21d6f10eb7e9f6f52b45b600f3cb73c5a653e__v3_public_transit,"{""gt_group_ca"":10,""gt_interpersonal_ca"":13,""gt_group_band"":""low"",""gt_interpersonal_band"":""low""}","{   ""self_reported_group_ca"": 18,   ""self_reported_interpersonal_ca"": 12,   ""self_reported_band_group"": ""moderate"",   ""self_reported_band_interpersonal"": ""low"" }"
2698ceeea3b488344028f36ddea21d6f10eb7e9f6f52b45b600f3cb73c5a653e__v3_voice,"{""gt_group_ca"":10,""gt_interpersonal_ca"":13,""gt_group_band"":""low"",""gt_interpersonal_band"":""low""}","{   ""self_reported_group_ca"": 18,   ""self_reported_interpersonal_ca"": 12,   ""self_reported_band_group"": ""moderate"",   ""self_reported_band_interpersonal"": ""low"" }"
824e6158f3fe9ca2d5f5a900c63904b01bc648d6a92dda58f6b1ebd2c38cd08a__demos,"{""gt_group_ca"":22,""gt_interpersonal_ca"":25,""gt_group_band"":""high"",""gt_interpersonal_band"":""high""}","{   ""self_reported_group_ca"": 18,   ""self_reported_interpersonal_ca"": 12,   ""self_reported_band_group"": ""moderate"",   ""self_reported_band_interpersonal"": ""low"" }"
824e6158f3fe9ca2d5f5a900c63904b01bc648d6a92dda58f6b1ebd2c38cd08a__employment,"{""gt_group_ca"":22,""gt_interpersonal_ca"":25,""gt_group_band"":""high"",""gt_interpersonal_band"":""high""}","{   ""self_reported_group_ca"": 18,   ""self_reported_interpersonal_ca"": 12,   ""self_reported_band_group"": ""moderate"",   ""self_reported_band_interpersonal"": ""low"" }"
824e6158f3fe9ca2d5f5a900c63904b01bc648d6a92dda58f6b1ebd2c38cd08a__geo,"{""gt_group_ca"":22,""gt_interpersonal_ca"":25,""gt_group_band"":""high"",""gt_interpersonal_band"":""high""}","{   ""self_reported_group_ca"": 18,   ""self_reported_interpersonal_ca"": 12,   ""self_reported_band_group"": ""moderate"",   ""self_reported_band_interpersonal"": ""low"" }"
824e6158f3fe9ca2d5f5a900c63904b01bc648d6a92dda58f6b1ebd2c38cd08a__transit,"{""gt_group_ca"":22,""gt_interpersonal_ca"":25,""gt_group_band"":""high"",""gt_interpersonal_band"":""high""}","{   ""self_reported_group_ca"": 18,   ""self_reported_interpersonal_ca"": 12,   ""self_reported_band_group"": ""moderate"",   ""self_reported_band_interpersonal"": ""low"" }"
824e6158f3fe9ca2d5f5a900c63904b01bc648d6a92dda58f6b1ebd2c38cd08a__full,"{""gt_group_ca"":22,""gt_interpersonal_ca"":25,""gt_group_band"":""high"",""gt_interpersonal_band"":""high""}","{   ""self_reported_group_ca"": 18,   ""self_reported_interpersonal_ca"": 12,   ""self_reported_band_group"": ""moderate"",   ""self_reported_band_interpersonal"": ""low"" }"
824e6158f3fe9ca2d5f5a900c63904b01bc648d6a92dda58f6b1ebd2c38cd08a__v3_rideshare,"{""gt_group_ca"":22,""gt_interpersonal_ca"":25,""gt_group_band"":""high"",""gt_interpersonal_band"":""high""}","{   ""self_reported_group_ca"": 18,   ""self_reported_interpersonal_ca"": 12,   ""self_reported_band_group"": ""moderate"",   ""self_reported_band_interpersonal"": ""low"" }"
824e6158f3fe9ca2d5f5a900c63904b01bc648d6a92dda58f6b1ebd2c38cd08a__v3_public_transit,"{""gt_group_ca"":22,""gt_interpersonal_ca"":25,""gt_group_band"":""high"",""gt_interpersonal_band"":""high""}","{   ""self_reported_group_ca"": 18,   ""self_reported_interpersonal_ca"": 12,   ""self_reported_band_group"": ""moderate"",   ""self_reported_band_interpersonal"": ""low"" }"
824e6158f3fe9ca2d5f5a900c63904b01bc648d6a92dda58f6b1ebd2c38cd08a__v3_voice,"{""gt_group_ca"":22,""gt_interpersonal_ca"":25,""gt_group_band"":""high"",""gt_interpersonal_band"":""high""}","{   ""self_reported_group_ca"": 18,   ""self_reported_interpersonal_ca"": 12,   ""self_reported_band_group"": ""moderate"",   ""self_reported_band_interpersonal"": ""low"" }"
69a1e323f9ecf1f1a5394acbbb885e0746fa5239d75444deebcf14de1a4b3e05__demos,"{""gt_group_ca"":18,""gt_interpersonal_ca"":18,""gt_group_band"":""moderate"",""gt_interpersonal_band"":""moderate""}","{   ""self_reported_group_ca"": 18,   ""self_reported_interpersonal_ca"": 12,   ""self_reported_band_group"": ""moderate"",   ""self_reported_band_interpersonal"": ""low"" }"
69a1e323f9ecf1f1a5394acbbb885e0746fa5239d75444deebcf14de1a4b3e05__employment,"{""gt_group_ca"":18,""gt_interpersonal_ca"":18,""gt_group_band"":""moderate"",""gt_interpersonal_band"":""moderate""}","{   ""self_reported_group_ca"": 18,   ""self_reported_interpersonal_ca"": 12,   ""self_reported_band_group"": ""moderate"",   ""self_reported_band_interpersonal"": ""low"" }"
69a1e323f9ecf1f1a5394acbbb885e0746fa5239d75444deebcf14de1a4b3e05__geo,"{""gt_group_ca"":18,""gt_interpersonal_ca"":18,""gt_group_band"":""moderate"",""gt_interpersonal_band"":""moderate""}","{   ""self_reported_group_ca"": 18,   ""self_reported_interpersonal_ca"": 12,   ""self_reported_band_group"": ""moderate"",   ""self_reported_band_interpersonal"": ""low"" }"
69a1e323f9ecf1f1a5394acbbb885e0746fa5239d75444deebcf14de1a4b3e05__transit,"{""gt_group_ca"":18,""gt_interpersonal_ca"":18,""gt_group_band"":""moderate"",""gt_interpersonal_band"":""moderate""}","{   ""self_reported_group_ca"": 18,   ""self_reported_interpersonal_ca"": 12,   ""self_reported_band_group"": ""moderate"",   ""self_reported_band_interpersonal"": ""low"" }"
69a1e323f9ecf1f1a5394acbbb885e0746fa5239d75444deebcf14de1a4b3e05__full,"{""gt_group_ca"":18,""gt_interpersonal_ca"":18,""gt_group_band"":""moderate"",""gt_interpersonal_band"":""moderate""}","{   ""self_reported_group_ca"": 18,   ""self_reported_interpersonal_ca"": 12,   ""self_reported_band_group"": ""moderate"",   ""self_reported_band_interpersonal"": ""low"" }"
69a1e323f9ecf1f1a5394acbbb885e0746fa5239d75444deebcf14de1a4b3e05__v3_rideshare,"{""gt_group_ca"":18,""gt_interpersonal_ca"":18,""gt_group_band"":""moderate"",""gt_interpersonal_band"":""moderate""}","{   ""self_reported_group_ca"": 18,   ""self_reported_interpersonal_ca"": 12,   ""self_reported_band_group"": ""moderate"",   ""self_reported_band_interpersonal"": ""low"" }"
69a1e323f9ecf1f1a5394acbbb885e0746fa5239d75444deebcf14de1a4b3e05__v3_public_transit,"{""gt_group_ca"":18,""gt_interpersonal_ca"":18,""gt_group_band"":""moderate"",""gt_interpersonal_band"":""moderate""}","{   ""self_reported_group_ca"": 18,   ""self_reported_interpersonal_ca"": 12,   ""self_reported_band_group"": ""moderate"",   ""self_reported_band_interpersonal"": ""low"" }"
69a1e323f9ecf1f1a5394acbbb885e0746fa5239d75444deebcf14de1a4b3e05__v3_voice,"{""gt_group_ca"":18,""gt_interpersonal_ca"":18,""gt_group_band"":""moderate"",""gt_interpersonal_band"":""moderate""}","{   ""self_reported_group_ca"": 18,   ""self_reported_interpersonal_ca"": 12,   ""self_reported_band_group"": ""moderate"",   ""self_reported_band_interpersonal"": ""low"" }"
ba5a07538964cca5db14208b6d3a24e9cb0a1d5c04256021e270169f603810df__demos,"{""gt_group_ca"":23,""gt_interpersonal_ca"":18,""gt_group_band"":""high"",""gt_interpersonal_band"":""moderate""}","{   ""self_reported_group_ca"": 18,   ""self_reported_interpersonal_ca"": 12,   ""self_reported_band_group"": ""moderate"",   ""self_reported_band_interpersonal"": ""low"" }"
ba5a07538964cca5db14208b6d3a24e9cb0a1d5c04256021e270169f603810df__employment,"{""gt_group_ca"":23,""gt_interpersonal_ca"":18,""gt_group_band"":""high"",""gt_interpersonal_band"":""moderate""}","{   ""self_reported_group_ca"": 18,   ""self_reported_interpersonal_ca"": 12,   ""self_reported_band_group"": ""moderate"",   ""self_reported_band_interpersonal"": ""low"" }"
ba5a07538964cca5db14208b6d3a24e9cb0a1d5c04256021e270169f603810df__geo,"{""gt_group_ca"":23,""gt_interpersonal_ca"":18,""gt_group_band"":""high"",""gt_interpersonal_band"":""moderate""}","{   ""self_reported_group_ca"": 18,   ""self_reported_interpersonal_ca"": 12,   ""self_reported_band_group"": ""moderate"",   ""self_reported_band_interpersonal"": ""low"" }"
ba5a07538964cca5db14208b6d3a24e9cb0a1d5c04256021e270169f603810df__transit,"{""gt_group_ca"":23,""gt_interpersonal_ca"":18,""gt_group_band"":""high"",""gt_interpersonal_band"":""moderate""}","{   ""self_reported_group_ca"": 18,   ""self_reported_interpersonal_ca"": 12,   ""self_reported_band_group"": ""moderate"",   ""self_reported_band_interpersonal"": ""low"" }"
ba5a07538964cca5db14208b6d3a24e9cb0a1d5c04256021e270169f603810df__full,"{""gt_group_ca"":23,""gt_interpersonal_ca"":18,""gt_group_band"":""high"",""gt_interpersonal_band"":""moderate""}","{   ""self_reported_group_ca"": 18,   ""self_reported_interpersonal_ca"": 12,   ""self_reported_band_group"": ""moderate"",   ""self_reported_band_interpersonal"": ""low"" }"
ba5a07538964cca5db14208b6d3a24e9cb0a1d5c04256021e270169f603810df__v3_rideshare,"{""gt_group_ca"":23,""gt_interpersonal_ca"":18,""gt_group_band"":""high"",""gt_interpersonal_band"":""moderate""}","{   ""self_reported_group_ca"": 18,   ""self_reported_interpersonal_ca"": 12,   ""self_reported_band_group"": ""moderate"",   ""self_reported_band_interpersonal"": ""low"" }"
ba5a07538964cca5db14208b6d3a24e9cb0a1d5c04256021e270169f603810df__v3_public_transit,"{""gt_group_ca"":23,""gt_interpersonal_ca"":18,""gt_group_band"":""high"",""gt_interpersonal_band"":""moderate""}","{   ""self_reported_group_ca"": 18,   ""self_reported_interpersonal_ca"": 12,   ""self_reported_band_group"": ""moderate"",   ""self_reported_band_interpersonal"": ""low"" }"
ba5a07538964cca5db14208b6d3a24e9cb0a1d5c04256021e270169f603810df__v3_voice,"{""gt_group_ca"":23,""gt_interpersonal_ca"":18,""gt_group_band"":""high"",""gt_interpersonal_band"":""moderate""}","{   ""self_reported_group_ca"": 18,   ""self_reported_interpersonal_ca"": 12,   ""self_reported_band_group"": ""moderate"",   ""self_reported_band_interpersonal"": ""low"" }"
601b400556a75119b237646aa088198be8ba185f5a5b3c81c3588416142acd70__demos,"{""gt_group_ca"":15,""gt_interpersonal_ca"":12,""gt_group_band"":""moderate"",""gt_interpersonal_band"":""low""}","{   ""self_reported_group_ca"": 18,   ""self_reported_interpersonal_ca"": 12,   ""self_reported_band_group"": ""moderate"",   ""self_reported_band_interpersonal"": ""low"" }"
601b400556a75119b237646aa088198be8ba185f5a5b3c81c3588416142acd70__employment,"{""gt_group_ca"":15,""gt_interpersonal_ca"":12,""gt_group_band"":""moderate"",""gt_interpersonal_band"":""low""}","{   ""self_reported_group_ca"": 18,   ""self_reported_interpersonal_ca"": 12,   ""self_reported_band_group"": ""moderate"",   ""self_reported_band_interpersonal"": ""low"" }"
601b400556a75119b237646aa088198be8ba185f5a5b3c81c3588416142acd70__geo,"{""gt_group_ca"":15,""gt_interpersonal_ca"":12,""gt_group_band"":""moderate"",""gt_interpersonal_band"":""low""}","{   ""self_reported_group_ca"": 18,   ""self_reported_interpersonal_ca"": 12,   ""self_reported_band_group"": ""moderate"",   ""self_reported_band_interpersonal"": ""low"" }"
601b400556a75119b237646aa088198be8ba185f5a5b3c81c3588416142acd70__transit,"{""gt_group_ca"":15,""gt_interpersonal_ca"":12,""gt_group_band"":""moderate"",""gt_interpersonal_band"":""low""}","{   ""self_reported_group_ca"": 18,   ""self_reported_interpersonal_ca"": 12,   ""self_reported_band_group"": ""moderate"",   ""self_reported_band_interpersonal"": ""low"" }"
601b400556a75119b237646aa088198be8ba185f5a5b3c81c3588416142acd70__full,"{""gt_group_ca"":15,""gt_interpersonal_ca"":12,""gt_group_band"":""moderate"",""gt_interpersonal_band"":""low""}","{   ""self_reported_group_ca"": 18,   ""self_reported_interpersonal_ca"": 12,   ""self_reported_band_group"": ""moderate"",   ""self_reported_band_interpersonal"": ""low"" }"
601b400556a75119b237646aa088198be8ba185f5a5b3c81c3588416142acd70__v3_rideshare,"{""gt_group_ca"":15,""gt_interpersonal_ca"":12,""gt_group_band"":""moderate"",""gt_interpersonal_band"":""low""}","{   ""self_reported_group_ca"": 18,   ""self_reported_interpersonal_ca"": 12,   ""self_reported_band_group"": ""moderate"",   ""self_reported_band_interpersonal"": ""low"" }"
601b400556a75119b237646aa088198be8ba185f5a5b3c81c3588416142acd70__v3_public_transit,"{""gt_group_ca"":15,""gt_interpersonal_ca"":12,""gt_group_band"":""moderate"",""gt_interpersonal_band"":""low""}","{   ""self_reported_group_ca"": 18,   ""self_reported_interpersonal_ca"": 12,   ""self_reported_band_group"": ""moderate"",   ""self_reported_band_interpersonal"": ""low"" }"
601b400556a75119b237646aa088198be8ba185f5a5b3c81c3588416142acd70__v3_voice,"{""gt_group_ca"":15,""gt_interpersonal_ca"":12,""gt_group_band"":""moderate"",""gt_interpersonal_band"":""low""}","{   ""self_reported_group_ca"": 18,   ""self_reported_interpersonal_ca"": 12,   ""self_reported_band_group"": ""moderate"",   ""self_reported_band_interpersonal"": ""low"" }"
3427b7819bdc9a2b33bd933d622d2f83bd873de9a0e6438f57132ada28bd48d3__demos,"{""gt_group_ca"":23,""gt_interpersonal_ca"":27,""gt_group_band"":""high"",""gt_interpersonal_band"":""high""}","{   ""self_reported_group_ca"": 18,   ""self_reported_interpersonal_ca"": 12,   ""self_reported_band_group"": ""moderate"",   ""self_reported_band_interpersonal"": ""low"" }"
3427b7819bdc9a2b33bd933d622d2f83bd873de9a0e6438f57132ada28bd48d3__employment,"{""gt_group_ca"":23,""gt_interpersonal_ca"":27,""gt_group_band"":""high"",""gt_interpersonal_band"":""high""}","{   ""self_reported_group_ca"": 18,   ""self_reported_interpersonal_ca"": 12,   ""self_reported_band_group"": ""moderate"",   ""self_reported_band_interpersonal"": ""low"" }"
3427b7819bdc9a2b33bd933d622d2f83bd873de9a0e6438f57132ada28bd48d3__geo,"{""gt_group_ca"":23,""gt_interpersonal_ca"":27,""gt_group_band"":""high"",""gt_interpersonal_band"":""high""}","{   ""self_reported_group_ca"": 18,   ""self_reported_interpersonal_ca"": 12,   ""self_reported_band_group"": ""moderate"",   ""self_reported_band_interpersonal"": ""low"" }"
3427b7819bdc9a2b33bd933d622d2f83bd873de9a0e6438f57132ada28bd48d3__transit,"{""gt_group_ca"":23,""gt_interpersonal_ca"":27,""gt_group_band"":""high"",""gt_interpersonal_band"":""high""}","{   ""self_reported_group_ca"": 18,   ""self_reported_interpersonal_ca"": 12,   ""self_reported_band_group"": ""moderate"",   ""self_reported_band_interpersonal"": ""low"" }"
3427b7819bdc9a2b33bd933d622d2f83bd873de9a0e6438f57132ada28bd48d3__full,"{""gt_group_ca"":23,""gt_interpersonal_ca"":27,""gt_group_band"":""high"",""gt_interpersonal_band"":""high""}","{   ""self_reported_group_ca"": 18,   ""self_reported_interpersonal_ca"": 12,   ""self_reported_band_group"": ""moderate"",   ""self_reported_band_interpersonal"": ""low"" }"
3427b7819bdc9a2b33bd933d622d2f83bd873de9a0e6438f57132ada28bd48d3__v3_rideshare,"{""gt_group_ca"":23,""gt_interpersonal_ca"":27,""gt_group_band"":""high"",""gt_interpersonal_band"":""high""}","{   ""self_reported_group_ca"": 18,   ""self_reported_interpersonal_ca"": 12,   ""self_reported_band_group"": ""moderate"",   ""self_reported_band_interpersonal"": ""low"" }"
3427b7819bdc9a2b33bd933d622d2f83bd873de9a0e6438f57132ada28bd48d3__v3_public_transit,"{""gt_group_ca"":23,""gt_interpersonal_ca"":27,""gt_group_band"":""high"",""gt_interpersonal_band"":""high""}","{   ""self_reported_group_ca"": 18,   ""self_reported_interpersonal_ca"": 12,   ""self_reported_band_group"": ""moderate"",   ""self_reported_band_interpersonal"": ""low"" }"
3427b7819bdc9a2b33bd933d622d2f83bd873de9a0e6438f57132ada28bd48d3__v3_voice,"{""gt_group_ca"":23,""gt_interpersonal_ca"":27,""gt_group_band"":""high"",""gt_interpersonal_band"":""high""}","{   ""self_reported_group_ca"": 18,   ""self_reported_interpersonal_ca"": 12,   ""self_reported_band_group"": ""moderate"",   ""self_reported_band_interpersonal"": ""low"" }"
5b63c889cdfa49c22fc68663ef6c7b84e08c9a4af3bd10dbc1807ae9d71838a5__demos,"{""gt_group_ca"":14,""gt_interpersonal_ca"":16,""gt_group_band"":""moderate"",""gt_interpersonal_band"":""moderate""}","{   ""self_reported_group_ca"": 18,   ""self_reported_interpersonal_ca"": 12,   ""self_reported_band_group"": ""moderate"",   ""self_reported_band_interpersonal"": ""low"" }"
5b63c889cdfa49c22fc68663ef6c7b84e08c9a4af3bd10dbc1807ae9d71838a5__employment,"{""gt_group_ca"":14,""gt_interpersonal_ca"":16,""gt_group_band"":""moderate"",""gt_interpersonal_band"":""moderate""}","{   ""self_reported_group_ca"": 18,   ""self_reported_interpersonal_ca"": 12,   ""self_reported_band_group"": ""moderate"",   ""self_reported_band_interpersonal"": ""low"" }"
5b63c889cdfa49c22fc68663ef6c7b84e08c9a4af3bd10dbc1807ae9d71838a5__geo,"{""gt_group_ca"":14,""gt_interpersonal_ca"":16,""gt_group_band"":""moderate"",""gt_interpersonal_band"":""moderate""}","{   ""self_reported_group_ca"": 18,   ""self_reported_interpersonal_ca"": 12,   ""self_reported_band_group"": ""moderate"",   ""self_reported_band_interpersonal"": ""low"" }"
5b63c889cdfa49c22fc68663ef6c7b84e08c9a4af3bd10dbc1807ae9d71838a5__transit,"{""gt_group_ca"":14,""gt_interpersonal_ca"":16,""gt_group_band"":""moderate"",""gt_interpersonal_band"":""moderate""}","{   ""self_reported_group_ca"": 18,   ""self_reported_interpersonal_ca"": 12,   ""self_reported_band_group"": ""moderate"",   ""self_reported_band_interpersonal"": ""low"" }"
5b63c889cdfa49c22fc68663ef6c7b84e08c9a4af3bd10dbc1807ae9d71838a5__full,"{""gt_group_ca"":14,""gt_interpersonal_ca"":16,""gt_group_band"":""moderate"",""gt_interpersonal_band"":""moderate""}","{   ""self_reported_group_ca"": 18,   ""self_reported_interpersonal_ca"": 12,   ""self_reported_band_group"": ""moderate"",   ""self_reported_band_interpersonal"": ""low"" }"
5b63c889cdfa49c22fc68663ef6c7b84e08c9a4af3bd10dbc1807ae9d71838a5__v3_rideshare,"{""gt_group_ca"":14,""gt_interpersonal_ca"":16,""gt_group_band"":""moderate"",""gt_interpersonal_band"":""moderate""}","{   ""self_reported_group_ca"": 18,   ""self_reported_interpersonal_ca"": 12,   ""self_reported_band_group"": ""moderate"",   ""self_reported_band_interpersonal"": ""low"" }"
5b63c889cdfa49c22fc68663ef6c7b84e08c9a4af3bd10dbc1807ae9d71838a5__v3_public_transit,"{""gt_group_ca"":14,""gt_interpersonal_ca"":16,""gt_group_band"":""moderate"",""gt_interpersonal_band"":""moderate""}","{   ""self_reported_group_ca"": 18,   ""self_reported_interpersonal_ca"": 12,   ""self_reported_band_group"": ""moderate"",   ""self_reported_band_interpersonal"": ""low"" }"
5b63c889cdfa49c22fc68663ef6c7b84e08c9a4af3bd10dbc1807ae9d71838a5__v3_voice,"{""gt_group_ca"":14,""gt_interpersonal_ca"":16,""gt_group_band"":""moderate"",""gt_interpersonal_band"":""moderate""}","{   ""self_reported_group_ca"": 18,   ""self_reported_interpersonal_ca"": 12,   ""self_reported_band_group"": ""moderate"",   ""self_reported_band_interpersonal"": ""low"" }"
eb3fb8ec6b1b1d4188b8311ad1b26ab7b1059c5e1f7200b2bad3857aaa6bc319__demos,"{""gt_group_ca"":6,""gt_interpersonal_ca"":6,""gt_group_band"":""low"",""gt_interpersonal_band"":""low""}","{   ""self_reported_group_ca"": 18,   ""self_reported_interpersonal_ca"": 12,   ""self_reported_band_group"": ""moderate"",   ""self_reported_band_interpersonal"": ""low"" }"
eb3fb8ec6b1b1d4188b8311ad1b26ab7b1059c5e1f7200b2bad3857aaa6bc319__employment,"{""gt_group_ca"":6,""gt_interpersonal_ca"":6,""gt_group_band"":""low"",""gt_interpersonal_band"":""low""}","{   ""self_reported_group_ca"": 18,   ""self_reported_interpersonal_ca"": 12,   ""self_reported_band_group"": ""moderate"",   ""self_reported_band_interpersonal"": ""low"" }"
eb3fb8ec6b1b1d4188b8311ad1b26ab7b1059c5e1f7200b2bad3857aaa6bc319__geo,"{""gt_group_ca"":6,""gt_interpersonal_ca"":6,""gt_group_band"":""low"",""gt_interpersonal_band"":""low""}","{   ""self_reported_group_ca"": 18,   ""self_reported_interpersonal_ca"": 12,   ""self_reported_band_group"": ""moderate"",   ""self_reported_band_interpersonal"": ""low"" }"
eb3fb8ec6b1b1d4188b8311ad1b26ab7b1059c5e1f7200b2bad3857aaa6bc319__transit,"{""gt_group_ca"":6,""gt_interpersonal_ca"":6,""gt_group_band"":""low"",""gt_interpersonal_band"":""low""}","{   ""self_reported_group_ca"": 18,   ""self_reported_interpersonal_ca"": 12,   ""self_reported_band_group"": ""moderate"",   ""self_reported_band_interpersonal"": ""low"" }"
eb3fb8ec6b1b1d4188b8311ad1b26ab7b1059c5e1f7200b2bad3857aaa6bc319__full,"{""gt_group_ca"":6,""gt_interpersonal_ca"":6,""gt_group_band"":""low"",""gt_interpersonal_band"":""low""}","{   ""self_reported_group_ca"": 18,   ""self_reported_interpersonal_ca"": 12,   ""self_reported_band_group"": ""moderate"",   ""self_reported_band_interpersonal"": ""low"" }"
eb3fb8ec6b1b1d4188b8311ad1b26ab7b1059c5e1f7200b2bad3857aaa6bc319__v3_rideshare,"{""gt_group_ca"":6,""gt_interpersonal_ca"":6,""gt_group_band"":""low"",""gt_interpersonal_band"":""low""}","{   ""self_reported_group_ca"": 18,   ""self_reported_interpersonal_ca"": 12,   ""self_reported_band_group"": ""moderate"",   ""self_reported_band_interpersonal"": ""low"" }"
eb3fb8ec6b1b1d4188b8311ad1b26ab7b1059c5e1f7200b2bad3857aaa6bc319__v3_public_transit,"{""gt_group_ca"":6,""gt_interpersonal_ca"":6,""gt_group_band"":""low"",""gt_interpersonal_band"":""low""}","{   ""self_reported_group_ca"": 18,   ""self_reported_interpersonal_ca"": 12,   ""self_reported_band_group"": ""moderate"",   ""self_reported_band_interpersonal"": ""low"" }"
eb3fb8ec6b1b1d4188b8311ad1b26ab7b1059c5e1f7200b2bad3857aaa6bc319__v3_voice,"{""gt_group_ca"":6,""gt_interpersonal_ca"":6,""gt_group_band"":""low"",""gt_interpersonal_band"":""low""}","{   ""self_reported_group_ca"": 18,   ""self_reported_interpersonal_ca"": 12,   ""self_reported_band_group"": ""moderate"",   ""self_reported_band_interpersonal"": ""low"" }"
e21f07493dd1dcc3623d141df8b718e376a303a6bb6a8932af1e4417297a9942__demos,"{""gt_group_ca"":30,""gt_interpersonal_ca"":30,""gt_group_band"":""high"",""gt_interpersonal_band"":""high""}","{   ""self_reported_group_ca"": 18,   ""self_reported_interpersonal_ca"": 12,   ""self_reported_band_group"": ""moderate"",   ""self_reported_band_interpersonal"": ""low"" }"
e21f07493dd1dcc3623d141df8b718e376a303a6bb6a8932af1e4417297a9942__employment,"{""gt_group_ca"":30,""gt_interpersonal_ca"":30,""gt_group_band"":""high"",""gt_interpersonal_band"":""high""}","{   ""self_reported_group_ca"": 18,   ""self_reported_interpersonal_ca"": 12,   ""self_reported_band_group"": ""moderate"",   ""self_reported_band_interpersonal"": ""low"" }"
e21f07493dd1dcc3623d141df8b718e376a303a6bb6a8932af1e4417297a9942__geo,"{""gt_group_ca"":30,""gt_interpersonal_ca"":30,""gt_group_band"":""high"",""gt_interpersonal_band"":""high""}","{   ""self_reported_group_ca"": 18,   ""self_reported_interpersonal_ca"": 12,   ""self_reported_band_group"": ""moderate"",   ""self_reported_band_interpersonal"": ""low"" }"
e21f07493dd1dcc3623d141df8b718e376a303a6bb6a8932af1e4417297a9942__transit,"{""gt_group_ca"":30,""gt_interpersonal_ca"":30,""gt_group_band"":""high"",""gt_interpersonal_band"":""high""}","{   ""self_reported_group_ca"": 18,   ""self_reported_interpersonal_ca"": 12,   ""self_reported_band_group"": ""moderate"",   ""self_reported_band_interpersonal"": ""low"" }"
e21f07493dd1dcc3623d141df8b718e376a303a6bb6a8932af1e4417297a9942__full,"{""gt_group_ca"":30,""gt_interpersonal_ca"":30,""gt_group_band"":""high"",""gt_interpersonal_band"":""high""}","{   ""self_reported_group_ca"": 18,   ""self_reported_interpersonal_ca"": 12,   ""self_reported_band_group"": ""moderate"",   ""self_reported_band_interpersonal"": ""low"" }"
e21f07493dd1dcc3623d141df8b718e376a303a6bb6a8932af1e4417297a9942__v3_rideshare,"{""gt_group_ca"":30,""gt_interpersonal_ca"":30,""gt_group_band"":""high"",""gt_interpersonal_band"":""high""}","{   ""self_reported_group_ca"": 18,   ""self_reported_interpersonal_ca"": 12,   ""self_reported_band_group"": ""moderate"",   ""self_reported_band_interpersonal"": ""low"" }"
e21f07493dd1dcc3623d141df8b718e376a303a6bb6a8932af1e4417297a9942__v3_public_transit,"{""gt_group_ca"":30,""gt_interpersonal_ca"":30,""gt_group_band"":""high"",""gt_interpersonal_band"":""high""}","{   ""self_reported_group_ca"": 18,   ""self_reported_interpersonal_ca"": 12,   ""self_reported_band_group"": ""moderate"",   ""self_reported_band_interpersonal"": ""low"" }"
e21f07493dd1dcc3623d141df8b718e376a303a6bb6a8932af1e4417297a9942__v3_voice,"{""gt_group_ca"":30,""gt_interpersonal_ca"":30,""gt_group_band"":""high"",""gt_interpersonal_band"":""high""}","{   ""self_reported_group_ca"": 18,   ""self_reported_interpersonal_ca"": 12,   ""self_reported_band_group"": ""moderate"",   ""self_reported_band_interpersonal"": ""low"" }"
5afc1630f8d98f719050c5da87a28bb1e43c7c9a735e2d28236346006d90b84c__demos,"{""gt_group_ca"":24,""gt_interpersonal_ca"":11,""gt_group_band"":""high"",""gt_interpersonal_band"":""low""}","{   ""self_reported_group_ca"": 18,   ""self_reported_interpersonal_ca"": 12,   ""self_reported_band_group"": ""moderate"",   ""self_reported_band_interpersonal"": ""low"" }"
5afc1630f8d98f719050c5da87a28bb1e43c7c9a735e2d28236346006d90b84c__employment,"{""gt_group_ca"":24,""gt_interpersonal_ca"":11,""gt_group_band"":""high"",""gt_interpersonal_band"":""low""}","{   ""self_reported_group_ca"": 18,   ""self_reported_interpersonal_ca"": 12,   ""self_reported_band_group"": ""moderate"",   ""self_reported_band_interpersonal"": ""low"" }"
5afc1630f8d98f719050c5da87a28bb1e43c7c9a735e2d28236346006d90b84c__geo,"{""gt_group_ca"":24,""gt_interpersonal_ca"":11,""gt_group_band"":""high"",""gt_interpersonal_band"":""low""}","{   ""self_reported_group_ca"": 18,   ""self_reported_interpersonal_ca"": 12,   ""self_reported_band_group"": ""moderate"",   ""self_reported_band_interpersonal"": ""low"" }"
5afc1630f8d98f719050c5da87a28bb1e43c7c9a735e2d28236346006d90b84c__transit,"{""gt_group_ca"":24,""gt_interpersonal_ca"":11,""gt_group_band"":""high"",""gt_interpersonal_band"":""low""}","{   ""self_reported_group_ca"": 18,   ""self_reported_interpersonal_ca"": 12,   ""self_reported_band_group"": ""moderate"",   ""self_reported_band_interpersonal"": ""low"" }"
5afc1630f8d98f719050c5da87a28bb1e43c7c9a735e2d28236346006d90b84c__full,"{""gt_group_ca"":24,""gt_interpersonal_ca"":11,""gt_group_band"":""high"",""gt_interpersonal_band"":""low""}","{   ""self_reported_group_ca"": 18,   ""self_reported_interpersonal_ca"": 12,   ""self_reported_band_group"": ""moderate"",   ""self_reported_band_interpersonal"": ""low"" }"
5afc1630f8d98f719050c5da87a28bb1e43c7c9a735e2d28236346006d90b84c__v3_rideshare,"{""gt_group_ca"":24,""gt_interpersonal_ca"":11,""gt_group_band"":""high"",""gt_interpersonal_band"":""low""}","{   ""self_reported_group_ca"": 18,   ""self_reported_interpersonal_ca"": 12,   ""self_reported_band_group"": ""moderate"",   ""self_reported_band_interpersonal"": ""low"" }"
5afc1630f8d98f719050c5da87a28bb1e43c7c9a735e2d28236346006d90b84c__v3_public_transit,"{""gt_group_ca"":24,""gt_interpersonal_ca"":11,""gt_group_band"":""high"",""gt_interpersonal_band"":""low""}","{   ""self_reported_group_ca"": 18,   ""self_reported_interpersonal_ca"": 12,   ""self_reported_band_group"": ""moderate"",   ""self_reported_band_interpersonal"": ""low"" }"
5afc1630f8d98f719050c5da87a28bb1e43c7c9a735e2d28236346006d90b84c__v3_voice,"{""gt_group_ca"":24,""gt_interpersonal_ca"":11,""gt_group_band"":""high"",""gt_interpersonal_band"":""low""}","{   ""self_reported_group_ca"": 18,   ""self_reported_interpersonal_ca"": 12,   ""self_reported_band_group"": ""moderate"",   ""self_reported_band_interpersonal"": ""low"" }"
257a851f7e92bf8d22dd89f8a8265b75669dd7176d03a05bc400e037eabb3008__demos,"{""gt_group_ca"":9,""gt_interpersonal_ca"":8,""gt_group_band"":""low"",""gt_interpersonal_band"":""low""}","{   ""self_reported_group_ca"": 18,   ""self_reported_interpersonal_ca"": 12,   ""self_reported_band_group"": ""moderate"",   ""self_reported_band_interpersonal"": ""low"" }"
257a851f7e92bf8d22dd89f8a8265b75669dd7176d03a05bc400e037eabb3008__employment,"{""gt_group_ca"":9,""gt_interpersonal_ca"":8,""gt_group_band"":""low"",""gt_interpersonal_band"":""low""}","{   ""self_reported_group_ca"": 18,   ""self_reported_interpersonal_ca"": 12,   ""self_reported_band_group"": ""moderate"",   ""self_reported_band_interpersonal"": ""low"" }"
257a851f7e92bf8d22dd89f8a8265b75669dd7176d03a05bc400e037eabb3008__geo,"{""gt_group_ca"":9,""gt_interpersonal_ca"":8,""gt_group_band"":""low"",""gt_interpersonal_band"":""low""}","{   ""self_reported_group_ca"": 18,   ""self_reported_interpersonal_ca"": 12,   ""self_reported_band_group"": ""moderate"",   ""self_reported_band_interpersonal"": ""low"" }"
257a851f7e92bf8d22dd89f8a8265b75669dd7176d03a05bc400e037eabb3008__transit,"{""gt_group_ca"":9,""gt_interpersonal_ca"":8,""gt_group_band"":""low"",""gt_interpersonal_band"":""low""}","{   ""self_reported_group_ca"": 18,   ""self_reported_interpersonal_ca"": 12,   ""self_reported_band_group"": ""moderate"",   ""self_reported_band_interpersonal"": ""low"" }"
257a851f7e92bf8d22dd89f8a8265b75669dd7176d03a05bc400e037eabb3008__full,"{""gt_group_ca"":9,""gt_interpersonal_ca"":8,""gt_group_band"":""low"",""gt_interpersonal_band"":""low""}","{   ""self_reported_group_ca"": 18,   ""self_reported_interpersonal_ca"": 12,   ""self_reported_band_group"": ""moderate"",   ""self_reported_band_interpersonal"": ""low"" }"
257a851f7e92bf8d22dd89f8a8265b75669dd7176d03a05bc400e037eabb3008__v3_rideshare,"{""gt_group_ca"":9,""gt_interpersonal_ca"":8,""gt_group_band"":""low"",""gt_interpersonal_band"":""low""}","{   ""self_reported_group_ca"": 18,   ""self_reported_interpersonal_ca"": 12,   ""self_reported_band_group"": ""moderate"",   ""self_reported_band_interpersonal"": ""low"" }"
257a851f7e92bf8d22dd89f8a8265b75669dd7176d03a05bc400e037eabb3008__v3_public_transit,"{""gt_group_ca"":9,""gt_interpersonal_ca"":8,""gt_group_band"":""low"",""gt_interpersonal_band"":""low""}","{   ""self_reported_group_ca"": 18,   ""self_reported_interpersonal_ca"": 12,   ""self_reported_band_group"": ""moderate"",   ""self_reported_band_interpersonal"": ""low"" }"
257a851f7e92bf8d22dd89f8a8265b75669dd7176d03a05bc400e037eabb3008__v3_voice,"{""gt_group_ca"":9,""gt_interpersonal_ca"":8,""gt_group_band"":""low"",""gt_interpersonal_band"":""low""}","{   ""self_reported_group_ca"": 18,   ""self_reported_interpersonal_ca"": 12,   ""self_reported_band_group"": ""moderate"",   ""self_reported_band_interpersonal"": ""low"" }"
2834e540961043a0d0aa22f0c7156d20e977eb35ef6e33bbbae534115d72cf4c__demos,"{""gt_group_ca"":11,""gt_interpersonal_ca"":11,""gt_group_band"":""low"",""gt_interpersonal_band"":""low""}","{   ""self_reported_group_ca"": 22,   ""self_reported_interpersonal_ca"": 18,   ""self_reported_band_group"": ""high"",   ""self_reported_band_interpersonal"": ""moderate"" }"
2834e540961043a0d0aa22f0c7156d20e977eb35ef6e33bbbae534115d72cf4c__employment,"{""gt_group_ca"":11,""gt_interpersonal_ca"":11,""gt_group_band"":""low"",""gt_interpersonal_band"":""low""}","{   ""self_reported_group_ca"": 22,   ""self_reported_interpersonal_ca"": 18,   ""self_reported_band_group"": ""high"",   ""self_reported_band_interpersonal"": ""moderate"" }"
2834e540961043a0d0aa22f0c7156d20e977eb35ef6e33bbbae534115d72cf4c__geo,"{""gt_group_ca"":11,""gt_interpersonal_ca"":11,""gt_group_band"":""low"",""gt_interpersonal_band"":""low""}","{   ""self_reported_group_ca"": 22,   ""self_reported_interpersonal_ca"": 18,   ""self_reported_band_group"": ""high"",   ""self_reported_band_interpersonal"": ""moderate"" }"
2834e540961043a0d0aa22f0c7156d20e977eb35ef6e33bbbae534115d72cf4c__transit,"{""gt_group_ca"":11,""gt_interpersonal_ca"":11,""gt_group_band"":""low"",""gt_interpersonal_band"":""low""}","{   ""self_reported_group_ca"": 22,   ""self_reported_interpersonal_ca"": 18,   ""self_reported_band_group"": ""high"",   ""self_reported_band_interpersonal"": ""moderate"" }"
2834e540961043a0d0aa22f0c7156d20e977eb35ef6e33bbbae534115d72cf4c__full,"{""gt_group_ca"":11,""gt_interpersonal_ca"":11,""gt_group_band"":""low"",""gt_interpersonal_band"":""low""}","{   ""self_reported_group_ca"": 18,   ""self_reported_interpersonal_ca"": 12,   ""self_reported_band_group"": ""moderate"",   ""self_reported_band_interpersonal"": ""low"" }"
2834e540961043a0d0aa22f0c7156d20e977eb35ef6e33bbbae534115d72cf4c__v3_rideshare,"{""gt_group_ca"":11,""gt_interpersonal_ca"":11,""gt_group_band"":""low"",""gt_interpersonal_band"":""low""}","{   ""self_reported_group_ca"": 22,   ""self_reported_interpersonal_ca"": 18,   ""self_reported_band_group"": ""high"",   ""self_reported_band_interpersonal"": ""moderate"" }"
2834e540961043a0d0aa22f0c7156d20e977eb35ef6e33bbbae534115d72cf4c__v3_public_transit,"{""gt_group_ca"":11,""gt_interpersonal_ca"":11,""gt_group_band"":""low"",""gt_interpersonal_band"":""low""}","{   ""self_reported_group_ca"": 22,   ""self_reported_interpersonal_ca"": 18,   ""self_reported_band_group"": ""high"",   ""self_reported_band_interpersonal"": ""moderate"" }"
2834e540961043a0d0aa22f0c7156d20e977eb35ef6e33bbbae534115d72cf4c__v3_voice,"{""gt_group_ca"":11,""gt_interpersonal_ca"":11,""gt_group_band"":""low"",""gt_interpersonal_band"":""low""}","{   ""self_reported_group_ca"": 18,   ""self_reported_interpersonal_ca"": 12,   ""self_reported_band_group"": ""moderate"",   ""self_reported_band_interpersonal"": ""low"" }"
de0e2dc1ec48e5b0096010c8f913793ee29d7a025d9b11685c4c6e00fd91b2c6__demos,"{""gt_group_ca"":18,""gt_interpersonal_ca"":19,""gt_group_band"":""moderate"",""gt_interpersonal_band"":""moderate""}","{   ""self_reported_group_ca"": 18,   ""self_reported_interpersonal_ca"": 12,   ""self_reported_band_group"": ""moderate"",   ""self_reported_band_interpersonal"": ""low"" }"
de0e2dc1ec48e5b0096010c8f913793ee29d7a025d9b11685c4c6e00fd91b2c6__employment,"{""gt_group_ca"":18,""gt_interpersonal_ca"":19,""gt_group_band"":""moderate"",""gt_interpersonal_band"":""moderate""}","{   ""self_reported_group_ca"": 18,   ""self_reported_interpersonal_ca"": 12,   ""self_reported_band_group"": ""moderate"",   ""self_reported_band_interpersonal"": ""low"" }"
de0e2dc1ec48e5b0096010c8f913793ee29d7a025d9b11685c4c6e00fd91b2c6__geo,"{""gt_group_ca"":18,""gt_interpersonal_ca"":19,""gt_group_band"":""moderate"",""gt_interpersonal_band"":""moderate""}","{   ""self_reported_group_ca"": 18,   ""self_reported_interpersonal_ca"": 12,   ""self_reported_band_group"": ""moderate"",   ""self_reported_band_interpersonal"": ""low"" }"
de0e2dc1ec48e5b0096010c8f913793ee29d7a025d9b11685c4c6e00fd91b2c6__transit,"{""gt_group_ca"":18,""gt_interpersonal_ca"":19,""gt_group_band"":""moderate"",""gt_interpersonal_band"":""moderate""}","{   ""self_reported_group_ca"": 18,   ""self_reported_interpersonal_ca"": 12,   ""self_reported_band_group"": ""moderate"",   ""self_reported_band_interpersonal"": ""low"" }"
de0e2dc1ec48e5b0096010c8f913793ee29d7a025d9b11685c4c6e00fd91b2c6__full,"{""gt_group_ca"":18,""gt_interpersonal_ca"":19,""gt_group_band"":""moderate"",""gt_interpersonal_band"":""moderate""}","{   ""self_reported_group_ca"": 18,   ""self_reported_interpersonal_ca"": 12,   ""self_reported_band_group"": ""moderate"",   ""self_reported_band_interpersonal"": ""low"" }"
de0e2dc1ec48e5b0096010c8f913793ee29d7a025d9b11685c4c6e00fd91b2c6__v3_rideshare,"{""gt_group_ca"":18,""gt_interpersonal_ca"":19,""gt_group_band"":""moderate"",""gt_interpersonal_band"":""moderate""}","{   ""self_reported_group_ca"": 18,   ""self_reported_interpersonal_ca"": 12,   ""self_reported_band_group"": ""moderate"",   ""self_reported_band_interpersonal"": ""low"" }"
de0e2dc1ec48e5b0096010c8f913793ee29d7a025d9b11685c4c6e00fd91b2c6__v3_public_transit,"{""gt_group_ca"":18,""gt_interpersonal_ca"":19,""gt_group_band"":""moderate"",""gt_interpersonal_band"":""moderate""}","{   ""self_reported_group_ca"": 18,   ""self_reported_interpersonal_ca"": 12,   ""self_reported_band_group"": ""moderate"",   ""self_reported_band_interpersonal"": ""low"" }"
de0e2dc1ec48e5b0096010c8f913793ee29d7a025d9b11685c4c6e00fd91b2c6__v3_voice,"{""gt_group_ca"":18,""gt_interpersonal_ca"":19,""gt_group_band"":""moderate"",""gt_interpersonal_band"":""moderate""}","{   ""self_reported_group_ca"": 18,   ""self_reported_interpersonal_ca"": 12,   ""self_reported_band_group"": ""moderate"",   ""self_reported_band_interpersonal"": ""low"" }"
0424a1fe863ac20a26a5fb9a66f0bb9528170412fbca70b5f5a01052ab761f26__demos,"{""gt_group_ca"":12,""gt_interpersonal_ca"":9,""gt_group_band"":""low"",""gt_interpersonal_band"":""low""}","{   ""self_reported_group_ca"": 18,   ""self_reported_interpersonal_ca"": 12,   ""self_reported_band_group"": ""moderate"",   ""self_reported_band_interpersonal"": ""low"" }"
0424a1fe863ac20a26a5fb9a66f0bb9528170412fbca70b5f5a01052ab761f26__employment,"{""gt_group_ca"":12,""gt_interpersonal_ca"":9,""gt_group_band"":""low"",""gt_interpersonal_band"":""low""}","{   ""self_reported_group_ca"": 18,   ""self_reported_interpersonal_ca"": 12,   ""self_reported_band_group"": ""moderate"",   ""self_reported_band_interpersonal"": ""low"" }"
0424a1fe863ac20a26a5fb9a66f0bb9528170412fbca70b5f5a01052ab761f26__geo,"{""gt_group_ca"":12,""gt_interpersonal_ca"":9,""gt_group_band"":""low"",""gt_interpersonal_band"":""low""}","{   ""self_reported_group_ca"": 18,   ""self_reported_interpersonal_ca"": 12,   ""self_reported_band_group"": ""moderate"",   ""self_reported_band_interpersonal"": ""low"" }"
0424a1fe863ac20a26a5fb9a66f0bb9528170412fbca70b5f5a01052ab761f26__transit,"{""gt_group_ca"":12,""gt_interpersonal_ca"":9,""gt_group_band"":""low"",""gt_interpersonal_band"":""low""}","{   ""self_reported_group_ca"": 18,   ""self_reported_interpersonal_ca"": 12,   ""self_reported_band_group"": ""moderate"",   ""self_reported_band_interpersonal"": ""low"" }"
0424a1fe863ac20a26a5fb9a66f0bb9528170412fbca70b5f5a01052ab761f26__full,"{""gt_group_ca"":12,""gt_interpersonal_ca"":9,""gt_group_band"":""low"",""gt_interpersonal_band"":""low""}","{   ""self_reported_group_ca"": 18,   ""self_reported_interpersonal_ca"": 12,   ""self_reported_band_group"": ""moderate"",   ""self_reported_band_interpersonal"": ""low"" }"
0424a1fe863ac20a26a5fb9a66f0bb9528170412fbca70b5f5a01052ab761f26__v3_rideshare,"{""gt_group_ca"":12,""gt_interpersonal_ca"":9,""gt_group_band"":""low"",""gt_interpersonal_band"":""low""}","{   ""self_reported_group_ca"": 18,   ""self_reported_interpersonal_ca"": 12,   ""self_reported_band_group"": ""moderate"",   ""self_reported_band_interpersonal"": ""low"" }"
0424a1fe863ac20a26a5fb9a66f0bb9528170412fbca70b5f5a01052ab761f26__v3_public_transit,"{""gt_group_ca"":12,""gt_interpersonal_ca"":9,""gt_group_band"":""low"",""gt_interpersonal_band"":""low""}","{   ""self_reported_group_ca"": 18,   ""self_reported_interpersonal_ca"": 12,   ""self_reported_band_group"": ""moderate"",   ""self_reported_band_interpersonal"": ""low"" }"
0424a1fe863ac20a26a5fb9a66f0bb9528170412fbca70b5f5a01052ab761f26__v3_voice,"{""gt_group_ca"":12,""gt_interpersonal_ca"":9,""gt_group_band"":""low"",""gt_interpersonal_band"":""low""}","{   ""self_reported_group_ca"": 18,   ""self_reported_interpersonal_ca"": 12,   ""self_reported_band_group"": ""moderate"",   ""self_reported_band_interpersonal"": ""low"" }"
4c996e124e4b93ec09b007d5e70fe8d5036b517c3009cd610cda7a9c0c982328__demos,"{""gt_group_ca"":11,""gt_interpersonal_ca"":16,""gt_group_band"":""low"",""gt_interpersonal_band"":""moderate""}","{   ""self_reported_group_ca"": 18,   ""self_reported_interpersonal_ca"": 12,   ""self_reported_band_group"": ""moderate"",   ""self_reported_band_interpersonal"": ""low"" }"
4c996e124e4b93ec09b007d5e70fe8d5036b517c3009cd610cda7a9c0c982328__employment,"{""gt_group_ca"":11,""gt_interpersonal_ca"":16,""gt_group_band"":""low"",""gt_interpersonal_band"":""moderate""}","{   ""self_reported_group_ca"": 18,   ""self_reported_interpersonal_ca"": 12,   ""self_reported_band_group"": ""moderate"",   ""self_reported_band_interpersonal"": ""low"" }"
4c996e124e4b93ec09b007d5e70fe8d5036b517c3009cd610cda7a9c0c982328__geo,"{""gt_group_ca"":11,""gt_interpersonal_ca"":16,""gt_group_band"":""low"",""gt_interpersonal_band"":""moderate""}","{   ""self_reported_group_ca"": 18,   ""self_reported_interpersonal_ca"": 12,   ""self_reported_band_group"": ""moderate"",   ""self_reported_band_interpersonal"": ""low"" }"
4c996e124e4b93ec09b007d5e70fe8d5036b517c3009cd610cda7a9c0c982328__transit,"{""gt_group_ca"":11,""gt_interpersonal_ca"":16,""gt_group_band"":""low"",""gt_interpersonal_band"":""moderate""}","{   ""self_reported_group_ca"": 18,   ""self_reported_interpersonal_ca"": 12,   ""self_reported_band_group"": ""moderate"",   ""self_reported_band_interpersonal"": ""low"" }"
4c996e124e4b93ec09b007d5e70fe8d5036b517c3009cd610cda7a9c0c982328__full,"{""gt_group_ca"":11,""gt_interpersonal_ca"":16,""gt_group_band"":""low"",""gt_interpersonal_band"":""moderate""}","{   ""self_reported_group_ca"": 18,   ""self_reported_interpersonal_ca"": 12,   ""self_reported_band_group"": ""moderate"",   ""self_reported_band_interpersonal"": ""low"" }"
4c996e124e4b93ec09b007d5e70fe8d5036b517c3009cd610cda7a9c0c982328__v3_rideshare,"{""gt_group_ca"":11,""gt_interpersonal_ca"":16,""gt_group_band"":""low"",""gt_interpersonal_band"":""moderate""}","{   ""self_reported_group_ca"": 18,   ""self_reported_interpersonal_ca"": 12,   ""self_reported_band_group"": ""moderate"",   ""self_reported_band_interpersonal"": ""low"" }"
4c996e124e4b93ec09b007d5e70fe8d5036b517c3009cd610cda7a9c0c982328__v3_public_transit,"{""gt_group_ca"":11,""gt_interpersonal_ca"":16,""gt_group_band"":""low"",""gt_interpersonal_band"":""moderate""}","{   ""self_reported_group_ca"": 18,   ""self_reported_interpersonal_ca"": 12,   ""self_reported_band_group"": ""moderate"",   ""self_reported_band_interpersonal"": ""low"" }"
4c996e124e4b93ec09b007d5e70fe8d5036b517c3009cd610cda7a9c0c982328__v3_voice,"{""gt_group_ca"":11,""gt_interpersonal_ca"":16,""gt_group_band"":""low"",""gt_interpersonal_band"":""moderate""}","{   ""self_reported_group_ca"": 18,   ""self_reported_interpersonal_ca"": 12,   ""self_reported_band_group"": ""moderate"",   ""self_reported_band_interpersonal"": ""low"" }"
5a505b34a0db74683762d7eb6a42d436782a7504e2906a1f455c68ec96426651__demos,"{""gt_group_ca"":10,""gt_interpersonal_ca"":12,""gt_group_band"":""low"",""gt_interpersonal_band"":""low""}","{   ""self_reported_group_ca"": 18,   ""self_reported_interpersonal_ca"": 12,   ""self_reported_band_group"": ""moderate"",   ""self_reported_band_interpersonal"": ""low"" }"
5a505b34a0db74683762d7eb6a42d436782a7504e2906a1f455c68ec96426651__employment,"{""gt_group_ca"":10,""gt_interpersonal_ca"":12,""gt_group_band"":""low"",""gt_interpersonal_band"":""low""}","{   ""self_reported_group_ca"": 18,   ""self_reported_interpersonal_ca"": 12,   ""self_reported_band_group"": ""moderate"",   ""self_reported_band_interpersonal"": ""low"" }"
5a505b34a0db74683762d7eb6a42d436782a7504e2906a1f455c68ec96426651__geo,"{""gt_group_ca"":10,""gt_interpersonal_ca"":12,""gt_group_band"":""low"",""gt_interpersonal_band"":""low""}","{   ""self_reported_group_ca"": 18,   ""self_reported_interpersonal_ca"": 12,   ""self_reported_band_group"": ""moderate"",   ""self_reported_band_interpersonal"": ""low"" }"
5a505b34a0db74683762d7eb6a42d436782a7504e2906a1f455c68ec96426651__transit,"{""gt_group_ca"":10,""gt_interpersonal_ca"":12,""gt_group_band"":""low"",""gt_interpersonal_band"":""low""}","{   ""self_reported_group_ca"": 18,   ""self_reported_interpersonal_ca"": 12,   ""self_reported_band_group"": ""moderate"",   ""self_reported_band_interpersonal"": ""low"" }"
5a505b34a0db74683762d7eb6a42d436782a7504e2906a1f455c68ec96426651__full,"{""gt_group_ca"":10,""gt_interpersonal_ca"":12,""gt_group_band"":""low"",""gt_interpersonal_band"":""low""}","{   ""self_reported_group_ca"": 18,   ""self_reported_interpersonal_ca"": 12,   ""self_reported_band_group"": ""moderate"",   ""self_reported_band_interpersonal"": ""low"" }"
5a505b34a0db74683762d7eb6a42d436782a7504e2906a1f455c68ec96426651__v3_rideshare,"{""gt_group_ca"":10,""gt_interpersonal_ca"":12,""gt_group_band"":""low"",""gt_interpersonal_band"":""low""}","{   ""self_reported_group_ca"": 18,   ""self_reported_interpersonal_ca"": 12,   ""self_reported_band_group"": ""moderate"",   ""self_reported_band_interpersonal"": ""low"" }"
5a505b34a0db74683762d7eb6a42d436782a7504e2906a1f455c68ec96426651__v3_public_transit,"{""gt_group_ca"":10,""gt_interpersonal_ca"":12,""gt_group_band"":""low"",""gt_interpersonal_band"":""low""}","{   ""self_reported_group_ca"": 18,   ""self_reported_interpersonal_ca"": 12,   ""self_reported_band_group"": ""moderate"",   ""self_reported_band_interpersonal"": ""low"" }"
5a505b34a0db74683762d7eb6a42d436782a7504e2906a1f455c68ec96426651__v3_voice,"{""gt_group_ca"":10,""gt_interpersonal_ca"":12,""gt_group_band"":""low"",""gt_interpersonal_band"":""low""}","{   ""self_reported_group_ca"": 18,   ""self_reported_interpersonal_ca"": 12,   ""self_reported_band_group"": ""moderate"",   ""self_reported_band_interpersonal"": ""low"" }"
37dda8998fc22f8d83e1b881b0e110ce99610c6e2d978653649e5d1f7bc1ac56__demos,"{""gt_group_ca"":30,""gt_interpersonal_ca"":26,""gt_group_band"":""high"",""gt_interpersonal_band"":""high""}","{   ""self_reported_group_ca"": 18,   ""self_reported_interpersonal_ca"": 12,   ""self_reported_band_group"": ""moderate"",   ""self_reported_band_interpersonal"": ""low"" }"
37dda8998fc22f8d83e1b881b0e110ce99610c6e2d978653649e5d1f7bc1ac56__employment,"{""gt_group_ca"":30,""gt_interpersonal_ca"":26,""gt_group_band"":""high"",""gt_interpersonal_band"":""high""}","{   ""self_reported_group_ca"": 18,   ""self_reported_interpersonal_ca"": 12,   ""self_reported_band_group"": ""moderate"",   ""self_reported_band_interpersonal"": ""low"" }"
37dda8998fc22f8d83e1b881b0e110ce99610c6e2d978653649e5d1f7bc1ac56__geo,"{""gt_group_ca"":30,""gt_interpersonal_ca"":26,""gt_group_band"":""high"",""gt_interpersonal_band"":""high""}","{   ""self_reported_group_ca"": 18,   ""self_reported_interpersonal_ca"": 12,   ""self_reported_band_group"": ""moderate"",   ""self_reported_band_interpersonal"": ""low"" }"
37dda8998fc22f8d83e1b881b0e110ce99610c6e2d978653649e5d1f7bc1ac56__transit,"{""gt_group_ca"":30,""gt_interpersonal_ca"":26,""gt_group_band"":""high"",""gt_interpersonal_band"":""high""}","{   ""self_reported_group_ca"": 18,   ""self_reported_interpersonal_ca"": 12,   ""self_reported_band_group"": ""moderate"",   ""self_reported_band_interpersonal"": ""low"" }"
37dda8998fc22f8d83e1b881b0e110ce99610c6e2d978653649e5d1f7bc1ac56__full,"{""gt_group_ca"":30,""gt_interpersonal_ca"":26,""gt_group_band"":""high"",""gt_interpersonal_band"":""high""}","{   ""self_reported_group_ca"": 18,   ""self_reported_interpersonal_ca"": 12,   ""self_reported_band_group"": ""moderate"",   ""self_reported_band_interpersonal"": ""low"" }"
37dda8998fc22f8d83e1b881b0e110ce99610c6e2d978653649e5d1f7bc1ac56__v3_rideshare,"{""gt_group_ca"":30,""gt_interpersonal_ca"":26,""gt_group_band"":""high"",""gt_interpersonal_band"":""high""}","{   ""self_reported_group_ca"": 18,   ""self_reported_interpersonal_ca"": 12,   ""self_reported_band_group"": ""moderate"",   ""self_reported_band_interpersonal"": ""low"" }"
37dda8998fc22f8d83e1b881b0e110ce99610c6e2d978653649e5d1f7bc1ac56__v3_public_transit,"{""gt_group_ca"":30,""gt_interpersonal_ca"":26,""gt_group_band"":""high"",""gt_interpersonal_band"":""high""}","{   ""self_reported_group_ca"": 18,   ""self_reported_interpersonal_ca"": 12,   ""self_reported_band_group"": ""moderate"",   ""self_reported_band_interpersonal"": ""low"" }"
37dda8998fc22f8d83e1b881b0e110ce99610c6e2d978653649e5d1f7bc1ac56__v3_voice,"{""gt_group_ca"":30,""gt_interpersonal_ca"":26,""gt_group_band"":""high"",""gt_interpersonal_band"":""high""}","{   ""self_reported_group_ca"": 18,   ""self_reported_interpersonal_ca"": 12,   ""self_reported_band_group"": ""moderate"",   ""self_reported_band_interpersonal"": ""low"" }"
8bf270eafbb0894e4b0c7cbb3c4ad83eaaf59cf0b82ac087702d3c3b78bd3d7c__demos,"{""gt_group_ca"":30,""gt_interpersonal_ca"":28,""gt_group_band"":""high"",""gt_interpersonal_band"":""high""}","{   ""self_reported_group_ca"": 18,   ""self_reported_interpersonal_ca"": 12,   ""self_reported_band_group"": ""moderate"",   ""self_reported_band_interpersonal"": ""low"" }"
8bf270eafbb0894e4b0c7cbb3c4ad83eaaf59cf0b82ac087702d3c3b78bd3d7c__employment,"{""gt_group_ca"":30,""gt_interpersonal_ca"":28,""gt_group_band"":""high"",""gt_interpersonal_band"":""high""}","{   ""self_reported_group_ca"": 18,   ""self_reported_interpersonal_ca"": 12,   ""self_reported_band_group"": ""moderate"",   ""self_reported_band_interpersonal"": ""low"" }"
8bf270eafbb0894e4b0c7cbb3c4ad83eaaf59cf0b82ac087702d3c3b78bd3d7c__geo,"{""gt_group_ca"":30,""gt_interpersonal_ca"":28,""gt_group_band"":""high"",""gt_interpersonal_band"":""high""}","{   ""self_reported_group_ca"": 18,   ""self_reported_interpersonal_ca"": 12,   ""self_reported_band_group"": ""moderate"",   ""self_reported_band_interpersonal"": ""low"" }"
8bf270eafbb0894e4b0c7cbb3c4ad83eaaf59cf0b82ac087702d3c3b78bd3d7c__transit,"{""gt_group_ca"":30,""gt_interpersonal_ca"":28,""gt_group_band"":""high"",""gt_interpersonal_band"":""high""}","{   ""self_reported_group_ca"": 18,   ""self_reported_interpersonal_ca"": 12,   ""self_reported_band_group"": ""moderate"",   ""self_reported_band_interpersonal"": ""low"" }"
8bf270eafbb0894e4b0c7cbb3c4ad83eaaf59cf0b82ac087702d3c3b78bd3d7c__full,"{""gt_group_ca"":30,""gt_interpersonal_ca"":28,""gt_group_band"":""high"",""gt_interpersonal_band"":""high""}","{   ""self_reported_group_ca"": 18,   ""self_reported_interpersonal_ca"": 12,   ""self_reported_band_group"": ""moderate"",   ""self_reported_band_interpersonal"": ""low"" }"
8bf270eafbb0894e4b0c7cbb3c4ad83eaaf59cf0b82ac087702d3c3b78bd3d7c__v3_rideshare,"{""gt_group_ca"":30,""gt_interpersonal_ca"":28,""gt_group_band"":""high"",""gt_interpersonal_band"":""high""}","{   ""self_reported_group_ca"": 18,   ""self_reported_interpersonal_ca"": 12,   ""self_reported_band_group"": ""moderate"",   ""self_reported_band_interpersonal"": ""low"" }"
8bf270eafbb0894e4b0c7cbb3c4ad83eaaf59cf0b82ac087702d3c3b78bd3d7c__v3_public_transit,"{""gt_group_ca"":30,""gt_interpersonal_ca"":28,""gt_group_band"":""high"",""gt_interpersonal_band"":""high""}","{   ""self_reported_group_ca"": 18,   ""self_reported_interpersonal_ca"": 12,   ""self_reported_band_group"": ""moderate"",   ""self_reported_band_interpersonal"": ""low"" }"
8bf270eafbb0894e4b0c7cbb3c4ad83eaaf59cf0b82ac087702d3c3b78bd3d7c__v3_voice,"{""gt_group_ca"":30,""gt_interpersonal_ca"":28,""gt_group_band"":""high"",""gt_interpersonal_band"":""high""}","{   ""self_reported_group_ca"": 18,   ""self_reported_interpersonal_ca"": 12,   ""self_reported_band_group"": ""moderate"",   ""self_reported_band_interpersonal"": ""low"" }"
95589e45838f097214c07c089ccbc4ab8c006c5ff052d1200354c96adfc97a19__demos,"{""gt_group_ca"":11,""gt_interpersonal_ca"":8,""gt_group_band"":""low"",""gt_interpersonal_band"":""low""}","{   ""self_reported_group_ca"": 18,   ""self_reported_interpersonal_ca"": 12,   ""self_reported_band_group"": ""moderate"",   ""self_reported_band_interpersonal"": ""low"" }"
95589e45838f097214c07c089ccbc4ab8c006c5ff052d1200354c96adfc97a19__employment,"{""gt_group_ca"":11,""gt_interpersonal_ca"":8,""gt_group_band"":""low"",""gt_interpersonal_band"":""low""}","{   ""self_reported_group_ca"": 18,   ""self_reported_interpersonal_ca"": 12,   ""self_reported_band_group"": ""moderate"",   ""self_reported_band_interpersonal"": ""low"" }"
95589e45838f097214c07c089ccbc4ab8c006c5ff052d1200354c96adfc97a19__geo,"{""gt_group_ca"":11,""gt_interpersonal_ca"":8,""gt_group_band"":""low"",""gt_interpersonal_band"":""low""}","{   ""self_reported_group_ca"": 18,   ""self_reported_interpersonal_ca"": 12,   ""self_reported_band_group"": ""moderate"",   ""self_reported_band_interpersonal"": ""low"" }"
95589e45838f097214c07c089ccbc4ab8c006c5ff052d1200354c96adfc97a19__transit,"{""gt_group_ca"":11,""gt_interpersonal_ca"":8,""gt_group_band"":""low"",""gt_interpersonal_band"":""low""}","{   ""self_reported_group_ca"": 18,   ""self_reported_interpersonal_ca"": 12,   ""self_reported_band_group"": ""moderate"",   ""self_reported_band_interpersonal"": ""low"" }"
95589e45838f097214c07c089ccbc4ab8c006c5ff052d1200354c96adfc97a19__full,"{""gt_group_ca"":11,""gt_interpersonal_ca"":8,""gt_group_band"":""low"",""gt_interpersonal_band"":""low""}","{   ""self_reported_group_ca"": 18,   ""self_reported_interpersonal_ca"": 12,   ""self_reported_band_group"": ""moderate"",   ""self_reported_band_interpersonal"": ""low"" }"
95589e45838f097214c07c089ccbc4ab8c006c5ff052d1200354c96adfc97a19__v3_rideshare,"{""gt_group_ca"":11,""gt_interpersonal_ca"":8,""gt_group_band"":""low"",""gt_interpersonal_band"":""low""}","{   ""self_reported_group_ca"": 18,   ""self_reported_interpersonal_ca"": 12,   ""self_reported_band_group"": ""moderate"",   ""self_reported_band_interpersonal"": ""low"" }"
95589e45838f097214c07c089ccbc4ab8c006c5ff052d1200354c96adfc97a19__v3_public_transit,"{""gt_group_ca"":11,""gt_interpersonal_ca"":8,""gt_group_band"":""low"",""gt_interpersonal_band"":""low""}","{   ""self_reported_group_ca"": 18,   ""self_reported_interpersonal_ca"": 12,   ""self_reported_band_group"": ""moderate"",   ""self_reported_band_interpersonal"": ""low"" }"
95589e45838f097214c07c089ccbc4ab8c006c5ff052d1200354c96adfc97a19__v3_voice,"{""gt_group_ca"":11,""gt_interpersonal_ca"":8,""gt_group_band"":""low"",""gt_interpersonal_band"":""low""}","{   ""self_reported_group_ca"": 18,   ""self_reported_interpersonal_ca"": 12,   ""self_reported_band_group"": ""moderate"",   ""self_reported_band_interpersonal"": ""low"" }"
9a0ceca8a9f30fe906cd4ab97ddb01effcd8f777ccc65f7d8d47fc390980799b__demos,"{""gt_group_ca"":12,""gt_interpersonal_ca"":12,""gt_group_band"":""low"",""gt_interpersonal_band"":""low""}","{   ""self_reported_group_ca"": 18,   ""self_reported_interpersonal_ca"": 12,   ""self_reported_band_group"": ""moderate"",   ""self_reported_band_interpersonal"": ""low"" }"
9a0ceca8a9f30fe906cd4ab97ddb01effcd8f777ccc65f7d8d47fc390980799b__employment,"{""gt_group_ca"":12,""gt_interpersonal_ca"":12,""gt_group_band"":""low"",""gt_interpersonal_band"":""low""}","{   ""self_reported_group_ca"": 18,   ""self_reported_interpersonal_ca"": 12,   ""self_reported_band_group"": ""moderate"",   ""self_reported_band_interpersonal"": ""low"" }"
9a0ceca8a9f30fe906cd4ab97ddb01effcd8f777ccc65f7d8d47fc390980799b__geo,"{""gt_group_ca"":12,""gt_interpersonal_ca"":12,""gt_group_band"":""low"",""gt_interpersonal_band"":""low""}","{   ""self_reported_group_ca"": 18,   ""self_reported_interpersonal_ca"": 12,   ""self_reported_band_group"": ""moderate"",   ""self_reported_band_interpersonal"": ""low"" }"
9a0ceca8a9f30fe906cd4ab97ddb01effcd8f777ccc65f7d8d47fc390980799b__transit,"{""gt_group_ca"":12,""gt_interpersonal_ca"":12,""gt_group_band"":""low"",""gt_interpersonal_band"":""low""}","{   ""self_reported_group_ca"": 18,   ""self_reported_interpersonal_ca"": 12,   ""self_reported_band_group"": ""moderate"",   ""self_reported_band_interpersonal"": ""low"" }"
9a0ceca8a9f30fe906cd4ab97ddb01effcd8f777ccc65f7d8d47fc390980799b__full,"{""gt_group_ca"":12,""gt_interpersonal_ca"":12,""gt_group_band"":""low"",""gt_interpersonal_band"":""low""}","{   ""self_reported_group_ca"": 18,   ""self_reported_interpersonal_ca"": 12,   ""self_reported_band_group"": ""moderate"",   ""self_reported_band_interpersonal"": ""low"" }"
9a0ceca8a9f30fe906cd4ab97ddb01effcd8f777ccc65f7d8d47fc390980799b__v3_rideshare,"{""gt_group_ca"":12,""gt_interpersonal_ca"":12,""gt_group_band"":""low"",""gt_interpersonal_band"":""low""}","{   ""self_reported_group_ca"": 18,   ""self_reported_interpersonal_ca"": 12,   ""self_reported_band_group"": ""moderate"",   ""self_reported_band_interpersonal"": ""low"" }"
9a0ceca8a9f30fe906cd4ab97ddb01effcd8f777ccc65f7d8d47fc390980799b__v3_public_transit,"{""gt_group_ca"":12,""gt_interpersonal_ca"":12,""gt_group_band"":""low"",""gt_interpersonal_band"":""low""}","{   ""self_reported_group_ca"": 18,   ""self_reported_interpersonal_ca"": 12,   ""self_reported_band_group"": ""moderate"",   ""self_reported_band_interpersonal"": ""low"" }"
9a0ceca8a9f30fe906cd4ab97ddb01effcd8f777ccc65f7d8d47fc390980799b__v3_voice,"{""gt_group_ca"":12,""gt_interpersonal_ca"":12,""gt_group_band"":""low"",""gt_interpersonal_band"":""low""}","{   ""self_reported_group_ca"": 18,   ""self_reported_interpersonal_ca"": 12,   ""self_reported_band_group"": ""moderate"",   ""self_reported_band_interpersonal"": ""low"" }"
3930f2834318026ee6c78f6f37a83fcee45b5c9cd0d56e9b3787737169f3cc64__demos,"{""gt_group_ca"":24,""gt_interpersonal_ca"":17,""gt_group_band"":""high"",""gt_interpersonal_band"":""moderate""}","{   ""self_reported_group_ca"": 18,   ""self_reported_interpersonal_ca"": 12,   ""self_reported_band_group"": ""moderate"",   ""self_reported_band_interpersonal"": ""low"" }"
3930f2834318026ee6c78f6f37a83fcee45b5c9cd0d56e9b3787737169f3cc64__employment,"{""gt_group_ca"":24,""gt_interpersonal_ca"":17,""gt_group_band"":""high"",""gt_interpersonal_band"":""moderate""}","{   ""self_reported_group_ca"": 18,   ""self_reported_interpersonal_ca"": 12,   ""self_reported_band_group"": ""moderate"",   ""self_reported_band_interpersonal"": ""low"" }"
3930f2834318026ee6c78f6f37a83fcee45b5c9cd0d56e9b3787737169f3cc64__geo,"{""gt_group_ca"":24,""gt_interpersonal_ca"":17,""gt_group_band"":""high"",""gt_interpersonal_band"":""moderate""}","{   ""self_reported_group_ca"": 18,   ""self_reported_interpersonal_ca"": 12,   ""self_reported_band_group"": ""moderate"",   ""self_reported_band_interpersonal"": ""low"" }"
3930f2834318026ee6c78f6f37a83fcee45b5c9cd0d56e9b3787737169f3cc64__transit,"{""gt_group_ca"":24,""gt_interpersonal_ca"":17,""gt_group_band"":""high"",""gt_interpersonal_band"":""moderate""}","{   ""self_reported_group_ca"": 18,   ""self_reported_interpersonal_ca"": 12,   ""self_reported_band_group"": ""moderate"",   ""self_reported_band_interpersonal"": ""low"" }"
3930f2834318026ee6c78f6f37a83fcee45b5c9cd0d56e9b3787737169f3cc64__full,"{""gt_group_ca"":24,""gt_interpersonal_ca"":17,""gt_group_band"":""high"",""gt_interpersonal_band"":""moderate""}","{   ""self_reported_group_ca"": 18,   ""self_reported_interpersonal_ca"": 12,   ""self_reported_band_group"": ""moderate"",   ""self_reported_band_interpersonal"": ""low"" }"
3930f2834318026ee6c78f6f37a83fcee45b5c9cd0d56e9b3787737169f3cc64__v3_rideshare,"{""gt_group_ca"":24,""gt_interpersonal_ca"":17,""gt_group_band"":""high"",""gt_interpersonal_band"":""moderate""}","{   ""self_reported_group_ca"": 18,   ""self_reported_interpersonal_ca"": 12,   ""self_reported_band_group"": ""moderate"",   ""self_reported_band_interpersonal"": ""low"" }"
3930f2834318026ee6c78f6f37a83fcee45b5c9cd0d56e9b3787737169f3cc64__v3_public_transit,"{""gt_group_ca"":24,""gt_interpersonal_ca"":17,""gt_group_band"":""high"",""gt_interpersonal_band"":""moderate""}","{   ""self_reported_group_ca"": 18,   ""self_reported_interpersonal_ca"": 12,   ""self_reported_band_group"": ""moderate"",   ""self_reported_band_interpersonal"": ""low"" }"
3930f2834318026ee6c78f6f37a83fcee45b5c9cd0d56e9b3787737169f3cc64__v3_voice,"{""gt_group_ca"":24,""gt_interpersonal_ca"":17,""gt_group_band"":""high"",""gt_interpersonal_band"":""moderate""}","{   ""self_reported_group_ca"": 18,   ""self_reported_interpersonal_ca"": 12,   ""self_reported_band_group"": ""moderate"",   ""self_reported_band_interpersonal"": ""low"" }"
7eeadc2fe43a88ca42bcae1c060c01ea940649834194677d36307aa85e12a7c1__demos,"{""gt_group_ca"":14,""gt_interpersonal_ca"":13,""gt_group_band"":""moderate"",""gt_interpersonal_band"":""low""}","{   ""self_reported_group_ca"": 18,   ""self_reported_interpersonal_ca"": 12,   ""self_reported_band_group"": ""moderate"",   ""self_reported_band_interpersonal"": ""low"" }"
7eeadc2fe43a88ca42bcae1c060c01ea940649834194677d36307aa85e12a7c1__employment,"{""gt_group_ca"":14,""gt_interpersonal_ca"":13,""gt_group_band"":""moderate"",""gt_interpersonal_band"":""low""}","{   ""self_reported_group_ca"": 18,   ""self_reported_interpersonal_ca"": 12,   ""self_reported_band_group"": ""moderate"",   ""self_reported_band_interpersonal"": ""low"" }"
7eeadc2fe43a88ca42bcae1c060c01ea940649834194677d36307aa85e12a7c1__geo,"{""gt_group_ca"":14,""gt_interpersonal_ca"":13,""gt_group_band"":""moderate"",""gt_interpersonal_band"":""low""}","{   ""self_reported_group_ca"": 18,   ""self_reported_interpersonal_ca"": 12,   ""self_reported_band_group"": ""moderate"",   ""self_reported_band_interpersonal"": ""low"" }"
7eeadc2fe43a88ca42bcae1c060c01ea940649834194677d36307aa85e12a7c1__transit,"{""gt_group_ca"":14,""gt_interpersonal_ca"":13,""gt_group_band"":""moderate"",""gt_interpersonal_band"":""low""}","{   ""self_reported_group_ca"": 18,   ""self_reported_interpersonal_ca"": 12,   ""self_reported_band_group"": ""moderate"",   ""self_reported_band_interpersonal"": ""low"" }"
7eeadc2fe43a88ca42bcae1c060c01ea940649834194677d36307aa85e12a7c1__full,"{""gt_group_ca"":14,""gt_interpersonal_ca"":13,""gt_group_band"":""moderate"",""gt_interpersonal_band"":""low""}","{   ""self_reported_group_ca"": 18,   ""self_reported_interpersonal_ca"": 12,   ""self_reported_band_group"": ""moderate"",   ""self_reported_band_interpersonal"": ""low"" }"
7eeadc2fe43a88ca42bcae1c060c01ea940649834194677d36307aa85e12a7c1__v3_rideshare,"{""gt_group_ca"":14,""gt_interpersonal_ca"":13,""gt_group_band"":""moderate"",""gt_interpersonal_band"":""low""}","{   ""self_reported_group_ca"": 18,   ""self_reported_interpersonal_ca"": 12,   ""self_reported_band_group"": ""moderate"",   ""self_reported_band_interpersonal"": ""low"" }"
7eeadc2fe43a88ca42bcae1c060c01ea940649834194677d36307aa85e12a7c1__v3_public_transit,"{""gt_group_ca"":14,""gt_interpersonal_ca"":13,""gt_group_band"":""moderate"",""gt_interpersonal_band"":""low""}","{   ""self_reported_group_ca"": 18,   ""self_reported_interpersonal_ca"": 12,   ""self_reported_band_group"": ""moderate"",   ""self_reported_band_interpersonal"": ""low"" }"
7eeadc2fe43a88ca42bcae1c060c01ea940649834194677d36307aa85e12a7c1__v3_voice,"{""gt_group_ca"":14,""gt_interpersonal_ca"":13,""gt_group_band"":""moderate"",""gt_interpersonal_band"":""low""}","{   ""self_reported_group_ca"": 18,   ""self_reported_interpersonal_ca"": 12,   ""self_reported_band_group"": ""moderate"",   ""self_reported_band_interpersonal"": ""low"" }"
b98ca5b4373bfb40622d4b1690415a2ebfe94072d7603629c180c154064a7222__demos,"{""gt_group_ca"":27,""gt_interpersonal_ca"":15,""gt_group_band"":""high"",""gt_interpersonal_band"":""moderate""}","{   ""self_reported_group_ca"": 18,   ""self_reported_interpersonal_ca"": 12,   ""self_reported_band_group"": ""moderate"",   ""self_reported_band_interpersonal"": ""low"" }"
b98ca5b4373bfb40622d4b1690415a2ebfe94072d7603629c180c154064a7222__employment,"{""gt_group_ca"":27,""gt_interpersonal_ca"":15,""gt_group_band"":""high"",""gt_interpersonal_band"":""moderate""}","{   ""self_reported_group_ca"": 18,   ""self_reported_interpersonal_ca"": 12,   ""self_reported_band_group"": ""moderate"",   ""self_reported_band_interpersonal"": ""low"" }"
b98ca5b4373bfb40622d4b1690415a2ebfe94072d7603629c180c154064a7222__geo,"{""gt_group_ca"":27,""gt_interpersonal_ca"":15,""gt_group_band"":""high"",""gt_interpersonal_band"":""moderate""}","{   ""self_reported_group_ca"": 18,   ""self_reported_interpersonal_ca"": 12,   ""self_reported_band_group"": ""moderate"",   ""self_reported_band_interpersonal"": ""low"" }"
b98ca5b4373bfb40622d4b1690415a2ebfe94072d7603629c180c154064a7222__transit,"{""gt_group_ca"":27,""gt_interpersonal_ca"":15,""gt_group_band"":""high"",""gt_interpersonal_band"":""moderate""}","{   ""self_reported_group_ca"": 18,   ""self_reported_interpersonal_ca"": 12,   ""self_reported_band_group"": ""moderate"",   ""self_reported_band_interpersonal"": ""low"" }"
b98ca5b4373bfb40622d4b1690415a2ebfe94072d7603629c180c154064a7222__full,"{""gt_group_ca"":27,""gt_interpersonal_ca"":15,""gt_group_band"":""high"",""gt_interpersonal_band"":""moderate""}","{   ""self_reported_group_ca"": 18,   ""self_reported_interpersonal_ca"": 12,   ""self_reported_band_group"": ""moderate"",   ""self_reported_band_interpersonal"": ""low"" }"
b98ca5b4373bfb40622d4b1690415a2ebfe94072d7603629c180c154064a7222__v3_rideshare,"{""gt_group_ca"":27,""gt_interpersonal_ca"":15,""gt_group_band"":""high"",""gt_interpersonal_band"":""moderate""}","{   ""self_reported_group_ca"": 18,   ""self_reported_interpersonal_ca"": 12,   ""self_reported_band_group"": ""moderate"",   ""self_reported_band_interpersonal"": ""low"" }"
b98ca5b4373bfb40622d4b1690415a2ebfe94072d7603629c180c154064a7222__v3_public_transit,"{""gt_group_ca"":27,""gt_interpersonal_ca"":15,""gt_group_band"":""high"",""gt_interpersonal_band"":""moderate""}","{   ""self_reported_group_ca"": 18,   ""self_reported_interpersonal_ca"": 12,   ""self_reported_band_group"": ""moderate"",   ""self_reported_band_interpersonal"": ""low"" }"
b98ca5b4373bfb40622d4b1690415a2ebfe94072d7603629c180c154064a7222__v3_voice,"{""gt_group_ca"":27,""gt_interpersonal_ca"":15,""gt_group_band"":""high"",""gt_interpersonal_band"":""moderate""}","{   ""self_reported_group_ca"": 18,   ""self_reported_interpersonal_ca"": 12,   ""self_reported_band_group"": ""moderate"",   ""self_reported_band_interpersonal"": ""low"" }"
789fce3a683622fa8b6746497f41ded72a9777ff72da69bc013d31718c974d3a__demos,"{""gt_group_ca"":6,""gt_interpersonal_ca"":9,""gt_group_band"":""low"",""gt_interpersonal_band"":""low""}","{   ""self_reported_group_ca"": 18,   ""self_reported_interpersonal_ca"": 12,   ""self_reported_band_group"": ""moderate"",   ""self_reported_band_interpersonal"": ""low"" }"
789fce3a683622fa8b6746497f41ded72a9777ff72da69bc013d31718c974d3a__employment,"{""gt_group_ca"":6,""gt_interpersonal_ca"":9,""gt_group_band"":""low"",""gt_interpersonal_band"":""low""}","{   ""self_reported_group_ca"": 18,   ""self_reported_interpersonal_ca"": 12,   ""self_reported_band_group"": ""moderate"",   ""self_reported_band_interpersonal"": ""low"" }"
789fce3a683622fa8b6746497f41ded72a9777ff72da69bc013d31718c974d3a__geo,"{""gt_group_ca"":6,""gt_interpersonal_ca"":9,""gt_group_band"":""low"",""gt_interpersonal_band"":""low""}","{   ""self_reported_group_ca"": 18,   ""self_reported_interpersonal_ca"": 12,   ""self_reported_band_group"": ""moderate"",   ""self_reported_band_interpersonal"": ""low"" }"
789fce3a683622fa8b6746497f41ded72a9777ff72da69bc013d31718c974d3a__transit,"{""gt_group_ca"":6,""gt_interpersonal_ca"":9,""gt_group_band"":""low"",""gt_interpersonal_band"":""low""}","{   ""self_reported_group_ca"": 18,   ""self_reported_interpersonal_ca"": 12,   ""self_reported_band_group"": ""moderate"",   ""self_reported_band_interpersonal"": ""low"" }"
789fce3a683622fa8b6746497f41ded72a9777ff72da69bc013d31718c974d3a__full,"{""gt_group_ca"":6,""gt_interpersonal_ca"":9,""gt_group_band"":""low"",""gt_interpersonal_band"":""low""}","{   ""self_reported_group_ca"": 18,   ""self_reported_interpersonal_ca"": 12,   ""self_reported_band_group"": ""moderate"",   ""self_reported_band_interpersonal"": ""low"" }"
789fce3a683622fa8b6746497f41ded72a9777ff72da69bc013d31718c974d3a__v3_rideshare,"{""gt_group_ca"":6,""gt_interpersonal_ca"":9,""gt_group_band"":""low"",""gt_interpersonal_band"":""low""}","{   ""self_reported_group_ca"": 18,   ""self_reported_interpersonal_ca"": 12,   ""self_reported_band_group"": ""moderate"",   ""self_reported_band_interpersonal"": ""low"" }"
789fce3a683622fa8b6746497f41ded72a9777ff72da69bc013d31718c974d3a__v3_public_transit,"{""gt_group_ca"":6,""gt_interpersonal_ca"":9,""gt_group_band"":""low"",""gt_interpersonal_band"":""low""}","{   ""self_reported_group_ca"": 18,   ""self_reported_interpersonal_ca"": 12,   ""self_reported_band_group"": ""moderate"",   ""self_reported_band_interpersonal"": ""low"" }"
789fce3a683622fa8b6746497f41ded72a9777ff72da69bc013d31718c974d3a__v3_voice,"{""gt_group_ca"":6,""gt_interpersonal_ca"":9,""gt_group_band"":""low"",""gt_interpersonal_band"":""low""}","{   ""self_reported_group_ca"": 18,   ""self_reported_interpersonal_ca"": 12,   ""self_reported_band_group"": ""moderate"",   ""self_reported_band_interpersonal"": ""low"" }"
c011fa7a1c3ad51f1715a364f23b83fe587648f7e6b10b83ca8366383f48817b__demos,"{""gt_group_ca"":19,""gt_interpersonal_ca"":19,""gt_group_band"":""moderate"",""gt_interpersonal_band"":""moderate""}","{   ""self_reported_group_ca"": 18,   ""self_reported_interpersonal_ca"": 12,   ""self_reported_band_group"": ""moderate"",   ""self_reported_band_interpersonal"": ""low"" }"
c011fa7a1c3ad51f1715a364f23b83fe587648f7e6b10b83ca8366383f48817b__employment,"{""gt_group_ca"":19,""gt_interpersonal_ca"":19,""gt_group_band"":""moderate"",""gt_interpersonal_band"":""moderate""}","{   ""self_reported_group_ca"": 18,   ""self_reported_interpersonal_ca"": 12,   ""self_reported_band_group"": ""moderate"",   ""self_reported_band_interpersonal"": ""low"" }"
c011fa7a1c3ad51f1715a364f23b83fe587648f7e6b10b83ca8366383f48817b__geo,"{""gt_group_ca"":19,""gt_interpersonal_ca"":19,""gt_group_band"":""moderate"",""gt_interpersonal_band"":""moderate""}","{   ""self_reported_group_ca"": 18,   ""self_reported_interpersonal_ca"": 12,   ""self_reported_band_group"": ""moderate"",   ""self_reported_band_interpersonal"": ""low"" }"
c011fa7a1c3ad51f1715a364f23b83fe587648f7e6b10b83ca8366383f48817b__transit,"{""gt_group_ca"":19,""gt_interpersonal_ca"":19,""gt_group_band"":""moderate"",""gt_interpersonal_band"":""moderate""}","{   ""self_reported_group_ca"": 18,   ""self_reported_interpersonal_ca"": 12,   ""self_reported_band_group"": ""moderate"",   ""self_reported_band_interpersonal"": ""low"" }"
c011fa7a1c3ad51f1715a364f23b83fe587648f7e6b10b83ca8366383f48817b__full,"{""gt_group_ca"":19,""gt_interpersonal_ca"":19,""gt_group_band"":""moderate"",""gt_interpersonal_band"":""moderate""}","{   ""self_reported_group_ca"": 18,   ""self_reported_interpersonal_ca"": 12,   ""self_reported_band_group"": ""moderate"",   ""self_reported_band_interpersonal"": ""low"" }"
c011fa7a1c3ad51f1715a364f23b83fe587648f7e6b10b83ca8366383f48817b__v3_rideshare,"{""gt_group_ca"":19,""gt_interpersonal_ca"":19,""gt_group_band"":""moderate"",""gt_interpersonal_band"":""moderate""}","{   ""self_reported_group_ca"": 18,   ""self_reported_interpersonal_ca"": 12,   ""self_reported_band_group"": ""moderate"",   ""self_reported_band_interpersonal"": ""low"" }"
c011fa7a1c3ad51f1715a364f23b83fe587648f7e6b10b83ca8366383f48817b__v3_public_transit,"{""gt_group_ca"":19,""gt_interpersonal_ca"":19,""gt_group_band"":""moderate"",""gt_interpersonal_band"":""moderate""}","{   ""self_reported_group_ca"": 18,   ""self_reported_interpersonal_ca"": 12,   ""self_reported_band_group"": ""moderate"",   ""self_reported_band_interpersonal"": ""low"" }"
c011fa7a1c3ad51f1715a364f23b83fe587648f7e6b10b83ca8366383f48817b__v3_voice,"{""gt_group_ca"":19,""gt_interpersonal_ca"":19,""gt_group_band"":""moderate"",""gt_interpersonal_band"":""moderate""}","{   ""self_reported_group_ca"": 18,   ""self_reported_interpersonal_ca"": 12,   ""self_reported_band_group"": ""moderate"",   ""self_reported_band_interpersonal"": ""low"" }"
1bebab78b372c7d756eb323cf750c7b97ecd336ccc29da840f155e22fc4e5200__demos,"{""gt_group_ca"":16,""gt_interpersonal_ca"":15,""gt_group_band"":""moderate"",""gt_interpersonal_band"":""moderate""}","{   ""self_reported_group_ca"": 18,   ""self_reported_interpersonal_ca"": 12,   ""self_reported_band_group"": ""moderate"",   ""self_reported_band_interpersonal"": ""low"" }"
1bebab78b372c7d756eb323cf750c7b97ecd336ccc29da840f155e22fc4e5200__employment,"{""gt_group_ca"":16,""gt_interpersonal_ca"":15,""gt_group_band"":""moderate"",""gt_interpersonal_band"":""moderate""}","{   ""self_reported_group_ca"": 18,   ""self_reported_interpersonal_ca"": 12,   ""self_reported_band_group"": ""moderate"",   ""self_reported_band_interpersonal"": ""low"" }"
1bebab78b372c7d756eb323cf750c7b97ecd336ccc29da840f155e22fc4e5200__geo,"{""gt_group_ca"":16,""gt_interpersonal_ca"":15,""gt_group_band"":""moderate"",""gt_interpersonal_band"":""moderate""}","{   ""self_reported_group_ca"": 18,   ""self_reported_interpersonal_ca"": 12,   ""self_reported_band_group"": ""moderate"",   ""self_reported_band_interpersonal"": ""low"" }"
1bebab78b372c7d756eb323cf750c7b97ecd336ccc29da840f155e22fc4e5200__transit,"{""gt_group_ca"":16,""gt_interpersonal_ca"":15,""gt_group_band"":""moderate"",""gt_interpersonal_band"":""moderate""}","{   ""self_reported_group_ca"": 18,   ""self_reported_interpersonal_ca"": 12,   ""self_reported_band_group"": ""moderate"",   ""self_reported_band_interpersonal"": ""low"" }"
1bebab78b372c7d756eb323cf750c7b97ecd336ccc29da840f155e22fc4e5200__full,"{""gt_group_ca"":16,""gt_interpersonal_ca"":15,""gt_group_band"":""moderate"",""gt_interpersonal_band"":""moderate""}","{   ""self_reported_group_ca"": 18,   ""self_reported_interpersonal_ca"": 22,   ""self_reported_band_group"": ""moderate"",   ""self_reported_band_interpersonal"": ""high"" }"
1bebab78b372c7d756eb323cf750c7b97ecd336ccc29da840f155e22fc4e5200__v3_rideshare,"{""gt_group_ca"":16,""gt_interpersonal_ca"":15,""gt_group_band"":""moderate"",""gt_interpersonal_band"":""moderate""}","{   ""self_reported_group_ca"": 18,   ""self_reported_interpersonal_ca"": 12,   ""self_reported_band_group"": ""moderate"",   ""self_reported_band_interpersonal"": ""low"" }"
1bebab78b372c7d756eb323cf750c7b97ecd336ccc29da840f155e22fc4e5200__v3_public_transit,"{""gt_group_ca"":16,""gt_interpersonal_ca"":15,""gt_group_band"":""moderate"",""gt_interpersonal_band"":""moderate""}","{   ""self_reported_group_ca"": 18,   ""self_reported_interpersonal_ca"": 12,   ""self_reported_band_group"": ""moderate"",   ""self_reported_band_interpersonal"": ""low"" }"
1bebab78b372c7d756eb323cf750c7b97ecd336ccc29da840f155e22fc4e5200__v3_voice,"{""gt_group_ca"":16,""gt_interpersonal_ca"":15,""gt_group_band"":""moderate"",""gt_interpersonal_band"":""moderate""}","{   ""self_reported_group_ca"": 18,   ""self_reported_interpersonal_ca"": 22,   ""self_reported_band_group"": ""moderate"",   ""self_reported_band_interpersonal"": ""high"" }"
ca7e199d6281489dd6b9675cb7effec47eaceae0834240c687e2a7dbf6063fdc__demos,"{""gt_group_ca"":11,""gt_interpersonal_ca"":11,""gt_group_band"":""low"",""gt_interpersonal_band"":""low""}","{   ""self_reported_group_ca"": 18,   ""self_reported_interpersonal_ca"": 12,   ""self_reported_band_group"": ""moderate"",   ""self_reported_band_interpersonal"": ""low"" }"
ca7e199d6281489dd6b9675cb7effec47eaceae0834240c687e2a7dbf6063fdc__employment,"{""gt_group_ca"":11,""gt_interpersonal_ca"":11,""gt_group_band"":""low"",""gt_interpersonal_band"":""low""}","{   ""self_reported_group_ca"": 18,   ""self_reported_interpersonal_ca"": 12,   ""self_reported_band_group"": ""moderate"",   ""self_reported_band_interpersonal"": ""low"" }"
ca7e199d6281489dd6b9675cb7effec47eaceae0834240c687e2a7dbf6063fdc__geo,"{""gt_group_ca"":11,""gt_interpersonal_ca"":11,""gt_group_band"":""low"",""gt_interpersonal_band"":""low""}","{   ""self_reported_group_ca"": 18,   ""self_reported_interpersonal_ca"": 12,   ""self_reported_band_group"": ""moderate"",   ""self_reported_band_interpersonal"": ""low"" }"
ca7e199d6281489dd6b9675cb7effec47eaceae0834240c687e2a7dbf6063fdc__transit,"{""gt_group_ca"":11,""gt_interpersonal_ca"":11,""gt_group_band"":""low"",""gt_interpersonal_band"":""low""}","{   ""self_reported_group_ca"": 18,   ""self_reported_interpersonal_ca"": 12,   ""self_reported_band_group"": ""moderate"",   ""self_reported_band_interpersonal"": ""low"" }"
ca7e199d6281489dd6b9675cb7effec47eaceae0834240c687e2a7dbf6063fdc__full,"{""gt_group_ca"":11,""gt_interpersonal_ca"":11,""gt_group_band"":""low"",""gt_interpersonal_band"":""low""}","{   ""self_reported_group_ca"": 18,   ""self_reported_interpersonal_ca"": 12,   ""self_reported_band_group"": ""moderate"",   ""self_reported_band_interpersonal"": ""low"" }"
ca7e199d6281489dd6b9675cb7effec47eaceae0834240c687e2a7dbf6063fdc__v3_rideshare,"{""gt_group_ca"":11,""gt_interpersonal_ca"":11,""gt_group_band"":""low"",""gt_interpersonal_band"":""low""}","{   ""self_reported_group_ca"": 18,   ""self_reported_interpersonal_ca"": 12,   ""self_reported_band_group"": ""moderate"",   ""self_reported_band_interpersonal"": ""low"" }"
ca7e199d6281489dd6b9675cb7effec47eaceae0834240c687e2a7dbf6063fdc__v3_public_transit,"{""gt_group_ca"":11,""gt_interpersonal_ca"":11,""gt_group_band"":""low"",""gt_interpersonal_band"":""low""}","{   ""self_reported_group_ca"": 18,   ""self_reported_interpersonal_ca"": 12,   ""self_reported_band_group"": ""moderate"",   ""self_reported_band_interpersonal"": ""low"" }"
ca7e199d6281489dd6b9675cb7effec47eaceae0834240c687e2a7dbf6063fdc__v3_voice,"{""gt_group_ca"":11,""gt_interpersonal_ca"":11,""gt_group_band"":""low"",""gt_interpersonal_band"":""low""}","{   ""self_reported_group_ca"": 18,   ""self_reported_interpersonal_ca"": 12,   ""self_reported_band_group"": ""moderate"",   ""self_reported_band_interpersonal"": ""low"" }"
9c877156fed133764fd93ac9c6f5878f744da84538c8e117200a2793b8b5a982__demos,"{""gt_group_ca"":21,""gt_interpersonal_ca"":22,""gt_group_band"":""high"",""gt_interpersonal_band"":""high""}","{   ""self_reported_group_ca"": 18,   ""self_reported_interpersonal_ca"": 12,   ""self_reported_band_group"": ""moderate"",   ""self_reported_band_interpersonal"": ""low"" }"
9c877156fed133764fd93ac9c6f5878f744da84538c8e117200a2793b8b5a982__employment,"{""gt_group_ca"":21,""gt_interpersonal_ca"":22,""gt_group_band"":""high"",""gt_interpersonal_band"":""high""}","{   ""self_reported_group_ca"": 18,   ""self_reported_interpersonal_ca"": 12,   ""self_reported_band_group"": ""moderate"",   ""self_reported_band_interpersonal"": ""low"" }"
9c877156fed133764fd93ac9c6f5878f744da84538c8e117200a2793b8b5a982__geo,"{""gt_group_ca"":21,""gt_interpersonal_ca"":22,""gt_group_band"":""high"",""gt_interpersonal_band"":""high""}","{   ""self_reported_group_ca"": 18,   ""self_reported_interpersonal_ca"": 12,   ""self_reported_band_group"": ""moderate"",   ""self_reported_band_interpersonal"": ""low"" }"
9c877156fed133764fd93ac9c6f5878f744da84538c8e117200a2793b8b5a982__transit,"{""gt_group_ca"":21,""gt_interpersonal_ca"":22,""gt_group_band"":""high"",""gt_interpersonal_band"":""high""}","{   ""self_reported_group_ca"": 18,   ""self_reported_interpersonal_ca"": 12,   ""self_reported_band_group"": ""moderate"",   ""self_reported_band_interpersonal"": ""low"" }"
9c877156fed133764fd93ac9c6f5878f744da84538c8e117200a2793b8b5a982__full,"{""gt_group_ca"":21,""gt_interpersonal_ca"":22,""gt_group_band"":""high"",""gt_interpersonal_band"":""high""}","{   ""self_reported_group_ca"": 18,   ""self_reported_interpersonal_ca"": 12,   ""self_reported_band_group"": ""moderate"",   ""self_reported_band_interpersonal"": ""low"" }"
9c877156fed133764fd93ac9c6f5878f744da84538c8e117200a2793b8b5a982__v3_rideshare,"{""gt_group_ca"":21,""gt_interpersonal_ca"":22,""gt_group_band"":""high"",""gt_interpersonal_band"":""high""}","{   ""self_reported_group_ca"": 18,   ""self_reported_interpersonal_ca"": 12,   ""self_reported_band_group"": ""moderate"",   ""self_reported_band_interpersonal"": ""low"" }"
9c877156fed133764fd93ac9c6f5878f744da84538c8e117200a2793b8b5a982__v3_public_transit,"{""gt_group_ca"":21,""gt_interpersonal_ca"":22,""gt_group_band"":""high"",""gt_interpersonal_band"":""high""}","{   ""self_reported_group_ca"": 18,   ""self_reported_interpersonal_ca"": 12,   ""self_reported_band_group"": ""moderate"",   ""self_reported_band_interpersonal"": ""low"" }"
9c877156fed133764fd93ac9c6f5878f744da84538c8e117200a2793b8b5a982__v3_voice,"{""gt_group_ca"":21,""gt_interpersonal_ca"":22,""gt_group_band"":""high"",""gt_interpersonal_band"":""high""}","{   ""self_reported_group_ca"": 18,   ""self_reported_interpersonal_ca"": 12,   ""self_reported_band_group"": ""moderate"",   ""self_reported_band_interpersonal"": ""low"" }"
da80c6ab9ad9ac3ae33a1edfd4ca1f2234b28adfaa50c5809b161e6f4e9db2f3__demos,"{""gt_group_ca"":13,""gt_interpersonal_ca"":15,""gt_group_band"":""low"",""gt_interpersonal_band"":""moderate""}","{   ""self_reported_group_ca"": 18,   ""self_reported_interpersonal_ca"": 12,   ""self_reported_band_group"": ""moderate"",   ""self_reported_band_interpersonal"": ""low"" }"
da80c6ab9ad9ac3ae33a1edfd4ca1f2234b28adfaa50c5809b161e6f4e9db2f3__employment,"{""gt_group_ca"":13,""gt_interpersonal_ca"":15,""gt_group_band"":""low"",""gt_interpersonal_band"":""moderate""}","{   ""self_reported_group_ca"": 18,   ""self_reported_interpersonal_ca"": 12,   ""self_reported_band_group"": ""moderate"",   ""self_reported_band_interpersonal"": ""low"" }"
da80c6ab9ad9ac3ae33a1edfd4ca1f2234b28adfaa50c5809b161e6f4e9db2f3__geo,"{""gt_group_ca"":13,""gt_interpersonal_ca"":15,""gt_group_band"":""low"",""gt_interpersonal_band"":""moderate""}","{   ""self_reported_group_ca"": 18,   ""self_reported_interpersonal_ca"": 12,   ""self_reported_band_group"": ""moderate"",   ""self_reported_band_interpersonal"": ""low"" }"
da80c6ab9ad9ac3ae33a1edfd4ca1f2234b28adfaa50c5809b161e6f4e9db2f3__transit,"{""gt_group_ca"":13,""gt_interpersonal_ca"":15,""gt_group_band"":""low"",""gt_interpersonal_band"":""moderate""}","{   ""self_reported_group_ca"": 18,   ""self_reported_interpersonal_ca"": 12,   ""self_reported_band_group"": ""moderate"",   ""self_reported_band_interpersonal"": ""low"" }"
da80c6ab9ad9ac3ae33a1edfd4ca1f2234b28adfaa50c5809b161e6f4e9db2f3__full,"{""gt_group_ca"":13,""gt_interpersonal_ca"":15,""gt_group_band"":""low"",""gt_interpersonal_band"":""moderate""}","{   ""self_reported_group_ca"": 18,   ""self_reported_interpersonal_ca"": 12,   ""self_reported_band_group"": ""moderate"",   ""self_reported_band_interpersonal"": ""low"" }"
da80c6ab9ad9ac3ae33a1edfd4ca1f2234b28adfaa50c5809b161e6f4e9db2f3__v3_rideshare,"{""gt_group_ca"":13,""gt_interpersonal_ca"":15,""gt_group_band"":""low"",""gt_interpersonal_band"":""moderate""}","{   ""self_reported_group_ca"": 18,   ""self_reported_interpersonal_ca"": 12,   ""self_reported_band_group"": ""moderate"",   ""self_reported_band_interpersonal"": ""low"" }"
da80c6ab9ad9ac3ae33a1edfd4ca1f2234b28adfaa50c5809b161e6f4e9db2f3__v3_public_transit,"{""gt_group_ca"":13,""gt_interpersonal_ca"":15,""gt_group_band"":""low"",""gt_interpersonal_band"":""moderate""}","{   ""self_reported_group_ca"": 18,   ""self_reported_interpersonal_ca"": 12,   ""self_reported_band_group"": ""moderate"",   ""self_reported_band_interpersonal"": ""low"" }"
da80c6ab9ad9ac3ae33a1edfd4ca1f2234b28adfaa50c5809b161e6f4e9db2f3__v3_voice,"{""gt_group_ca"":13,""gt_interpersonal_ca"":15,""gt_group_band"":""low"",""gt_interpersonal_band"":""moderate""}","{   ""self_reported_group_ca"": 18,   ""self_reported_interpersonal_ca"": 12,   ""self_reported_band_group"": ""moderate"",   ""self_reported_band_interpersonal"": ""low"" }"
5db6bc6e5109e296d47c1254d3693d0269a21bb64359f25b9013517834d551ad__demos,"{""gt_group_ca"":6,""gt_interpersonal_ca"":7,""gt_group_band"":""low"",""gt_interpersonal_band"":""low""}","{   ""self_reported_group_ca"": 18,   ""self_reported_interpersonal_ca"": 12,   ""self_reported_band_group"": ""moderate"",   ""self_reported_band_interpersonal"": ""low"" }"
5db6bc6e5109e296d47c1254d3693d0269a21bb64359f25b9013517834d551ad__employment,"{""gt_group_ca"":6,""gt_interpersonal_ca"":7,""gt_group_band"":""low"",""gt_interpersonal_band"":""low""}","{   ""self_reported_group_ca"": 18,   ""self_reported_interpersonal_ca"": 12,   ""self_reported_band_group"": ""moderate"",   ""self_reported_band_interpersonal"": ""low"" }"
5db6bc6e5109e296d47c1254d3693d0269a21bb64359f25b9013517834d551ad__geo,"{""gt_group_ca"":6,""gt_interpersonal_ca"":7,""gt_group_band"":""low"",""gt_interpersonal_band"":""low""}","{   ""self_reported_group_ca"": 18,   ""self_reported_interpersonal_ca"": 12,   ""self_reported_band_group"": ""moderate"",   ""self_reported_band_interpersonal"": ""low"" }"
5db6bc6e5109e296d47c1254d3693d0269a21bb64359f25b9013517834d551ad__transit,"{""gt_group_ca"":6,""gt_interpersonal_ca"":7,""gt_group_band"":""low"",""gt_interpersonal_band"":""low""}","{   ""self_reported_group_ca"": 18,   ""self_reported_interpersonal_ca"": 12,   ""self_reported_band_group"": ""moderate"",   ""self_reported_band_interpersonal"": ""low"" }"
5db6bc6e5109e296d47c1254d3693d0269a21bb64359f25b9013517834d551ad__full,"{""gt_group_ca"":6,""gt_interpersonal_ca"":7,""gt_group_band"":""low"",""gt_interpersonal_band"":""low""}","{   ""self_reported_group_ca"": 18,   ""self_reported_interpersonal_ca"": 12,   ""self_reported_band_group"": ""moderate"",   ""self_reported_band_interpersonal"": ""low"" }"
5db6bc6e5109e296d47c1254d3693d0269a21bb64359f25b9013517834d551ad__v3_rideshare,"{""gt_group_ca"":6,""gt_interpersonal_ca"":7,""gt_group_band"":""low"",""gt_interpersonal_band"":""low""}","{   ""self_reported_group_ca"": 18,   ""self_reported_interpersonal_ca"": 12,   ""self_reported_band_group"": ""moderate"",   ""self_reported_band_interpersonal"": ""low"" }"
5db6bc6e5109e296d47c1254d3693d0269a21bb64359f25b9013517834d551ad__v3_public_transit,"{""gt_group_ca"":6,""gt_interpersonal_ca"":7,""gt_group_band"":""low"",""gt_interpersonal_band"":""low""}","{   ""self_reported_group_ca"": 18,   ""self_reported_interpersonal_ca"": 12,   ""self_reported_band_group"": ""moderate"",   ""self_reported_band_interpersonal"": ""low"" }"
5db6bc6e5109e296d47c1254d3693d0269a21bb64359f25b9013517834d551ad__v3_voice,"{""gt_group_ca"":6,""gt_interpersonal_ca"":7,""gt_group_band"":""low"",""gt_interpersonal_band"":""low""}","{   ""self_reported_group_ca"": 18,   ""self_reported_interpersonal_ca"": 12,   ""self_reported_band_group"": ""moderate"",   ""self_reported_band_interpersonal"": ""low"" }"
5c983274017a8cdedc3d7e32040d89e6d17f0ed582410ecbaf0c1c08aeb9ca3d__demos,"{""gt_group_ca"":18,""gt_interpersonal_ca"":20,""gt_group_band"":""moderate"",""gt_interpersonal_band"":""high""}","{   ""self_reported_group_ca"": 18,   ""self_reported_interpersonal_ca"": 12,   ""self_reported_band_group"": ""moderate"",   ""self_reported_band_interpersonal"": ""low"" }"
5c983274017a8cdedc3d7e32040d89e6d17f0ed582410ecbaf0c1c08aeb9ca3d__employment,"{""gt_group_ca"":18,""gt_interpersonal_ca"":20,""gt_group_band"":""moderate"",""gt_interpersonal_band"":""high""}","{   ""self_reported_group_ca"": 18,   ""self_reported_interpersonal_ca"": 12,   ""self_reported_band_group"": ""moderate"",   ""self_reported_band_interpersonal"": ""low"" }"
5c983274017a8cdedc3d7e32040d89e6d17f0ed582410ecbaf0c1c08aeb9ca3d__geo,"{""gt_group_ca"":18,""gt_interpersonal_ca"":20,""gt_group_band"":""moderate"",""gt_interpersonal_band"":""high""}","{   ""self_reported_group_ca"": 18,   ""self_reported_interpersonal_ca"": 12,   ""self_reported_band_group"": ""moderate"",   ""self_reported_band_interpersonal"": ""low"" }"
5c983274017a8cdedc3d7e32040d89e6d17f0ed582410ecbaf0c1c08aeb9ca3d__transit,"{""gt_group_ca"":18,""gt_interpersonal_ca"":20,""gt_group_band"":""moderate"",""gt_interpersonal_band"":""high""}","{   ""self_reported_group_ca"": 18,   ""self_reported_interpersonal_ca"": 12,   ""self_reported_band_group"": ""moderate"",   ""self_reported_band_interpersonal"": ""low"" }"
5c983274017a8cdedc3d7e32040d89e6d17f0ed582410ecbaf0c1c08aeb9ca3d__full,"{""gt_group_ca"":18,""gt_interpersonal_ca"":20,""gt_group_band"":""moderate"",""gt_interpersonal_band"":""high""}","{   ""self_reported_group_ca"": 18,   ""self_reported_interpersonal_ca"": 12,   ""self_reported_band_group"": ""moderate"",   ""self_reported_band_interpersonal"": ""low"" }"
5c983274017a8cdedc3d7e32040d89e6d17f0ed582410ecbaf0c1c08aeb9ca3d__v3_rideshare,"{""gt_group_ca"":18,""gt_interpersonal_ca"":20,""gt_group_band"":""moderate"",""gt_interpersonal_band"":""high""}","{   ""self_reported_group_ca"": 18,   ""self_reported_interpersonal_ca"": 12,   ""self_reported_band_group"": ""moderate"",   ""self_reported_band_interpersonal"": ""low"" }"
5c983274017a8cdedc3d7e32040d89e6d17f0ed582410ecbaf0c1c08aeb9ca3d__v3_public_transit,"{""gt_group_ca"":18,""gt_interpersonal_ca"":20,""gt_group_band"":""moderate"",""gt_interpersonal_band"":""high""}","{   ""self_reported_group_ca"": 18,   ""self_reported_interpersonal_ca"": 12,   ""self_reported_band_group"": ""moderate"",   ""self_reported_band_interpersonal"": ""low"" }"
5c983274017a8cdedc3d7e32040d89e6d17f0ed582410ecbaf0c1c08aeb9ca3d__v3_voice,"{""gt_group_ca"":18,""gt_interpersonal_ca"":20,""gt_group_band"":""moderate"",""gt_interpersonal_band"":""high""}","{   ""self_reported_group_ca"": 18,   ""self_reported_interpersonal_ca"": 12,   ""self_reported_band_group"": ""moderate"",   ""self_reported_band_interpersonal"": ""low"" }"
07f5fb1f13ca54c4656dedc37180539cbd5ea3323ec2bd908295fb5b23c478b0__demos,"{""gt_group_ca"":15,""gt_interpersonal_ca"":16,""gt_group_band"":""moderate"",""gt_interpersonal_band"":""moderate""}","{   ""self_reported_group_ca"": 18,   ""self_reported_interpersonal_ca"": 12,   ""self_reported_band_group"": ""moderate"",   ""self_reported_band_interpersonal"": ""low"" }"
07f5fb1f13ca54c4656dedc37180539cbd5ea3323ec2bd908295fb5b23c478b0__employment,"{""gt_group_ca"":15,""gt_interpersonal_ca"":16,""gt_group_band"":""moderate"",""gt_interpersonal_band"":""moderate""}","{   ""self_reported_group_ca"": 18,   ""self_reported_interpersonal_ca"": 12,   ""self_reported_band_group"": ""moderate"",   ""self_reported_band_interpersonal"": ""low"" }"
07f5fb1f13ca54c4656dedc37180539cbd5ea3323ec2bd908295fb5b23c478b0__geo,"{""gt_group_ca"":15,""gt_interpersonal_ca"":16,""gt_group_band"":""moderate"",""gt_interpersonal_band"":""moderate""}","{   ""self_reported_group_ca"": 18,   ""self_reported_interpersonal_ca"": 12,   ""self_reported_band_group"": ""moderate"",   ""self_reported_band_interpersonal"": ""low"" }"
07f5fb1f13ca54c4656dedc37180539cbd5ea3323ec2bd908295fb5b23c478b0__transit,"{""gt_group_ca"":15,""gt_interpersonal_ca"":16,""gt_group_band"":""moderate"",""gt_interpersonal_band"":""moderate""}","{   ""self_reported_group_ca"": 18,   ""self_reported_interpersonal_ca"": 12,   ""self_reported_band_group"": ""moderate"",   ""self_reported_band_interpersonal"": ""low"" }"
07f5fb1f13ca54c4656dedc37180539cbd5ea3323ec2bd908295fb5b23c478b0__full,"{""gt_group_ca"":15,""gt_interpersonal_ca"":16,""gt_group_band"":""moderate"",""gt_interpersonal_band"":""moderate""}","{   ""self_reported_group_ca"": 18,   ""self_reported_interpersonal_ca"": 12,   ""self_reported_band_group"": ""moderate"",   ""self_reported_band_interpersonal"": ""low"" }"
07f5fb1f13ca54c4656dedc37180539cbd5ea3323ec2bd908295fb5b23c478b0__v3_rideshare,"{""gt_group_ca"":15,""gt_interpersonal_ca"":16,""gt_group_band"":""moderate"",""gt_interpersonal_band"":""moderate""}","{   ""self_reported_group_ca"": 18,   ""self_reported_interpersonal_ca"": 12,   ""self_reported_band_group"": ""moderate"",   ""self_reported_band_interpersonal"": ""low"" }"
07f5fb1f13ca54c4656dedc37180539cbd5ea3323ec2bd908295fb5b23c478b0__v3_public_transit,"{""gt_group_ca"":15,""gt_interpersonal_ca"":16,""gt_group_band"":""moderate"",""gt_interpersonal_band"":""moderate""}","{   ""self_reported_group_ca"": 18,   ""self_reported_interpersonal_ca"": 12,   ""self_reported_band_group"": ""moderate"",   ""self_reported_band_interpersonal"": ""low"" }"
07f5fb1f13ca54c4656dedc37180539cbd5ea3323ec2bd908295fb5b23c478b0__v3_voice,"{""gt_group_ca"":15,""gt_interpersonal_ca"":16,""gt_group_band"":""moderate"",""gt_interpersonal_band"":""moderate""}","{   ""self_reported_group_ca"": 18,   ""self_reported_interpersonal_ca"": 12,   ""self_reported_band_group"": ""moderate"",   ""self_reported_band_interpersonal"": ""low"" }"
b46b19189df611ea38d8c74ac82ea8f8a9bc11ba8918b8f73ebcbcdf50407bfd__demos,"{""gt_group_ca"":12,""gt_interpersonal_ca"":13,""gt_group_band"":""low"",""gt_interpersonal_band"":""low""}","{   ""self_reported_group_ca"": 18,   ""self_reported_interpersonal_ca"": 12,   ""self_reported_band_group"": ""moderate"",   ""self_reported_band_interpersonal"": ""low"" }"
b46b19189df611ea38d8c74ac82ea8f8a9bc11ba8918b8f73ebcbcdf50407bfd__employment,"{""gt_group_ca"":12,""gt_interpersonal_ca"":13,""gt_group_band"":""low"",""gt_interpersonal_band"":""low""}","{   ""self_reported_group_ca"": 18,   ""self_reported_interpersonal_ca"": 12,   ""self_reported_band_group"": ""moderate"",   ""self_reported_band_interpersonal"": ""low"" }"
b46b19189df611ea38d8c74ac82ea8f8a9bc11ba8918b8f73ebcbcdf50407bfd__geo,"{""gt_group_ca"":12,""gt_interpersonal_ca"":13,""gt_group_band"":""low"",""gt_interpersonal_band"":""low""}","{   ""self_reported_group_ca"": 18,   ""self_reported_interpersonal_ca"": 12,   ""self_reported_band_group"": ""moderate"",   ""self_reported_band_interpersonal"": ""low"" }"
b46b19189df611ea38d8c74ac82ea8f8a9bc11ba8918b8f73ebcbcdf50407bfd__transit,"{""gt_group_ca"":12,""gt_interpersonal_ca"":13,""gt_group_band"":""low"",""gt_interpersonal_band"":""low""}","{   ""self_reported_group_ca"": 18,   ""self_reported_interpersonal_ca"": 12,   ""self_reported_band_group"": ""moderate"",   ""self_reported_band_interpersonal"": ""low"" }"
b46b19189df611ea38d8c74ac82ea8f8a9bc11ba8918b8f73ebcbcdf50407bfd__full,"{""gt_group_ca"":12,""gt_interpersonal_ca"":13,""gt_group_band"":""low"",""gt_interpersonal_band"":""low""}","{   ""self_reported_group_ca"": 18,   ""self_reported_interpersonal_ca"": 12,   ""self_reported_band_group"": ""moderate"",   ""self_reported_band_interpersonal"": ""low"" }"
b46b19189df611ea38d8c74ac82ea8f8a9bc11ba8918b8f73ebcbcdf50407bfd__v3_rideshare,"{""gt_group_ca"":12,""gt_interpersonal_ca"":13,""gt_group_band"":""low"",""gt_interpersonal_band"":""low""}","{   ""self_reported_group_ca"": 18,   ""self_reported_interpersonal_ca"": 12,   ""self_reported_band_group"": ""moderate"",   ""self_reported_band_interpersonal"": ""low"" }"
b46b19189df611ea38d8c74ac82ea8f8a9bc11ba8918b8f73ebcbcdf50407bfd__v3_public_transit,"{""gt_group_ca"":12,""gt_interpersonal_ca"":13,""gt_group_band"":""low"",""gt_interpersonal_band"":""low""}","{   ""self_reported_group_ca"": 18,   ""self_reported_interpersonal_ca"": 12,   ""self_reported_band_group"": ""moderate"",   ""self_reported_band_interpersonal"": ""low"" }"
b46b19189df611ea38d8c74ac82ea8f8a9bc11ba8918b8f73ebcbcdf50407bfd__v3_voice,"{""gt_group_ca"":12,""gt_interpersonal_ca"":13,""gt_group_band"":""low"",""gt_interpersonal_band"":""low""}","{   ""self_reported_group_ca"": 18,   ""self_reported_interpersonal_ca"": 12,   ""self_reported_band_group"": ""moderate"",   ""self_reported_band_interpersonal"": ""low"" }"
4c702f1bd58b7e542476873c4b41f6170fdb954822b14b84236e7194735b41ee__demos,"{""gt_group_ca"":7,""gt_interpersonal_ca"":8,""gt_group_band"":""low"",""gt_interpersonal_band"":""low""}","{   ""self_reported_group_ca"": 18,   ""self_reported_interpersonal_ca"": 12,   ""self_reported_band_group"": ""moderate"",   ""self_reported_band_interpersonal"": ""low"" }"
4c702f1bd58b7e542476873c4b41f6170fdb954822b14b84236e7194735b41ee__employment,"{""gt_group_ca"":7,""gt_interpersonal_ca"":8,""gt_group_band"":""low"",""gt_interpersonal_band"":""low""}","{   ""self_reported_group_ca"": 18,   ""self_reported_interpersonal_ca"": 12,   ""self_reported_band_group"": ""moderate"",   ""self_reported_band_interpersonal"": ""low"" }"
4c702f1bd58b7e542476873c4b41f6170fdb954822b14b84236e7194735b41ee__geo,"{""gt_group_ca"":7,""gt_interpersonal_ca"":8,""gt_group_band"":""low"",""gt_interpersonal_band"":""low""}","{   ""self_reported_group_ca"": 18,   ""self_reported_interpersonal_ca"": 12,   ""self_reported_band_group"": ""moderate"",   ""self_reported_band_interpersonal"": ""low"" }"
4c702f1bd58b7e542476873c4b41f6170fdb954822b14b84236e7194735b41ee__transit,"{""gt_group_ca"":7,""gt_interpersonal_ca"":8,""gt_group_band"":""low"",""gt_interpersonal_band"":""low""}","{   ""self_reported_group_ca"": 18,   ""self_reported_interpersonal_ca"": 12,   ""self_reported_band_group"": ""moderate"",   ""self_reported_band_interpersonal"": ""low"" }"
4c702f1bd58b7e542476873c4b41f6170fdb954822b14b84236e7194735b41ee__full,"{""gt_group_ca"":7,""gt_interpersonal_ca"":8,""gt_group_band"":""low"",""gt_interpersonal_band"":""low""}","{   ""self_reported_group_ca"": 18,   ""self_reported_interpersonal_ca"": 12,   ""self_reported_band_group"": ""moderate"",   ""self_reported_band_interpersonal"": ""low"" }"
4c702f1bd58b7e542476873c4b41f6170fdb954822b14b84236e7194735b41ee__v3_rideshare,"{""gt_group_ca"":7,""gt_interpersonal_ca"":8,""gt_group_band"":""low"",""gt_interpersonal_band"":""low""}","{   ""self_reported_group_ca"": 18,   ""self_reported_interpersonal_ca"": 12,   ""self_reported_band_group"": ""moderate"",   ""self_reported_band_interpersonal"": ""low"" }"
4c702f1bd58b7e542476873c4b41f6170fdb954822b14b84236e7194735b41ee__v3_public_transit,"{""gt_group_ca"":7,""gt_interpersonal_ca"":8,""gt_group_band"":""low"",""gt_interpersonal_band"":""low""}","{   ""self_reported_group_ca"": 18,   ""self_reported_interpersonal_ca"": 12,   ""self_reported_band_group"": ""moderate"",   ""self_reported_band_interpersonal"": ""low"" }"
4c702f1bd58b7e542476873c4b41f6170fdb954822b14b84236e7194735b41ee__v3_voice,"{""gt_group_ca"":7,""gt_interpersonal_ca"":8,""gt_group_band"":""low"",""gt_interpersonal_band"":""low""}","{   ""self_reported_group_ca"": 16,   ""self_reported_interpersonal_ca"": 10,   ""self_reported_band_group"": ""moderate"",   ""self_reported_band_interpersonal"": ""low"" }"
37da04b700fbd436f4ad6baa1e67584ae8dc1bf2116c2449aff7e888942c6e5c__demos,"{""gt_group_ca"":22,""gt_interpersonal_ca"":23,""gt_group_band"":""high"",""gt_interpersonal_band"":""high""}","{   ""self_reported_group_ca"": 18,   ""self_reported_interpersonal_ca"": 12,   ""self_reported_band_group"": ""moderate"",   ""self_reported_band_interpersonal"": ""low"" }"
37da04b700fbd436f4ad6baa1e67584ae8dc1bf2116c2449aff7e888942c6e5c__employment,"{""gt_group_ca"":22,""gt_interpersonal_ca"":23,""gt_group_band"":""high"",""gt_interpersonal_band"":""high""}","{   ""self_reported_group_ca"": 18,   ""self_reported_interpersonal_ca"": 12,   ""self_reported_band_group"": ""moderate"",   ""self_reported_band_interpersonal"": ""low"" }"
37da04b700fbd436f4ad6baa1e67584ae8dc1bf2116c2449aff7e888942c6e5c__geo,"{""gt_group_ca"":22,""gt_interpersonal_ca"":23,""gt_group_band"":""high"",""gt_interpersonal_band"":""high""}","{   ""self_reported_group_ca"": 18,   ""self_reported_interpersonal_ca"": 12,   ""self_reported_band_group"": ""moderate"",   ""self_reported_band_interpersonal"": ""low"" }"
37da04b700fbd436f4ad6baa1e67584ae8dc1bf2116c2449aff7e888942c6e5c__transit,"{""gt_group_ca"":22,""gt_interpersonal_ca"":23,""gt_group_band"":""high"",""gt_interpersonal_band"":""high""}","{   ""self_reported_group_ca"": 18,   ""self_reported_interpersonal_ca"": 12,   ""self_reported_band_group"": ""moderate"",   ""self_reported_band_interpersonal"": ""low"" }"
37da04b700fbd436f4ad6baa1e67584ae8dc1bf2116c2449aff7e888942c6e5c__full,"{""gt_group_ca"":22,""gt_interpersonal_ca"":23,""gt_group_band"":""high"",""gt_interpersonal_band"":""high""}","{   ""self_reported_group_ca"": 22,   ""self_reported_interpersonal_ca"": 18,   ""self_reported_band_group"": ""high"",   ""self_reported_band_interpersonal"": ""moderate"" }"
37da04b700fbd436f4ad6baa1e67584ae8dc1bf2116c2449aff7e888942c6e5c__v3_rideshare,"{""gt_group_ca"":22,""gt_interpersonal_ca"":23,""gt_group_band"":""high"",""gt_interpersonal_band"":""high""}","{   ""self_reported_group_ca"": 18,   ""self_reported_interpersonal_ca"": 12,   ""self_reported_band_group"": ""moderate"",   ""self_reported_band_interpersonal"": ""low"" }"
37da04b700fbd436f4ad6baa1e67584ae8dc1bf2116c2449aff7e888942c6e5c__v3_public_transit,"{""gt_group_ca"":22,""gt_interpersonal_ca"":23,""gt_group_band"":""high"",""gt_interpersonal_band"":""high""}","{   ""self_reported_group_ca"": 18,   ""self_reported_interpersonal_ca"": 12,   ""self_reported_band_group"": ""moderate"",   ""self_reported_band_interpersonal"": ""low"" }"
37da04b700fbd436f4ad6baa1e67584ae8dc1bf2116c2449aff7e888942c6e5c__v3_voice,"{""gt_group_ca"":22,""gt_interpersonal_ca"":23,""gt_group_band"":""high"",""gt_interpersonal_band"":""high""}","{   ""self_reported_group_ca"": 22,   ""self_reported_interpersonal_ca"": 18,   ""self_reported_band_group"": ""high"",   ""self_reported_band_interpersonal"": ""moderate"" }"
d37d0766146900c6ea0144a12b8c8e0b63c95cd13436ef243274ba9d1f6415ee__demos,"{""gt_group_ca"":14,""gt_interpersonal_ca"":8,""gt_group_band"":""moderate"",""gt_interpersonal_band"":""low""}","{   ""self_reported_group_ca"": 18,   ""self_reported_interpersonal_ca"": 12,   ""self_reported_band_group"": ""moderate"",   ""self_reported_band_interpersonal"": ""low"" }"
d37d0766146900c6ea0144a12b8c8e0b63c95cd13436ef243274ba9d1f6415ee__employment,"{""gt_group_ca"":14,""gt_interpersonal_ca"":8,""gt_group_band"":""moderate"",""gt_interpersonal_band"":""low""}","{   ""self_reported_group_ca"": 18,   ""self_reported_interpersonal_ca"": 12,   ""self_reported_band_group"": ""moderate"",   ""self_reported_band_interpersonal"": ""low"" }"
d37d0766146900c6ea0144a12b8c8e0b63c95cd13436ef243274ba9d1f6415ee__geo,"{""gt_group_ca"":14,""gt_interpersonal_ca"":8,""gt_group_band"":""moderate"",""gt_interpersonal_band"":""low""}","{   ""self_reported_group_ca"": 18,   ""self_reported_interpersonal_ca"": 12,   ""self_reported_band_group"": ""moderate"",   ""self_reported_band_interpersonal"": ""low"" }"
d37d0766146900c6ea0144a12b8c8e0b63c95cd13436ef243274ba9d1f6415ee__transit,"{""gt_group_ca"":14,""gt_interpersonal_ca"":8,""gt_group_band"":""moderate"",""gt_interpersonal_band"":""low""}","{   ""self_reported_group_ca"": 18,   ""self_reported_interpersonal_ca"": 12,   ""self_reported_band_group"": ""moderate"",   ""self_reported_band_interpersonal"": ""low"" }"
d37d0766146900c6ea0144a12b8c8e0b63c95cd13436ef243274ba9d1f6415ee__full,"{""gt_group_ca"":14,""gt_interpersonal_ca"":8,""gt_group_band"":""moderate"",""gt_interpersonal_band"":""low""}","{   ""self_reported_group_ca"": 18,   ""self_reported_interpersonal_ca"": 12,   ""self_reported_band_group"": ""moderate"",   ""self_reported_band_interpersonal"": ""low"" }"
d37d0766146900c6ea0144a12b8c8e0b63c95cd13436ef243274ba9d1f6415ee__v3_rideshare,"{""gt_group_ca"":14,""gt_interpersonal_ca"":8,""gt_group_band"":""moderate"",""gt_interpersonal_band"":""low""}","{   ""self_reported_group_ca"": 18,   ""self_reported_interpersonal_ca"": 12,   ""self_reported_band_group"": ""moderate"",   ""self_reported_band_interpersonal"": ""low"" }"
d37d0766146900c6ea0144a12b8c8e0b63c95cd13436ef243274ba9d1f6415ee__v3_public_transit,"{""gt_group_ca"":14,""gt_interpersonal_ca"":8,""gt_group_band"":""moderate"",""gt_interpersonal_band"":""low""}","{   ""self_reported_group_ca"": 18,   ""self_reported_interpersonal_ca"": 12,   ""self_reported_band_group"": ""moderate"",   ""self_reported_band_interpersonal"": ""low"" }"
d37d0766146900c6ea0144a12b8c8e0b63c95cd13436ef243274ba9d1f6415ee__v3_voice,"{""gt_group_ca"":14,""gt_interpersonal_ca"":8,""gt_group_band"":""moderate"",""gt_interpersonal_band"":""low""}","{   ""self_reported_group_ca"": 18,   ""self_reported_interpersonal_ca"": 12,   ""self_reported_band_group"": ""moderate"",   ""self_reported_band_interpersonal"": ""low"" }"
1399df779cf74485248614c2917af8b3625885fff62a644f7120d283bd93832a__demos,"{""gt_group_ca"":12,""gt_interpersonal_ca"":13,""gt_group_band"":""low"",""gt_interpersonal_band"":""low""}","{   ""self_reported_group_ca"": 18,   ""self_reported_interpersonal_ca"": 12,   ""self_reported_band_group"": ""moderate"",   ""self_reported_band_interpersonal"": ""low"" }"
1399df779cf74485248614c2917af8b3625885fff62a644f7120d283bd93832a__employment,"{""gt_group_ca"":12,""gt_interpersonal_ca"":13,""gt_group_band"":""low"",""gt_interpersonal_band"":""low""}","{   ""self_reported_group_ca"": 18,   ""self_reported_interpersonal_ca"": 12,   ""self_reported_band_group"": ""moderate"",   ""self_reported_band_interpersonal"": ""low"" }"
1399df779cf74485248614c2917af8b3625885fff62a644f7120d283bd93832a__geo,"{""gt_group_ca"":12,""gt_interpersonal_ca"":13,""gt_group_band"":""low"",""gt_interpersonal_band"":""low""}","{   ""self_reported_group_ca"": 18,   ""self_reported_interpersonal_ca"": 12,   ""self_reported_band_group"": ""moderate"",   ""self_reported_band_interpersonal"": ""low"" }"
1399df779cf74485248614c2917af8b3625885fff62a644f7120d283bd93832a__transit,"{""gt_group_ca"":12,""gt_interpersonal_ca"":13,""gt_group_band"":""low"",""gt_interpersonal_band"":""low""}","{   ""self_reported_group_ca"": 18,   ""self_reported_interpersonal_ca"": 12,   ""self_reported_band_group"": ""moderate"",   ""self_reported_band_interpersonal"": ""low"" }"
1399df779cf74485248614c2917af8b3625885fff62a644f7120d283bd93832a__full,"{""gt_group_ca"":12,""gt_interpersonal_ca"":13,""gt_group_band"":""low"",""gt_interpersonal_band"":""low""}","{   ""self_reported_group_ca"": 18,   ""self_reported_interpersonal_ca"": 12,   ""self_reported_band_group"": ""moderate"",   ""self_reported_band_interpersonal"": ""low"" }"
1399df779cf74485248614c2917af8b3625885fff62a644f7120d283bd93832a__v3_rideshare,"{""gt_group_ca"":12,""gt_interpersonal_ca"":13,""gt_group_band"":""low"",""gt_interpersonal_band"":""low""}","{   ""self_reported_group_ca"": 18,   ""self_reported_interpersonal_ca"": 12,   ""self_reported_band_group"": ""moderate"",   ""self_reported_band_interpersonal"": ""low"" }"
1399df779cf74485248614c2917af8b3625885fff62a644f7120d283bd93832a__v3_public_transit,"{""gt_group_ca"":12,""gt_interpersonal_ca"":13,""gt_group_band"":""low"",""gt_interpersonal_band"":""low""}","{   ""self_reported_group_ca"": 18,   ""self_reported_interpersonal_ca"": 12,   ""self_reported_band_group"": ""moderate"",   ""self_reported_band_interpersonal"": ""low"" }"
1399df779cf74485248614c2917af8b3625885fff62a644f7120d283bd93832a__v3_voice,"{""gt_group_ca"":12,""gt_interpersonal_ca"":13,""gt_group_band"":""low"",""gt_interpersonal_band"":""low""}","{   ""self_reported_group_ca"": 18,   ""self_reported_interpersonal_ca"": 12,   ""self_reported_band_group"": ""moderate"",   ""self_reported_band_interpersonal"": ""low"" }"
6a554c1a5b94a6468e92ee4b1c1e1d989244da092ea44259df405928e7b44ad4__demos,"{""gt_group_ca"":9,""gt_interpersonal_ca"":10,""gt_group_band"":""low"",""gt_interpersonal_band"":""low""}","{   ""self_reported_group_ca"": 18,   ""self_reported_interpersonal_ca"": 12,   ""self_reported_band_group"": ""moderate"",   ""self_reported_band_interpersonal"": ""low"" }"
6a554c1a5b94a6468e92ee4b1c1e1d989244da092ea44259df405928e7b44ad4__employment,"{""gt_group_ca"":9,""gt_interpersonal_ca"":10,""gt_group_band"":""low"",""gt_interpersonal_band"":""low""}","{   ""self_reported_group_ca"": 18,   ""self_reported_interpersonal_ca"": 12,   ""self_reported_band_group"": ""moderate"",   ""self_reported_band_interpersonal"": ""low"" }"
6a554c1a5b94a6468e92ee4b1c1e1d989244da092ea44259df405928e7b44ad4__geo,"{""gt_group_ca"":9,""gt_interpersonal_ca"":10,""gt_group_band"":""low"",""gt_interpersonal_band"":""low""}","{   ""self_reported_group_ca"": 18,   ""self_reported_interpersonal_ca"": 12,   ""self_reported_band_group"": ""moderate"",   ""self_reported_band_interpersonal"": ""low"" }"
6a554c1a5b94a6468e92ee4b1c1e1d989244da092ea44259df405928e7b44ad4__transit,"{""gt_group_ca"":9,""gt_interpersonal_ca"":10,""gt_group_band"":""low"",""gt_interpersonal_band"":""low""}","{   ""self_reported_group_ca"": 18,   ""self_reported_interpersonal_ca"": 12,   ""self_reported_band_group"": ""moderate"",   ""self_reported_band_interpersonal"": ""low"" }"
6a554c1a5b94a6468e92ee4b1c1e1d989244da092ea44259df405928e7b44ad4__full,"{""gt_group_ca"":9,""gt_interpersonal_ca"":10,""gt_group_band"":""low"",""gt_interpersonal_band"":""low""}","{   ""self_reported_group_ca"": 18,   ""self_reported_interpersonal_ca"": 12,   ""self_reported_band_group"": ""moderate"",   ""self_reported_band_interpersonal"": ""low"" }"
6a554c1a5b94a6468e92ee4b1c1e1d989244da092ea44259df405928e7b44ad4__v3_rideshare,"{""gt_group_ca"":9,""gt_interpersonal_ca"":10,""gt_group_band"":""low"",""gt_interpersonal_band"":""low""}","{   ""self_reported_group_ca"": 18,   ""self_reported_interpersonal_ca"": 12,   ""self_reported_band_group"": ""moderate"",   ""self_reported_band_interpersonal"": ""low"" }"
6a554c1a5b94a6468e92ee4b1c1e1d989244da092ea44259df405928e7b44ad4__v3_public_transit,"{""gt_group_ca"":9,""gt_interpersonal_ca"":10,""gt_group_band"":""low"",""gt_interpersonal_band"":""low""}","{   ""self_reported_group_ca"": 18,   ""self_reported_interpersonal_ca"": 12,   ""self_reported_band_group"": ""moderate"",   ""self_reported_band_interpersonal"": ""low"" }"
6a554c1a5b94a6468e92ee4b1c1e1d989244da092ea44259df405928e7b44ad4__v3_voice,"{""gt_group_ca"":9,""gt_interpersonal_ca"":10,""gt_group_band"":""low"",""gt_interpersonal_band"":""low""}","{   ""self_reported_group_ca"": 18,   ""self_reported_interpersonal_ca"": 12,   ""self_reported_band_group"": ""moderate"",   ""self_reported_band_interpersonal"": ""low"" }"
2828945aea524a25580d7edb649a259cb519addf15fac1da06e5a334aebf3904__demos,"{""gt_group_ca"":21,""gt_interpersonal_ca"":16,""gt_group_band"":""high"",""gt_interpersonal_band"":""moderate""}","{   ""self_reported_group_ca"": 18,   ""self_reported_interpersonal_ca"": 12,   ""self_reported_band_group"": ""moderate"",   ""self_reported_band_interpersonal"": ""low"" }"
2828945aea524a25580d7edb649a259cb519addf15fac1da06e5a334aebf3904__employment,"{""gt_group_ca"":21,""gt_interpersonal_ca"":16,""gt_group_band"":""high"",""gt_interpersonal_band"":""moderate""}","{   ""self_reported_group_ca"": 18,   ""self_reported_interpersonal_ca"": 12,   ""self_reported_band_group"": ""moderate"",   ""self_reported_band_interpersonal"": ""low"" }"
2828945aea524a25580d7edb649a259cb519addf15fac1da06e5a334aebf3904__geo,"{""gt_group_ca"":21,""gt_interpersonal_ca"":16,""gt_group_band"":""high"",""gt_interpersonal_band"":""moderate""}","{   ""self_reported_group_ca"": 18,   ""self_reported_interpersonal_ca"": 12,   ""self_reported_band_group"": ""moderate"",   ""self_reported_band_interpersonal"": ""low"" }"
2828945aea524a25580d7edb649a259cb519addf15fac1da06e5a334aebf3904__transit,"{""gt_group_ca"":21,""gt_interpersonal_ca"":16,""gt_group_band"":""high"",""gt_interpersonal_band"":""moderate""}","{   ""self_reported_group_ca"": 18,   ""self_reported_interpersonal_ca"": 12,   ""self_reported_band_group"": ""moderate"",   ""self_reported_band_interpersonal"": ""low"" }"
2828945aea524a25580d7edb649a259cb519addf15fac1da06e5a334aebf3904__full,"{""gt_group_ca"":21,""gt_interpersonal_ca"":16,""gt_group_band"":""high"",""gt_interpersonal_band"":""moderate""}","{   ""self_reported_group_ca"": 18,   ""self_reported_interpersonal_ca"": 12,   ""self_reported_band_group"": ""moderate"",   ""self_reported_band_interpersonal"": ""low"" }"
2828945aea524a25580d7edb649a259cb519addf15fac1da06e5a334aebf3904__v3_rideshare,"{""gt_group_ca"":21,""gt_interpersonal_ca"":16,""gt_group_band"":""high"",""gt_interpersonal_band"":""moderate""}","{   ""self_reported_group_ca"": 18,   ""self_reported_interpersonal_ca"": 12,   ""self_reported_band_group"": ""moderate"",   ""self_reported_band_interpersonal"": ""low"" }"
2828945aea524a25580d7edb649a259cb519addf15fac1da06e5a334aebf3904__v3_public_transit,"{""gt_group_ca"":21,""gt_interpersonal_ca"":16,""gt_group_band"":""high"",""gt_interpersonal_band"":""moderate""}","{   ""self_reported_group_ca"": 18,   ""self_reported_interpersonal_ca"": 12,   ""self_reported_band_group"": ""moderate"",   ""self_reported_band_interpersonal"": ""low"" }"
2828945aea524a25580d7edb649a259cb519addf15fac1da06e5a334aebf3904__v3_voice,"{""gt_group_ca"":21,""gt_interpersonal_ca"":16,""gt_group_band"":""high"",""gt_interpersonal_band"":""moderate""}","{   ""self_reported_group_ca"": 18,   ""self_reported_interpersonal_ca"": 12,   ""self_reported_band_group"": ""moderate"",   ""self_reported_band_interpersonal"": ""low"" }"
7dfdfd7f07e930a434c712769a89f05e9e7f38bc7734f99d9c329694668081e9__demos,"{""gt_group_ca"":18,""gt_interpersonal_ca"":18,""gt_group_band"":""moderate"",""gt_interpersonal_band"":""moderate""}","{   ""self_reported_group_ca"": 18,   ""self_reported_interpersonal_ca"": 12,   ""self_reported_band_group"": ""moderate"",   ""self_reported_band_interpersonal"": ""low"" }"
7dfdfd7f07e930a434c712769a89f05e9e7f38bc7734f99d9c329694668081e9__employment,"{""gt_group_ca"":18,""gt_interpersonal_ca"":18,""gt_group_band"":""moderate"",""gt_interpersonal_band"":""moderate""}","{   ""self_reported_group_ca"": 18,   ""self_reported_interpersonal_ca"": 12,   ""self_reported_band_group"": ""moderate"",   ""self_reported_band_interpersonal"": ""low"" }"
7dfdfd7f07e930a434c712769a89f05e9e7f38bc7734f99d9c329694668081e9__geo,"{""gt_group_ca"":18,""gt_interpersonal_ca"":18,""gt_group_band"":""moderate"",""gt_interpersonal_band"":""moderate""}","{   ""self_reported_group_ca"": 18,   ""self_reported_interpersonal_ca"": 12,   ""self_reported_band_group"": ""moderate"",   ""self_reported_band_interpersonal"": ""low"" }"
7dfdfd7f07e930a434c712769a89f05e9e7f38bc7734f99d9c329694668081e9__transit,"{""gt_group_ca"":18,""gt_interpersonal_ca"":18,""gt_group_band"":""moderate"",""gt_interpersonal_band"":""moderate""}","{   ""self_reported_group_ca"": 18,   ""self_reported_interpersonal_ca"": 12,   ""self_reported_band_group"": ""moderate"",   ""self_reported_band_interpersonal"": ""low"" }"
7dfdfd7f07e930a434c712769a89f05e9e7f38bc7734f99d9c329694668081e9__full,"{""gt_group_ca"":18,""gt_interpersonal_ca"":18,""gt_group_band"":""moderate"",""gt_interpersonal_band"":""moderate""}","{   ""self_reported_group_ca"": 18,   ""self_reported_interpersonal_ca"": 12,   ""self_reported_band_group"": ""moderate"",   ""self_reported_band_interpersonal"": ""low"" }"
7dfdfd7f07e930a434c712769a89f05e9e7f38bc7734f99d9c329694668081e9__v3_rideshare,"{""gt_group_ca"":18,""gt_interpersonal_ca"":18,""gt_group_band"":""moderate"",""gt_interpersonal_band"":""moderate""}","{   ""self_reported_group_ca"": 18,   ""self_reported_interpersonal_ca"": 12,   ""self_reported_band_group"": ""moderate"",   ""self_reported_band_interpersonal"": ""low"" }"
7dfdfd7f07e930a434c712769a89f05e9e7f38bc7734f99d9c329694668081e9__v3_public_transit,"{""gt_group_ca"":18,""gt_interpersonal_ca"":18,""gt_group_band"":""moderate"",""gt_interpersonal_band"":""moderate""}","{   ""self_reported_group_ca"": 18,   ""self_reported_interpersonal_ca"": 12,   ""self_reported_band_group"": ""moderate"",   ""self_reported_band_interpersonal"": ""low"" }"
7dfdfd7f07e930a434c712769a89f05e9e7f38bc7734f99d9c329694668081e9__v3_voice,"{""gt_group_ca"":18,""gt_interpersonal_ca"":18,""gt_group_band"":""moderate"",""gt_interpersonal_band"":""moderate""}","{   ""self_reported_group_ca"": 18,   ""self_reported_interpersonal_ca"": 12,   ""self_reported_band_group"": ""moderate"",   ""self_reported_band_interpersonal"": ""low"" }"
cda2d5911c5fefe5d8650ddc6c3015d9dbc7991707a9306522f7c9873605d955__demos,"{""gt_group_ca"":24,""gt_interpersonal_ca"":28,""gt_group_band"":""high"",""gt_interpersonal_band"":""high""}","{   ""self_reported_group_ca"": 18,   ""self_reported_interpersonal_ca"": 12,   ""self_reported_band_group"": ""moderate"",   ""self_reported_band_interpersonal"": ""low"" }"
cda2d5911c5fefe5d8650ddc6c3015d9dbc7991707a9306522f7c9873605d955__employment,"{""gt_group_ca"":24,""gt_interpersonal_ca"":28,""gt_group_band"":""high"",""gt_interpersonal_band"":""high""}","{   ""self_reported_group_ca"": 18,   ""self_reported_interpersonal_ca"": 12,   ""self_reported_band_group"": ""moderate"",   ""self_reported_band_interpersonal"": ""low"" }"
cda2d5911c5fefe5d8650ddc6c3015d9dbc7991707a9306522f7c9873605d955__geo,"{""gt_group_ca"":24,""gt_interpersonal_ca"":28,""gt_group_band"":""high"",""gt_interpersonal_band"":""high""}","{   ""self_reported_group_ca"": 18,   ""self_reported_interpersonal_ca"": 12,   ""self_reported_band_group"": ""moderate"",   ""self_reported_band_interpersonal"": ""low"" }"
cda2d5911c5fefe5d8650ddc6c3015d9dbc7991707a9306522f7c9873605d955__transit,"{""gt_group_ca"":24,""gt_interpersonal_ca"":28,""gt_group_band"":""high"",""gt_interpersonal_band"":""high""}","{   ""self_reported_group_ca"": 18,   ""self_reported_interpersonal_ca"": 12,   ""self_reported_band_group"": ""moderate"",   ""self_reported_band_interpersonal"": ""low"" }"
cda2d5911c5fefe5d8650ddc6c3015d9dbc7991707a9306522f7c9873605d955__full,"{""gt_group_ca"":24,""gt_interpersonal_ca"":28,""gt_group_band"":""high"",""gt_interpersonal_band"":""high""}","{   ""self_reported_group_ca"": 18,   ""self_reported_interpersonal_ca"": 12,   ""self_reported_band_group"": ""moderate"",   ""self_reported_band_interpersonal"": ""low"" }"
cda2d5911c5fefe5d8650ddc6c3015d9dbc7991707a9306522f7c9873605d955__v3_rideshare,"{""gt_group_ca"":24,""gt_interpersonal_ca"":28,""gt_group_band"":""high"",""gt_interpersonal_band"":""high""}","{   ""self_reported_group_ca"": 18,   ""self_reported_interpersonal_ca"": 12,   ""self_reported_band_group"": ""moderate"",   ""self_reported_band_interpersonal"": ""low"" }"
cda2d5911c5fefe5d8650ddc6c3015d9dbc7991707a9306522f7c9873605d955__v3_public_transit,"{""gt_group_ca"":24,""gt_interpersonal_ca"":28,""gt_group_band"":""high"",""gt_interpersonal_band"":""high""}","{   ""self_reported_group_ca"": 18,   ""self_reported_interpersonal_ca"": 12,   ""self_reported_band_group"": ""moderate"",   ""self_reported_band_interpersonal"": ""low"" }"
cda2d5911c5fefe5d8650ddc6c3015d9dbc7991707a9306522f7c9873605d955__v3_voice,"{""gt_group_ca"":24,""gt_interpersonal_ca"":28,""gt_group_band"":""high"",""gt_interpersonal_band"":""high""}","{   ""self_reported_group_ca"": 18,   ""self_reported_interpersonal_ca"": 12,   ""self_reported_band_group"": ""moderate"",   ""self_reported_band_interpersonal"": ""low"" }"
73ae97946a24e490dcda3d2354997dc0d9c2845cf52b2982a5bc12d453b3cdc7__demos,"{""gt_group_ca"":6,""gt_interpersonal_ca"":6,""gt_group_band"":""low"",""gt_interpersonal_band"":""low""}","{   ""self_reported_group_ca"": 18,   ""self_reported_interpersonal_ca"": 12,   ""self_reported_band_group"": ""moderate"",   ""self_reported_band_interpersonal"": ""low"" }"
73ae97946a24e490dcda3d2354997dc0d9c2845cf52b2982a5bc12d453b3cdc7__employment,"{""gt_group_ca"":6,""gt_interpersonal_ca"":6,""gt_group_band"":""low"",""gt_interpersonal_band"":""low""}","{   ""self_reported_group_ca"": 18,   ""self_reported_interpersonal_ca"": 12,   ""self_reported_band_group"": ""moderate"",   ""self_reported_band_interpersonal"": ""low"" }"
73ae97946a24e490dcda3d2354997dc0d9c2845cf52b2982a5bc12d453b3cdc7__geo,"{""gt_group_ca"":6,""gt_interpersonal_ca"":6,""gt_group_band"":""low"",""gt_interpersonal_band"":""low""}","{   ""self_reported_group_ca"": 18,   ""self_reported_interpersonal_ca"": 12,   ""self_reported_band_group"": ""moderate"",   ""self_reported_band_interpersonal"": ""low"" }"
73ae97946a24e490dcda3d2354997dc0d9c2845cf52b2982a5bc12d453b3cdc7__transit,"{""gt_group_ca"":6,""gt_interpersonal_ca"":6,""gt_group_band"":""low"",""gt_interpersonal_band"":""low""}","{   ""self_reported_group_ca"": 18,   ""self_reported_interpersonal_ca"": 12,   ""self_reported_band_group"": ""moderate"",   ""self_reported_band_interpersonal"": ""low"" }"
73ae97946a24e490dcda3d2354997dc0d9c2845cf52b2982a5bc12d453b3cdc7__full,"{""gt_group_ca"":6,""gt_interpersonal_ca"":6,""gt_group_band"":""low"",""gt_interpersonal_band"":""low""}","{   ""self_reported_group_ca"": 18,   ""self_reported_interpersonal_ca"": 12,   ""self_reported_band_group"": ""moderate"",   ""self_reported_band_interpersonal"": ""low"" }"
73ae97946a24e490dcda3d2354997dc0d9c2845cf52b2982a5bc12d453b3cdc7__v3_rideshare,"{""gt_group_ca"":6,""gt_interpersonal_ca"":6,""gt_group_band"":""low"",""gt_interpersonal_band"":""low""}","{   ""self_reported_group_ca"": 18,   ""self_reported_interpersonal_ca"": 12,   ""self_reported_band_group"": ""moderate"",   ""self_reported_band_interpersonal"": ""low"" }"
73ae97946a24e490dcda3d2354997dc0d9c2845cf52b2982a5bc12d453b3cdc7__v3_public_transit,"{""gt_group_ca"":6,""gt_interpersonal_ca"":6,""gt_group_band"":""low"",""gt_interpersonal_band"":""low""}","{   ""self_reported_group_ca"": 18,   ""self_reported_interpersonal_ca"": 12,   ""self_reported_band_group"": ""moderate"",   ""self_reported_band_interpersonal"": ""low"" }"
73ae97946a24e490dcda3d2354997dc0d9c2845cf52b2982a5bc12d453b3cdc7__v3_voice,"{""gt_group_ca"":6,""gt_interpersonal_ca"":6,""gt_group_band"":""low"",""gt_interpersonal_band"":""low""}","{   ""self_reported_group_ca"": 18,   ""self_reported_interpersonal_ca"": 12,   ""self_reported_band_group"": ""moderate"",   ""self_reported_band_interpersonal"": ""low"" }"
d6a834baa0974b6ce96253ca7ee18e245fc7faa14a1daf485be3765e590a93da__demos,"{""gt_group_ca"":12,""gt_interpersonal_ca"":12,""gt_group_band"":""low"",""gt_interpersonal_band"":""low""}","{   ""self_reported_group_ca"": 18,   ""self_reported_interpersonal_ca"": 12,   ""self_reported_band_group"": ""moderate"",   ""self_reported_band_interpersonal"": ""low"" }"
d6a834baa0974b6ce96253ca7ee18e245fc7faa14a1daf485be3765e590a93da__employment,"{""gt_group_ca"":12,""gt_interpersonal_ca"":12,""gt_group_band"":""low"",""gt_interpersonal_band"":""low""}","{   ""self_reported_group_ca"": 18,   ""self_reported_interpersonal_ca"": 12,   ""self_reported_band_group"": ""moderate"",   ""self_reported_band_interpersonal"": ""low"" }"
d6a834baa0974b6ce96253ca7ee18e245fc7faa14a1daf485be3765e590a93da__geo,"{""gt_group_ca"":12,""gt_interpersonal_ca"":12,""gt_group_band"":""low"",""gt_interpersonal_band"":""low""}","{   ""self_reported_group_ca"": 18,   ""self_reported_interpersonal_ca"": 12,   ""self_reported_band_group"": ""moderate"",   ""self_reported_band_interpersonal"": ""low"" }"
d6a834baa0974b6ce96253ca7ee18e245fc7faa14a1daf485be3765e590a93da__transit,"{""gt_group_ca"":12,""gt_interpersonal_ca"":12,""gt_group_band"":""low"",""gt_interpersonal_band"":""low""}","{   ""self_reported_group_ca"": 18,   ""self_reported_interpersonal_ca"": 12,   ""self_reported_band_group"": ""moderate"",   ""self_reported_band_interpersonal"": ""low"" }"
d6a834baa0974b6ce96253ca7ee18e245fc7faa14a1daf485be3765e590a93da__full,"{""gt_group_ca"":12,""gt_interpersonal_ca"":12,""gt_group_band"":""low"",""gt_interpersonal_band"":""low""}","{   ""self_reported_group_ca"": 18,   ""self_reported_interpersonal_ca"": 12,   ""self_reported_band_group"": ""moderate"",   ""self_reported_band_interpersonal"": ""low"" }"
d6a834baa0974b6ce96253ca7ee18e245fc7faa14a1daf485be3765e590a93da__v3_rideshare,"{""gt_group_ca"":12,""gt_interpersonal_ca"":12,""gt_group_band"":""low"",""gt_interpersonal_band"":""low""}","{   ""self_reported_group_ca"": 18,   ""self_reported_interpersonal_ca"": 12,   ""self_reported_band_group"": ""moderate"",   ""self_reported_band_interpersonal"": ""low"" }"
d6a834baa0974b6ce96253ca7ee18e245fc7faa14a1daf485be3765e590a93da__v3_public_transit,"{""gt_group_ca"":12,""gt_interpersonal_ca"":12,""gt_group_band"":""low"",""gt_interpersonal_band"":""low""}","{   ""self_reported_group_ca"": 18,   ""self_reported_interpersonal_ca"": 12,   ""self_reported_band_group"": ""moderate"",   ""self_reported_band_interpersonal"": ""low"" }"
d6a834baa0974b6ce96253ca7ee18e245fc7faa14a1daf485be3765e590a93da__v3_voice,"{""gt_group_ca"":12,""gt_interpersonal_ca"":12,""gt_group_band"":""low"",""gt_interpersonal_band"":""low""}","{   ""self_reported_group_ca"": 18,   ""self_reported_interpersonal_ca"": 12,   ""self_reported_band_group"": ""moderate"",   ""self_reported_band_interpersonal"": ""low"" }"
b77f43ac9d47e74e193b6ca42953e7bed6ba19e78e26c63af969b3570ee40d79__demos,"{""gt_group_ca"":17,""gt_interpersonal_ca"":17,""gt_group_band"":""moderate"",""gt_interpersonal_band"":""moderate""}","{   ""self_reported_group_ca"": 18,   ""self_reported_interpersonal_ca"": 12,   ""self_reported_band_group"": ""moderate"",   ""self_reported_band_interpersonal"": ""low"" }"
b77f43ac9d47e74e193b6ca42953e7bed6ba19e78e26c63af969b3570ee40d79__employment,"{""gt_group_ca"":17,""gt_interpersonal_ca"":17,""gt_group_band"":""moderate"",""gt_interpersonal_band"":""moderate""}","{   ""self_reported_group_ca"": 18,   ""self_reported_interpersonal_ca"": 12,   ""self_reported_band_group"": ""moderate"",   ""self_reported_band_interpersonal"": ""low"" }"
b77f43ac9d47e74e193b6ca42953e7bed6ba19e78e26c63af969b3570ee40d79__geo,"{""gt_group_ca"":17,""gt_interpersonal_ca"":17,""gt_group_band"":""moderate"",""gt_interpersonal_band"":""moderate""}","{   ""self_reported_group_ca"": 18,   ""self_reported_interpersonal_ca"": 12,   ""self_reported_band_group"": ""moderate"",   ""self_reported_band_interpersonal"": ""low"" }"
b77f43ac9d47e74e193b6ca42953e7bed6ba19e78e26c63af969b3570ee40d79__transit,"{""gt_group_ca"":17,""gt_interpersonal_ca"":17,""gt_group_band"":""moderate"",""gt_interpersonal_band"":""moderate""}","{   ""self_reported_group_ca"": 18,   ""self_reported_interpersonal_ca"": 12,   ""self_reported_band_group"": ""moderate"",   ""self_reported_band_interpersonal"": ""low"" }"
b77f43ac9d47e74e193b6ca42953e7bed6ba19e78e26c63af969b3570ee40d79__full,"{""gt_group_ca"":17,""gt_interpersonal_ca"":17,""gt_group_band"":""moderate"",""gt_interpersonal_band"":""moderate""}","{   ""self_reported_group_ca"": 18,   ""self_reported_interpersonal_ca"": 12,   ""self_reported_band_group"": ""moderate"",   ""self_reported_band_interpersonal"": ""low"" }"
b77f43ac9d47e74e193b6ca42953e7bed6ba19e78e26c63af969b3570ee40d79__v3_rideshare,"{""gt_group_ca"":17,""gt_interpersonal_ca"":17,""gt_group_band"":""moderate"",""gt_interpersonal_band"":""moderate""}","{   ""self_reported_group_ca"": 18,   ""self_reported_interpersonal_ca"": 12,   ""self_reported_band_group"": ""moderate"",   ""self_reported_band_interpersonal"": ""low"" }"
b77f43ac9d47e74e193b6ca42953e7bed6ba19e78e26c63af969b3570ee40d79__v3_public_transit,"{""gt_group_ca"":17,""gt_interpersonal_ca"":17,""gt_group_band"":""moderate"",""gt_interpersonal_band"":""moderate""}","{   ""self_reported_group_ca"": 18,   ""self_reported_interpersonal_ca"": 12,   ""self_reported_band_group"": ""moderate"",   ""self_reported_band_interpersonal"": ""low"" }"
b77f43ac9d47e74e193b6ca42953e7bed6ba19e78e26c63af969b3570ee40d79__v3_voice,"{""gt_group_ca"":17,""gt_interpersonal_ca"":17,""gt_group_band"":""moderate"",""gt_interpersonal_band"":""moderate""}","{   ""self_reported_group_ca"": 18,   ""self_reported_interpersonal_ca"": 12,   ""self_reported_band_group"": ""moderate"",   ""self_reported_band_interpersonal"": ""low"" }"
d3453828230e10570666932b2c528d8f73ec585747442e2f609697e32a175704__demos,"{""gt_group_ca"":12,""gt_interpersonal_ca"":15,""gt_group_band"":""low"",""gt_interpersonal_band"":""moderate""}","{   ""self_reported_group_ca"": 18,   ""self_reported_interpersonal_ca"": 12,   ""self_reported_band_group"": ""moderate"",   ""self_reported_band_interpersonal"": ""low"" }"
d3453828230e10570666932b2c528d8f73ec585747442e2f609697e32a175704__employment,"{""gt_group_ca"":12,""gt_interpersonal_ca"":15,""gt_group_band"":""low"",""gt_interpersonal_band"":""moderate""}","{   ""self_reported_group_ca"": 18,   ""self_reported_interpersonal_ca"": 12,   ""self_reported_band_group"": ""moderate"",   ""self_reported_band_interpersonal"": ""low"" }"
d3453828230e10570666932b2c528d8f73ec585747442e2f609697e32a175704__geo,"{""gt_group_ca"":12,""gt_interpersonal_ca"":15,""gt_group_band"":""low"",""gt_interpersonal_band"":""moderate""}","{   ""self_reported_group_ca"": 18,   ""self_reported_interpersonal_ca"": 12,   ""self_reported_band_group"": ""moderate"",   ""self_reported_band_interpersonal"": ""low"" }"
d3453828230e10570666932b2c528d8f73ec585747442e2f609697e32a175704__transit,"{""gt_group_ca"":12,""gt_interpersonal_ca"":15,""gt_group_band"":""low"",""gt_interpersonal_band"":""moderate""}","{   ""self_reported_group_ca"": 18,   ""self_reported_interpersonal_ca"": 12,   ""self_reported_band_group"": ""moderate"",   ""self_reported_band_interpersonal"": ""low"" }"
d3453828230e10570666932b2c528d8f73ec585747442e2f609697e32a175704__full,"{""gt_group_ca"":12,""gt_interpersonal_ca"":15,""gt_group_band"":""low"",""gt_interpersonal_band"":""moderate""}","{   ""self_reported_group_ca"": 18,   ""self_reported_interpersonal_ca"": 12,   ""self_reported_band_group"": ""moderate"",   ""self_reported_band_interpersonal"": ""low"" }"
d3453828230e10570666932b2c528d8f73ec585747442e2f609697e32a175704__v3_rideshare,"{""gt_group_ca"":12,""gt_interpersonal_ca"":15,""gt_group_band"":""low"",""gt_interpersonal_band"":""moderate""}","{   ""self_reported_group_ca"": 18,   ""self_reported_interpersonal_ca"": 12,   ""self_reported_band_group"": ""moderate"",   ""self_reported_band_interpersonal"": ""low"" }"
d3453828230e10570666932b2c528d8f73ec585747442e2f609697e32a175704__v3_public_transit,"{""gt_group_ca"":12,""gt_interpersonal_ca"":15,""gt_group_band"":""low"",""gt_interpersonal_band"":""moderate""}","{   ""self_reported_group_ca"": 18,   ""self_reported_interpersonal_ca"": 12,   ""self_reported_band_group"": ""moderate"",   ""self_reported_band_interpersonal"": ""low"" }"
d3453828230e10570666932b2c528d8f73ec585747442e2f609697e32a175704__v3_voice,"{""gt_group_ca"":12,""gt_interpersonal_ca"":15,""gt_group_band"":""low"",""gt_interpersonal_band"":""moderate""}","{   ""self_reported_group_ca"": 18,   ""self_reported_interpersonal_ca"": 12,   ""self_reported_band_group"": ""moderate"",   ""self_reported_band_interpersonal"": ""low"" }"
0d9393e3e2e7e3c726c62a08237e1136d743f6da5b53145522669b62a66432c7__demos,"{""gt_group_ca"":8,""gt_interpersonal_ca"":6,""gt_group_band"":""low"",""gt_interpersonal_band"":""low""}","{   ""self_reported_group_ca"": 18,   ""self_reported_interpersonal_ca"": 12,   ""self_reported_band_group"": ""moderate"",   ""self_reported_band_interpersonal"": ""low"" }"
0d9393e3e2e7e3c726c62a08237e1136d743f6da5b53145522669b62a66432c7__employment,"{""gt_group_ca"":8,""gt_interpersonal_ca"":6,""gt_group_band"":""low"",""gt_interpersonal_band"":""low""}","{   ""self_reported_group_ca"": 18,   ""self_reported_interpersonal_ca"": 12,   ""self_reported_band_group"": ""moderate"",   ""self_reported_band_interpersonal"": ""low"" }"
0d9393e3e2e7e3c726c62a08237e1136d743f6da5b53145522669b62a66432c7__geo,"{""gt_group_ca"":8,""gt_interpersonal_ca"":6,""gt_group_band"":""low"",""gt_interpersonal_band"":""low""}","{   ""self_reported_group_ca"": 18,   ""self_reported_interpersonal_ca"": 12,   ""self_reported_band_group"": ""moderate"",   ""self_reported_band_interpersonal"": ""low"" }"
0d9393e3e2e7e3c726c62a08237e1136d743f6da5b53145522669b62a66432c7__transit,"{""gt_group_ca"":8,""gt_interpersonal_ca"":6,""gt_group_band"":""low"",""gt_interpersonal_band"":""low""}","{   ""self_reported_group_ca"": 18,   ""self_reported_interpersonal_ca"": 12,   ""self_reported_band_group"": ""moderate"",   ""self_reported_band_interpersonal"": ""low"" }"
0d9393e3e2e7e3c726c62a08237e1136d743f6da5b53145522669b62a66432c7__full,"{""gt_group_ca"":8,""gt_interpersonal_ca"":6,""gt_group_band"":""low"",""gt_interpersonal_band"":""low""}","{   ""self_reported_group_ca"": 18,   ""self_reported_interpersonal_ca"": 12,   ""self_reported_band_group"": ""moderate"",   ""self_reported_band_interpersonal"": ""low"" }"
0d9393e3e2e7e3c726c62a08237e1136d743f6da5b53145522669b62a66432c7__v3_rideshare,"{""gt_group_ca"":8,""gt_interpersonal_ca"":6,""gt_group_band"":""low"",""gt_interpersonal_band"":""low""}","{   ""self_reported_group_ca"": 18,   ""self_reported_interpersonal_ca"": 12,   ""self_reported_band_group"": ""moderate"",   ""self_reported_band_interpersonal"": ""low"" }"
0d9393e3e2e7e3c726c62a08237e1136d743f6da5b53145522669b62a66432c7__v3_public_transit,"{""gt_group_ca"":8,""gt_interpersonal_ca"":6,""gt_group_band"":""low"",""gt_interpersonal_band"":""low""}","{   ""self_reported_group_ca"": 18,   ""self_reported_interpersonal_ca"": 12,   ""self_reported_band_group"": ""moderate"",   ""self_reported_band_interpersonal"": ""low"" }"
0d9393e3e2e7e3c726c62a08237e1136d743f6da5b53145522669b62a66432c7__v3_voice,"{""gt_group_ca"":8,""gt_interpersonal_ca"":6,""gt_group_band"":""low"",""gt_interpersonal_band"":""low""}","{   ""self_reported_group_ca"": 18,   ""self_reported_interpersonal_ca"": 12,   ""self_reported_band_group"": ""moderate"",   ""self_reported_band_interpersonal"": ""low"" }"
b39e5f78e728ac5bd37a3fb4750263535cc7befc0a7cb71fda2bbf52e851ad48__demos,"{""gt_group_ca"":26,""gt_interpersonal_ca"":24,""gt_group_band"":""high"",""gt_interpersonal_band"":""high""}","{   ""self_reported_group_ca"": 18,   ""self_reported_interpersonal_ca"": 12,   ""self_reported_band_group"": ""moderate"",   ""self_reported_band_interpersonal"": ""low"" }"
b39e5f78e728ac5bd37a3fb4750263535cc7befc0a7cb71fda2bbf52e851ad48__employment,"{""gt_group_ca"":26,""gt_interpersonal_ca"":24,""gt_group_band"":""high"",""gt_interpersonal_band"":""high""}","{   ""self_reported_group_ca"": 18,   ""self_reported_interpersonal_ca"": 12,   ""self_reported_band_group"": ""moderate"",   ""self_reported_band_interpersonal"": ""low"" }"
b39e5f78e728ac5bd37a3fb4750263535cc7befc0a7cb71fda2bbf52e851ad48__geo,"{""gt_group_ca"":26,""gt_interpersonal_ca"":24,""gt_group_band"":""high"",""gt_interpersonal_band"":""high""}","{   ""self_reported_group_ca"": 18,   ""self_reported_interpersonal_ca"": 12,   ""self_reported_band_group"": ""moderate"",   ""self_reported_band_interpersonal"": ""low"" }"
b39e5f78e728ac5bd37a3fb4750263535cc7befc0a7cb71fda2bbf52e851ad48__transit,"{""gt_group_ca"":26,""gt_interpersonal_ca"":24,""gt_group_band"":""high"",""gt_interpersonal_band"":""high""}","{   ""self_reported_group_ca"": 18,   ""self_reported_interpersonal_ca"": 12,   ""self_reported_band_group"": ""moderate"",   ""self_reported_band_interpersonal"": ""low"" }"
b39e5f78e728ac5bd37a3fb4750263535cc7befc0a7cb71fda2bbf52e851ad48__full,"{""gt_group_ca"":26,""gt_interpersonal_ca"":24,""gt_group_band"":""high"",""gt_interpersonal_band"":""high""}","{   ""self_reported_group_ca"": 18,   ""self_reported_interpersonal_ca"": 12,   ""self_reported_band_group"": ""moderate"",   ""self_reported_band_interpersonal"": ""low"" }"
b39e5f78e728ac5bd37a3fb4750263535cc7befc0a7cb71fda2bbf52e851ad48__v3_rideshare,"{""gt_group_ca"":26,""gt_interpersonal_ca"":24,""gt_group_band"":""high"",""gt_interpersonal_band"":""high""}","{   ""self_reported_group_ca"": 18,   ""self_reported_interpersonal_ca"": 12,   ""self_reported_band_group"": ""moderate"",   ""self_reported_band_interpersonal"": ""low"" }"
b39e5f78e728ac5bd37a3fb4750263535cc7befc0a7cb71fda2bbf52e851ad48__v3_public_transit,"{""gt_group_ca"":26,""gt_interpersonal_ca"":24,""gt_group_band"":""high"",""gt_interpersonal_band"":""high""}","{   ""self_reported_group_ca"": 18,   ""self_reported_interpersonal_ca"": 12,   ""self_reported_band_group"": ""moderate"",   ""self_reported_band_interpersonal"": ""low"" }"
b39e5f78e728ac5bd37a3fb4750263535cc7befc0a7cb71fda2bbf52e851ad48__v3_voice,"{""gt_group_ca"":26,""gt_interpersonal_ca"":24,""gt_group_band"":""high"",""gt_interpersonal_band"":""high""}","{   ""self_reported_group_ca"": 18,   ""self_reported_interpersonal_ca"": 12,   ""self_reported_band_group"": ""moderate"",   ""self_reported_band_interpersonal"": ""low"" }"
86c8d0258ba1a9ed82ab48fa452db1a8705244d07052882f18191d19e06c5a65__demos,"{""gt_group_ca"":10,""gt_interpersonal_ca"":10,""gt_group_band"":""low"",""gt_interpersonal_band"":""low""}","{   ""self_reported_group_ca"": 22,   ""self_reported_interpersonal_ca"": 18,   ""self_reported_band_group"": ""high"",   ""self_reported_band_interpersonal"": ""moderate"" }"
86c8d0258ba1a9ed82ab48fa452db1a8705244d07052882f18191d19e06c5a65__employment,"{""gt_group_ca"":10,""gt_interpersonal_ca"":10,""gt_group_band"":""low"",""gt_interpersonal_band"":""low""}","{   ""self_reported_group_ca"": 22,   ""self_reported_interpersonal_ca"": 18,   ""self_reported_band_group"": ""high"",   ""self_reported_band_interpersonal"": ""moderate"" }"
86c8d0258ba1a9ed82ab48fa452db1a8705244d07052882f18191d19e06c5a65__geo,"{""gt_group_ca"":10,""gt_interpersonal_ca"":10,""gt_group_band"":""low"",""gt_interpersonal_band"":""low""}","{   ""self_reported_group_ca"": 18,   ""self_reported_interpersonal_ca"": 12,   ""self_reported_band_group"": ""moderate"",   ""self_reported_band_interpersonal"": ""low"" }"
86c8d0258ba1a9ed82ab48fa452db1a8705244d07052882f18191d19e06c5a65__transit,"{""gt_group_ca"":10,""gt_interpersonal_ca"":10,""gt_group_band"":""low"",""gt_interpersonal_band"":""low""}","{   ""self_reported_group_ca"": 18,   ""self_reported_interpersonal_ca"": 12,   ""self_reported_band_group"": ""moderate"",   ""self_reported_band_interpersonal"": ""low"" }"
86c8d0258ba1a9ed82ab48fa452db1a8705244d07052882f18191d19e06c5a65__full,"{""gt_group_ca"":10,""gt_interpersonal_ca"":10,""gt_group_band"":""low"",""gt_interpersonal_band"":""low""}","{   ""self_reported_group_ca"": 18,   ""self_reported_interpersonal_ca"": 12,   ""self_reported_band_group"": ""moderate"",   ""self_reported_band_interpersonal"": ""low"" }"
86c8d0258ba1a9ed82ab48fa452db1a8705244d07052882f18191d19e06c5a65__v3_rideshare,"{""gt_group_ca"":10,""gt_interpersonal_ca"":10,""gt_group_band"":""low"",""gt_interpersonal_band"":""low""}","{   ""self_reported_group_ca"": 22,   ""self_reported_interpersonal_ca"": 18,   ""self_reported_band_group"": ""high"",   ""self_reported_band_interpersonal"": ""moderate"" }"
86c8d0258ba1a9ed82ab48fa452db1a8705244d07052882f18191d19e06c5a65__v3_public_transit,"{""gt_group_ca"":10,""gt_interpersonal_ca"":10,""gt_group_band"":""low"",""gt_interpersonal_band"":""low""}","{   ""self_reported_group_ca"": 22,   ""self_reported_interpersonal_ca"": 18,   ""self_reported_band_group"": ""high"",   ""self_reported_band_interpersonal"": ""moderate"" }"
86c8d0258ba1a9ed82ab48fa452db1a8705244d07052882f18191d19e06c5a65__v3_voice,"{""gt_group_ca"":10,""gt_interpersonal_ca"":10,""gt_group_band"":""low"",""gt_interpersonal_band"":""low""}","{   ""self_reported_group_ca"": 18,   ""self_reported_interpersonal_ca"": 12,   ""self_reported_band_group"": ""moderate"",   ""self_reported_band_interpersonal"": ""low"" }"
f9b7e8e14886ef076c81618b13cd371f9eab7daba91e4df2b5f2747037ec5aea__demos,"{""gt_group_ca"":16,""gt_interpersonal_ca"":16,""gt_group_band"":""moderate"",""gt_interpersonal_band"":""moderate""}","{   ""self_reported_group_ca"": 18,   ""self_reported_interpersonal_ca"": 12,   ""self_reported_band_group"": ""moderate"",   ""self_reported_band_interpersonal"": ""low"" }"
f9b7e8e14886ef076c81618b13cd371f9eab7daba91e4df2b5f2747037ec5aea__employment,"{""gt_group_ca"":16,""gt_interpersonal_ca"":16,""gt_group_band"":""moderate"",""gt_interpersonal_band"":""moderate""}","{   ""self_reported_group_ca"": 18,   ""self_reported_interpersonal_ca"": 12,   ""self_reported_band_group"": ""moderate"",   ""self_reported_band_interpersonal"": ""low"" }"
f9b7e8e14886ef076c81618b13cd371f9eab7daba91e4df2b5f2747037ec5aea__geo,"{""gt_group_ca"":16,""gt_interpersonal_ca"":16,""gt_group_band"":""moderate"",""gt_interpersonal_band"":""moderate""}","{   ""self_reported_group_ca"": 18,   ""self_reported_interpersonal_ca"": 12,   ""self_reported_band_group"": ""moderate"",   ""self_reported_band_interpersonal"": ""low"" }"
f9b7e8e14886ef076c81618b13cd371f9eab7daba91e4df2b5f2747037ec5aea__transit,"{""gt_group_ca"":16,""gt_interpersonal_ca"":16,""gt_group_band"":""moderate"",""gt_interpersonal_band"":""moderate""}","{   ""self_reported_group_ca"": 18,   ""self_reported_interpersonal_ca"": 12,   ""self_reported_band_group"": ""moderate"",   ""self_reported_band_interpersonal"": ""low"" }"
f9b7e8e14886ef076c81618b13cd371f9eab7daba91e4df2b5f2747037ec5aea__full,"{""gt_group_ca"":16,""gt_interpersonal_ca"":16,""gt_group_band"":""moderate"",""gt_interpersonal_band"":""moderate""}","{   ""self_reported_group_ca"": 18,   ""self_reported_interpersonal_ca"": 12,   ""self_reported_band_group"": ""moderate"",   ""self_reported_band_interpersonal"": ""low"" }"
f9b7e8e14886ef076c81618b13cd371f9eab7daba91e4df2b5f2747037ec5aea__v3_rideshare,"{""gt_group_ca"":16,""gt_interpersonal_ca"":16,""gt_group_band"":""moderate"",""gt_interpersonal_band"":""moderate""}","{   ""self_reported_group_ca"": 18,   ""self_reported_interpersonal_ca"": 12,   ""self_reported_band_group"": ""moderate"",   ""self_reported_band_interpersonal"": ""low"" }"
f9b7e8e14886ef076c81618b13cd371f9eab7daba91e4df2b5f2747037ec5aea__v3_public_transit,"{""gt_group_ca"":16,""gt_interpersonal_ca"":16,""gt_group_band"":""moderate"",""gt_interpersonal_band"":""moderate""}","{   ""self_reported_group_ca"": 18,   ""self_reported_interpersonal_ca"": 12,   ""self_reported_band_group"": ""moderate"",   ""self_reported_band_interpersonal"": ""low"" }"
f9b7e8e14886ef076c81618b13cd371f9eab7daba91e4df2b5f2747037ec5aea__v3_voice,"{""gt_group_ca"":16,""gt_interpersonal_ca"":16,""gt_group_band"":""moderate"",""gt_interpersonal_band"":""moderate""}","{   ""self_reported_group_ca"": 18,   ""self_reported_interpersonal_ca"": 12,   ""self_reported_band_group"": ""moderate"",   ""self_reported_band_interpersonal"": ""low"" }"
2d13abc9df82d5cbd3ea48f97af76cc76d11d066cf58229135bc36f7a6efbd60__demos,"{""gt_group_ca"":22,""gt_interpersonal_ca"":14,""gt_group_band"":""high"",""gt_interpersonal_band"":""moderate""}","{   ""self_reported_group_ca"": 18,   ""self_reported_interpersonal_ca"": 12,   ""self_reported_band_group"": ""moderate"",   ""self_reported_band_interpersonal"": ""low"" }"
2d13abc9df82d5cbd3ea48f97af76cc76d11d066cf58229135bc36f7a6efbd60__employment,"{""gt_group_ca"":22,""gt_interpersonal_ca"":14,""gt_group_band"":""high"",""gt_interpersonal_band"":""moderate""}","{   ""self_reported_group_ca"": 18,   ""self_reported_interpersonal_ca"": 12,   ""self_reported_band_group"": ""moderate"",   ""self_reported_band_interpersonal"": ""low"" }"
2d13abc9df82d5cbd3ea48f97af76cc76d11d066cf58229135bc36f7a6efbd60__geo,"{""gt_group_ca"":22,""gt_interpersonal_ca"":14,""gt_group_band"":""high"",""gt_interpersonal_band"":""moderate""}","{   ""self_reported_group_ca"": 18,   ""self_reported_interpersonal_ca"": 12,   ""self_reported_band_group"": ""moderate"",   ""self_reported_band_interpersonal"": ""low"" }"
2d13abc9df82d5cbd3ea48f97af76cc76d11d066cf58229135bc36f7a6efbd60__transit,"{""gt_group_ca"":22,""gt_interpersonal_ca"":14,""gt_group_band"":""high"",""gt_interpersonal_band"":""moderate""}","{   ""self_reported_group_ca"": 18,   ""self_reported_interpersonal_ca"": 12,   ""self_reported_band_group"": ""moderate"",   ""self_reported_band_interpersonal"": ""low"" }"
2d13abc9df82d5cbd3ea48f97af76cc76d11d066cf58229135bc36f7a6efbd60__full,"{""gt_group_ca"":22,""gt_interpersonal_ca"":14,""gt_group_band"":""high"",""gt_interpersonal_band"":""moderate""}","{   ""self_reported_group_ca"": 18,   ""self_reported_interpersonal_ca"": 12,   ""self_reported_band_group"": ""moderate"",   ""self_reported_band_interpersonal"": ""low"" }"
2d13abc9df82d5cbd3ea48f97af76cc76d11d066cf58229135bc36f7a6efbd60__v3_rideshare,"{""gt_group_ca"":22,""gt_interpersonal_ca"":14,""gt_group_band"":""high"",""gt_interpersonal_band"":""moderate""}","{   ""self_reported_group_ca"": 18,   ""self_reported_interpersonal_ca"": 12,   ""self_reported_band_group"": ""moderate"",   ""self_reported_band_interpersonal"": ""low"" }"
2d13abc9df82d5cbd3ea48f97af76cc76d11d066cf58229135bc36f7a6efbd60__v3_public_transit,"{""gt_group_ca"":22,""gt_interpersonal_ca"":14,""gt_group_band"":""high"",""gt_interpersonal_band"":""moderate""}","{   ""self_reported_group_ca"": 18,   ""self_reported_interpersonal_ca"": 12,   ""self_reported_band_group"": ""moderate"",   ""self_reported_band_interpersonal"": ""low"" }"
2d13abc9df82d5cbd3ea48f97af76cc76d11d066cf58229135bc36f7a6efbd60__v3_voice,"{""gt_group_ca"":22,""gt_interpersonal_ca"":14,""gt_group_band"":""high"",""gt_interpersonal_band"":""moderate""}","{   ""self_reported_group_ca"": 18,   ""self_reported_interpersonal_ca"": 12,   ""self_reported_band_group"": ""moderate"",   ""self_reported_band_interpersonal"": ""low"" }"
745f89352168dab163ec0ac326a2cd7c939e20d2a2d772914acec24c1514ad47__demos,"{""gt_group_ca"":24,""gt_interpersonal_ca"":20,""gt_group_band"":""high"",""gt_interpersonal_band"":""high""}","{   ""self_reported_group_ca"": 18,   ""self_reported_interpersonal_ca"": 12,   ""self_reported_band_group"": ""moderate"",   ""self_reported_band_interpersonal"": ""low"" }"
745f89352168dab163ec0ac326a2cd7c939e20d2a2d772914acec24c1514ad47__employment,"{""gt_group_ca"":24,""gt_interpersonal_ca"":20,""gt_group_band"":""high"",""gt_interpersonal_band"":""high""}","{   ""self_reported_group_ca"": 18,   ""self_reported_interpersonal_ca"": 12,   ""self_reported_band_group"": ""moderate"",   ""self_reported_band_interpersonal"": ""low"" }"
745f89352168dab163ec0ac326a2cd7c939e20d2a2d772914acec24c1514ad47__geo,"{""gt_group_ca"":24,""gt_interpersonal_ca"":20,""gt_group_band"":""high"",""gt_interpersonal_band"":""high""}","{   ""self_reported_group_ca"": 18,   ""self_reported_interpersonal_ca"": 12,   ""self_reported_band_group"": ""moderate"",   ""self_reported_band_interpersonal"": ""low"" }"
745f89352168dab163ec0ac326a2cd7c939e20d2a2d772914acec24c1514ad47__transit,"{""gt_group_ca"":24,""gt_interpersonal_ca"":20,""gt_group_band"":""high"",""gt_interpersonal_band"":""high""}","{   ""self_reported_group_ca"": 18,   ""self_reported_interpersonal_ca"": 12,   ""self_reported_band_group"": ""moderate"",   ""self_reported_band_interpersonal"": ""low"" }"
745f89352168dab163ec0ac326a2cd7c939e20d2a2d772914acec24c1514ad47__full,"{""gt_group_ca"":24,""gt_interpersonal_ca"":20,""gt_group_band"":""high"",""gt_interpersonal_band"":""high""}","{   ""self_reported_group_ca"": 18,   ""self_reported_interpersonal_ca"": 12,   ""self_reported_band_group"": ""moderate"",   ""self_reported_band_interpersonal"": ""low"" }"
745f89352168dab163ec0ac326a2cd7c939e20d2a2d772914acec24c1514ad47__v3_rideshare,"{""gt_group_ca"":24,""gt_interpersonal_ca"":20,""gt_group_band"":""high"",""gt_interpersonal_band"":""high""}","{   ""self_reported_group_ca"": 18,   ""self_reported_interpersonal_ca"": 12,   ""self_reported_band_group"": ""moderate"",   ""self_reported_band_interpersonal"": ""low"" }"
745f89352168dab163ec0ac326a2cd7c939e20d2a2d772914acec24c1514ad47__v3_public_transit,"{""gt_group_ca"":24,""gt_interpersonal_ca"":20,""gt_group_band"":""high"",""gt_interpersonal_band"":""high""}","{   ""self_reported_group_ca"": 18,   ""self_reported_interpersonal_ca"": 12,   ""self_reported_band_group"": ""moderate"",   ""self_reported_band_interpersonal"": ""low"" }"
745f89352168dab163ec0ac326a2cd7c939e20d2a2d772914acec24c1514ad47__v3_voice,"{""gt_group_ca"":24,""gt_interpersonal_ca"":20,""gt_group_band"":""high"",""gt_interpersonal_band"":""high""}","{   ""self_reported_group_ca"": 18,   ""self_reported_interpersonal_ca"": 12,   ""self_reported_band_group"": ""moderate"",   ""self_reported_band_interpersonal"": ""low"" }"
9466411e5313615413fdaf234abf75edd0a268b5282f809ee9adf221438233cf__demos,"{""gt_group_ca"":28,""gt_interpersonal_ca"":29,""gt_group_band"":""high"",""gt_interpersonal_band"":""high""}","{   ""self_reported_group_ca"": 18,   ""self_reported_interpersonal_ca"": 12,   ""self_reported_band_group"": ""moderate"",   ""self_reported_band_interpersonal"": ""low"" }"
9466411e5313615413fdaf234abf75edd0a268b5282f809ee9adf221438233cf__employment,"{""gt_group_ca"":28,""gt_interpersonal_ca"":29,""gt_group_band"":""high"",""gt_interpersonal_band"":""high""}","{   ""self_reported_group_ca"": 18,   ""self_reported_interpersonal_ca"": 12,   ""self_reported_band_group"": ""moderate"",   ""self_reported_band_interpersonal"": ""low"" }"
9466411e5313615413fdaf234abf75edd0a268b5282f809ee9adf221438233cf__geo,"{""gt_group_ca"":28,""gt_interpersonal_ca"":29,""gt_group_band"":""high"",""gt_interpersonal_band"":""high""}","{   ""self_reported_group_ca"": 18,   ""self_reported_interpersonal_ca"": 12,   ""self_reported_band_group"": ""moderate"",   ""self_reported_band_interpersonal"": ""low"" }"
9466411e5313615413fdaf234abf75edd0a268b5282f809ee9adf221438233cf__transit,"{""gt_group_ca"":28,""gt_interpersonal_ca"":29,""gt_group_band"":""high"",""gt_interpersonal_band"":""high""}","{   ""self_reported_group_ca"": 18,   ""self_reported_interpersonal_ca"": 12,   ""self_reported_band_group"": ""moderate"",   ""self_reported_band_interpersonal"": ""low"" }"
9466411e5313615413fdaf234abf75edd0a268b5282f809ee9adf221438233cf__full,"{""gt_group_ca"":28,""gt_interpersonal_ca"":29,""gt_group_band"":""high"",""gt_interpersonal_band"":""high""}","{   ""self_reported_group_ca"": 18,   ""self_reported_interpersonal_ca"": 12,   ""self_reported_band_group"": ""moderate"",   ""self_reported_band_interpersonal"": ""low"" }"
9466411e5313615413fdaf234abf75edd0a268b5282f809ee9adf221438233cf__v3_rideshare,"{""gt_group_ca"":28,""gt_interpersonal_ca"":29,""gt_group_band"":""high"",""gt_interpersonal_band"":""high""}","{   ""self_reported_group_ca"": 18,   ""self_reported_interpersonal_ca"": 12,   ""self_reported_band_group"": ""moderate"",   ""self_reported_band_interpersonal"": ""low"" }"
9466411e5313615413fdaf234abf75edd0a268b5282f809ee9adf221438233cf__v3_public_transit,"{""gt_group_ca"":28,""gt_interpersonal_ca"":29,""gt_group_band"":""high"",""gt_interpersonal_band"":""high""}","{   ""self_reported_group_ca"": 18,   ""self_reported_interpersonal_ca"": 12,   ""self_reported_band_group"": ""moderate"",   ""self_reported_band_interpersonal"": ""low"" }"
9466411e5313615413fdaf234abf75edd0a268b5282f809ee9adf221438233cf__v3_voice,"{""gt_group_ca"":28,""gt_interpersonal_ca"":29,""gt_group_band"":""high"",""gt_interpersonal_band"":""high""}","{   ""self_reported_group_ca"": 18,   ""self_reported_interpersonal_ca"": 12,   ""self_reported_band_group"": ""moderate"",   ""self_reported_band_interpersonal"": ""low"" }"
247ae23c4c4bb47c25a5d5e34cf2f31179dc318e8b2a2f3edb462c9f21df5060__demos,"{""gt_group_ca"":12,""gt_interpersonal_ca"":13,""gt_group_band"":""low"",""gt_interpersonal_band"":""low""}","{   ""self_reported_group_ca"": 18,   ""self_reported_interpersonal_ca"": 12,   ""self_reported_band_group"": ""moderate"",   ""self_reported_band_interpersonal"": ""low"" }"
247ae23c4c4bb47c25a5d5e34cf2f31179dc318e8b2a2f3edb462c9f21df5060__employment,"{""gt_group_ca"":12,""gt_interpersonal_ca"":13,""gt_group_band"":""low"",""gt_interpersonal_band"":""low""}","{   ""self_reported_group_ca"": 18,   ""self_reported_interpersonal_ca"": 12,   ""self_reported_band_group"": ""moderate"",   ""self_reported_band_interpersonal"": ""low"" }"
247ae23c4c4bb47c25a5d5e34cf2f31179dc318e8b2a2f3edb462c9f21df5060__geo,"{""gt_group_ca"":12,""gt_interpersonal_ca"":13,""gt_group_band"":""low"",""gt_interpersonal_band"":""low""}","{   ""self_reported_group_ca"": 18,   ""self_reported_interpersonal_ca"": 12,   ""self_reported_band_group"": ""moderate"",   ""self_reported_band_interpersonal"": ""low"" }"
247ae23c4c4bb47c25a5d5e34cf2f31179dc318e8b2a2f3edb462c9f21df5060__transit,"{""gt_group_ca"":12,""gt_interpersonal_ca"":13,""gt_group_band"":""low"",""gt_interpersonal_band"":""low""}","{   ""self_reported_group_ca"": 18,   ""self_reported_interpersonal_ca"": 12,   ""self_reported_band_group"": ""moderate"",   ""self_reported_band_interpersonal"": ""low"" }"
247ae23c4c4bb47c25a5d5e34cf2f31179dc318e8b2a2f3edb462c9f21df5060__full,"{""gt_group_ca"":12,""gt_interpersonal_ca"":13,""gt_group_band"":""low"",""gt_interpersonal_band"":""low""}","{   ""self_reported_group_ca"": 18,   ""self_reported_interpersonal_ca"": 12,   ""self_reported_band_group"": ""moderate"",   ""self_reported_band_interpersonal"": ""low"" }"
247ae23c4c4bb47c25a5d5e34cf2f31179dc318e8b2a2f3edb462c9f21df5060__v3_rideshare,"{""gt_group_ca"":12,""gt_interpersonal_ca"":13,""gt_group_band"":""low"",""gt_interpersonal_band"":""low""}","{   ""self_reported_group_ca"": 18,   ""self_reported_interpersonal_ca"": 12,   ""self_reported_band_group"": ""moderate"",   ""self_reported_band_interpersonal"": ""low"" }"
247ae23c4c4bb47c25a5d5e34cf2f31179dc318e8b2a2f3edb462c9f21df5060__v3_public_transit,"{""gt_group_ca"":12,""gt_interpersonal_ca"":13,""gt_group_band"":""low"",""gt_interpersonal_band"":""low""}","{   ""self_reported_group_ca"": 18,   ""self_reported_interpersonal_ca"": 12,   ""self_reported_band_group"": ""moderate"",   ""self_reported_band_interpersonal"": ""low"" }"
247ae23c4c4bb47c25a5d5e34cf2f31179dc318e8b2a2f3edb462c9f21df5060__v3_voice,"{""gt_group_ca"":12,""gt_interpersonal_ca"":13,""gt_group_band"":""low"",""gt_interpersonal_band"":""low""}","{   ""self_reported_group_ca"": 18,   ""self_reported_interpersonal_ca"": 12,   ""self_reported_band_group"": ""moderate"",   ""self_reported_band_interpersonal"": ""low"" }"
357c136523f551999dd92e64319e6802df36065161bb18d2772ae3678905bb0f__demos,"{""gt_group_ca"":30,""gt_interpersonal_ca"":24,""gt_group_band"":""high"",""gt_interpersonal_band"":""high""}","{   ""self_reported_group_ca"": 18,   ""self_reported_interpersonal_ca"": 12,   ""self_reported_band_group"": ""moderate"",   ""self_reported_band_interpersonal"": ""low"" }"
357c136523f551999dd92e64319e6802df36065161bb18d2772ae3678905bb0f__employment,"{""gt_group_ca"":30,""gt_interpersonal_ca"":24,""gt_group_band"":""high"",""gt_interpersonal_band"":""high""}","{   ""self_reported_group_ca"": 18,   ""self_reported_interpersonal_ca"": 12,   ""self_reported_band_group"": ""moderate"",   ""self_reported_band_interpersonal"": ""low"" }"
357c136523f551999dd92e64319e6802df36065161bb18d2772ae3678905bb0f__geo,"{""gt_group_ca"":30,""gt_interpersonal_ca"":24,""gt_group_band"":""high"",""gt_interpersonal_band"":""high""}","{   ""self_reported_group_ca"": 18,   ""self_reported_interpersonal_ca"": 12,   ""self_reported_band_group"": ""moderate"",   ""self_reported_band_interpersonal"": ""low"" }"
357c136523f551999dd92e64319e6802df36065161bb18d2772ae3678905bb0f__transit,"{""gt_group_ca"":30,""gt_interpersonal_ca"":24,""gt_group_band"":""high"",""gt_interpersonal_band"":""high""}","{   ""self_reported_group_ca"": 18,   ""self_reported_interpersonal_ca"": 12,   ""self_reported_band_group"": ""moderate"",   ""self_reported_band_interpersonal"": ""low"" }"
357c136523f551999dd92e64319e6802df36065161bb18d2772ae3678905bb0f__full,"{""gt_group_ca"":30,""gt_interpersonal_ca"":24,""gt_group_band"":""high"",""gt_interpersonal_band"":""high""}","{   ""self_reported_group_ca"": 24,   ""self_reported_interpersonal_ca"": 26,   ""self_reported_band_group"": ""high"",   ""self_reported_band_interpersonal"": ""high"" }"
357c136523f551999dd92e64319e6802df36065161bb18d2772ae3678905bb0f__v3_rideshare,"{""gt_group_ca"":30,""gt_interpersonal_ca"":24,""gt_group_band"":""high"",""gt_interpersonal_band"":""high""}","{   ""self_reported_group_ca"": 18,   ""self_reported_interpersonal_ca"": 12,   ""self_reported_band_group"": ""moderate"",   ""self_reported_band_interpersonal"": ""low"" }"
357c136523f551999dd92e64319e6802df36065161bb18d2772ae3678905bb0f__v3_public_transit,"{""gt_group_ca"":30,""gt_interpersonal_ca"":24,""gt_group_band"":""high"",""gt_interpersonal_band"":""high""}","{   ""self_reported_group_ca"": 18,   ""self_reported_interpersonal_ca"": 12,   ""self_reported_band_group"": ""moderate"",   ""self_reported_band_interpersonal"": ""low"" }"
357c136523f551999dd92e64319e6802df36065161bb18d2772ae3678905bb0f__v3_voice,"{""gt_group_ca"":30,""gt_interpersonal_ca"":24,""gt_group_band"":""high"",""gt_interpersonal_band"":""high""}","{   ""self_reported_group_ca"": 22,   ""self_reported_interpersonal_ca"": 25,   ""self_reported_band_group"": ""high"",   ""self_reported_band_interpersonal"": ""high"" }"
c62120db8ae116bbe9e85ea5dc1ae522757e9fdfd7cff144763d0b857de968ce__demos,"{""gt_group_ca"":21,""gt_interpersonal_ca"":14,""gt_group_band"":""high"",""gt_interpersonal_band"":""moderate""}","{   ""self_reported_group_ca"": 18,   ""self_reported_interpersonal_ca"": 12,   ""self_reported_band_group"": ""moderate"",   ""self_reported_band_interpersonal"": ""low"" }"
c62120db8ae116bbe9e85ea5dc1ae522757e9fdfd7cff144763d0b857de968ce__employment,"{""gt_group_ca"":21,""gt_interpersonal_ca"":14,""gt_group_band"":""high"",""gt_interpersonal_band"":""moderate""}","{   ""self_reported_group_ca"": 18,   ""self_reported_interpersonal_ca"": 12,   ""self_reported_band_group"": ""moderate"",   ""self_reported_band_interpersonal"": ""low"" }"
c62120db8ae116bbe9e85ea5dc1ae522757e9fdfd7cff144763d0b857de968ce__geo,"{""gt_group_ca"":21,""gt_interpersonal_ca"":14,""gt_group_band"":""high"",""gt_interpersonal_band"":""moderate""}","{   ""self_reported_group_ca"": 18,   ""self_reported_interpersonal_ca"": 12,   ""self_reported_band_group"": ""moderate"",   ""self_reported_band_interpersonal"": ""low"" }"
c62120db8ae116bbe9e85ea5dc1ae522757e9fdfd7cff144763d0b857de968ce__transit,"{""gt_group_ca"":21,""gt_interpersonal_ca"":14,""gt_group_band"":""high"",""gt_interpersonal_band"":""moderate""}","{   ""self_reported_group_ca"": 18,   ""self_reported_interpersonal_ca"": 12,   ""self_reported_band_group"": ""moderate"",   ""self_reported_band_interpersonal"": ""low"" }"
c62120db8ae116bbe9e85ea5dc1ae522757e9fdfd7cff144763d0b857de968ce__full,"{""gt_group_ca"":21,""gt_interpersonal_ca"":14,""gt_group_band"":""high"",""gt_interpersonal_band"":""moderate""}","{   ""self_reported_group_ca"": 18,   ""self_reported_interpersonal_ca"": 12,   ""self_reported_band_group"": ""moderate"",   ""self_reported_band_interpersonal"": ""low"" }"
c62120db8ae116bbe9e85ea5dc1ae522757e9fdfd7cff144763d0b857de968ce__v3_rideshare,"{""gt_group_ca"":21,""gt_interpersonal_ca"":14,""gt_group_band"":""high"",""gt_interpersonal_band"":""moderate""}","{   ""self_reported_group_ca"": 18,   ""self_reported_interpersonal_ca"": 12,   ""self_reported_band_group"": ""moderate"",   ""self_reported_band_interpersonal"": ""low"" }"
c62120db8ae116bbe9e85ea5dc1ae522757e9fdfd7cff144763d0b857de968ce__v3_public_transit,"{""gt_group_ca"":21,""gt_interpersonal_ca"":14,""gt_group_band"":""high"",""gt_interpersonal_band"":""moderate""}","{   ""self_reported_group_ca"": 18,   ""self_reported_interpersonal_ca"": 12,   ""self_reported_band_group"": ""moderate"",   ""self_reported_band_interpersonal"": ""low"" }"
c62120db8ae116bbe9e85ea5dc1ae522757e9fdfd7cff144763d0b857de968ce__v3_voice,"{""gt_group_ca"":21,""gt_interpersonal_ca"":14,""gt_group_band"":""high"",""gt_interpersonal_band"":""moderate""}","{   ""self_reported_group_ca"": 18,   ""self_reported_interpersonal_ca"": 12,   ""self_reported_band_group"": ""moderate"",   ""self_reported_band_interpersonal"": ""low"" }"
825dbdd367e3fe7a25594ec7f6e4a8bbcee2a669076ff9ff5f90ea3bb14eb16d__demos,"{""gt_group_ca"":16,""gt_interpersonal_ca"":14,""gt_group_band"":""moderate"",""gt_interpersonal_band"":""moderate""}","{   ""self_reported_group_ca"": 18,   ""self_reported_interpersonal_ca"": 12,   ""self_reported_band_group"": ""moderate"",   ""self_reported_band_interpersonal"": ""low"" }"
825dbdd367e3fe7a25594ec7f6e4a8bbcee2a669076ff9ff5f90ea3bb14eb16d__employment,"{""gt_group_ca"":16,""gt_interpersonal_ca"":14,""gt_group_band"":""moderate"",""gt_interpersonal_band"":""moderate""}","{   ""self_reported_group_ca"": 18,   ""self_reported_interpersonal_ca"": 12,   ""self_reported_band_group"": ""moderate"",   ""self_reported_band_interpersonal"": ""low"" }"
825dbdd367e3fe7a25594ec7f6e4a8bbcee2a669076ff9ff5f90ea3bb14eb16d__geo,"{""gt_group_ca"":16,""gt_interpersonal_ca"":14,""gt_group_band"":""moderate"",""gt_interpersonal_band"":""moderate""}","{   ""self_reported_group_ca"": 18,   ""self_reported_interpersonal_ca"": 12,   ""self_reported_band_group"": ""moderate"",   ""self_reported_band_interpersonal"": ""low"" }"
825dbdd367e3fe7a25594ec7f6e4a8bbcee2a669076ff9ff5f90ea3bb14eb16d__transit,"{""gt_group_ca"":16,""gt_interpersonal_ca"":14,""gt_group_band"":""moderate"",""gt_interpersonal_band"":""moderate""}","{   ""self_reported_group_ca"": 18,   ""self_reported_interpersonal_ca"": 12,   ""self_reported_band_group"": ""moderate"",   ""self_reported_band_interpersonal"": ""low"" }"
825dbdd367e3fe7a25594ec7f6e4a8bbcee2a669076ff9ff5f90ea3bb14eb16d__full,"{""gt_group_ca"":16,""gt_interpersonal_ca"":14,""gt_group_band"":""moderate"",""gt_interpersonal_band"":""moderate""}","{   ""self_reported_group_ca"": 18,   ""self_reported_interpersonal_ca"": 12,   ""self_reported_band_group"": ""moderate"",   ""self_reported_band_interpersonal"": ""low"" }"
825dbdd367e3fe7a25594ec7f6e4a8bbcee2a669076ff9ff5f90ea3bb14eb16d__v3_rideshare,"{""gt_group_ca"":16,""gt_interpersonal_ca"":14,""gt_group_band"":""moderate"",""gt_interpersonal_band"":""moderate""}","{   ""self_reported_group_ca"": 18,   ""self_reported_interpersonal_ca"": 12,   ""self_reported_band_group"": ""moderate"",   ""self_reported_band_interpersonal"": ""low"" }"
825dbdd367e3fe7a25594ec7f6e4a8bbcee2a669076ff9ff5f90ea3bb14eb16d__v3_public_transit,"{""gt_group_ca"":16,""gt_interpersonal_ca"":14,""gt_group_band"":""moderate"",""gt_interpersonal_band"":""moderate""}","{   ""self_reported_group_ca"": 18,   ""self_reported_interpersonal_ca"": 12,   ""self_reported_band_group"": ""moderate"",   ""self_reported_band_interpersonal"": ""low"" }"
825dbdd367e3fe7a25594ec7f6e4a8bbcee2a669076ff9ff5f90ea3bb14eb16d__v3_voice,"{""gt_group_ca"":16,""gt_interpersonal_ca"":14,""gt_group_band"":""moderate"",""gt_interpersonal_band"":""moderate""}","{   ""self_reported_group_ca"": 18,   ""self_reported_interpersonal_ca"": 12,   ""self_reported_band_group"": ""moderate"",   ""self_reported_band_interpersonal"": ""low"" }"
9e0bf9191866736d9b6bc34a5502ded842e89530ce36fcdae1535b77bed9ee2e__demos,"{""gt_group_ca"":18,""gt_interpersonal_ca"":18,""gt_group_band"":""moderate"",""gt_interpersonal_band"":""moderate""}","{   ""self_reported_group_ca"": 18,   ""self_reported_interpersonal_ca"": 12,   ""self_reported_band_group"": ""moderate"",   ""self_reported_band_interpersonal"": ""low"" }"
9e0bf9191866736d9b6bc34a5502ded842e89530ce36fcdae1535b77bed9ee2e__employment,"{""gt_group_ca"":18,""gt_interpersonal_ca"":18,""gt_group_band"":""moderate"",""gt_interpersonal_band"":""moderate""}","{   ""self_reported_group_ca"": 18,   ""self_reported_interpersonal_ca"": 12,   ""self_reported_band_group"": ""moderate"",   ""self_reported_band_interpersonal"": ""low"" }"
9e0bf9191866736d9b6bc34a5502ded842e89530ce36fcdae1535b77bed9ee2e__geo,"{""gt_group_ca"":18,""gt_interpersonal_ca"":18,""gt_group_band"":""moderate"",""gt_interpersonal_band"":""moderate""}","{   ""self_reported_group_ca"": 18,   ""self_reported_interpersonal_ca"": 12,   ""self_reported_band_group"": ""moderate"",   ""self_reported_band_interpersonal"": ""low"" }"
9e0bf9191866736d9b6bc34a5502ded842e89530ce36fcdae1535b77bed9ee2e__transit,"{""gt_group_ca"":18,""gt_interpersonal_ca"":18,""gt_group_band"":""moderate"",""gt_interpersonal_band"":""moderate""}","{   ""self_reported_group_ca"": 18,   ""self_reported_interpersonal_ca"": 12,   ""self_reported_band_group"": ""moderate"",   ""self_reported_band_interpersonal"": ""low"" }"
9e0bf9191866736d9b6bc34a5502ded842e89530ce36fcdae1535b77bed9ee2e__full,"{""gt_group_ca"":18,""gt_interpersonal_ca"":18,""gt_group_band"":""moderate"",""gt_interpersonal_band"":""moderate""}","{   ""self_reported_group_ca"": 18,   ""self_reported_interpersonal_ca"": 12,   ""self_reported_band_group"": ""moderate"",   ""self_reported_band_interpersonal"": ""low"" }"
9e0bf9191866736d9b6bc34a5502ded842e89530ce36fcdae1535b77bed9ee2e__v3_rideshare,"{""gt_group_ca"":18,""gt_interpersonal_ca"":18,""gt_group_band"":""moderate"",""gt_interpersonal_band"":""moderate""}","{   ""self_reported_group_ca"": 18,   ""self_reported_interpersonal_ca"": 12,   ""self_reported_band_group"": ""moderate"",   ""self_reported_band_interpersonal"": ""low"" }"
9e0bf9191866736d9b6bc34a5502ded842e89530ce36fcdae1535b77bed9ee2e__v3_public_transit,"{""gt_group_ca"":18,""gt_interpersonal_ca"":18,""gt_group_band"":""moderate"",""gt_interpersonal_band"":""moderate""}","{   ""self_reported_group_ca"": 18,   ""self_reported_interpersonal_ca"": 12,   ""self_reported_band_group"": ""moderate"",   ""self_reported_band_interpersonal"": ""low"" }"
9e0bf9191866736d9b6bc34a5502ded842e89530ce36fcdae1535b77bed9ee2e__v3_voice,"{""gt_group_ca"":18,""gt_interpersonal_ca"":18,""gt_group_band"":""moderate"",""gt_interpersonal_band"":""moderate""}","{   ""self_reported_group_ca"": 18,   ""self_reported_interpersonal_ca"": 12,   ""self_reported_band_group"": ""moderate"",   ""self_reported_band_interpersonal"": ""low"" }"
9948aab15a839b1f272b932661f00b2305c2606ac429fc15c63fdf4dea0529b6__demos,"{""gt_group_ca"":6,""gt_interpersonal_ca"":10,""gt_group_band"":""low"",""gt_interpersonal_band"":""low""}","{   ""self_reported_group_ca"": 18,   ""self_reported_interpersonal_ca"": 12,   ""self_reported_band_group"": ""moderate"",   ""self_reported_band_interpersonal"": ""low"" }"
9948aab15a839b1f272b932661f00b2305c2606ac429fc15c63fdf4dea0529b6__employment,"{""gt_group_ca"":6,""gt_interpersonal_ca"":10,""gt_group_band"":""low"",""gt_interpersonal_band"":""low""}","{   ""self_reported_group_ca"": 18,   ""self_reported_interpersonal_ca"": 12,   ""self_reported_band_group"": ""moderate"",   ""self_reported_band_interpersonal"": ""low"" }"
9948aab15a839b1f272b932661f00b2305c2606ac429fc15c63fdf4dea0529b6__geo,"{""gt_group_ca"":6,""gt_interpersonal_ca"":10,""gt_group_band"":""low"",""gt_interpersonal_band"":""low""}","{   ""self_reported_group_ca"": 18,   ""self_reported_interpersonal_ca"": 12,   ""self_reported_band_group"": ""moderate"",   ""self_reported_band_interpersonal"": ""low"" }"
9948aab15a839b1f272b932661f00b2305c2606ac429fc15c63fdf4dea0529b6__transit,"{""gt_group_ca"":6,""gt_interpersonal_ca"":10,""gt_group_band"":""low"",""gt_interpersonal_band"":""low""}","{   ""self_reported_group_ca"": 18,   ""self_reported_interpersonal_ca"": 12,   ""self_reported_band_group"": ""moderate"",   ""self_reported_band_interpersonal"": ""low"" }"
9948aab15a839b1f272b932661f00b2305c2606ac429fc15c63fdf4dea0529b6__full,"{""gt_group_ca"":6,""gt_interpersonal_ca"":10,""gt_group_band"":""low"",""gt_interpersonal_band"":""low""}","{   ""self_reported_group_ca"": 18,   ""self_reported_interpersonal_ca"": 12,   ""self_reported_band_group"": ""moderate"",   ""self_reported_band_interpersonal"": ""low"" }"
9948aab15a839b1f272b932661f00b2305c2606ac429fc15c63fdf4dea0529b6__v3_rideshare,"{""gt_group_ca"":6,""gt_interpersonal_ca"":10,""gt_group_band"":""low"",""gt_interpersonal_band"":""low""}","{   ""self_reported_group_ca"": 18,   ""self_reported_interpersonal_ca"": 12,   ""self_reported_band_group"": ""moderate"",   ""self_reported_band_interpersonal"": ""low"" }"
9948aab15a839b1f272b932661f00b2305c2606ac429fc15c63fdf4dea0529b6__v3_public_transit,"{""gt_group_ca"":6,""gt_interpersonal_ca"":10,""gt_group_band"":""low"",""gt_interpersonal_band"":""low""}","{   ""self_reported_group_ca"": 18,   ""self_reported_interpersonal_ca"": 12,   ""self_reported_band_group"": ""moderate"",   ""self_reported_band_interpersonal"": ""low"" }"
9948aab15a839b1f272b932661f00b2305c2606ac429fc15c63fdf4dea0529b6__v3_voice,"{""gt_group_ca"":6,""gt_interpersonal_ca"":10,""gt_group_band"":""low"",""gt_interpersonal_band"":""low""}","{   ""self_reported_group_ca"": 18,   ""self_reported_interpersonal_ca"": 12,   ""self_reported_band_group"": ""moderate"",   ""self_reported_band_interpersonal"": ""low"" }"
6510f683db88adaf0c622b7af17b67d5390a2a01670f9790946418a3b960de2f__demos,"{""gt_group_ca"":12,""gt_interpersonal_ca"":13,""gt_group_band"":""low"",""gt_interpersonal_band"":""low""}","{   ""self_reported_group_ca"": 18,   ""self_reported_interpersonal_ca"": 12,   ""self_reported_band_group"": ""moderate"",   ""self_reported_band_interpersonal"": ""low"" }"
6510f683db88adaf0c622b7af17b67d5390a2a01670f9790946418a3b960de2f__employment,"{""gt_group_ca"":12,""gt_interpersonal_ca"":13,""gt_group_band"":""low"",""gt_interpersonal_band"":""low""}","{   ""self_reported_group_ca"": 18,   ""self_reported_interpersonal_ca"": 12,   ""self_reported_band_group"": ""moderate"",   ""self_reported_band_interpersonal"": ""low"" }"
6510f683db88adaf0c622b7af17b67d5390a2a01670f9790946418a3b960de2f__geo,"{""gt_group_ca"":12,""gt_interpersonal_ca"":13,""gt_group_band"":""low"",""gt_interpersonal_band"":""low""}","{   ""self_reported_group_ca"": 18,   ""self_reported_interpersonal_ca"": 12,   ""self_reported_band_group"": ""moderate"",   ""self_reported_band_interpersonal"": ""low"" }"
6510f683db88adaf0c622b7af17b67d5390a2a01670f9790946418a3b960de2f__transit,"{""gt_group_ca"":12,""gt_interpersonal_ca"":13,""gt_group_band"":""low"",""gt_interpersonal_band"":""low""}","{   ""self_reported_group_ca"": 18,   ""self_reported_interpersonal_ca"": 12,   ""self_reported_band_group"": ""moderate"",   ""self_reported_band_interpersonal"": ""low"" }"
6510f683db88adaf0c622b7af17b67d5390a2a01670f9790946418a3b960de2f__full,"{""gt_group_ca"":12,""gt_interpersonal_ca"":13,""gt_group_band"":""low"",""gt_interpersonal_band"":""low""}","{   ""self_reported_group_ca"": 18,   ""self_reported_interpersonal_ca"": 12,   ""self_reported_band_group"": ""moderate"",   ""self_reported_band_interpersonal"": ""low"" }"
6510f683db88adaf0c622b7af17b67d5390a2a01670f9790946418a3b960de2f__v3_rideshare,"{""gt_group_ca"":12,""gt_interpersonal_ca"":13,""gt_group_band"":""low"",""gt_interpersonal_band"":""low""}","{   ""self_reported_group_ca"": 18,   ""self_reported_interpersonal_ca"": 12,   ""self_reported_band_group"": ""moderate"",   ""self_reported_band_interpersonal"": ""low"" }"
6510f683db88adaf0c622b7af17b67d5390a2a01670f9790946418a3b960de2f__v3_public_transit,"{""gt_group_ca"":12,""gt_interpersonal_ca"":13,""gt_group_band"":""low"",""gt_interpersonal_band"":""low""}","{   ""self_reported_group_ca"": 18,   ""self_reported_interpersonal_ca"": 12,   ""self_reported_band_group"": ""moderate"",   ""self_reported_band_interpersonal"": ""low"" }"
6510f683db88adaf0c622b7af17b67d5390a2a01670f9790946418a3b960de2f__v3_voice,"{""gt_group_ca"":12,""gt_interpersonal_ca"":13,""gt_group_band"":""low"",""gt_interpersonal_band"":""low""}","{   ""self_reported_group_ca"": 18,   ""self_reported_interpersonal_ca"": 12,   ""self_reported_band_group"": ""moderate"",   ""self_reported_band_interpersonal"": ""low"" }"
5c9a0d6fae82619662421f2613ac6475eb5c293d7e9462bbcf91012649a3aaeb__demos,"{""gt_group_ca"":12,""gt_interpersonal_ca"":7,""gt_group_band"":""low"",""gt_interpersonal_band"":""low""}","{   ""self_reported_group_ca"": 18,   ""self_reported_interpersonal_ca"": 12,   ""self_reported_band_group"": ""moderate"",   ""self_reported_band_interpersonal"": ""low"" }"
5c9a0d6fae82619662421f2613ac6475eb5c293d7e9462bbcf91012649a3aaeb__employment,"{""gt_group_ca"":12,""gt_interpersonal_ca"":7,""gt_group_band"":""low"",""gt_interpersonal_band"":""low""}","{   ""self_reported_group_ca"": 18,   ""self_reported_interpersonal_ca"": 12,   ""self_reported_band_group"": ""moderate"",   ""self_reported_band_interpersonal"": ""low"" }"
5c9a0d6fae82619662421f2613ac6475eb5c293d7e9462bbcf91012649a3aaeb__geo,"{""gt_group_ca"":12,""gt_interpersonal_ca"":7,""gt_group_band"":""low"",""gt_interpersonal_band"":""low""}","{   ""self_reported_group_ca"": 18,   ""self_reported_interpersonal_ca"": 12,   ""self_reported_band_group"": ""moderate"",   ""self_reported_band_interpersonal"": ""low"" }"
5c9a0d6fae82619662421f2613ac6475eb5c293d7e9462bbcf91012649a3aaeb__transit,"{""gt_group_ca"":12,""gt_interpersonal_ca"":7,""gt_group_band"":""low"",""gt_interpersonal_band"":""low""}","{   ""self_reported_group_ca"": 18,   ""self_reported_interpersonal_ca"": 12,   ""self_reported_band_group"": ""moderate"",   ""self_reported_band_interpersonal"": ""low"" }"
5c9a0d6fae82619662421f2613ac6475eb5c293d7e9462bbcf91012649a3aaeb__full,"{""gt_group_ca"":12,""gt_interpersonal_ca"":7,""gt_group_band"":""low"",""gt_interpersonal_band"":""low""}","{   ""self_reported_group_ca"": 18,   ""self_reported_interpersonal_ca"": 12,   ""self_reported_band_group"": ""moderate"",   ""self_reported_band_interpersonal"": ""low"" }"
5c9a0d6fae82619662421f2613ac6475eb5c293d7e9462bbcf91012649a3aaeb__v3_rideshare,"{""gt_group_ca"":12,""gt_interpersonal_ca"":7,""gt_group_band"":""low"",""gt_interpersonal_band"":""low""}","{   ""self_reported_group_ca"": 18,   ""self_reported_interpersonal_ca"": 12,   ""self_reported_band_group"": ""moderate"",   ""self_reported_band_interpersonal"": ""low"" }"
5c9a0d6fae82619662421f2613ac6475eb5c293d7e9462bbcf91012649a3aaeb__v3_public_transit,"{""gt_group_ca"":12,""gt_interpersonal_ca"":7,""gt_group_band"":""low"",""gt_interpersonal_band"":""low""}","{   ""self_reported_group_ca"": 18,   ""self_reported_interpersonal_ca"": 12,   ""self_reported_band_group"": ""moderate"",   ""self_reported_band_interpersonal"": ""low"" }"
5c9a0d6fae82619662421f2613ac6475eb5c293d7e9462bbcf91012649a3aaeb__v3_voice,"{""gt_group_ca"":12,""gt_interpersonal_ca"":7,""gt_group_band"":""low"",""gt_interpersonal_band"":""low""}","{   ""self_reported_group_ca"": 18,   ""self_reported_interpersonal_ca"": 12,   ""self_reported_band_group"": ""moderate"",   ""self_reported_band_interpersonal"": ""low"" }"
940f2ecfedf2425fbd21e53a0d3b975c3fc2141e42ab9cf8c3fd2ec188894e95__demos,"{""gt_group_ca"":11,""gt_interpersonal_ca"":8,""gt_group_band"":""low"",""gt_interpersonal_band"":""low""}","{   ""self_reported_group_ca"": 18,   ""self_reported_interpersonal_ca"": 12,   ""self_reported_band_group"": ""moderate"",   ""self_reported_band_interpersonal"": ""low"" }"
940f2ecfedf2425fbd21e53a0d3b975c3fc2141e42ab9cf8c3fd2ec188894e95__employment,"{""gt_group_ca"":11,""gt_interpersonal_ca"":8,""gt_group_band"":""low"",""gt_interpersonal_band"":""low""}","{   ""self_reported_group_ca"": 18,   ""self_reported_interpersonal_ca"": 12,   ""self_reported_band_group"": ""moderate"",   ""self_reported_band_interpersonal"": ""low"" }"
940f2ecfedf2425fbd21e53a0d3b975c3fc2141e42ab9cf8c3fd2ec188894e95__geo,"{""gt_group_ca"":11,""gt_interpersonal_ca"":8,""gt_group_band"":""low"",""gt_interpersonal_band"":""low""}","{   ""self_reported_group_ca"": 18,   ""self_reported_interpersonal_ca"": 12,   ""self_reported_band_group"": ""moderate"",   ""self_reported_band_interpersonal"": ""low"" }"
940f2ecfedf2425fbd21e53a0d3b975c3fc2141e42ab9cf8c3fd2ec188894e95__transit,"{""gt_group_ca"":11,""gt_interpersonal_ca"":8,""gt_group_band"":""low"",""gt_interpersonal_band"":""low""}","{   ""self_reported_group_ca"": 18,   ""self_reported_interpersonal_ca"": 12,   ""self_reported_band_group"": ""moderate"",   ""self_reported_band_interpersonal"": ""low"" }"
940f2ecfedf2425fbd21e53a0d3b975c3fc2141e42ab9cf8c3fd2ec188894e95__full,"{""gt_group_ca"":11,""gt_interpersonal_ca"":8,""gt_group_band"":""low"",""gt_interpersonal_band"":""low""}","{   ""self_reported_group_ca"": 18,   ""self_reported_interpersonal_ca"": 12,   ""self_reported_band_group"": ""moderate"",   ""self_reported_band_interpersonal"": ""low"" }"
940f2ecfedf2425fbd21e53a0d3b975c3fc2141e42ab9cf8c3fd2ec188894e95__v3_rideshare,"{""gt_group_ca"":11,""gt_interpersonal_ca"":8,""gt_group_band"":""low"",""gt_interpersonal_band"":""low""}","{   ""self_reported_group_ca"": 18,   ""self_reported_interpersonal_ca"": 12,   ""self_reported_band_group"": ""moderate"",   ""self_reported_band_interpersonal"": ""low"" }"
940f2ecfedf2425fbd21e53a0d3b975c3fc2141e42ab9cf8c3fd2ec188894e95__v3_public_transit,"{""gt_group_ca"":11,""gt_interpersonal_ca"":8,""gt_group_band"":""low"",""gt_interpersonal_band"":""low""}","{   ""self_reported_group_ca"": 18,   ""self_reported_interpersonal_ca"": 12,   ""self_reported_band_group"": ""moderate"",   ""self_reported_band_interpersonal"": ""low"" }"
940f2ecfedf2425fbd21e53a0d3b975c3fc2141e42ab9cf8c3fd2ec188894e95__v3_voice,"{""gt_group_ca"":11,""gt_interpersonal_ca"":8,""gt_group_band"":""low"",""gt_interpersonal_band"":""low""}","{   ""self_reported_group_ca"": 18,   ""self_reported_interpersonal_ca"": 12,   ""self_reported_band_group"": ""moderate"",   ""self_reported_band_interpersonal"": ""low"" }"
58ddfb550e33f2193b07cfc35be69753fc109c82f75f6054bf3807673435d08b__demos,"{""gt_group_ca"":17,""gt_interpersonal_ca"":18,""gt_group_band"":""moderate"",""gt_interpersonal_band"":""moderate""}","{   ""self_reported_group_ca"": 18,   ""self_reported_interpersonal_ca"": 12,   ""self_reported_band_group"": ""moderate"",   ""self_reported_band_interpersonal"": ""low"" }"
58ddfb550e33f2193b07cfc35be69753fc109c82f75f6054bf3807673435d08b__employment,"{""gt_group_ca"":17,""gt_interpersonal_ca"":18,""gt_group_band"":""moderate"",""gt_interpersonal_band"":""moderate""}","{   ""self_reported_group_ca"": 18,   ""self_reported_interpersonal_ca"": 12,   ""self_reported_band_group"": ""moderate"",   ""self_reported_band_interpersonal"": ""low"" }"
58ddfb550e33f2193b07cfc35be69753fc109c82f75f6054bf3807673435d08b__geo,"{""gt_group_ca"":17,""gt_interpersonal_ca"":18,""gt_group_band"":""moderate"",""gt_interpersonal_band"":""moderate""}","{   ""self_reported_group_ca"": 18,   ""self_reported_interpersonal_ca"": 12,   ""self_reported_band_group"": ""moderate"",   ""self_reported_band_interpersonal"": ""low"" }"
58ddfb550e33f2193b07cfc35be69753fc109c82f75f6054bf3807673435d08b__transit,"{""gt_group_ca"":17,""gt_interpersonal_ca"":18,""gt_group_band"":""moderate"",""gt_interpersonal_band"":""moderate""}","{   ""self_reported_group_ca"": 18,   ""self_reported_interpersonal_ca"": 12,   ""self_reported_band_group"": ""moderate"",   ""self_reported_band_interpersonal"": ""low"" }"
58ddfb550e33f2193b07cfc35be69753fc109c82f75f6054bf3807673435d08b__full,"{""gt_group_ca"":17,""gt_interpersonal_ca"":18,""gt_group_band"":""moderate"",""gt_interpersonal_band"":""moderate""}","{   ""self_reported_group_ca"": 18,   ""self_reported_interpersonal_ca"": 12,   ""self_reported_band_group"": ""moderate"",   ""self_reported_band_interpersonal"": ""low"" }"
58ddfb550e33f2193b07cfc35be69753fc109c82f75f6054bf3807673435d08b__v3_rideshare,"{""gt_group_ca"":17,""gt_interpersonal_ca"":18,""gt_group_band"":""moderate"",""gt_interpersonal_band"":""moderate""}","{   ""self_reported_group_ca"": 18,   ""self_reported_interpersonal_ca"": 12,   ""self_reported_band_group"": ""moderate"",   ""self_reported_band_interpersonal"": ""low"" }"
58ddfb550e33f2193b07cfc35be69753fc109c82f75f6054bf3807673435d08b__v3_public_transit,"{""gt_group_ca"":17,""gt_interpersonal_ca"":18,""gt_group_band"":""moderate"",""gt_interpersonal_band"":""moderate""}","{   ""self_reported_group_ca"": 18,   ""self_reported_interpersonal_ca"": 12,   ""self_reported_band_group"": ""moderate"",   ""self_reported_band_interpersonal"": ""low"" }"
58ddfb550e33f2193b07cfc35be69753fc109c82f75f6054bf3807673435d08b__v3_voice,"{""gt_group_ca"":17,""gt_interpersonal_ca"":18,""gt_group_band"":""moderate"",""gt_interpersonal_band"":""moderate""}","{   ""self_reported_group_ca"": 18,   ""self_reported_interpersonal_ca"": 12,   ""self_reported_band_group"": ""moderate"",   ""self_reported_band_interpersonal"": ""low"" }"
080c2c3082160c8ea3aeca8f6c3e1f76064080b1f650305e314eb5ecf5e2b7fb__demos,"{""gt_group_ca"":10,""gt_interpersonal_ca"":9,""gt_group_band"":""low"",""gt_interpersonal_band"":""low""}","{   ""self_reported_group_ca"": 18,   ""self_reported_interpersonal_ca"": 12,   ""self_reported_band_group"": ""moderate"",   ""self_reported_band_interpersonal"": ""low"" }"
080c2c3082160c8ea3aeca8f6c3e1f76064080b1f650305e314eb5ecf5e2b7fb__employment,"{""gt_group_ca"":10,""gt_interpersonal_ca"":9,""gt_group_band"":""low"",""gt_interpersonal_band"":""low""}","{   ""self_reported_group_ca"": 18,   ""self_reported_interpersonal_ca"": 12,   ""self_reported_band_group"": ""moderate"",   ""self_reported_band_interpersonal"": ""low"" }"
080c2c3082160c8ea3aeca8f6c3e1f76064080b1f650305e314eb5ecf5e2b7fb__geo,"{""gt_group_ca"":10,""gt_interpersonal_ca"":9,""gt_group_band"":""low"",""gt_interpersonal_band"":""low""}","{   ""self_reported_group_ca"": 18,   ""self_reported_interpersonal_ca"": 12,   ""self_reported_band_group"": ""moderate"",   ""self_reported_band_interpersonal"": ""low"" }"
080c2c3082160c8ea3aeca8f6c3e1f76064080b1f650305e314eb5ecf5e2b7fb__transit,"{""gt_group_ca"":10,""gt_interpersonal_ca"":9,""gt_group_band"":""low"",""gt_interpersonal_band"":""low""}","{   ""self_reported_group_ca"": 18,   ""self_reported_interpersonal_ca"": 12,   ""self_reported_band_group"": ""moderate"",   ""self_reported_band_interpersonal"": ""low"" }"
080c2c3082160c8ea3aeca8f6c3e1f76064080b1f650305e314eb5ecf5e2b7fb__full,"{""gt_group_ca"":10,""gt_interpersonal_ca"":9,""gt_group_band"":""low"",""gt_interpersonal_band"":""low""}","{   ""self_reported_group_ca"": 18,   ""self_reported_interpersonal_ca"": 12,   ""self_reported_band_group"": ""moderate"",   ""self_reported_band_interpersonal"": ""low"" }"
080c2c3082160c8ea3aeca8f6c3e1f76064080b1f650305e314eb5ecf5e2b7fb__v3_rideshare,"{""gt_group_ca"":10,""gt_interpersonal_ca"":9,""gt_group_band"":""low"",""gt_interpersonal_band"":""low""}","{   ""self_reported_group_ca"": 18,   ""self_reported_interpersonal_ca"": 12,   ""self_reported_band_group"": ""moderate"",   ""self_reported_band_interpersonal"": ""low"" }"
080c2c3082160c8ea3aeca8f6c3e1f76064080b1f650305e314eb5ecf5e2b7fb__v3_public_transit,"{""gt_group_ca"":10,""gt_interpersonal_ca"":9,""gt_group_band"":""low"",""gt_interpersonal_band"":""low""}","{   ""self_reported_group_ca"": 18,   ""self_reported_interpersonal_ca"": 12,   ""self_reported_band_group"": ""moderate"",   ""self_reported_band_interpersonal"": ""low"" }"
080c2c3082160c8ea3aeca8f6c3e1f76064080b1f650305e314eb5ecf5e2b7fb__v3_voice,"{""gt_group_ca"":10,""gt_interpersonal_ca"":9,""gt_group_band"":""low"",""gt_interpersonal_band"":""low""}","{   ""self_reported_group_ca"": 18,   ""self_reported_interpersonal_ca"": 12,   ""self_reported_band_group"": ""moderate"",   ""self_reported_band_interpersonal"": ""low"" }"
ae636b7caa3a1f4b1d8d02b8887b1df36989ee6714199a4c9a09d1e0e7ac434a__demos,"{""gt_group_ca"":13,""gt_interpersonal_ca"":13,""gt_group_band"":""low"",""gt_interpersonal_band"":""low""}","{   ""self_reported_group_ca"": 18,   ""self_reported_interpersonal_ca"": 12,   ""self_reported_band_group"": ""moderate"",   ""self_reported_band_interpersonal"": ""low"" }"
ae636b7caa3a1f4b1d8d02b8887b1df36989ee6714199a4c9a09d1e0e7ac434a__employment,"{""gt_group_ca"":13,""gt_interpersonal_ca"":13,""gt_group_band"":""low"",""gt_interpersonal_band"":""low""}","{   ""self_reported_group_ca"": 18,   ""self_reported_interpersonal_ca"": 12,   ""self_reported_band_group"": ""moderate"",   ""self_reported_band_interpersonal"": ""low"" }"
ae636b7caa3a1f4b1d8d02b8887b1df36989ee6714199a4c9a09d1e0e7ac434a__geo,"{""gt_group_ca"":13,""gt_interpersonal_ca"":13,""gt_group_band"":""low"",""gt_interpersonal_band"":""low""}","{   ""self_reported_group_ca"": 18,   ""self_reported_interpersonal_ca"": 12,   ""self_reported_band_group"": ""moderate"",   ""self_reported_band_interpersonal"": ""low"" }"
ae636b7caa3a1f4b1d8d02b8887b1df36989ee6714199a4c9a09d1e0e7ac434a__transit,"{""gt_group_ca"":13,""gt_interpersonal_ca"":13,""gt_group_band"":""low"",""gt_interpersonal_band"":""low""}","{   ""self_reported_group_ca"": 18,   ""self_reported_interpersonal_ca"": 12,   ""self_reported_band_group"": ""moderate"",   ""self_reported_band_interpersonal"": ""low"" }"
ae636b7caa3a1f4b1d8d02b8887b1df36989ee6714199a4c9a09d1e0e7ac434a__full,"{""gt_group_ca"":13,""gt_interpersonal_ca"":13,""gt_group_band"":""low"",""gt_interpersonal_band"":""low""}","{   ""self_reported_group_ca"": 18,   ""self_reported_interpersonal_ca"": 12,   ""self_reported_band_group"": ""moderate"",   ""self_reported_band_interpersonal"": ""low"" }"
ae636b7caa3a1f4b1d8d02b8887b1df36989ee6714199a4c9a09d1e0e7ac434a__v3_rideshare,"{""gt_group_ca"":13,""gt_interpersonal_ca"":13,""gt_group_band"":""low"",""gt_interpersonal_band"":""low""}","{   ""self_reported_group_ca"": 18,   ""self_reported_interpersonal_ca"": 12,   ""self_reported_band_group"": ""moderate"",   ""self_reported_band_interpersonal"": ""low"" }"
ae636b7caa3a1f4b1d8d02b8887b1df36989ee6714199a4c9a09d1e0e7ac434a__v3_public_transit,"{""gt_group_ca"":13,""gt_interpersonal_ca"":13,""gt_group_band"":""low"",""gt_interpersonal_band"":""low""}","{   ""self_reported_group_ca"": 18,   ""self_reported_interpersonal_ca"": 12,   ""self_reported_band_group"": ""moderate"",   ""self_reported_band_interpersonal"": ""low"" }"
ae636b7caa3a1f4b1d8d02b8887b1df36989ee6714199a4c9a09d1e0e7ac434a__v3_voice,"{""gt_group_ca"":13,""gt_interpersonal_ca"":13,""gt_group_band"":""low"",""gt_interpersonal_band"":""low""}","{   ""self_reported_group_ca"": 18,   ""self_reported_interpersonal_ca"": 12,   ""self_reported_band_group"": ""moderate"",   ""self_reported_band_interpersonal"": ""low"" }"
0f284a11b7b2b2da4c42bbe31390265ec35d22e54b2fc633371c6efa872d2745__demos,"{""gt_group_ca"":9,""gt_interpersonal_ca"":7,""gt_group_band"":""low"",""gt_interpersonal_band"":""low""}","{   ""self_reported_group_ca"": 18,   ""self_reported_interpersonal_ca"": 12,   ""self_reported_band_group"": ""moderate"",   ""self_reported_band_interpersonal"": ""low"" }"
0f284a11b7b2b2da4c42bbe31390265ec35d22e54b2fc633371c6efa872d2745__employment,"{""gt_group_ca"":9,""gt_interpersonal_ca"":7,""gt_group_band"":""low"",""gt_interpersonal_band"":""low""}","{   ""self_reported_group_ca"": 18,   ""self_reported_interpersonal_ca"": 12,   ""self_reported_band_group"": ""moderate"",   ""self_reported_band_interpersonal"": ""low"" }"
0f284a11b7b2b2da4c42bbe31390265ec35d22e54b2fc633371c6efa872d2745__geo,"{""gt_group_ca"":9,""gt_interpersonal_ca"":7,""gt_group_band"":""low"",""gt_interpersonal_band"":""low""}","{   ""self_reported_group_ca"": 18,   ""self_reported_interpersonal_ca"": 12,   ""self_reported_band_group"": ""moderate"",   ""self_reported_band_interpersonal"": ""low"" }"
0f284a11b7b2b2da4c42bbe31390265ec35d22e54b2fc633371c6efa872d2745__transit,"{""gt_group_ca"":9,""gt_interpersonal_ca"":7,""gt_group_band"":""low"",""gt_interpersonal_band"":""low""}","{   ""self_reported_group_ca"": 18,   ""self_reported_interpersonal_ca"": 12,   ""self_reported_band_group"": ""moderate"",   ""self_reported_band_interpersonal"": ""low"" }"
0f284a11b7b2b2da4c42bbe31390265ec35d22e54b2fc633371c6efa872d2745__full,"{""gt_group_ca"":9,""gt_interpersonal_ca"":7,""gt_group_band"":""low"",""gt_interpersonal_band"":""low""}","{   ""self_reported_group_ca"": 18,   ""self_reported_interpersonal_ca"": 12,   ""self_reported_band_group"": ""moderate"",   ""self_reported_band_interpersonal"": ""low"" }"
0f284a11b7b2b2da4c42bbe31390265ec35d22e54b2fc633371c6efa872d2745__v3_rideshare,"{""gt_group_ca"":9,""gt_interpersonal_ca"":7,""gt_group_band"":""low"",""gt_interpersonal_band"":""low""}","{   ""self_reported_group_ca"": 18,   ""self_reported_interpersonal_ca"": 12,   ""self_reported_band_group"": ""moderate"",   ""self_reported_band_interpersonal"": ""low"" }"
0f284a11b7b2b2da4c42bbe31390265ec35d22e54b2fc633371c6efa872d2745__v3_public_transit,"{""gt_group_ca"":9,""gt_interpersonal_ca"":7,""gt_group_band"":""low"",""gt_interpersonal_band"":""low""}","{   ""self_reported_group_ca"": 18,   ""self_reported_interpersonal_ca"": 12,   ""self_reported_band_group"": ""moderate"",   ""self_reported_band_interpersonal"": ""low"" }"
0f284a11b7b2b2da4c42bbe31390265ec35d22e54b2fc633371c6efa872d2745__v3_voice,"{""gt_group_ca"":9,""gt_interpersonal_ca"":7,""gt_group_band"":""low"",""gt_interpersonal_band"":""low""}","{   ""self_reported_group_ca"": 18,   ""self_reported_interpersonal_ca"": 12,   ""self_reported_band_group"": ""moderate"",   ""self_reported_band_interpersonal"": ""low"" }"
8e831cd00341372c0c7463938a55ad43e811a06864abae07d126dc1a13a2003e__demos,"{""gt_group_ca"":14,""gt_interpersonal_ca"":17,""gt_group_band"":""moderate"",""gt_interpersonal_band"":""moderate""}","{   ""self_reported_group_ca"": 18,   ""self_reported_interpersonal_ca"": 12,   ""self_reported_band_group"": ""moderate"",   ""self_reported_band_interpersonal"": ""low"" }"
8e831cd00341372c0c7463938a55ad43e811a06864abae07d126dc1a13a2003e__employment,"{""gt_group_ca"":14,""gt_interpersonal_ca"":17,""gt_group_band"":""moderate"",""gt_interpersonal_band"":""moderate""}","{   ""self_reported_group_ca"": 18,   ""self_reported_interpersonal_ca"": 12,   ""self_reported_band_group"": ""moderate"",   ""self_reported_band_interpersonal"": ""low"" }"
8e831cd00341372c0c7463938a55ad43e811a06864abae07d126dc1a13a2003e__geo,"{""gt_group_ca"":14,""gt_interpersonal_ca"":17,""gt_group_band"":""moderate"",""gt_interpersonal_band"":""moderate""}","{   ""self_reported_group_ca"": 18,   ""self_reported_interpersonal_ca"": 12,   ""self_reported_band_group"": ""moderate"",   ""self_reported_band_interpersonal"": ""low"" }"
8e831cd00341372c0c7463938a55ad43e811a06864abae07d126dc1a13a2003e__transit,"{""gt_group_ca"":14,""gt_interpersonal_ca"":17,""gt_group_band"":""moderate"",""gt_interpersonal_band"":""moderate""}","{   ""self_reported_group_ca"": 18,   ""self_reported_interpersonal_ca"": 12,   ""self_reported_band_group"": ""moderate"",   ""self_reported_band_interpersonal"": ""low"" }"
8e831cd00341372c0c7463938a55ad43e811a06864abae07d126dc1a13a2003e__full,"{""gt_group_ca"":14,""gt_interpersonal_ca"":17,""gt_group_band"":""moderate"",""gt_interpersonal_band"":""moderate""}","{   ""self_reported_group_ca"": 18,   ""self_reported_interpersonal_ca"": 12,   ""self_reported_band_group"": ""moderate"",   ""self_reported_band_interpersonal"": ""low"" }"
8e831cd00341372c0c7463938a55ad43e811a06864abae07d126dc1a13a2003e__v3_rideshare,"{""gt_group_ca"":14,""gt_interpersonal_ca"":17,""gt_group_band"":""moderate"",""gt_interpersonal_band"":""moderate""}","{   ""self_reported_group_ca"": 18,   ""self_reported_interpersonal_ca"": 12,   ""self_reported_band_group"": ""moderate"",   ""self_reported_band_interpersonal"": ""low"" }"
8e831cd00341372c0c7463938a55ad43e811a06864abae07d126dc1a13a2003e__v3_public_transit,"{""gt_group_ca"":14,""gt_interpersonal_ca"":17,""gt_group_band"":""moderate"",""gt_interpersonal_band"":""moderate""}","{   ""self_reported_group_ca"": 18,   ""self_reported_interpersonal_ca"": 12,   ""self_reported_band_group"": ""moderate"",   ""self_reported_band_interpersonal"": ""low"" }"
8e831cd00341372c0c7463938a55ad43e811a06864abae07d126dc1a13a2003e__v3_voice,"{""gt_group_ca"":14,""gt_interpersonal_ca"":17,""gt_group_band"":""moderate"",""gt_interpersonal_band"":""moderate""}","{   ""self_reported_group_ca"": 18,   ""self_reported_interpersonal_ca"": 12,   ""self_reported_band_group"": ""moderate"",   ""self_reported_band_interpersonal"": ""low"" }"
dfc799ffbe5cf562ec1a2df4311b543069f4f257aa839505340a2b6aa04b9d51__demos,"{""gt_group_ca"":16,""gt_interpersonal_ca"":20,""gt_group_band"":""moderate"",""gt_interpersonal_band"":""high""}","{   ""self_reported_group_ca"": 18,   ""self_reported_interpersonal_ca"": 12,   ""self_reported_band_group"": ""moderate"",   ""self_reported_band_interpersonal"": ""low"" }"
dfc799ffbe5cf562ec1a2df4311b543069f4f257aa839505340a2b6aa04b9d51__employment,"{""gt_group_ca"":16,""gt_interpersonal_ca"":20,""gt_group_band"":""moderate"",""gt_interpersonal_band"":""high""}","{   ""self_reported_group_ca"": 18,   ""self_reported_interpersonal_ca"": 12,   ""self_reported_band_group"": ""moderate"",   ""self_reported_band_interpersonal"": ""low"" }"
dfc799ffbe5cf562ec1a2df4311b543069f4f257aa839505340a2b6aa04b9d51__geo,"{""gt_group_ca"":16,""gt_interpersonal_ca"":20,""gt_group_band"":""moderate"",""gt_interpersonal_band"":""high""}","{   ""self_reported_group_ca"": 18,   ""self_reported_interpersonal_ca"": 12,   ""self_reported_band_group"": ""moderate"",   ""self_reported_band_interpersonal"": ""low"" }"
dfc799ffbe5cf562ec1a2df4311b543069f4f257aa839505340a2b6aa04b9d51__transit,"{""gt_group_ca"":16,""gt_interpersonal_ca"":20,""gt_group_band"":""moderate"",""gt_interpersonal_band"":""high""}","{   ""self_reported_group_ca"": 18,   ""self_reported_interpersonal_ca"": 12,   ""self_reported_band_group"": ""moderate"",   ""self_reported_band_interpersonal"": ""low"" }"
dfc799ffbe5cf562ec1a2df4311b543069f4f257aa839505340a2b6aa04b9d51__full,"{""gt_group_ca"":16,""gt_interpersonal_ca"":20,""gt_group_band"":""moderate"",""gt_interpersonal_band"":""high""}","{   ""self_reported_group_ca"": 18,   ""self_reported_interpersonal_ca"": 12,   ""self_reported_band_group"": ""moderate"",   ""self_reported_band_interpersonal"": ""low"" }"
dfc799ffbe5cf562ec1a2df4311b543069f4f257aa839505340a2b6aa04b9d51__v3_rideshare,"{""gt_group_ca"":16,""gt_interpersonal_ca"":20,""gt_group_band"":""moderate"",""gt_interpersonal_band"":""high""}","{   ""self_reported_group_ca"": 18,   ""self_reported_interpersonal_ca"": 12,   ""self_reported_band_group"": ""moderate"",   ""self_reported_band_interpersonal"": ""low"" }"
dfc799ffbe5cf562ec1a2df4311b543069f4f257aa839505340a2b6aa04b9d51__v3_public_transit,"{""gt_group_ca"":16,""gt_interpersonal_ca"":20,""gt_group_band"":""moderate"",""gt_interpersonal_band"":""high""}","{   ""self_reported_group_ca"": 18,   ""self_reported_interpersonal_ca"": 12,   ""self_reported_band_group"": ""moderate"",   ""self_reported_band_interpersonal"": ""low"" }"
dfc799ffbe5cf562ec1a2df4311b543069f4f257aa839505340a2b6aa04b9d51__v3_voice,"{""gt_group_ca"":16,""gt_interpersonal_ca"":20,""gt_group_band"":""moderate"",""gt_interpersonal_band"":""high""}","{   ""self_reported_group_ca"": 18,   ""self_reported_interpersonal_ca"": 12,   ""self_reported_band_group"": ""moderate"",   ""self_reported_band_interpersonal"": ""low"" }"
f844b759e28f8984d563890f25ef124b3895c11c66a886cd119d41dd48146356__demos,"{""gt_group_ca"":22,""gt_interpersonal_ca"":24,""gt_group_band"":""high"",""gt_interpersonal_band"":""high""}","{   ""self_reported_group_ca"": 18,   ""self_reported_interpersonal_ca"": 12,   ""self_reported_band_group"": ""moderate"",   ""self_reported_band_interpersonal"": ""low"" }"
f844b759e28f8984d563890f25ef124b3895c11c66a886cd119d41dd48146356__employment,"{""gt_group_ca"":22,""gt_interpersonal_ca"":24,""gt_group_band"":""high"",""gt_interpersonal_band"":""high""}","{   ""self_reported_group_ca"": 18,   ""self_reported_interpersonal_ca"": 12,   ""self_reported_band_group"": ""moderate"",   ""self_reported_band_interpersonal"": ""low"" }"
f844b759e28f8984d563890f25ef124b3895c11c66a886cd119d41dd48146356__geo,"{""gt_group_ca"":22,""gt_interpersonal_ca"":24,""gt_group_band"":""high"",""gt_interpersonal_band"":""high""}","{   ""self_reported_group_ca"": 18,   ""self_reported_interpersonal_ca"": 12,   ""self_reported_band_group"": ""moderate"",   ""self_reported_band_interpersonal"": ""low"" }"
f844b759e28f8984d563890f25ef124b3895c11c66a886cd119d41dd48146356__transit,"{""gt_group_ca"":22,""gt_interpersonal_ca"":24,""gt_group_band"":""high"",""gt_interpersonal_band"":""high""}","{   ""self_reported_group_ca"": 18,   ""self_reported_interpersonal_ca"": 12,   ""self_reported_band_group"": ""moderate"",   ""self_reported_band_interpersonal"": ""low"" }"
f844b759e28f8984d563890f25ef124b3895c11c66a886cd119d41dd48146356__full,"{""gt_group_ca"":22,""gt_interpersonal_ca"":24,""gt_group_band"":""high"",""gt_interpersonal_band"":""high""}","{   ""self_reported_group_ca"": 18,   ""self_reported_interpersonal_ca"": 12,   ""self_reported_band_group"": ""moderate"",   ""self_reported_band_interpersonal"": ""low"" }"
f844b759e28f8984d563890f25ef124b3895c11c66a886cd119d41dd48146356__v3_rideshare,"{""gt_group_ca"":22,""gt_interpersonal_ca"":24,""gt_group_band"":""high"",""gt_interpersonal_band"":""high""}","{   ""self_reported_group_ca"": 18,   ""self_reported_interpersonal_ca"": 12,   ""self_reported_band_group"": ""moderate"",   ""self_reported_band_interpersonal"": ""low"" }"
f844b759e28f8984d563890f25ef124b3895c11c66a886cd119d41dd48146356__v3_public_transit,"{""gt_group_ca"":22,""gt_interpersonal_ca"":24,""gt_group_band"":""high"",""gt_interpersonal_band"":""high""}","{   ""self_reported_group_ca"": 18,   ""self_reported_interpersonal_ca"": 12,   ""self_reported_band_group"": ""moderate"",   ""self_reported_band_interpersonal"": ""low"" }"
f844b759e28f8984d563890f25ef124b3895c11c66a886cd119d41dd48146356__v3_voice,"{""gt_group_ca"":22,""gt_interpersonal_ca"":24,""gt_group_band"":""high"",""gt_interpersonal_band"":""high""}","{   ""self_reported_group_ca"": 18,   ""self_reported_interpersonal_ca"": 12,   ""self_reported_band_group"": ""moderate"",   ""self_reported_band_interpersonal"": ""low"" }"
2fc9545e7ba8b60e7e4eca95f978fb0aa78399e808053c092cd100a9c04d32c5__demos,"{""gt_group_ca"":12,""gt_interpersonal_ca"":16,""gt_group_band"":""low"",""gt_interpersonal_band"":""moderate""}","{   ""self_reported_group_ca"": 18,   ""self_reported_interpersonal_ca"": 12,   ""self_reported_band_group"": ""moderate"",   ""self_reported_band_interpersonal"": ""low"" }"
2fc9545e7ba8b60e7e4eca95f978fb0aa78399e808053c092cd100a9c04d32c5__employment,"{""gt_group_ca"":12,""gt_interpersonal_ca"":16,""gt_group_band"":""low"",""gt_interpersonal_band"":""moderate""}","{   ""self_reported_group_ca"": 18,   ""self_reported_interpersonal_ca"": 12,   ""self_reported_band_group"": ""moderate"",   ""self_reported_band_interpersonal"": ""low"" }"
2fc9545e7ba8b60e7e4eca95f978fb0aa78399e808053c092cd100a9c04d32c5__geo,"{""gt_group_ca"":12,""gt_interpersonal_ca"":16,""gt_group_band"":""low"",""gt_interpersonal_band"":""moderate""}","{   ""self_reported_group_ca"": 18,   ""self_reported_interpersonal_ca"": 12,   ""self_reported_band_group"": ""moderate"",   ""self_reported_band_interpersonal"": ""low"" }"
2fc9545e7ba8b60e7e4eca95f978fb0aa78399e808053c092cd100a9c04d32c5__transit,"{""gt_group_ca"":12,""gt_interpersonal_ca"":16,""gt_group_band"":""low"",""gt_interpersonal_band"":""moderate""}","{   ""self_reported_group_ca"": 18,   ""self_reported_interpersonal_ca"": 12,   ""self_reported_band_group"": ""moderate"",   ""self_reported_band_interpersonal"": ""low"" }"
2fc9545e7ba8b60e7e4eca95f978fb0aa78399e808053c092cd100a9c04d32c5__full,"{""gt_group_ca"":12,""gt_interpersonal_ca"":16,""gt_group_band"":""low"",""gt_interpersonal_band"":""moderate""}","{   ""self_reported_group_ca"": 18,   ""self_reported_interpersonal_ca"": 12,   ""self_reported_band_group"": ""moderate"",   ""self_reported_band_interpersonal"": ""low"" }"
2fc9545e7ba8b60e7e4eca95f978fb0aa78399e808053c092cd100a9c04d32c5__v3_rideshare,"{""gt_group_ca"":12,""gt_interpersonal_ca"":16,""gt_group_band"":""low"",""gt_interpersonal_band"":""moderate""}","{   ""self_reported_group_ca"": 18,   ""self_reported_interpersonal_ca"": 12,   ""self_reported_band_group"": ""moderate"",   ""self_reported_band_interpersonal"": ""low"" }"
2fc9545e7ba8b60e7e4eca95f978fb0aa78399e808053c092cd100a9c04d32c5__v3_public_transit,"{""gt_group_ca"":12,""gt_interpersonal_ca"":16,""gt_group_band"":""low"",""gt_interpersonal_band"":""moderate""}","{   ""self_reported_group_ca"": 18,   ""self_reported_interpersonal_ca"": 12,   ""self_reported_band_group"": ""moderate"",   ""self_reported_band_interpersonal"": ""low"" }"
2fc9545e7ba8b60e7e4eca95f978fb0aa78399e808053c092cd100a9c04d32c5__v3_voice,"{""gt_group_ca"":12,""gt_interpersonal_ca"":16,""gt_group_band"":""low"",""gt_interpersonal_band"":""moderate""}","{   ""self_reported_group_ca"": 18,   ""self_reported_interpersonal_ca"": 12,   ""self_reported_band_group"": ""moderate"",   ""self_reported_band_interpersonal"": ""low"" }"
1503772a1dc4e9ef4aac2cc0d4e133c6f386270e0dcf9aab23731a81793fd08e__demos,"{""gt_group_ca"":6,""gt_interpersonal_ca"":6,""gt_group_band"":""low"",""gt_interpersonal_band"":""low""}","{   ""self_reported_group_ca"": 18,   ""self_reported_interpersonal_ca"": 12,   ""self_reported_band_group"": ""moderate"",   ""self_reported_band_interpersonal"": ""low"" }"
1503772a1dc4e9ef4aac2cc0d4e133c6f386270e0dcf9aab23731a81793fd08e__employment,"{""gt_group_ca"":6,""gt_interpersonal_ca"":6,""gt_group_band"":""low"",""gt_interpersonal_band"":""low""}","{   ""self_reported_group_ca"": 18,   ""self_reported_interpersonal_ca"": 12,   ""self_reported_band_group"": ""moderate"",   ""self_reported_band_interpersonal"": ""low"" }"
1503772a1dc4e9ef4aac2cc0d4e133c6f386270e0dcf9aab23731a81793fd08e__geo,"{""gt_group_ca"":6,""gt_interpersonal_ca"":6,""gt_group_band"":""low"",""gt_interpersonal_band"":""low""}","{   ""self_reported_group_ca"": 18,   ""self_reported_interpersonal_ca"": 12,   ""self_reported_band_group"": ""moderate"",   ""self_reported_band_interpersonal"": ""low"" }"
1503772a1dc4e9ef4aac2cc0d4e133c6f386270e0dcf9aab23731a81793fd08e__transit,"{""gt_group_ca"":6,""gt_interpersonal_ca"":6,""gt_group_band"":""low"",""gt_interpersonal_band"":""low""}","{   ""self_reported_group_ca"": 18,   ""self_reported_interpersonal_ca"": 12,   ""self_reported_band_group"": ""moderate"",   ""self_reported_band_interpersonal"": ""low"" }"
1503772a1dc4e9ef4aac2cc0d4e133c6f386270e0dcf9aab23731a81793fd08e__full,"{""gt_group_ca"":6,""gt_interpersonal_ca"":6,""gt_group_band"":""low"",""gt_interpersonal_band"":""low""}","{   ""self_reported_group_ca"": 18,   ""self_reported_interpersonal_ca"": 12,   ""self_reported_band_group"": ""moderate"",   ""self_reported_band_interpersonal"": ""low"" }"
1503772a1dc4e9ef4aac2cc0d4e133c6f386270e0dcf9aab23731a81793fd08e__v3_rideshare,"{""gt_group_ca"":6,""gt_interpersonal_ca"":6,""gt_group_band"":""low"",""gt_interpersonal_band"":""low""}","{   ""self_reported_group_ca"": 18,   ""self_reported_interpersonal_ca"": 12,   ""self_reported_band_group"": ""moderate"",   ""self_reported_band_interpersonal"": ""low"" }"
1503772a1dc4e9ef4aac2cc0d4e133c6f386270e0dcf9aab23731a81793fd08e__v3_public_transit,"{""gt_group_ca"":6,""gt_interpersonal_ca"":6,""gt_group_band"":""low"",""gt_interpersonal_band"":""low""}","{   ""self_reported_group_ca"": 18,   ""self_reported_interpersonal_ca"": 12,   ""self_reported_band_group"": ""moderate"",   ""self_reported_band_interpersonal"": ""low"" }"
1503772a1dc4e9ef4aac2cc0d4e133c6f386270e0dcf9aab23731a81793fd08e__v3_voice,"{""gt_group_ca"":6,""gt_interpersonal_ca"":6,""gt_group_band"":""low"",""gt_interpersonal_band"":""low""}","{   ""self_reported_group_ca"": 18,   ""self_reported_interpersonal_ca"": 12,   ""self_reported_band_group"": ""moderate"",   ""self_reported_band_interpersonal"": ""low"" }"
505a243c6f4e4918dc2decd08f5c95a167dacaa40483af6ceb36b3f68c5d4e53__demos,"{""gt_group_ca"":27,""gt_interpersonal_ca"":26,""gt_group_band"":""high"",""gt_interpersonal_band"":""high""}","{   ""self_reported_group_ca"": 18,   ""self_reported_interpersonal_ca"": 12,   ""self_reported_band_group"": ""moderate"",   ""self_reported_band_interpersonal"": ""low"" }"
505a243c6f4e4918dc2decd08f5c95a167dacaa40483af6ceb36b3f68c5d4e53__employment,"{""gt_group_ca"":27,""gt_interpersonal_ca"":26,""gt_group_band"":""high"",""gt_interpersonal_band"":""high""}","{   ""self_reported_group_ca"": 18,   ""self_reported_interpersonal_ca"": 12,   ""self_reported_band_group"": ""moderate"",   ""self_reported_band_interpersonal"": ""low"" }"
505a243c6f4e4918dc2decd08f5c95a167dacaa40483af6ceb36b3f68c5d4e53__geo,"{""gt_group_ca"":27,""gt_interpersonal_ca"":26,""gt_group_band"":""high"",""gt_interpersonal_band"":""high""}","{   ""self_reported_group_ca"": 18,   ""self_reported_interpersonal_ca"": 12,   ""self_reported_band_group"": ""moderate"",   ""self_reported_band_interpersonal"": ""low"" }"
505a243c6f4e4918dc2decd08f5c95a167dacaa40483af6ceb36b3f68c5d4e53__transit,"{""gt_group_ca"":27,""gt_interpersonal_ca"":26,""gt_group_band"":""high"",""gt_interpersonal_band"":""high""}","{   ""self_reported_group_ca"": 18,   ""self_reported_interpersonal_ca"": 12,   ""self_reported_band_group"": ""moderate"",   ""self_reported_band_interpersonal"": ""low"" }"
505a243c6f4e4918dc2decd08f5c95a167dacaa40483af6ceb36b3f68c5d4e53__full,"{""gt_group_ca"":27,""gt_interpersonal_ca"":26,""gt_group_band"":""high"",""gt_interpersonal_band"":""high""}","{   ""self_reported_group_ca"": 18,   ""self_reported_interpersonal_ca"": 12,   ""self_reported_band_group"": ""moderate"",   ""self_reported_band_interpersonal"": ""low"" }"
505a243c6f4e4918dc2decd08f5c95a167dacaa40483af6ceb36b3f68c5d4e53__v3_rideshare,"{""gt_group_ca"":27,""gt_interpersonal_ca"":26,""gt_group_band"":""high"",""gt_interpersonal_band"":""high""}","{   ""self_reported_group_ca"": 18,   ""self_reported_interpersonal_ca"": 12,   ""self_reported_band_group"": ""moderate"",   ""self_reported_band_interpersonal"": ""low"" }"
505a243c6f4e4918dc2decd08f5c95a167dacaa40483af6ceb36b3f68c5d4e53__v3_public_transit,"{""gt_group_ca"":27,""gt_interpersonal_ca"":26,""gt_group_band"":""high"",""gt_interpersonal_band"":""high""}","{   ""self_reported_group_ca"": 18,   ""self_reported_interpersonal_ca"": 12,   ""self_reported_band_group"": ""moderate"",   ""self_reported_band_interpersonal"": ""low"" }"
505a243c6f4e4918dc2decd08f5c95a167dacaa40483af6ceb36b3f68c5d4e53__v3_voice,"{""gt_group_ca"":27,""gt_interpersonal_ca"":26,""gt_group_band"":""high"",""gt_interpersonal_band"":""high""}","{   ""self_reported_group_ca"": 18,   ""self_reported_interpersonal_ca"": 22,   ""self_reported_band_group"": ""moderate"",   ""self_reported_band_interpersonal"": ""high"" }"
521ca46d992001d9dd12507c1225f0d60011522447dff1998de289901dd2320d__demos,"{""gt_group_ca"":12,""gt_interpersonal_ca"":12,""gt_group_band"":""low"",""gt_interpersonal_band"":""low""}","{   ""self_reported_group_ca"": 18,   ""self_reported_interpersonal_ca"": 12,   ""self_reported_band_group"": ""moderate"",   ""self_reported_band_interpersonal"": ""low"" }"
521ca46d992001d9dd12507c1225f0d60011522447dff1998de289901dd2320d__employment,"{""gt_group_ca"":12,""gt_interpersonal_ca"":12,""gt_group_band"":""low"",""gt_interpersonal_band"":""low""}","{   ""self_reported_group_ca"": 18,   ""self_reported_interpersonal_ca"": 12,   ""self_reported_band_group"": ""moderate"",   ""self_reported_band_interpersonal"": ""low"" }"
521ca46d992001d9dd12507c1225f0d60011522447dff1998de289901dd2320d__geo,"{""gt_group_ca"":12,""gt_interpersonal_ca"":12,""gt_group_band"":""low"",""gt_interpersonal_band"":""low""}","{   ""self_reported_group_ca"": 18,   ""self_reported_interpersonal_ca"": 12,   ""self_reported_band_group"": ""moderate"",   ""self_reported_band_interpersonal"": ""low"" }"
521ca46d992001d9dd12507c1225f0d60011522447dff1998de289901dd2320d__transit,"{""gt_group_ca"":12,""gt_interpersonal_ca"":12,""gt_group_band"":""low"",""gt_interpersonal_band"":""low""}","{   ""self_reported_group_ca"": 18,   ""self_reported_interpersonal_ca"": 12,   ""self_reported_band_group"": ""moderate"",   ""self_reported_band_interpersonal"": ""low"" }"
521ca46d992001d9dd12507c1225f0d60011522447dff1998de289901dd2320d__full,"{""gt_group_ca"":12,""gt_interpersonal_ca"":12,""gt_group_band"":""low"",""gt_interpersonal_band"":""low""}","{   ""self_reported_group_ca"": 18,   ""self_reported_interpersonal_ca"": 12,   ""self_reported_band_group"": ""moderate"",   ""self_reported_band_interpersonal"": ""low"" }"
521ca46d992001d9dd12507c1225f0d60011522447dff1998de289901dd2320d__v3_rideshare,"{""gt_group_ca"":12,""gt_interpersonal_ca"":12,""gt_group_band"":""low"",""gt_interpersonal_band"":""low""}","{   ""self_reported_group_ca"": 18,   ""self_reported_interpersonal_ca"": 12,   ""self_reported_band_group"": ""moderate"",   ""self_reported_band_interpersonal"": ""low"" }"
521ca46d992001d9dd12507c1225f0d60011522447dff1998de289901dd2320d__v3_public_transit,"{""gt_group_ca"":12,""gt_interpersonal_ca"":12,""gt_group_band"":""low"",""gt_interpersonal_band"":""low""}","{   ""self_reported_group_ca"": 18,   ""self_reported_interpersonal_ca"": 12,   ""self_reported_band_group"": ""moderate"",   ""self_reported_band_interpersonal"": ""low"" }"
521ca46d992001d9dd12507c1225f0d60011522447dff1998de289901dd2320d__v3_voice,"{""gt_group_ca"":12,""gt_interpersonal_ca"":12,""gt_group_band"":""low"",""gt_interpersonal_band"":""low""}","{   ""self_reported_group_ca"": 18,   ""self_reported_interpersonal_ca"": 12,   ""self_reported_band_group"": ""moderate"",   ""self_reported_band_interpersonal"": ""low"" }"
402085372945bde1c929c547b95cc7cd38bd9fd9dc13138186d5238981f0109d__demos,"{""gt_group_ca"":6,""gt_interpersonal_ca"":6,""gt_group_band"":""low"",""gt_interpersonal_band"":""low""}","{   ""self_reported_group_ca"": 22,   ""self_reported_interpersonal_ca"": 18,   ""self_reported_band_group"": ""high"",   ""self_reported_band_interpersonal"": ""moderate"" }"
402085372945bde1c929c547b95cc7cd38bd9fd9dc13138186d5238981f0109d__employment,"{""gt_group_ca"":6,""gt_interpersonal_ca"":6,""gt_group_band"":""low"",""gt_interpersonal_band"":""low""}","{   ""self_reported_group_ca"": 22,   ""self_reported_interpersonal_ca"": 18,   ""self_reported_band_group"": ""high"",   ""self_reported_band_interpersonal"": ""moderate"" }"
402085372945bde1c929c547b95cc7cd38bd9fd9dc13138186d5238981f0109d__geo,"{""gt_group_ca"":6,""gt_interpersonal_ca"":6,""gt_group_band"":""low"",""gt_interpersonal_band"":""low""}","{   ""self_reported_group_ca"": 22,   ""self_reported_interpersonal_ca"": 18,   ""self_reported_band_group"": ""high"",   ""self_reported_band_interpersonal"": ""moderate"" }"
402085372945bde1c929c547b95cc7cd38bd9fd9dc13138186d5238981f0109d__transit,"{""gt_group_ca"":6,""gt_interpersonal_ca"":6,""gt_group_band"":""low"",""gt_interpersonal_band"":""low""}","{   ""self_reported_group_ca"": 22,   ""self_reported_interpersonal_ca"": 18,   ""self_reported_band_group"": ""high"",   ""self_reported_band_interpersonal"": ""moderate"" }"
402085372945bde1c929c547b95cc7cd38bd9fd9dc13138186d5238981f0109d__full,"{""gt_group_ca"":6,""gt_interpersonal_ca"":6,""gt_group_band"":""low"",""gt_interpersonal_band"":""low""}","{   ""self_reported_group_ca"": 18,   ""self_reported_interpersonal_ca"": 10,   ""self_reported_band_group"": ""moderate"",   ""self_reported_band_interpersonal"": ""low"" }"
402085372945bde1c929c547b95cc7cd38bd9fd9dc13138186d5238981f0109d__v3_rideshare,"{""gt_group_ca"":6,""gt_interpersonal_ca"":6,""gt_group_band"":""low"",""gt_interpersonal_band"":""low""}","{   ""self_reported_group_ca"": 22,   ""self_reported_interpersonal_ca"": 18,   ""self_reported_band_group"": ""high"",   ""self_reported_band_interpersonal"": ""moderate"" }"
402085372945bde1c929c547b95cc7cd38bd9fd9dc13138186d5238981f0109d__v3_public_transit,"{""gt_group_ca"":6,""gt_interpersonal_ca"":6,""gt_group_band"":""low"",""gt_interpersonal_band"":""low""}","{   ""self_reported_group_ca"": 22,   ""self_reported_interpersonal_ca"": 18,   ""self_reported_band_group"": ""high"",   ""self_reported_band_interpersonal"": ""moderate"" }"
402085372945bde1c929c547b95cc7cd38bd9fd9dc13138186d5238981f0109d__v3_voice,"{""gt_group_ca"":6,""gt_interpersonal_ca"":6,""gt_group_band"":""low"",""gt_interpersonal_band"":""low""}","{   ""self_reported_group_ca"": 18,   ""self_reported_interpersonal_ca"": 10,   ""self_reported_band_group"": ""moderate"",   ""self_reported_band_interpersonal"": ""low"" }"
688a7c86a1dd4cb7a395ecd05e2c45a2ade60adce8b3ca99c24a2aa67b2bdefe__demos,"{""gt_group_ca"":22,""gt_interpersonal_ca"":21,""gt_group_band"":""high"",""gt_interpersonal_band"":""high""}","{   ""self_reported_group_ca"": 18,   ""self_reported_interpersonal_ca"": 12,   ""self_reported_band_group"": ""moderate"",   ""self_reported_band_interpersonal"": ""low"" }"
688a7c86a1dd4cb7a395ecd05e2c45a2ade60adce8b3ca99c24a2aa67b2bdefe__employment,"{""gt_group_ca"":22,""gt_interpersonal_ca"":21,""gt_group_band"":""high"",""gt_interpersonal_band"":""high""}","{   ""self_reported_group_ca"": 18,   ""self_reported_interpersonal_ca"": 12,   ""self_reported_band_group"": ""moderate"",   ""self_reported_band_interpersonal"": ""low"" }"
688a7c86a1dd4cb7a395ecd05e2c45a2ade60adce8b3ca99c24a2aa67b2bdefe__geo,"{""gt_group_ca"":22,""gt_interpersonal_ca"":21,""gt_group_band"":""high"",""gt_interpersonal_band"":""high""}","{   ""self_reported_group_ca"": 18,   ""self_reported_interpersonal_ca"": 12,   ""self_reported_band_group"": ""moderate"",   ""self_reported_band_interpersonal"": ""low"" }"
688a7c86a1dd4cb7a395ecd05e2c45a2ade60adce8b3ca99c24a2aa67b2bdefe__transit,"{""gt_group_ca"":22,""gt_interpersonal_ca"":21,""gt_group_band"":""high"",""gt_interpersonal_band"":""high""}","{   ""self_reported_group_ca"": 18,   ""self_reported_interpersonal_ca"": 12,   ""self_reported_band_group"": ""moderate"",   ""self_reported_band_interpersonal"": ""low"" }"
688a7c86a1dd4cb7a395ecd05e2c45a2ade60adce8b3ca99c24a2aa67b2bdefe__full,"{""gt_group_ca"":22,""gt_interpersonal_ca"":21,""gt_group_band"":""high"",""gt_interpersonal_band"":""high""}","{   ""self_reported_group_ca"": 18,   ""self_reported_interpersonal_ca"": 12,   ""self_reported_band_group"": ""moderate"",   ""self_reported_band_interpersonal"": ""low"" }"
688a7c86a1dd4cb7a395ecd05e2c45a2ade60adce8b3ca99c24a2aa67b2bdefe__v3_rideshare,"{""gt_group_ca"":22,""gt_interpersonal_ca"":21,""gt_group_band"":""high"",""gt_interpersonal_band"":""high""}","{   ""self_reported_group_ca"": 18,   ""self_reported_interpersonal_ca"": 12,   ""self_reported_band_group"": ""moderate"",   ""self_reported_band_interpersonal"": ""low"" }"
688a7c86a1dd4cb7a395ecd05e2c45a2ade60adce8b3ca99c24a2aa67b2bdefe__v3_public_transit,"{""gt_group_ca"":22,""gt_interpersonal_ca"":21,""gt_group_band"":""high"",""gt_interpersonal_band"":""high""}","{   ""self_reported_group_ca"": 18,   ""self_reported_interpersonal_ca"": 12,   ""self_reported_band_group"": ""moderate"",   ""self_reported_band_interpersonal"": ""low"" }"
688a7c86a1dd4cb7a395ecd05e2c45a2ade60adce8b3ca99c24a2aa67b2bdefe__v3_voice,"{""gt_group_ca"":22,""gt_interpersonal_ca"":21,""gt_group_band"":""high"",""gt_interpersonal_band"":""high""}","{   ""self_reported_group_ca"": 18,   ""self_reported_interpersonal_ca"": 12,   ""self_reported_band_group"": ""moderate"",   ""self_reported_band_interpersonal"": ""low"" }"
2c3641480e52d69b7a467cc56ebe7bfa0d373c2705995ea09320f9019b939338__demos,"{""gt_group_ca"":15,""gt_interpersonal_ca"":14,""gt_group_band"":""moderate"",""gt_interpersonal_band"":""moderate""}","{   ""self_reported_group_ca"": 18,   ""self_reported_interpersonal_ca"": 12,   ""self_reported_band_group"": ""moderate"",   ""self_reported_band_interpersonal"": ""low"" }"
2c3641480e52d69b7a467cc56ebe7bfa0d373c2705995ea09320f9019b939338__employment,"{""gt_group_ca"":15,""gt_interpersonal_ca"":14,""gt_group_band"":""moderate"",""gt_interpersonal_band"":""moderate""}","{   ""self_reported_group_ca"": 18,   ""self_reported_interpersonal_ca"": 12,   ""self_reported_band_group"": ""moderate"",   ""self_reported_band_interpersonal"": ""low"" }"
2c3641480e52d69b7a467cc56ebe7bfa0d373c2705995ea09320f9019b939338__geo,"{""gt_group_ca"":15,""gt_interpersonal_ca"":14,""gt_group_band"":""moderate"",""gt_interpersonal_band"":""moderate""}","{   ""self_reported_group_ca"": 18,   ""self_reported_interpersonal_ca"": 12,   ""self_reported_band_group"": ""moderate"",   ""self_reported_band_interpersonal"": ""low"" }"
2c3641480e52d69b7a467cc56ebe7bfa0d373c2705995ea09320f9019b939338__transit,"{""gt_group_ca"":15,""gt_interpersonal_ca"":14,""gt_group_band"":""moderate"",""gt_interpersonal_band"":""moderate""}","{   ""self_reported_group_ca"": 18,   ""self_reported_interpersonal_ca"": 12,   ""self_reported_band_group"": ""moderate"",   ""self_reported_band_interpersonal"": ""low"" }"
2c3641480e52d69b7a467cc56ebe7bfa0d373c2705995ea09320f9019b939338__full,"{""gt_group_ca"":15,""gt_interpersonal_ca"":14,""gt_group_band"":""moderate"",""gt_interpersonal_band"":""moderate""}","{   ""self_reported_group_ca"": 22,   ""self_reported_interpersonal_ca"": 18,   ""self_reported_band_group"": ""high"",   ""self_reported_band_interpersonal"": ""moderate"" }"
2c3641480e52d69b7a467cc56ebe7bfa0d373c2705995ea09320f9019b939338__v3_rideshare,"{""gt_group_ca"":15,""gt_interpersonal_ca"":14,""gt_group_band"":""moderate"",""gt_interpersonal_band"":""moderate""}","{   ""self_reported_group_ca"": 18,   ""self_reported_interpersonal_ca"": 12,   ""self_reported_band_group"": ""moderate"",   ""self_reported_band_interpersonal"": ""low"" }"
2c3641480e52d69b7a467cc56ebe7bfa0d373c2705995ea09320f9019b939338__v3_public_transit,"{""gt_group_ca"":15,""gt_interpersonal_ca"":14,""gt_group_band"":""moderate"",""gt_interpersonal_band"":""moderate""}","{   ""self_reported_group_ca"": 18,   ""self_reported_interpersonal_ca"": 12,   ""self_reported_band_group"": ""moderate"",   ""self_reported_band_interpersonal"": ""low"" }"
2c3641480e52d69b7a467cc56ebe7bfa0d373c2705995ea09320f9019b939338__v3_voice,"{""gt_group_ca"":15,""gt_interpersonal_ca"":14,""gt_group_band"":""moderate"",""gt_interpersonal_band"":""moderate""}","{   ""self_reported_group_ca"": 18,   ""self_reported_interpersonal_ca"": 12,   ""self_reported_band_group"": ""moderate"",   ""self_reported_band_interpersonal"": ""low"" }"
4f3f9396f86f2f4f82696e84877f37a55e1b58053ca9c960c088a9c74dfc7f01__demos,"{""gt_group_ca"":13,""gt_interpersonal_ca"":16,""gt_group_band"":""low"",""gt_interpersonal_band"":""moderate""}","{   ""self_reported_group_ca"": 18,   ""self_reported_interpersonal_ca"": 12,   ""self_reported_band_group"": ""moderate"",   ""self_reported_band_interpersonal"": ""low"" }"
4f3f9396f86f2f4f82696e84877f37a55e1b58053ca9c960c088a9c74dfc7f01__employment,"{""gt_group_ca"":13,""gt_interpersonal_ca"":16,""gt_group_band"":""low"",""gt_interpersonal_band"":""moderate""}","{   ""self_reported_group_ca"": 18,   ""self_reported_interpersonal_ca"": 12,   ""self_reported_band_group"": ""moderate"",   ""self_reported_band_interpersonal"": ""low"" }"
4f3f9396f86f2f4f82696e84877f37a55e1b58053ca9c960c088a9c74dfc7f01__geo,"{""gt_group_ca"":13,""gt_interpersonal_ca"":16,""gt_group_band"":""low"",""gt_interpersonal_band"":""moderate""}","{   ""self_reported_group_ca"": 18,   ""self_reported_interpersonal_ca"": 12,   ""self_reported_band_group"": ""moderate"",   ""self_reported_band_interpersonal"": ""low"" }"
4f3f9396f86f2f4f82696e84877f37a55e1b58053ca9c960c088a9c74dfc7f01__transit,"{""gt_group_ca"":13,""gt_interpersonal_ca"":16,""gt_group_band"":""low"",""gt_interpersonal_band"":""moderate""}","{   ""self_reported_group_ca"": 18,   ""self_reported_interpersonal_ca"": 12,   ""self_reported_band_group"": ""moderate"",   ""self_reported_band_interpersonal"": ""low"" }"
4f3f9396f86f2f4f82696e84877f37a55e1b58053ca9c960c088a9c74dfc7f01__full,"{""gt_group_ca"":13,""gt_interpersonal_ca"":16,""gt_group_band"":""low"",""gt_interpersonal_band"":""moderate""}","{   ""self_reported_group_ca"": 18,   ""self_reported_interpersonal_ca"": 12,   ""self_reported_band_group"": ""moderate"",   ""self_reported_band_interpersonal"": ""low"" }"
4f3f9396f86f2f4f82696e84877f37a55e1b58053ca9c960c088a9c74dfc7f01__v3_rideshare,"{""gt_group_ca"":13,""gt_interpersonal_ca"":16,""gt_group_band"":""low"",""gt_interpersonal_band"":""moderate""}","{   ""self_reported_group_ca"": 18,   ""self_reported_interpersonal_ca"": 12,   ""self_reported_band_group"": ""moderate"",   ""self_reported_band_interpersonal"": ""low"" }"
4f3f9396f86f2f4f82696e84877f37a55e1b58053ca9c960c088a9c74dfc7f01__v3_public_transit,"{""gt_group_ca"":13,""gt_interpersonal_ca"":16,""gt_group_band"":""low"",""gt_interpersonal_band"":""moderate""}","{   ""self_reported_group_ca"": 18,   ""self_reported_interpersonal_ca"": 12,   ""self_reported_band_group"": ""moderate"",   ""self_reported_band_interpersonal"": ""low"" }"
4f3f9396f86f2f4f82696e84877f37a55e1b58053ca9c960c088a9c74dfc7f01__v3_voice,"{""gt_group_ca"":13,""gt_interpersonal_ca"":16,""gt_group_band"":""low"",""gt_interpersonal_band"":""moderate""}","{   ""self_reported_group_ca"": 18,   ""self_reported_interpersonal_ca"": 12,   ""self_reported_band_group"": ""moderate"",   ""self_reported_band_interpersonal"": ""low"" }"
05da04c1267fa77f081861196acde2320c54e0af947e9c82fea64f186945a6fa__demos,"{""gt_group_ca"":13,""gt_interpersonal_ca"":13,""gt_group_band"":""low"",""gt_interpersonal_band"":""low""}","{   ""self_reported_group_ca"": 18,   ""self_reported_interpersonal_ca"": 12,   ""self_reported_band_group"": ""moderate"",   ""self_reported_band_interpersonal"": ""low"" }"
05da04c1267fa77f081861196acde2320c54e0af947e9c82fea64f186945a6fa__employment,"{""gt_group_ca"":13,""gt_interpersonal_ca"":13,""gt_group_band"":""low"",""gt_interpersonal_band"":""low""}","{   ""self_reported_group_ca"": 18,   ""self_reported_interpersonal_ca"": 12,   ""self_reported_band_group"": ""moderate"",   ""self_reported_band_interpersonal"": ""low"" }"
05da04c1267fa77f081861196acde2320c54e0af947e9c82fea64f186945a6fa__geo,"{""gt_group_ca"":13,""gt_interpersonal_ca"":13,""gt_group_band"":""low"",""gt_interpersonal_band"":""low""}","{   ""self_reported_group_ca"": 18,   ""self_reported_interpersonal_ca"": 12,   ""self_reported_band_group"": ""moderate"",   ""self_reported_band_interpersonal"": ""low"" }"
05da04c1267fa77f081861196acde2320c54e0af947e9c82fea64f186945a6fa__transit,"{""gt_group_ca"":13,""gt_interpersonal_ca"":13,""gt_group_band"":""low"",""gt_interpersonal_band"":""low""}","{   ""self_reported_group_ca"": 18,   ""self_reported_interpersonal_ca"": 12,   ""self_reported_band_group"": ""moderate"",   ""self_reported_band_interpersonal"": ""low"" }"
05da04c1267fa77f081861196acde2320c54e0af947e9c82fea64f186945a6fa__full,"{""gt_group_ca"":13,""gt_interpersonal_ca"":13,""gt_group_band"":""low"",""gt_interpersonal_band"":""low""}","{   ""self_reported_group_ca"": 18,   ""self_reported_interpersonal_ca"": 12,   ""self_reported_band_group"": ""moderate"",   ""self_reported_band_interpersonal"": ""low"" }"
05da04c1267fa77f081861196acde2320c54e0af947e9c82fea64f186945a6fa__v3_rideshare,"{""gt_group_ca"":13,""gt_interpersonal_ca"":13,""gt_group_band"":""low"",""gt_interpersonal_band"":""low""}","{   ""self_reported_group_ca"": 18,   ""self_reported_interpersonal_ca"": 12,   ""self_reported_band_group"": ""moderate"",   ""self_reported_band_interpersonal"": ""low"" }"
05da04c1267fa77f081861196acde2320c54e0af947e9c82fea64f186945a6fa__v3_public_transit,"{""gt_group_ca"":13,""gt_interpersonal_ca"":13,""gt_group_band"":""low"",""gt_interpersonal_band"":""low""}","{   ""self_reported_group_ca"": 18,   ""self_reported_interpersonal_ca"": 12,   ""self_reported_band_group"": ""moderate"",   ""self_reported_band_interpersonal"": ""low"" }"
05da04c1267fa77f081861196acde2320c54e0af947e9c82fea64f186945a6fa__v3_voice,"{""gt_group_ca"":13,""gt_interpersonal_ca"":13,""gt_group_band"":""low"",""gt_interpersonal_band"":""low""}","{   ""self_reported_group_ca"": 18,   ""self_reported_interpersonal_ca"": 12,   ""self_reported_band_group"": ""moderate"",   ""self_reported_band_interpersonal"": ""low"" }"
ed78560f3bfe4e3c285aff4252357ccbdf78cc683e334af8b0f926f190d1ddca__demos,"{""gt_group_ca"":8,""gt_interpersonal_ca"":14,""gt_group_band"":""low"",""gt_interpersonal_band"":""moderate""}","{   ""self_reported_group_ca"": 18,   ""self_reported_interpersonal_ca"": 12,   ""self_reported_band_group"": ""moderate"",   ""self_reported_band_interpersonal"": ""low"" }"
ed78560f3bfe4e3c285aff4252357ccbdf78cc683e334af8b0f926f190d1ddca__employment,"{""gt_group_ca"":8,""gt_interpersonal_ca"":14,""gt_group_band"":""low"",""gt_interpersonal_band"":""moderate""}","{   ""self_reported_group_ca"": 18,   ""self_reported_interpersonal_ca"": 12,   ""self_reported_band_group"": ""moderate"",   ""self_reported_band_interpersonal"": ""low"" }"
ed78560f3bfe4e3c285aff4252357ccbdf78cc683e334af8b0f926f190d1ddca__geo,"{""gt_group_ca"":8,""gt_interpersonal_ca"":14,""gt_group_band"":""low"",""gt_interpersonal_band"":""moderate""}","{   ""self_reported_group_ca"": 18,   ""self_reported_interpersonal_ca"": 12,   ""self_reported_band_group"": ""moderate"",   ""self_reported_band_interpersonal"": ""low"" }"
ed78560f3bfe4e3c285aff4252357ccbdf78cc683e334af8b0f926f190d1ddca__transit,"{""gt_group_ca"":8,""gt_interpersonal_ca"":14,""gt_group_band"":""low"",""gt_interpersonal_band"":""moderate""}","{   ""self_reported_group_ca"": 18,   ""self_reported_interpersonal_ca"": 12,   ""self_reported_band_group"": ""moderate"",   ""self_reported_band_interpersonal"": ""low"" }"
ed78560f3bfe4e3c285aff4252357ccbdf78cc683e334af8b0f926f190d1ddca__full,"{""gt_group_ca"":8,""gt_interpersonal_ca"":14,""gt_group_band"":""low"",""gt_interpersonal_band"":""moderate""}","{   ""self_reported_group_ca"": 18,   ""self_reported_interpersonal_ca"": 12,   ""self_reported_band_group"": ""moderate"",   ""self_reported_band_interpersonal"": ""low"" }"
ed78560f3bfe4e3c285aff4252357ccbdf78cc683e334af8b0f926f190d1ddca__v3_rideshare,"{""gt_group_ca"":8,""gt_interpersonal_ca"":14,""gt_group_band"":""low"",""gt_interpersonal_band"":""moderate""}","{   ""self_reported_group_ca"": 18,   ""self_reported_interpersonal_ca"": 12,   ""self_reported_band_group"": ""moderate"",   ""self_reported_band_interpersonal"": ""low"" }"
ed78560f3bfe4e3c285aff4252357ccbdf78cc683e334af8b0f926f190d1ddca__v3_public_transit,"{""gt_group_ca"":8,""gt_interpersonal_ca"":14,""gt_group_band"":""low"",""gt_interpersonal_band"":""moderate""}","{   ""self_reported_group_ca"": 18,   ""self_reported_interpersonal_ca"": 12,   ""self_reported_band_group"": ""moderate"",   ""self_reported_band_interpersonal"": ""low"" }"
ed78560f3bfe4e3c285aff4252357ccbdf78cc683e334af8b0f926f190d1ddca__v3_voice,"{""gt_group_ca"":8,""gt_interpersonal_ca"":14,""gt_group_band"":""low"",""gt_interpersonal_band"":""moderate""}","{   ""self_reported_group_ca"": 18,   ""self_reported_interpersonal_ca"": 12,   ""self_reported_band_group"": ""moderate"",   ""self_reported_band_interpersonal"": ""low"" }"
a510cba951280429c5ff5bc575a056bfa2cca804f777890bdd6d85cd985d6b9f__demos,"{""gt_group_ca"":11,""gt_interpersonal_ca"":12,""gt_group_band"":""low"",""gt_interpersonal_band"":""low""}","{   ""self_reported_group_ca"": 18,   ""self_reported_interpersonal_ca"": 12,   ""self_reported_band_group"": ""moderate"",   ""self_reported_band_interpersonal"": ""low"" }"
a510cba951280429c5ff5bc575a056bfa2cca804f777890bdd6d85cd985d6b9f__employment,"{""gt_group_ca"":11,""gt_interpersonal_ca"":12,""gt_group_band"":""low"",""gt_interpersonal_band"":""low""}","{   ""self_reported_group_ca"": 18,   ""self_reported_interpersonal_ca"": 12,   ""self_reported_band_group"": ""moderate"",   ""self_reported_band_interpersonal"": ""low"" }"
a510cba951280429c5ff5bc575a056bfa2cca804f777890bdd6d85cd985d6b9f__geo,"{""gt_group_ca"":11,""gt_interpersonal_ca"":12,""gt_group_band"":""low"",""gt_interpersonal_band"":""low""}","{   ""self_reported_group_ca"": 18,   ""self_reported_interpersonal_ca"": 12,   ""self_reported_band_group"": ""moderate"",   ""self_reported_band_interpersonal"": ""low"" }"
a510cba951280429c5ff5bc575a056bfa2cca804f777890bdd6d85cd985d6b9f__transit,"{""gt_group_ca"":11,""gt_interpersonal_ca"":12,""gt_group_band"":""low"",""gt_interpersonal_band"":""low""}","{   ""self_reported_group_ca"": 18,   ""self_reported_interpersonal_ca"": 12,   ""self_reported_band_group"": ""moderate"",   ""self_reported_band_interpersonal"": ""low"" }"
a510cba951280429c5ff5bc575a056bfa2cca804f777890bdd6d85cd985d6b9f__full,"{""gt_group_ca"":11,""gt_interpersonal_ca"":12,""gt_group_band"":""low"",""gt_interpersonal_band"":""low""}","{   ""self_reported_group_ca"": 18,   ""self_reported_interpersonal_ca"": 12,   ""self_reported_band_group"": ""moderate"",   ""self_reported_band_interpersonal"": ""low"" }"
a510cba951280429c5ff5bc575a056bfa2cca804f777890bdd6d85cd985d6b9f__v3_rideshare,"{""gt_group_ca"":11,""gt_interpersonal_ca"":12,""gt_group_band"":""low"",""gt_interpersonal_band"":""low""}","{   ""self_reported_group_ca"": 18,   ""self_reported_interpersonal_ca"": 12,   ""self_reported_band_group"": ""moderate"",   ""self_reported_band_interpersonal"": ""low"" }"
a510cba951280429c5ff5bc575a056bfa2cca804f777890bdd6d85cd985d6b9f__v3_public_transit,"{""gt_group_ca"":11,""gt_interpersonal_ca"":12,""gt_group_band"":""low"",""gt_interpersonal_band"":""low""}","{   ""self_reported_group_ca"": 18,   ""self_reported_interpersonal_ca"": 12,   ""self_reported_band_group"": ""moderate"",   ""self_reported_band_interpersonal"": ""low"" }"
a510cba951280429c5ff5bc575a056bfa2cca804f777890bdd6d85cd985d6b9f__v3_voice,"{""gt_group_ca"":11,""gt_interpersonal_ca"":12,""gt_group_band"":""low"",""gt_interpersonal_band"":""low""}","{   ""self_reported_group_ca"": 18,   ""self_reported_interpersonal_ca"": 12,   ""self_reported_band_group"": ""moderate"",   ""self_reported_band_interpersonal"": ""low"" }"
f4fa246669e4ceed3cab6495c86cd5552d430f7da0c09f154271de041d62f55d__demos,"{""gt_group_ca"":21,""gt_interpersonal_ca"":22,""gt_group_band"":""high"",""gt_interpersonal_band"":""high""}","{   ""self_reported_group_ca"": 18,   ""self_reported_interpersonal_ca"": 12,   ""self_reported_band_group"": ""moderate"",   ""self_reported_band_interpersonal"": ""low"" }"
f4fa246669e4ceed3cab6495c86cd5552d430f7da0c09f154271de041d62f55d__employment,"{""gt_group_ca"":21,""gt_interpersonal_ca"":22,""gt_group_band"":""high"",""gt_interpersonal_band"":""high""}","{   ""self_reported_group_ca"": 18,   ""self_reported_interpersonal_ca"": 12,   ""self_reported_band_group"": ""moderate"",   ""self_reported_band_interpersonal"": ""low"" }"
f4fa246669e4ceed3cab6495c86cd5552d430f7da0c09f154271de041d62f55d__geo,"{""gt_group_ca"":21,""gt_interpersonal_ca"":22,""gt_group_band"":""high"",""gt_interpersonal_band"":""high""}","{   ""self_reported_group_ca"": 18,   ""self_reported_interpersonal_ca"": 12,   ""self_reported_band_group"": ""moderate"",   ""self_reported_band_interpersonal"": ""low"" }"
f4fa246669e4ceed3cab6495c86cd5552d430f7da0c09f154271de041d62f55d__transit,"{""gt_group_ca"":21,""gt_interpersonal_ca"":22,""gt_group_band"":""high"",""gt_interpersonal_band"":""high""}","{   ""self_reported_group_ca"": 18,   ""self_reported_interpersonal_ca"": 12,   ""self_reported_band_group"": ""moderate"",   ""self_reported_band_interpersonal"": ""low"" }"
f4fa246669e4ceed3cab6495c86cd5552d430f7da0c09f154271de041d62f55d__full,"{""gt_group_ca"":21,""gt_interpersonal_ca"":22,""gt_group_band"":""high"",""gt_interpersonal_band"":""high""}","{   ""self_reported_group_ca"": 18,   ""self_reported_interpersonal_ca"": 12,   ""self_reported_band_group"": ""moderate"",   ""self_reported_band_interpersonal"": ""low"" }"
f4fa246669e4ceed3cab6495c86cd5552d430f7da0c09f154271de041d62f55d__v3_rideshare,"{""gt_group_ca"":21,""gt_interpersonal_ca"":22,""gt_group_band"":""high"",""gt_interpersonal_band"":""high""}","{   ""self_reported_group_ca"": 18,   ""self_reported_interpersonal_ca"": 12,   ""self_reported_band_group"": ""moderate"",   ""self_reported_band_interpersonal"": ""low"" }"
f4fa246669e4ceed3cab6495c86cd5552d430f7da0c09f154271de041d62f55d__v3_public_transit,"{""gt_group_ca"":21,""gt_interpersonal_ca"":22,""gt_group_band"":""high"",""gt_interpersonal_band"":""high""}","{   ""self_reported_group_ca"": 18,   ""self_reported_interpersonal_ca"": 12,   ""self_reported_band_group"": ""moderate"",   ""self_reported_band_interpersonal"": ""low"" }"
f4fa246669e4ceed3cab6495c86cd5552d430f7da0c09f154271de041d62f55d__v3_voice,"{""gt_group_ca"":21,""gt_interpersonal_ca"":22,""gt_group_band"":""high"",""gt_interpersonal_band"":""high""}","{   ""self_reported_group_ca"": 18,   ""self_reported_interpersonal_ca"": 12,   ""self_reported_band_group"": ""moderate"",   ""self_reported_band_interpersonal"": ""low"" }"
9c9613153824c9fc13a20cf38e7c5d900e529f9c0ff61588afec464a4d9bb7ed__demos,"{""gt_group_ca"":9,""gt_interpersonal_ca"":13,""gt_group_band"":""low"",""gt_interpersonal_band"":""low""}","{   ""self_reported_group_ca"": 18,   ""self_reported_interpersonal_ca"": 12,   ""self_reported_band_group"": ""moderate"",   ""self_reported_band_interpersonal"": ""low"" }"
9c9613153824c9fc13a20cf38e7c5d900e529f9c0ff61588afec464a4d9bb7ed__employment,"{""gt_group_ca"":9,""gt_interpersonal_ca"":13,""gt_group_band"":""low"",""gt_interpersonal_band"":""low""}","{   ""self_reported_group_ca"": 18,   ""self_reported_interpersonal_ca"": 12,   ""self_reported_band_group"": ""moderate"",   ""self_reported_band_interpersonal"": ""low"" }"
9c9613153824c9fc13a20cf38e7c5d900e529f9c0ff61588afec464a4d9bb7ed__geo,"{""gt_group_ca"":9,""gt_interpersonal_ca"":13,""gt_group_band"":""low"",""gt_interpersonal_band"":""low""}","{   ""self_reported_group_ca"": 18,   ""self_reported_interpersonal_ca"": 12,   ""self_reported_band_group"": ""moderate"",   ""self_reported_band_interpersonal"": ""low"" }"
9c9613153824c9fc13a20cf38e7c5d900e529f9c0ff61588afec464a4d9bb7ed__transit,"{""gt_group_ca"":9,""gt_interpersonal_ca"":13,""gt_group_band"":""low"",""gt_interpersonal_band"":""low""}","{   ""self_reported_group_ca"": 18,   ""self_reported_interpersonal_ca"": 12,   ""self_reported_band_group"": ""moderate"",   ""self_reported_band_interpersonal"": ""low"" }"
9c9613153824c9fc13a20cf38e7c5d900e529f9c0ff61588afec464a4d9bb7ed__full,"{""gt_group_ca"":9,""gt_interpersonal_ca"":13,""gt_group_band"":""low"",""gt_interpersonal_band"":""low""}","{   ""self_reported_group_ca"": 18,   ""self_reported_interpersonal_ca"": 12,   ""self_reported_band_group"": ""moderate"",   ""self_reported_band_interpersonal"": ""low"" }"
9c9613153824c9fc13a20cf38e7c5d900e529f9c0ff61588afec464a4d9bb7ed__v3_rideshare,"{""gt_group_ca"":9,""gt_interpersonal_ca"":13,""gt_group_band"":""low"",""gt_interpersonal_band"":""low""}","{   ""self_reported_group_ca"": 18,   ""self_reported_interpersonal_ca"": 12,   ""self_reported_band_group"": ""moderate"",   ""self_reported_band_interpersonal"": ""low"" }"
9c9613153824c9fc13a20cf38e7c5d900e529f9c0ff61588afec464a4d9bb7ed__v3_public_transit,"{""gt_group_ca"":9,""gt_interpersonal_ca"":13,""gt_group_band"":""low"",""gt_interpersonal_band"":""low""}","{   ""self_reported_group_ca"": 18,   ""self_reported_interpersonal_ca"": 12,   ""self_reported_band_group"": ""moderate"",   ""self_reported_band_interpersonal"": ""low"" }"
9c9613153824c9fc13a20cf38e7c5d900e529f9c0ff61588afec464a4d9bb7ed__v3_voice,"{""gt_group_ca"":9,""gt_interpersonal_ca"":13,""gt_group_band"":""low"",""gt_interpersonal_band"":""low""}","{   ""self_reported_group_ca"": 18,   ""self_reported_interpersonal_ca"": 12,   ""self_reported_band_group"": ""moderate"",   ""self_reported_band_interpersonal"": ""low"" }"
f3ab5b993e6b13f7723ae1194c6b9a595206edcde43b1d00ae3f3a2778e3c3d2__demos,"{""gt_group_ca"":27,""gt_interpersonal_ca"":25,""gt_group_band"":""high"",""gt_interpersonal_band"":""high""}","{   ""self_reported_group_ca"": 18,   ""self_reported_interpersonal_ca"": 12,   ""self_reported_band_group"": ""moderate"",   ""self_reported_band_interpersonal"": ""low"" }"
f3ab5b993e6b13f7723ae1194c6b9a595206edcde43b1d00ae3f3a2778e3c3d2__employment,"{""gt_group_ca"":27,""gt_interpersonal_ca"":25,""gt_group_band"":""high"",""gt_interpersonal_band"":""high""}","{   ""self_reported_group_ca"": 18,   ""self_reported_interpersonal_ca"": 12,   ""self_reported_band_group"": ""moderate"",   ""self_reported_band_interpersonal"": ""low"" }"
f3ab5b993e6b13f7723ae1194c6b9a595206edcde43b1d00ae3f3a2778e3c3d2__geo,"{""gt_group_ca"":27,""gt_interpersonal_ca"":25,""gt_group_band"":""high"",""gt_interpersonal_band"":""high""}","{   ""self_reported_group_ca"": 18,   ""self_reported_interpersonal_ca"": 12,   ""self_reported_band_group"": ""moderate"",   ""self_reported_band_interpersonal"": ""low"" }"
f3ab5b993e6b13f7723ae1194c6b9a595206edcde43b1d00ae3f3a2778e3c3d2__transit,"{""gt_group_ca"":27,""gt_interpersonal_ca"":25,""gt_group_band"":""high"",""gt_interpersonal_band"":""high""}","{   ""self_reported_group_ca"": 18,   ""self_reported_interpersonal_ca"": 12,   ""self_reported_band_group"": ""moderate"",   ""self_reported_band_interpersonal"": ""low"" }"
f3ab5b993e6b13f7723ae1194c6b9a595206edcde43b1d00ae3f3a2778e3c3d2__full,"{""gt_group_ca"":27,""gt_interpersonal_ca"":25,""gt_group_band"":""high"",""gt_interpersonal_band"":""high""}","{   ""self_reported_group_ca"": 18,   ""self_reported_interpersonal_ca"": 12,   ""self_reported_band_group"": ""moderate"",   ""self_reported_band_interpersonal"": ""low"" }"
f3ab5b993e6b13f7723ae1194c6b9a595206edcde43b1d00ae3f3a2778e3c3d2__v3_rideshare,"{""gt_group_ca"":27,""gt_interpersonal_ca"":25,""gt_group_band"":""high"",""gt_interpersonal_band"":""high""}","{   ""self_reported_group_ca"": 18,   ""self_reported_interpersonal_ca"": 12,   ""self_reported_band_group"": ""moderate"",   ""self_reported_band_interpersonal"": ""low"" }"
f3ab5b993e6b13f7723ae1194c6b9a595206edcde43b1d00ae3f3a2778e3c3d2__v3_public_transit,"{""gt_group_ca"":27,""gt_interpersonal_ca"":25,""gt_group_band"":""high"",""gt_interpersonal_band"":""high""}","{   ""self_reported_group_ca"": 18,   ""self_reported_interpersonal_ca"": 12,   ""self_reported_band_group"": ""moderate"",   ""self_reported_band_interpersonal"": ""low"" }"
f3ab5b993e6b13f7723ae1194c6b9a595206edcde43b1d00ae3f3a2778e3c3d2__v3_voice,"{""gt_group_ca"":27,""gt_interpersonal_ca"":25,""gt_group_band"":""high"",""gt_interpersonal_band"":""high""}","{   ""self_reported_group_ca"": 18,   ""self_reported_interpersonal_ca"": 12,   ""self_reported_band_group"": ""moderate"",   ""self_reported_band_interpersonal"": ""low"" }"
409b9e7d7f0811e873e77f18d4cda233b77dd1c1162fdb10d011a89fa8649a4f__demos,"{""gt_group_ca"":12,""gt_interpersonal_ca"":12,""gt_group_band"":""low"",""gt_interpersonal_band"":""low""}","{   ""self_reported_group_ca"": 18,   ""self_reported_interpersonal_ca"": 12,   ""self_reported_band_group"": ""moderate"",   ""self_reported_band_interpersonal"": ""low"" }"
409b9e7d7f0811e873e77f18d4cda233b77dd1c1162fdb10d011a89fa8649a4f__employment,"{""gt_group_ca"":12,""gt_interpersonal_ca"":12,""gt_group_band"":""low"",""gt_interpersonal_band"":""low""}","{   ""self_reported_group_ca"": 18,   ""self_reported_interpersonal_ca"": 12,   ""self_reported_band_group"": ""moderate"",   ""self_reported_band_interpersonal"": ""low"" }"
409b9e7d7f0811e873e77f18d4cda233b77dd1c1162fdb10d011a89fa8649a4f__geo,"{""gt_group_ca"":12,""gt_interpersonal_ca"":12,""gt_group_band"":""low"",""gt_interpersonal_band"":""low""}","{   ""self_reported_group_ca"": 18,   ""self_reported_interpersonal_ca"": 12,   ""self_reported_band_group"": ""moderate"",   ""self_reported_band_interpersonal"": ""low"" }"
409b9e7d7f0811e873e77f18d4cda233b77dd1c1162fdb10d011a89fa8649a4f__transit,"{""gt_group_ca"":12,""gt_interpersonal_ca"":12,""gt_group_band"":""low"",""gt_interpersonal_band"":""low""}","{   ""self_reported_group_ca"": 18,   ""self_reported_interpersonal_ca"": 12,   ""self_reported_band_group"": ""moderate"",   ""self_reported_band_interpersonal"": ""low"" }"
409b9e7d7f0811e873e77f18d4cda233b77dd1c1162fdb10d011a89fa8649a4f__full,"{""gt_group_ca"":12,""gt_interpersonal_ca"":12,""gt_group_band"":""low"",""gt_interpersonal_band"":""low""}","{   ""self_reported_group_ca"": 18,   ""self_reported_interpersonal_ca"": 12,   ""self_reported_band_group"": ""moderate"",   ""self_reported_band_interpersonal"": ""low"" }"
409b9e7d7f0811e873e77f18d4cda233b77dd1c1162fdb10d011a89fa8649a4f__v3_rideshare,"{""gt_group_ca"":12,""gt_interpersonal_ca"":12,""gt_group_band"":""low"",""gt_interpersonal_band"":""low""}","{   ""self_reported_group_ca"": 18,   ""self_reported_interpersonal_ca"": 12,   ""self_reported_band_group"": ""moderate"",   ""self_reported_band_interpersonal"": ""low"" }"
409b9e7d7f0811e873e77f18d4cda233b77dd1c1162fdb10d011a89fa8649a4f__v3_public_transit,"{""gt_group_ca"":12,""gt_interpersonal_ca"":12,""gt_group_band"":""low"",""gt_interpersonal_band"":""low""}","{   ""self_reported_group_ca"": 18,   ""self_reported_interpersonal_ca"": 12,   ""self_reported_band_group"": ""moderate"",   ""self_reported_band_interpersonal"": ""low"" }"
409b9e7d7f0811e873e77f18d4cda233b77dd1c1162fdb10d011a89fa8649a4f__v3_voice,"{""gt_group_ca"":12,""gt_interpersonal_ca"":12,""gt_group_band"":""low"",""gt_interpersonal_band"":""low""}","{   ""self_reported_group_ca"": 18,   ""self_reported_interpersonal_ca"": 12,   ""self_reported_band_group"": ""moderate"",   ""self_reported_band_interpersonal"": ""low"" }"
f04997a2270bea850911b8274f08c945a5dc586f5d0ab454a89efdffc408aeb6__demos,"{""gt_group_ca"":29,""gt_interpersonal_ca"":29,""gt_group_band"":""high"",""gt_interpersonal_band"":""high""}","{   ""self_reported_group_ca"": 18,   ""self_reported_interpersonal_ca"": 12,   ""self_reported_band_group"": ""moderate"",   ""self_reported_band_interpersonal"": ""low"" }"
f04997a2270bea850911b8274f08c945a5dc586f5d0ab454a89efdffc408aeb6__employment,"{""gt_group_ca"":29,""gt_interpersonal_ca"":29,""gt_group_band"":""high"",""gt_interpersonal_band"":""high""}","{   ""self_reported_group_ca"": 18,   ""self_reported_interpersonal_ca"": 12,   ""self_reported_band_group"": ""moderate"",   ""self_reported_band_interpersonal"": ""low"" }"
f04997a2270bea850911b8274f08c945a5dc586f5d0ab454a89efdffc408aeb6__geo,"{""gt_group_ca"":29,""gt_interpersonal_ca"":29,""gt_group_band"":""high"",""gt_interpersonal_band"":""high""}","{   ""self_reported_group_ca"": 18,   ""self_reported_interpersonal_ca"": 12,   ""self_reported_band_group"": ""moderate"",   ""self_reported_band_interpersonal"": ""low"" }"
f04997a2270bea850911b8274f08c945a5dc586f5d0ab454a89efdffc408aeb6__transit,"{""gt_group_ca"":29,""gt_interpersonal_ca"":29,""gt_group_band"":""high"",""gt_interpersonal_band"":""high""}","{   ""self_reported_group_ca"": 18,   ""self_reported_interpersonal_ca"": 12,   ""self_reported_band_group"": ""moderate"",   ""self_reported_band_interpersonal"": ""low"" }"
f04997a2270bea850911b8274f08c945a5dc586f5d0ab454a89efdffc408aeb6__full,"{""gt_group_ca"":29,""gt_interpersonal_ca"":29,""gt_group_band"":""high"",""gt_interpersonal_band"":""high""}","{   ""self_reported_group_ca"": 18,   ""self_reported_interpersonal_ca"": 12,   ""self_reported_band_group"": ""moderate"",   ""self_reported_band_interpersonal"": ""low"" }"
f04997a2270bea850911b8274f08c945a5dc586f5d0ab454a89efdffc408aeb6__v3_rideshare,"{""gt_group_ca"":29,""gt_interpersonal_ca"":29,""gt_group_band"":""high"",""gt_interpersonal_band"":""high""}","{   ""self_reported_group_ca"": 18,   ""self_reported_interpersonal_ca"": 12,   ""self_reported_band_group"": ""moderate"",   ""self_reported_band_interpersonal"": ""low"" }"
f04997a2270bea850911b8274f08c945a5dc586f5d0ab454a89efdffc408aeb6__v3_public_transit,"{""gt_group_ca"":29,""gt_interpersonal_ca"":29,""gt_group_band"":""high"",""gt_interpersonal_band"":""high""}","{   ""self_reported_group_ca"": 18,   ""self_reported_interpersonal_ca"": 12,   ""self_reported_band_group"": ""moderate"",   ""self_reported_band_interpersonal"": ""low"" }"
f04997a2270bea850911b8274f08c945a5dc586f5d0ab454a89efdffc408aeb6__v3_voice,"{""gt_group_ca"":29,""gt_interpersonal_ca"":29,""gt_group_band"":""high"",""gt_interpersonal_band"":""high""}","{   ""self_reported_group_ca"": 18,   ""self_reported_interpersonal_ca"": 12,   ""self_reported_band_group"": ""moderate"",   ""self_reported_band_interpersonal"": ""low"" }"
f2ffbd64a7322a79869d9f06d634c07b812fcf49301f39dbb690062728c60099__demos,"{""gt_group_ca"":10,""gt_interpersonal_ca"":11,""gt_group_band"":""low"",""gt_interpersonal_band"":""low""}","{   ""self_reported_group_ca"": 18,   ""self_reported_interpersonal_ca"": 12,   ""self_reported_band_group"": ""moderate"",   ""self_reported_band_interpersonal"": ""low"" }"
f2ffbd64a7322a79869d9f06d634c07b812fcf49301f39dbb690062728c60099__employment,"{""gt_group_ca"":10,""gt_interpersonal_ca"":11,""gt_group_band"":""low"",""gt_interpersonal_band"":""low""}","{   ""self_reported_group_ca"": 18,   ""self_reported_interpersonal_ca"": 12,   ""self_reported_band_group"": ""moderate"",   ""self_reported_band_interpersonal"": ""low"" }"
f2ffbd64a7322a79869d9f06d634c07b812fcf49301f39dbb690062728c60099__geo,"{""gt_group_ca"":10,""gt_interpersonal_ca"":11,""gt_group_band"":""low"",""gt_interpersonal_band"":""low""}","{   ""self_reported_group_ca"": 18,   ""self_reported_interpersonal_ca"": 12,   ""self_reported_band_group"": ""moderate"",   ""self_reported_band_interpersonal"": ""low"" }"
f2ffbd64a7322a79869d9f06d634c07b812fcf49301f39dbb690062728c60099__transit,"{""gt_group_ca"":10,""gt_interpersonal_ca"":11,""gt_group_band"":""low"",""gt_interpersonal_band"":""low""}","{   ""self_reported_group_ca"": 18,   ""self_reported_interpersonal_ca"": 12,   ""self_reported_band_group"": ""moderate"",   ""self_reported_band_interpersonal"": ""low"" }"
f2ffbd64a7322a79869d9f06d634c07b812fcf49301f39dbb690062728c60099__full,"{""gt_group_ca"":10,""gt_interpersonal_ca"":11,""gt_group_band"":""low"",""gt_interpersonal_band"":""low""}","{   ""self_reported_group_ca"": 18,   ""self_reported_interpersonal_ca"": 12,   ""self_reported_band_group"": ""moderate"",   ""self_reported_band_interpersonal"": ""low"" }"
f2ffbd64a7322a79869d9f06d634c07b812fcf49301f39dbb690062728c60099__v3_rideshare,"{""gt_group_ca"":10,""gt_interpersonal_ca"":11,""gt_group_band"":""low"",""gt_interpersonal_band"":""low""}","{   ""self_reported_group_ca"": 18,   ""self_reported_interpersonal_ca"": 12,   ""self_reported_band_group"": ""moderate"",   ""self_reported_band_interpersonal"": ""low"" }"
f2ffbd64a7322a79869d9f06d634c07b812fcf49301f39dbb690062728c60099__v3_public_transit,"{""gt_group_ca"":10,""gt_interpersonal_ca"":11,""gt_group_band"":""low"",""gt_interpersonal_band"":""low""}","{   ""self_reported_group_ca"": 18,   ""self_reported_interpersonal_ca"": 12,   ""self_reported_band_group"": ""moderate"",   ""self_reported_band_interpersonal"": ""low"" }"
f2ffbd64a7322a79869d9f06d634c07b812fcf49301f39dbb690062728c60099__v3_voice,"{""gt_group_ca"":10,""gt_interpersonal_ca"":11,""gt_group_band"":""low"",""gt_interpersonal_band"":""low""}","{   ""self_reported_group_ca"": 18,   ""self_reported_interpersonal_ca"": 12,   ""self_reported_band_group"": ""moderate"",   ""self_reported_band_interpersonal"": ""low"" }"
5565f3acc7109a62e9868e3204ddd5477e6b2298571751b82a901e72f9eab5c5__demos,"{""gt_group_ca"":12,""gt_interpersonal_ca"":12,""gt_group_band"":""low"",""gt_interpersonal_band"":""low""}","{   ""self_reported_group_ca"": 18,   ""self_reported_interpersonal_ca"": 12,   ""self_reported_band_group"": ""moderate"",   ""self_reported_band_interpersonal"": ""low"" }"
5565f3acc7109a62e9868e3204ddd5477e6b2298571751b82a901e72f9eab5c5__employment,"{""gt_group_ca"":12,""gt_interpersonal_ca"":12,""gt_group_band"":""low"",""gt_interpersonal_band"":""low""}","{   ""self_reported_group_ca"": 18,   ""self_reported_interpersonal_ca"": 12,   ""self_reported_band_group"": ""moderate"",   ""self_reported_band_interpersonal"": ""low"" }"
5565f3acc7109a62e9868e3204ddd5477e6b2298571751b82a901e72f9eab5c5__geo,"{""gt_group_ca"":12,""gt_interpersonal_ca"":12,""gt_group_band"":""low"",""gt_interpersonal_band"":""low""}","{   ""self_reported_group_ca"": 18,   ""self_reported_interpersonal_ca"": 12,   ""self_reported_band_group"": ""moderate"",   ""self_reported_band_interpersonal"": ""low"" }"
5565f3acc7109a62e9868e3204ddd5477e6b2298571751b82a901e72f9eab5c5__transit,"{""gt_group_ca"":12,""gt_interpersonal_ca"":12,""gt_group_band"":""low"",""gt_interpersonal_band"":""low""}","{   ""self_reported_group_ca"": 18,   ""self_reported_interpersonal_ca"": 12,   ""self_reported_band_group"": ""moderate"",   ""self_reported_band_interpersonal"": ""low"" }"
5565f3acc7109a62e9868e3204ddd5477e6b2298571751b82a901e72f9eab5c5__full,"{""gt_group_ca"":12,""gt_interpersonal_ca"":12,""gt_group_band"":""low"",""gt_interpersonal_band"":""low""}","{   ""self_reported_group_ca"": 18,   ""self_reported_interpersonal_ca"": 12,   ""self_reported_band_group"": ""moderate"",   ""self_reported_band_interpersonal"": ""low"" }"
5565f3acc7109a62e9868e3204ddd5477e6b2298571751b82a901e72f9eab5c5__v3_rideshare,"{""gt_group_ca"":12,""gt_interpersonal_ca"":12,""gt_group_band"":""low"",""gt_interpersonal_band"":""low""}","{   ""self_reported_group_ca"": 18,   ""self_reported_interpersonal_ca"": 12,   ""self_reported_band_group"": ""moderate"",   ""self_reported_band_interpersonal"": ""low"" }"
5565f3acc7109a62e9868e3204ddd5477e6b2298571751b82a901e72f9eab5c5__v3_public_transit,"{""gt_group_ca"":12,""gt_interpersonal_ca"":12,""gt_group_band"":""low"",""gt_interpersonal_band"":""low""}","{   ""self_reported_group_ca"": 18,   ""self_reported_interpersonal_ca"": 12,   ""self_reported_band_group"": ""moderate"",   ""self_reported_band_interpersonal"": ""low"" }"
5565f3acc7109a62e9868e3204ddd5477e6b2298571751b82a901e72f9eab5c5__v3_voice,"{""gt_group_ca"":12,""gt_interpersonal_ca"":12,""gt_group_band"":""low"",""gt_interpersonal_band"":""low""}","{   ""self_reported_group_ca"": 18,   ""self_reported_interpersonal_ca"": 12,   ""self_reported_band_group"": ""moderate"",   ""self_reported_band_interpersonal"": ""low"" }"
7d67595dafd055a5c675a1e71babbc1ff7903d5d45c0ffb32df228c012565f00__demos,"{""gt_group_ca"":22,""gt_interpersonal_ca"":25,""gt_group_band"":""high"",""gt_interpersonal_band"":""high""}","{   ""self_reported_group_ca"": 22,   ""self_reported_interpersonal_ca"": 18,   ""self_reported_band_group"": ""high"",   ""self_reported_band_interpersonal"": ""moderate"" }"
7d67595dafd055a5c675a1e71babbc1ff7903d5d45c0ffb32df228c012565f00__employment,"{""gt_group_ca"":22,""gt_interpersonal_ca"":25,""gt_group_band"":""high"",""gt_interpersonal_band"":""high""}","{   ""self_reported_group_ca"": 22,   ""self_reported_interpersonal_ca"": 18,   ""self_reported_band_group"": ""high"",   ""self_reported_band_interpersonal"": ""moderate"" }"
7d67595dafd055a5c675a1e71babbc1ff7903d5d45c0ffb32df228c012565f00__geo,"{""gt_group_ca"":22,""gt_interpersonal_ca"":25,""gt_group_band"":""high"",""gt_interpersonal_band"":""high""}","{   ""self_reported_group_ca"": 18,   ""self_reported_interpersonal_ca"": 12,   ""self_reported_band_group"": ""moderate"",   ""self_reported_band_interpersonal"": ""low"" }"
7d67595dafd055a5c675a1e71babbc1ff7903d5d45c0ffb32df228c012565f00__transit,"{""gt_group_ca"":22,""gt_interpersonal_ca"":25,""gt_group_band"":""high"",""gt_interpersonal_band"":""high""}","{   ""self_reported_group_ca"": 22,   ""self_reported_interpersonal_ca"": 18,   ""self_reported_band_group"": ""high"",   ""self_reported_band_interpersonal"": ""moderate"" }"
7d67595dafd055a5c675a1e71babbc1ff7903d5d45c0ffb32df228c012565f00__full,"{""gt_group_ca"":22,""gt_interpersonal_ca"":25,""gt_group_band"":""high"",""gt_interpersonal_band"":""high""}","{   ""self_reported_group_ca"": 18,   ""self_reported_interpersonal_ca"": 12,   ""self_reported_band_group"": ""moderate"",   ""self_reported_band_interpersonal"": ""low"" }"
7d67595dafd055a5c675a1e71babbc1ff7903d5d45c0ffb32df228c012565f00__v3_rideshare,"{""gt_group_ca"":22,""gt_interpersonal_ca"":25,""gt_group_band"":""high"",""gt_interpersonal_band"":""high""}","{   ""self_reported_group_ca"": 18,   ""self_reported_interpersonal_ca"": 12,   ""self_reported_band_group"": ""moderate"",   ""self_reported_band_interpersonal"": ""low"" }"
7d67595dafd055a5c675a1e71babbc1ff7903d5d45c0ffb32df228c012565f00__v3_public_transit,"{""gt_group_ca"":22,""gt_interpersonal_ca"":25,""gt_group_band"":""high"",""gt_interpersonal_band"":""high""}","{   ""self_reported_group_ca"": 18,   ""self_reported_interpersonal_ca"": 12,   ""self_reported_band_group"": ""moderate"",   ""self_reported_band_interpersonal"": ""low"" }"
7d67595dafd055a5c675a1e71babbc1ff7903d5d45c0ffb32df228c012565f00__v3_voice,"{""gt_group_ca"":22,""gt_interpersonal_ca"":25,""gt_group_band"":""high"",""gt_interpersonal_band"":""high""}","{   ""self_reported_group_ca"": 18,   ""self_reported_interpersonal_ca"": 12,   ""self_reported_band_group"": ""moderate"",   ""self_reported_band_interpersonal"": ""low"" }"
726abe65c68bea0de944771cc7a2a6c099b2c3f93ebfdf152b1ad56104d875ed__demos,"{""gt_group_ca"":12,""gt_interpersonal_ca"":9,""gt_group_band"":""low"",""gt_interpersonal_band"":""low""}","{   ""self_reported_group_ca"": 18,   ""self_reported_interpersonal_ca"": 12,   ""self_reported_band_group"": ""moderate"",   ""self_reported_band_interpersonal"": ""low"" }"
726abe65c68bea0de944771cc7a2a6c099b2c3f93ebfdf152b1ad56104d875ed__employment,"{""gt_group_ca"":12,""gt_interpersonal_ca"":9,""gt_group_band"":""low"",""gt_interpersonal_band"":""low""}","{   ""self_reported_group_ca"": 18,   ""self_reported_interpersonal_ca"": 12,   ""self_reported_band_group"": ""moderate"",   ""self_reported_band_interpersonal"": ""low"" }"
726abe65c68bea0de944771cc7a2a6c099b2c3f93ebfdf152b1ad56104d875ed__geo,"{""gt_group_ca"":12,""gt_interpersonal_ca"":9,""gt_group_band"":""low"",""gt_interpersonal_band"":""low""}","{   ""self_reported_group_ca"": 18,   ""self_reported_interpersonal_ca"": 12,   ""self_reported_band_group"": ""moderate"",   ""self_reported_band_interpersonal"": ""low"" }"
726abe65c68bea0de944771cc7a2a6c099b2c3f93ebfdf152b1ad56104d875ed__transit,"{""gt_group_ca"":12,""gt_interpersonal_ca"":9,""gt_group_band"":""low"",""gt_interpersonal_band"":""low""}","{   ""self_reported_group_ca"": 18,   ""self_reported_interpersonal_ca"": 12,   ""self_reported_band_group"": ""moderate"",   ""self_reported_band_interpersonal"": ""low"" }"
726abe65c68bea0de944771cc7a2a6c099b2c3f93ebfdf152b1ad56104d875ed__full,"{""gt_group_ca"":12,""gt_interpersonal_ca"":9,""gt_group_band"":""low"",""gt_interpersonal_band"":""low""}","{   ""self_reported_group_ca"": 18,   ""self_reported_interpersonal_ca"": 12,   ""self_reported_band_group"": ""moderate"",   ""self_reported_band_interpersonal"": ""low"" }"
726abe65c68bea0de944771cc7a2a6c099b2c3f93ebfdf152b1ad56104d875ed__v3_rideshare,"{""gt_group_ca"":12,""gt_interpersonal_ca"":9,""gt_group_band"":""low"",""gt_interpersonal_band"":""low""}","{   ""self_reported_group_ca"": 18,   ""self_reported_interpersonal_ca"": 12,   ""self_reported_band_group"": ""moderate"",   ""self_reported_band_interpersonal"": ""low"" }"
726abe65c68bea0de944771cc7a2a6c099b2c3f93ebfdf152b1ad56104d875ed__v3_public_transit,"{""gt_group_ca"":12,""gt_interpersonal_ca"":9,""gt_group_band"":""low"",""gt_interpersonal_band"":""low""}","{   ""self_reported_group_ca"": 18,   ""self_reported_interpersonal_ca"": 12,   ""self_reported_band_group"": ""moderate"",   ""self_reported_band_interpersonal"": ""low"" }"
726abe65c68bea0de944771cc7a2a6c099b2c3f93ebfdf152b1ad56104d875ed__v3_voice,"{""gt_group_ca"":12,""gt_interpersonal_ca"":9,""gt_group_band"":""low"",""gt_interpersonal_band"":""low""}","{   ""self_reported_group_ca"": 18,   ""self_reported_interpersonal_ca"": 12,   ""self_reported_band_group"": ""moderate"",   ""self_reported_band_interpersonal"": ""low"" }"
c56a08b32398a2374e9c5e82c2d9dae2a8846b7818616ea7aa1fa0a63065f399__demos,"{""gt_group_ca"":13,""gt_interpersonal_ca"":9,""gt_group_band"":""low"",""gt_interpersonal_band"":""low""}","{   ""self_reported_group_ca"": 18,   ""self_reported_interpersonal_ca"": 12,   ""self_reported_band_group"": ""moderate"",   ""self_reported_band_interpersonal"": ""low"" }"
c56a08b32398a2374e9c5e82c2d9dae2a8846b7818616ea7aa1fa0a63065f399__employment,"{""gt_group_ca"":13,""gt_interpersonal_ca"":9,""gt_group_band"":""low"",""gt_interpersonal_band"":""low""}","{   ""self_reported_group_ca"": 18,   ""self_reported_interpersonal_ca"": 12,   ""self_reported_band_group"": ""moderate"",   ""self_reported_band_interpersonal"": ""low"" }"
c56a08b32398a2374e9c5e82c2d9dae2a8846b7818616ea7aa1fa0a63065f399__geo,"{""gt_group_ca"":13,""gt_interpersonal_ca"":9,""gt_group_band"":""low"",""gt_interpersonal_band"":""low""}","{   ""self_reported_group_ca"": 18,   ""self_reported_interpersonal_ca"": 12,   ""self_reported_band_group"": ""moderate"",   ""self_reported_band_interpersonal"": ""low"" }"
c56a08b32398a2374e9c5e82c2d9dae2a8846b7818616ea7aa1fa0a63065f399__transit,"{""gt_group_ca"":13,""gt_interpersonal_ca"":9,""gt_group_band"":""low"",""gt_interpersonal_band"":""low""}","{   ""self_reported_group_ca"": 18,   ""self_reported_interpersonal_ca"": 12,   ""self_reported_band_group"": ""moderate"",   ""self_reported_band_interpersonal"": ""low"" }"
c56a08b32398a2374e9c5e82c2d9dae2a8846b7818616ea7aa1fa0a63065f399__full,"{""gt_group_ca"":13,""gt_interpersonal_ca"":9,""gt_group_band"":""low"",""gt_interpersonal_band"":""low""}","{   ""self_reported_group_ca"": 18,   ""self_reported_interpersonal_ca"": 12,   ""self_reported_band_group"": ""moderate"",   ""self_reported_band_interpersonal"": ""low"" }"
c56a08b32398a2374e9c5e82c2d9dae2a8846b7818616ea7aa1fa0a63065f399__v3_rideshare,"{""gt_group_ca"":13,""gt_interpersonal_ca"":9,""gt_group_band"":""low"",""gt_interpersonal_band"":""low""}","{   ""self_reported_group_ca"": 18,   ""self_reported_interpersonal_ca"": 12,   ""self_reported_band_group"": ""moderate"",   ""self_reported_band_interpersonal"": ""low"" }"
c56a08b32398a2374e9c5e82c2d9dae2a8846b7818616ea7aa1fa0a63065f399__v3_public_transit,"{""gt_group_ca"":13,""gt_interpersonal_ca"":9,""gt_group_band"":""low"",""gt_interpersonal_band"":""low""}","{   ""self_reported_group_ca"": 18,   ""self_reported_interpersonal_ca"": 12,   ""self_reported_band_group"": ""moderate"",   ""self_reported_band_interpersonal"": ""low"" }"
c56a08b32398a2374e9c5e82c2d9dae2a8846b7818616ea7aa1fa0a63065f399__v3_voice,"{""gt_group_ca"":13,""gt_interpersonal_ca"":9,""gt_group_band"":""low"",""gt_interpersonal_band"":""low""}","{   ""self_reported_group_ca"": 18,   ""self_reported_interpersonal_ca"": 12,   ""self_reported_band_group"": ""moderate"",   ""self_reported_band_interpersonal"": ""low"" }"
6caf5ef75550ac72a08b5c69aab9659e5daa9b61c8f5a4a47627ef8630dced38__demos,"{""gt_group_ca"":11,""gt_interpersonal_ca"":12,""gt_group_band"":""low"",""gt_interpersonal_band"":""low""}","{   ""self_reported_group_ca"": 18,   ""self_reported_interpersonal_ca"": 12,   ""self_reported_band_group"": ""moderate"",   ""self_reported_band_interpersonal"": ""low"" }"
6caf5ef75550ac72a08b5c69aab9659e5daa9b61c8f5a4a47627ef8630dced38__employment,"{""gt_group_ca"":11,""gt_interpersonal_ca"":12,""gt_group_band"":""low"",""gt_interpersonal_band"":""low""}","{   ""self_reported_group_ca"": 18,   ""self_reported_interpersonal_ca"": 12,   ""self_reported_band_group"": ""moderate"",   ""self_reported_band_interpersonal"": ""low"" }"
6caf5ef75550ac72a08b5c69aab9659e5daa9b61c8f5a4a47627ef8630dced38__geo,"{""gt_group_ca"":11,""gt_interpersonal_ca"":12,""gt_group_band"":""low"",""gt_interpersonal_band"":""low""}","{   ""self_reported_group_ca"": 18,   ""self_reported_interpersonal_ca"": 12,   ""self_reported_band_group"": ""moderate"",   ""self_reported_band_interpersonal"": ""low"" }"
6caf5ef75550ac72a08b5c69aab9659e5daa9b61c8f5a4a47627ef8630dced38__transit,"{""gt_group_ca"":11,""gt_interpersonal_ca"":12,""gt_group_band"":""low"",""gt_interpersonal_band"":""low""}","{   ""self_reported_group_ca"": 18,   ""self_reported_interpersonal_ca"": 12,   ""self_reported_band_group"": ""moderate"",   ""self_reported_band_interpersonal"": ""low"" }"
6caf5ef75550ac72a08b5c69aab9659e5daa9b61c8f5a4a47627ef8630dced38__full,"{""gt_group_ca"":11,""gt_interpersonal_ca"":12,""gt_group_band"":""low"",""gt_interpersonal_band"":""low""}","{   ""self_reported_group_ca"": 18,   ""self_reported_interpersonal_ca"": 12,   ""self_reported_band_group"": ""moderate"",   ""self_reported_band_interpersonal"": ""low"" }"
6caf5ef75550ac72a08b5c69aab9659e5daa9b61c8f5a4a47627ef8630dced38__v3_rideshare,"{""gt_group_ca"":11,""gt_interpersonal_ca"":12,""gt_group_band"":""low"",""gt_interpersonal_band"":""low""}","{   ""self_reported_group_ca"": 18,   ""self_reported_interpersonal_ca"": 12,   ""self_reported_band_group"": ""moderate"",   ""self_reported_band_interpersonal"": ""low"" }"
6caf5ef75550ac72a08b5c69aab9659e5daa9b61c8f5a4a47627ef8630dced38__v3_public_transit,"{""gt_group_ca"":11,""gt_interpersonal_ca"":12,""gt_group_band"":""low"",""gt_interpersonal_band"":""low""}","{   ""self_reported_group_ca"": 18,   ""self_reported_interpersonal_ca"": 12,   ""self_reported_band_group"": ""moderate"",   ""self_reported_band_interpersonal"": ""low"" }"
6caf5ef75550ac72a08b5c69aab9659e5daa9b61c8f5a4a47627ef8630dced38__v3_voice,"{""gt_group_ca"":11,""gt_interpersonal_ca"":12,""gt_group_band"":""low"",""gt_interpersonal_band"":""low""}","{   ""self_reported_group_ca"": 18,   ""self_reported_interpersonal_ca"": 12,   ""self_reported_band_group"": ""moderate"",   ""self_reported_band_interpersonal"": ""low"" }"
224b97805cddd3ea62349441947e31b97c6c68c8d57451c05fe6f48dd36feac7__demos,"{""gt_group_ca"":17,""gt_interpersonal_ca"":17,""gt_group_band"":""moderate"",""gt_interpersonal_band"":""moderate""}","{   ""self_reported_group_ca"": 18,   ""self_reported_interpersonal_ca"": 12,   ""self_reported_band_group"": ""moderate"",   ""self_reported_band_interpersonal"": ""low"" }"
224b97805cddd3ea62349441947e31b97c6c68c8d57451c05fe6f48dd36feac7__employment,"{""gt_group_ca"":17,""gt_interpersonal_ca"":17,""gt_group_band"":""moderate"",""gt_interpersonal_band"":""moderate""}","{   ""self_reported_group_ca"": 18,   ""self_reported_interpersonal_ca"": 12,   ""self_reported_band_group"": ""moderate"",   ""self_reported_band_interpersonal"": ""low"" }"
224b97805cddd3ea62349441947e31b97c6c68c8d57451c05fe6f48dd36feac7__geo,"{""gt_group_ca"":17,""gt_interpersonal_ca"":17,""gt_group_band"":""moderate"",""gt_interpersonal_band"":""moderate""}","{   ""self_reported_group_ca"": 18,   ""self_reported_interpersonal_ca"": 12,   ""self_reported_band_group"": ""moderate"",   ""self_reported_band_interpersonal"": ""low"" }"
224b97805cddd3ea62349441947e31b97c6c68c8d57451c05fe6f48dd36feac7__transit,"{""gt_group_ca"":17,""gt_interpersonal_ca"":17,""gt_group_band"":""moderate"",""gt_interpersonal_band"":""moderate""}","{   ""self_reported_group_ca"": 18,   ""self_reported_interpersonal_ca"": 12,   ""self_reported_band_group"": ""moderate"",   ""self_reported_band_interpersonal"": ""low"" }"
224b97805cddd3ea62349441947e31b97c6c68c8d57451c05fe6f48dd36feac7__full,"{""gt_group_ca"":17,""gt_interpersonal_ca"":17,""gt_group_band"":""moderate"",""gt_interpersonal_band"":""moderate""}","{   ""self_reported_group_ca"": 18,   ""self_reported_interpersonal_ca"": 10,   ""self_reported_band_group"": ""moderate"",   ""self_reported_band_interpersonal"": ""low"" }"
224b97805cddd3ea62349441947e31b97c6c68c8d57451c05fe6f48dd36feac7__v3_rideshare,"{""gt_group_ca"":17,""gt_interpersonal_ca"":17,""gt_group_band"":""moderate"",""gt_interpersonal_band"":""moderate""}","{   ""self_reported_group_ca"": 18,   ""self_reported_interpersonal_ca"": 12,   ""self_reported_band_group"": ""moderate"",   ""self_reported_band_interpersonal"": ""low"" }"
224b97805cddd3ea62349441947e31b97c6c68c8d57451c05fe6f48dd36feac7__v3_public_transit,"{""gt_group_ca"":17,""gt_interpersonal_ca"":17,""gt_group_band"":""moderate"",""gt_interpersonal_band"":""moderate""}","{   ""self_reported_group_ca"": 18,   ""self_reported_interpersonal_ca"": 12,   ""self_reported_band_group"": ""moderate"",   ""self_reported_band_interpersonal"": ""low"" }"
224b97805cddd3ea62349441947e31b97c6c68c8d57451c05fe6f48dd36feac7__v3_voice,"{""gt_group_ca"":17,""gt_interpersonal_ca"":17,""gt_group_band"":""moderate"",""gt_interpersonal_band"":""moderate""}","{   ""self_reported_group_ca"": 10,   ""self_reported_interpersonal_ca"": 8,   ""self_reported_band_group"": ""low"",   ""self_reported_band_interpersonal"": ""low"" }"
9ada2b224a90dbb8ae434399155a48d5c721679bd065ae73274847e026ab7267__demos,"{""gt_group_ca"":30,""gt_interpersonal_ca"":26,""gt_group_band"":""high"",""gt_interpersonal_band"":""high""}","{   ""self_reported_group_ca"": 18,   ""self_reported_interpersonal_ca"": 12,   ""self_reported_band_group"": ""moderate"",   ""self_reported_band_interpersonal"": ""low"" }"
9ada2b224a90dbb8ae434399155a48d5c721679bd065ae73274847e026ab7267__employment,"{""gt_group_ca"":30,""gt_interpersonal_ca"":26,""gt_group_band"":""high"",""gt_interpersonal_band"":""high""}","{   ""self_reported_group_ca"": 18,   ""self_reported_interpersonal_ca"": 12,   ""self_reported_band_group"": ""moderate"",   ""self_reported_band_interpersonal"": ""low"" }"
9ada2b224a90dbb8ae434399155a48d5c721679bd065ae73274847e026ab7267__geo,"{""gt_group_ca"":30,""gt_interpersonal_ca"":26,""gt_group_band"":""high"",""gt_interpersonal_band"":""high""}","{   ""self_reported_group_ca"": 18,   ""self_reported_interpersonal_ca"": 12,   ""self_reported_band_group"": ""moderate"",   ""self_reported_band_interpersonal"": ""low"" }"
9ada2b224a90dbb8ae434399155a48d5c721679bd065ae73274847e026ab7267__transit,"{""gt_group_ca"":30,""gt_interpersonal_ca"":26,""gt_group_band"":""high"",""gt_interpersonal_band"":""high""}","{   ""self_reported_group_ca"": 18,   ""self_reported_interpersonal_ca"": 12,   ""self_reported_band_group"": ""moderate"",   ""self_reported_band_interpersonal"": ""low"" }"
9ada2b224a90dbb8ae434399155a48d5c721679bd065ae73274847e026ab7267__full,"{""gt_group_ca"":30,""gt_interpersonal_ca"":26,""gt_group_band"":""high"",""gt_interpersonal_band"":""high""}","{   ""self_reported_group_ca"": 18,   ""self_reported_interpersonal_ca"": 12,   ""self_reported_band_group"": ""moderate"",   ""self_reported_band_interpersonal"": ""low"" }"
9ada2b224a90dbb8ae434399155a48d5c721679bd065ae73274847e026ab7267__v3_rideshare,"{""gt_group_ca"":30,""gt_interpersonal_ca"":26,""gt_group_band"":""high"",""gt_interpersonal_band"":""high""}","{   ""self_reported_group_ca"": 18,   ""self_reported_interpersonal_ca"": 12,   ""self_reported_band_group"": ""moderate"",   ""self_reported_band_interpersonal"": ""low"" }"
9ada2b224a90dbb8ae434399155a48d5c721679bd065ae73274847e026ab7267__v3_public_transit,"{""gt_group_ca"":30,""gt_interpersonal_ca"":26,""gt_group_band"":""high"",""gt_interpersonal_band"":""high""}","{   ""self_reported_group_ca"": 18,   ""self_reported_interpersonal_ca"": 12,   ""self_reported_band_group"": ""moderate"",   ""self_reported_band_interpersonal"": ""low"" }"
9ada2b224a90dbb8ae434399155a48d5c721679bd065ae73274847e026ab7267__v3_voice,"{""gt_group_ca"":30,""gt_interpersonal_ca"":26,""gt_group_band"":""high"",""gt_interpersonal_band"":""high""}","{   ""self_reported_group_ca"": 18,   ""self_reported_interpersonal_ca"": 12,   ""self_reported_band_group"": ""moderate"",   ""self_reported_band_interpersonal"": ""low"" }"
35318e96d9b881e070c4e3197b0078f084d77f314e457e48d4a138467510c821__demos,"{""gt_group_ca"":15,""gt_interpersonal_ca"":14,""gt_group_band"":""moderate"",""gt_interpersonal_band"":""moderate""}","{   ""self_reported_group_ca"": 18,   ""self_reported_interpersonal_ca"": 12,   ""self_reported_band_group"": ""moderate"",   ""self_reported_band_interpersonal"": ""low"" }"
35318e96d9b881e070c4e3197b0078f084d77f314e457e48d4a138467510c821__employment,"{""gt_group_ca"":15,""gt_interpersonal_ca"":14,""gt_group_band"":""moderate"",""gt_interpersonal_band"":""moderate""}","{   ""self_reported_group_ca"": 18,   ""self_reported_interpersonal_ca"": 12,   ""self_reported_band_group"": ""moderate"",   ""self_reported_band_interpersonal"": ""low"" }"
35318e96d9b881e070c4e3197b0078f084d77f314e457e48d4a138467510c821__geo,"{""gt_group_ca"":15,""gt_interpersonal_ca"":14,""gt_group_band"":""moderate"",""gt_interpersonal_band"":""moderate""}","{   ""self_reported_group_ca"": 18,   ""self_reported_interpersonal_ca"": 12,   ""self_reported_band_group"": ""moderate"",   ""self_reported_band_interpersonal"": ""low"" }"
35318e96d9b881e070c4e3197b0078f084d77f314e457e48d4a138467510c821__transit,"{""gt_group_ca"":15,""gt_interpersonal_ca"":14,""gt_group_band"":""moderate"",""gt_interpersonal_band"":""moderate""}","{   ""self_reported_group_ca"": 18,   ""self_reported_interpersonal_ca"": 12,   ""self_reported_band_group"": ""moderate"",   ""self_reported_band_interpersonal"": ""low"" }"
35318e96d9b881e070c4e3197b0078f084d77f314e457e48d4a138467510c821__full,"{""gt_group_ca"":15,""gt_interpersonal_ca"":14,""gt_group_band"":""moderate"",""gt_interpersonal_band"":""moderate""}","{   ""self_reported_group_ca"": 18,   ""self_reported_interpersonal_ca"": 12,   ""self_reported_band_group"": ""moderate"",   ""self_reported_band_interpersonal"": ""low"" }"
35318e96d9b881e070c4e3197b0078f084d77f314e457e48d4a138467510c821__v3_rideshare,"{""gt_group_ca"":15,""gt_interpersonal_ca"":14,""gt_group_band"":""moderate"",""gt_interpersonal_band"":""moderate""}","{   ""self_reported_group_ca"": 18,   ""self_reported_interpersonal_ca"": 12,   ""self_reported_band_group"": ""moderate"",   ""self_reported_band_interpersonal"": ""low"" }"
35318e96d9b881e070c4e3197b0078f084d77f314e457e48d4a138467510c821__v3_public_transit,"{""gt_group_ca"":15,""gt_interpersonal_ca"":14,""gt_group_band"":""moderate"",""gt_interpersonal_band"":""moderate""}","{   ""self_reported_group_ca"": 18,   ""self_reported_interpersonal_ca"": 12,   ""self_reported_band_group"": ""moderate"",   ""self_reported_band_interpersonal"": ""low"" }"
35318e96d9b881e070c4e3197b0078f084d77f314e457e48d4a138467510c821__v3_voice,"{""gt_group_ca"":15,""gt_interpersonal_ca"":14,""gt_group_band"":""moderate"",""gt_interpersonal_band"":""moderate""}","{   ""self_reported_group_ca"": 18,   ""self_reported_interpersonal_ca"": 12,   ""self_reported_band_group"": ""moderate"",   ""self_reported_band_interpersonal"": ""low"" }"
5dcb913ef602a61446ee04e04fc6db188af5a2dfcaaf3abd9e9bc80078ba6623__demos,"{""gt_group_ca"":12,""gt_interpersonal_ca"":6,""gt_group_band"":""low"",""gt_interpersonal_band"":""low""}","{   ""self_reported_group_ca"": 18,   ""self_reported_interpersonal_ca"": 12,   ""self_reported_band_group"": ""moderate"",   ""self_reported_band_interpersonal"": ""low"" }"
5dcb913ef602a61446ee04e04fc6db188af5a2dfcaaf3abd9e9bc80078ba6623__employment,"{""gt_group_ca"":12,""gt_interpersonal_ca"":6,""gt_group_band"":""low"",""gt_interpersonal_band"":""low""}","{   ""self_reported_group_ca"": 18,   ""self_reported_interpersonal_ca"": 12,   ""self_reported_band_group"": ""moderate"",   ""self_reported_band_interpersonal"": ""low"" }"
5dcb913ef602a61446ee04e04fc6db188af5a2dfcaaf3abd9e9bc80078ba6623__geo,"{""gt_group_ca"":12,""gt_interpersonal_ca"":6,""gt_group_band"":""low"",""gt_interpersonal_band"":""low""}","{   ""self_reported_group_ca"": 18,   ""self_reported_interpersonal_ca"": 12,   ""self_reported_band_group"": ""moderate"",   ""self_reported_band_interpersonal"": ""low"" }"
5dcb913ef602a61446ee04e04fc6db188af5a2dfcaaf3abd9e9bc80078ba6623__transit,"{""gt_group_ca"":12,""gt_interpersonal_ca"":6,""gt_group_band"":""low"",""gt_interpersonal_band"":""low""}","{   ""self_reported_group_ca"": 18,   ""self_reported_interpersonal_ca"": 12,   ""self_reported_band_group"": ""moderate"",   ""self_reported_band_interpersonal"": ""low"" }"
5dcb913ef602a61446ee04e04fc6db188af5a2dfcaaf3abd9e9bc80078ba6623__full,"{""gt_group_ca"":12,""gt_interpersonal_ca"":6,""gt_group_band"":""low"",""gt_interpersonal_band"":""low""}","{   ""self_reported_group_ca"": 18,   ""self_reported_interpersonal_ca"": 12,   ""self_reported_band_group"": ""moderate"",   ""self_reported_band_interpersonal"": ""low"" }"
5dcb913ef602a61446ee04e04fc6db188af5a2dfcaaf3abd9e9bc80078ba6623__v3_rideshare,"{""gt_group_ca"":12,""gt_interpersonal_ca"":6,""gt_group_band"":""low"",""gt_interpersonal_band"":""low""}","{   ""self_reported_group_ca"": 18,   ""self_reported_interpersonal_ca"": 12,   ""self_reported_band_group"": ""moderate"",   ""self_reported_band_interpersonal"": ""low"" }"
5dcb913ef602a61446ee04e04fc6db188af5a2dfcaaf3abd9e9bc80078ba6623__v3_public_transit,"{""gt_group_ca"":12,""gt_interpersonal_ca"":6,""gt_group_band"":""low"",""gt_interpersonal_band"":""low""}","{   ""self_reported_group_ca"": 18,   ""self_reported_interpersonal_ca"": 12,   ""self_reported_band_group"": ""moderate"",   ""self_reported_band_interpersonal"": ""low"" }"
5dcb913ef602a61446ee04e04fc6db188af5a2dfcaaf3abd9e9bc80078ba6623__v3_voice,"{""gt_group_ca"":12,""gt_interpersonal_ca"":6,""gt_group_band"":""low"",""gt_interpersonal_band"":""low""}","{   ""self_reported_group_ca"": 18,   ""self_reported_interpersonal_ca"": 12,   ""self_reported_band_group"": ""moderate"",   ""self_reported_band_interpersonal"": ""low"" }"
2d4ac125c9c68840a8575bd1668214b40367b4f534f739c84503e268fdd52d5a__demos,"{""gt_group_ca"":15,""gt_interpersonal_ca"":17,""gt_group_band"":""moderate"",""gt_interpersonal_band"":""moderate""}","{   ""self_reported_group_ca"": 18,   ""self_reported_interpersonal_ca"": 12,   ""self_reported_band_group"": ""moderate"",   ""self_reported_band_interpersonal"": ""low"" }"
2d4ac125c9c68840a8575bd1668214b40367b4f534f739c84503e268fdd52d5a__employment,"{""gt_group_ca"":15,""gt_interpersonal_ca"":17,""gt_group_band"":""moderate"",""gt_interpersonal_band"":""moderate""}","{   ""self_reported_group_ca"": 18,   ""self_reported_interpersonal_ca"": 12,   ""self_reported_band_group"": ""moderate"",   ""self_reported_band_interpersonal"": ""low"" }"
2d4ac125c9c68840a8575bd1668214b40367b4f534f739c84503e268fdd52d5a__geo,"{""gt_group_ca"":15,""gt_interpersonal_ca"":17,""gt_group_band"":""moderate"",""gt_interpersonal_band"":""moderate""}","{   ""self_reported_group_ca"": 18,   ""self_reported_interpersonal_ca"": 12,   ""self_reported_band_group"": ""moderate"",   ""self_reported_band_interpersonal"": ""low"" }"
2d4ac125c9c68840a8575bd1668214b40367b4f534f739c84503e268fdd52d5a__transit,"{""gt_group_ca"":15,""gt_interpersonal_ca"":17,""gt_group_band"":""moderate"",""gt_interpersonal_band"":""moderate""}","{   ""self_reported_group_ca"": 18,   ""self_reported_interpersonal_ca"": 12,   ""self_reported_band_group"": ""moderate"",   ""self_reported_band_interpersonal"": ""low"" }"
2d4ac125c9c68840a8575bd1668214b40367b4f534f739c84503e268fdd52d5a__full,"{""gt_group_ca"":15,""gt_interpersonal_ca"":17,""gt_group_band"":""moderate"",""gt_interpersonal_band"":""moderate""}","{   ""self_reported_group_ca"": 18,   ""self_reported_interpersonal_ca"": 12,   ""self_reported_band_group"": ""moderate"",   ""self_reported_band_interpersonal"": ""low"" }"
2d4ac125c9c68840a8575bd1668214b40367b4f534f739c84503e268fdd52d5a__v3_rideshare,"{""gt_group_ca"":15,""gt_interpersonal_ca"":17,""gt_group_band"":""moderate"",""gt_interpersonal_band"":""moderate""}","{   ""self_reported_group_ca"": 18,   ""self_reported_interpersonal_ca"": 12,   ""self_reported_band_group"": ""moderate"",   ""self_reported_band_interpersonal"": ""low"" }"
2d4ac125c9c68840a8575bd1668214b40367b4f534f739c84503e268fdd52d5a__v3_public_transit,"{""gt_group_ca"":15,""gt_interpersonal_ca"":17,""gt_group_band"":""moderate"",""gt_interpersonal_band"":""moderate""}","{   ""self_reported_group_ca"": 18,   ""self_reported_interpersonal_ca"": 12,   ""self_reported_band_group"": ""moderate"",   ""self_reported_band_interpersonal"": ""low"" }"
2d4ac125c9c68840a8575bd1668214b40367b4f534f739c84503e268fdd52d5a__v3_voice,"{""gt_group_ca"":15,""gt_interpersonal_ca"":17,""gt_group_band"":""moderate"",""gt_interpersonal_band"":""moderate""}","{   ""self_reported_group_ca"": 18,   ""self_reported_interpersonal_ca"": 12,   ""self_reported_band_group"": ""moderate"",   ""self_reported_band_interpersonal"": ""low"" }"
9e261399ca55b7c3ff0b2c3bc8d28b112142fc2147c4fdca061066cfd2db545e__demos,"{""gt_group_ca"":13,""gt_interpersonal_ca"":6,""gt_group_band"":""low"",""gt_interpersonal_band"":""low""}","{   ""self_reported_group_ca"": 18,   ""self_reported_interpersonal_ca"": 12,   ""self_reported_band_group"": ""moderate"",   ""self_reported_band_interpersonal"": ""low"" }"
9e261399ca55b7c3ff0b2c3bc8d28b112142fc2147c4fdca061066cfd2db545e__employment,"{""gt_group_ca"":13,""gt_interpersonal_ca"":6,""gt_group_band"":""low"",""gt_interpersonal_band"":""low""}","{   ""self_reported_group_ca"": 18,   ""self_reported_interpersonal_ca"": 12,   ""self_reported_band_group"": ""moderate"",   ""self_reported_band_interpersonal"": ""low"" }"
9e261399ca55b7c3ff0b2c3bc8d28b112142fc2147c4fdca061066cfd2db545e__geo,"{""gt_group_ca"":13,""gt_interpersonal_ca"":6,""gt_group_band"":""low"",""gt_interpersonal_band"":""low""}","{   ""self_reported_group_ca"": 18,   ""self_reported_interpersonal_ca"": 12,   ""self_reported_band_group"": ""moderate"",   ""self_reported_band_interpersonal"": ""low"" }"
9e261399ca55b7c3ff0b2c3bc8d28b112142fc2147c4fdca061066cfd2db545e__transit,"{""gt_group_ca"":13,""gt_interpersonal_ca"":6,""gt_group_band"":""low"",""gt_interpersonal_band"":""low""}","{   ""self_reported_group_ca"": 18,   ""self_reported_interpersonal_ca"": 12,   ""self_reported_band_group"": ""moderate"",   ""self_reported_band_interpersonal"": ""low"" }"
9e261399ca55b7c3ff0b2c3bc8d28b112142fc2147c4fdca061066cfd2db545e__full,"{""gt_group_ca"":13,""gt_interpersonal_ca"":6,""gt_group_band"":""low"",""gt_interpersonal_band"":""low""}","{   ""self_reported_group_ca"": 18,   ""self_reported_interpersonal_ca"": 12,   ""self_reported_band_group"": ""moderate"",   ""self_reported_band_interpersonal"": ""low"" }"
9e261399ca55b7c3ff0b2c3bc8d28b112142fc2147c4fdca061066cfd2db545e__v3_rideshare,"{""gt_group_ca"":13,""gt_interpersonal_ca"":6,""gt_group_band"":""low"",""gt_interpersonal_band"":""low""}","{   ""self_reported_group_ca"": 18,   ""self_reported_interpersonal_ca"": 12,   ""self_reported_band_group"": ""moderate"",   ""self_reported_band_interpersonal"": ""low"" }"
9e261399ca55b7c3ff0b2c3bc8d28b112142fc2147c4fdca061066cfd2db545e__v3_public_transit,"{""gt_group_ca"":13,""gt_interpersonal_ca"":6,""gt_group_band"":""low"",""gt_interpersonal_band"":""low""}","{   ""self_reported_group_ca"": 18,   ""self_reported_interpersonal_ca"": 12,   ""self_reported_band_group"": ""moderate"",   ""self_reported_band_interpersonal"": ""low"" }"
9e261399ca55b7c3ff0b2c3bc8d28b112142fc2147c4fdca061066cfd2db545e__v3_voice,"{""gt_group_ca"":13,""gt_interpersonal_ca"":6,""gt_group_band"":""low"",""gt_interpersonal_band"":""low""}","{   ""self_reported_group_ca"": 18,   ""self_reported_interpersonal_ca"": 12,   ""self_reported_band_group"": ""moderate"",   ""self_reported_band_interpersonal"": ""low"" }"
32284ade76d6973e58641037ac723bba4bb21173da4999ad6f751179232b46e5__demos,"{""gt_group_ca"":16,""gt_interpersonal_ca"":9,""gt_group_band"":""moderate"",""gt_interpersonal_band"":""low""}","{   ""self_reported_group_ca"": 18,   ""self_reported_interpersonal_ca"": 12,   ""self_reported_band_group"": ""moderate"",   ""self_reported_band_interpersonal"": ""low"" }"
32284ade76d6973e58641037ac723bba4bb21173da4999ad6f751179232b46e5__employment,"{""gt_group_ca"":16,""gt_interpersonal_ca"":9,""gt_group_band"":""moderate"",""gt_interpersonal_band"":""low""}","{   ""self_reported_group_ca"": 18,   ""self_reported_interpersonal_ca"": 12,   ""self_reported_band_group"": ""moderate"",   ""self_reported_band_interpersonal"": ""low"" }"
32284ade76d6973e58641037ac723bba4bb21173da4999ad6f751179232b46e5__geo,"{""gt_group_ca"":16,""gt_interpersonal_ca"":9,""gt_group_band"":""moderate"",""gt_interpersonal_band"":""low""}","{   ""self_reported_group_ca"": 18,   ""self_reported_interpersonal_ca"": 12,   ""self_reported_band_group"": ""moderate"",   ""self_reported_band_interpersonal"": ""low"" }"
32284ade76d6973e58641037ac723bba4bb21173da4999ad6f751179232b46e5__transit,"{""gt_group_ca"":16,""gt_interpersonal_ca"":9,""gt_group_band"":""moderate"",""gt_interpersonal_band"":""low""}","{   ""self_reported_group_ca"": 18,   ""self_reported_interpersonal_ca"": 12,   ""self_reported_band_group"": ""moderate"",   ""self_reported_band_interpersonal"": ""low"" }"
32284ade76d6973e58641037ac723bba4bb21173da4999ad6f751179232b46e5__full,"{""gt_group_ca"":16,""gt_interpersonal_ca"":9,""gt_group_band"":""moderate"",""gt_interpersonal_band"":""low""}","{   ""self_reported_group_ca"": 18,   ""self_reported_interpersonal_ca"": 12,   ""self_reported_band_group"": ""moderate"",   ""self_reported_band_interpersonal"": ""low"" }"
32284ade76d6973e58641037ac723bba4bb21173da4999ad6f751179232b46e5__v3_rideshare,"{""gt_group_ca"":16,""gt_interpersonal_ca"":9,""gt_group_band"":""moderate"",""gt_interpersonal_band"":""low""}","{   ""self_reported_group_ca"": 18,   ""self_reported_interpersonal_ca"": 12,   ""self_reported_band_group"": ""moderate"",   ""self_reported_band_interpersonal"": ""low"" }"
32284ade76d6973e58641037ac723bba4bb21173da4999ad6f751179232b46e5__v3_public_transit,"{""gt_group_ca"":16,""gt_interpersonal_ca"":9,""gt_group_band"":""moderate"",""gt_interpersonal_band"":""low""}","{   ""self_reported_group_ca"": 18,   ""self_reported_interpersonal_ca"": 12,   ""self_reported_band_group"": ""moderate"",   ""self_reported_band_interpersonal"": ""low"" }"
32284ade76d6973e58641037ac723bba4bb21173da4999ad6f751179232b46e5__v3_voice,"{""gt_group_ca"":16,""gt_interpersonal_ca"":9,""gt_group_band"":""moderate"",""gt_interpersonal_band"":""low""}","{   ""self_reported_group_ca"": 18,   ""self_reported_interpersonal_ca"": 12,   ""self_reported_band_group"": ""moderate"",   ""self_reported_band_interpersonal"": ""low"" }"
